"id","mqtl_name","chromosome","trait","parameter","category","position_interval","parsed_start","parsed_end","inferred_unit","reason","reference","doi","source_file","needs_review"
"M00026","MQTL3.5A","5A","Bioforitifcation","GFeC","Other","160.61/538.66",160.61,538.66,"cM","all values < 1000 -> cM","Singh et al., 2022",NA,"Iron content",FALSE
"M00027","MQTL4.5B","5B","Bioforitifcation","GFeC","Other","71.4/643.66",71.4,643.66,"cM","all values < 1000 -> cM","Singh et al., 2022",NA,"Iron content",FALSE
"M00028","MQTL5.5B","5B","Bioforitifcation","GFeC","Other","111.25/533.86",111.25,533.86,"cM","all values < 1000 -> cM","Singh et al., 2022",NA,"Iron content",FALSE
"M00029","MQTL6.5B","5B","Bioforitifcation","GFeC","Other","180/287.30",180,287.3,"cM","all values < 1000 -> cM","Singh et al., 2022",NA,"Iron content",FALSE
"M00031","MQTL10.7A","7A","Bioforitifcation","GFeC","Other","17.78/477.47",17.78,477.47,"cM","all values < 1000 -> cM","Singh et al., 2022",NA,"Iron content",FALSE
"M00032","MQTL11.7A","7A","Bioforitifcation","GFeC","Other","178.06/169.04",169.04,178.06,"cM","all values < 1000 -> cM","Singh et al., 2022",NA,"Iron content",FALSE
"M00041","MQTL1","1B","Yield","Grain yield and related traits","Yield","140.74",140.74,140.74,"cM","all values < 1000 -> cM",NA,"https://doi.org/10.1007/s10142-010-0183-2","MQTL_all traitsV3.0_final",FALSE
"M00042","MQTL2","3D","Yield","Grain yield and related traits","Yield","129.86",129.86,129.86,"cM","all values < 1000 -> cM",NA,"https://doi.org/10.1007/s10142-010-0183-2","MQTL_all traitsV3.0_final",FALSE
"M00043","MQTL3","6B","Yield","Grain yield and related traits","Yield","36.96",36.96,36.96,"cM","all values < 1000 -> cM",NA,"https://doi.org/10.1007/s10142-010-0183-2","MQTL_all traitsV3.0_final",FALSE
"M00044","MQTL-6","1D","Yield","Grain yield and related traits","Yield","107.31",107.31,107.31,"cM","all values < 1000 -> cM",NA,"https://link.springer.com/article/10.1007/s00122-021-03881-4","MQTL_all traitsV3.0_final",FALSE
"M00045","MQTL-7","1D","Yield","Grain yield and related traits","Yield","127.92",127.92,127.92,"cM","all values < 1000 -> cM",NA,"https://link.springer.com/article/10.1007/s00122-021-03881-4","MQTL_all traitsV3.0_final",FALSE
"M00046","MQTL-1","2A","Yield","Grain yield and related traits","Yield","13.29",13.29,13.29,"cM","all values < 1000 -> cM",NA,"https://link.springer.com/article/10.1007/s00122-021-03881-4","MQTL_all traitsV3.0_final",FALSE
"M00047","MQTL-2","2A","Yield","Grain yield and related traits","Yield","30.92",30.92,30.92,"cM","all values < 1000 -> cM",NA,"https://link.springer.com/article/10.1007/s00122-021-03881-4","MQTL_all traitsV3.0_final",FALSE
"M00048","MQTL-3","2A","Yield","Grain yield and related traits","Yield","43.7",43.7,43.7,"cM","all values < 1000 -> cM",NA,"https://link.springer.com/article/10.1007/s00122-021-03881-4","MQTL_all traitsV3.0_final",FALSE
"M00049","MQTL-4","2A","Yield","Grain yield and related traits","Yield","50.07",50.07,50.07,"cM","all values < 1000 -> cM",NA,"https://link.springer.com/article/10.1007/s00122-021-03881-4","MQTL_all traitsV3.0_final",FALSE
"M00050","MQTL-5","2A","Yield","Grain yield and related traits","Yield","56.42",56.42,56.42,"cM","all values < 1000 -> cM",NA,"https://link.springer.com/article/10.1007/s00122-021-03881-4","MQTL_all traitsV3.0_final",FALSE
"M00051","MQTL-6","2A","Yield","Grain yield and related traits","Yield","80.67",80.67,80.67,"cM","all values < 1000 -> cM",NA,"https://link.springer.com/article/10.1007/s00122-021-03881-4","MQTL_all traitsV3.0_final",FALSE
"M00052","MQTL-7","2A","Yield","Grain yield and related traits","Yield","100.72",100.72,100.72,"cM","all values < 1000 -> cM",NA,"https://link.springer.com/article/10.1007/s00122-021-03881-4","MQTL_all traitsV3.0_final",FALSE
"M00053","MQTL-1","2B","Yield","Grain yield and related traits","Yield","50.7",50.7,50.7,"cM","all values < 1000 -> cM",NA,"https://link.springer.com/article/10.1007/s00122-021-03881-4","MQTL_all traitsV3.0_final",FALSE
"M00054","MQTL-2","2B","Yield","Grain yield and related traits","Yield","71.64",71.64,71.64,"cM","all values < 1000 -> cM",NA,"https://link.springer.com/article/10.1007/s00122-021-03881-4","MQTL_all traitsV3.0_final",FALSE
"M00055","MQTL-3","2B","Yield","Grain yield and related traits","Yield","95.09",95.09,95.09,"cM","all values < 1000 -> cM",NA,"https://link.springer.com/article/10.1007/s00122-021-03881-4","MQTL_all traitsV3.0_final",FALSE
"M00056","MQTL-4","2B","Yield","Grain yield and related traits","Yield","109.36",109.36,109.36,"cM","all values < 1000 -> cM",NA,"https://link.springer.com/article/10.1007/s00122-021-03881-4","MQTL_all traitsV3.0_final",FALSE
"M00057","MQTL-5","2B","Yield","Grain yield and related traits","Yield","142.27",142.27,142.27,"cM","all values < 1000 -> cM",NA,"https://link.springer.com/article/10.1007/s00122-021-03881-4","MQTL_all traitsV3.0_final",FALSE
"M00058","MQTL1","2D","Yield","Grain yield and related traits","Yield","1.81",1.81,1.81,"cM","all values < 1000 -> cM",NA,"https://link.springer.com/article/10.1007/s00122-021-03881-4","MQTL_all traitsV3.0_final",FALSE
"M00059","MQTL2","2D","Yield","Grain yield and related traits","Yield","5.31",5.31,5.31,"cM","all values < 1000 -> cM",NA,"https://link.springer.com/article/10.1007/s00122-021-03881-4","MQTL_all traitsV3.0_final",FALSE
"M00060","MQTL3","2D","Yield","Grain yield and related traits","Yield","16.1",16.1,16.1,"cM","all values < 1000 -> cM",NA,"https://link.springer.com/article/10.1007/s00122-021-03881-4","MQTL_all traitsV3.0_final",FALSE
"M00061","MQTL4","2D","Yield","Grain yield and related traits","Yield","25.82",25.82,25.82,"cM","all values < 1000 -> cM",NA,"https://link.springer.com/article/10.1007/s00122-021-03881-4","MQTL_all traitsV3.0_final",FALSE
"M00062","MQTL5","2D","Yield","Grain yield and related traits","Yield","41.68",41.68,41.68,"cM","all values < 1000 -> cM",NA,"https://link.springer.com/article/10.1007/s00122-021-03881-4","MQTL_all traitsV3.0_final",FALSE
"M00063","MQTL6","2D","Yield","Grain yield and related traits","Yield","72.57",72.57,72.57,"cM","all values < 1000 -> cM",NA,"https://link.springer.com/article/10.1007/s00122-021-03881-4","MQTL_all traitsV3.0_final",FALSE
"M00064","MQTL1","3A","Yield","Grain yield and related traits","Yield","19.4",19.4,19.4,"cM","all values < 1000 -> cM",NA,"https://link.springer.com/article/10.1007/s00122-021-03881-4","MQTL_all traitsV3.0_final",FALSE
"M00065","MQTL2","3A","Yield","Grain yield and related traits","Yield","36.55",36.55,36.55,"cM","all values < 1000 -> cM",NA,"https://link.springer.com/article/10.1007/s00122-021-03881-4","MQTL_all traitsV3.0_final",FALSE
"M00066","MQTL3","3A","Yield","Grain yield and related traits","Yield","55.85",55.85,55.85,"cM","all values < 1000 -> cM",NA,"https://link.springer.com/article/10.1007/s00122-021-03881-4","MQTL_all traitsV3.0_final",FALSE
"M00067","MQTL4","3A","Yield","Grain yield and related traits","Yield","62.06",62.06,62.06,"cM","all values < 1000 -> cM",NA,"https://link.springer.com/article/10.1007/s00122-021-03881-4","MQTL_all traitsV3.0_final",FALSE
"M00068","MQTL5","3A","Yield","Grain yield and related traits","Yield","66.76",66.76,66.76,"cM","all values < 1000 -> cM",NA,"https://link.springer.com/article/10.1007/s00122-021-03881-4","MQTL_all traitsV3.0_final",FALSE
"M00069","MQTL6","3A","Yield","Grain yield and related traits","Yield","81.36",81.36,81.36,"cM","all values < 1000 -> cM",NA,"https://link.springer.com/article/10.1007/s00122-021-03881-4","MQTL_all traitsV3.0_final",FALSE
"M00070","MQTL7","3A","Yield","Grain yield and related traits","Yield","118.36",118.36,118.36,"cM","all values < 1000 -> cM",NA,"https://link.springer.com/article/10.1007/s00122-021-03881-4","MQTL_all traitsV3.0_final",FALSE
"M00071","MQTL1","3B","Yield","Grain yield and related traits","Yield","6.84",6.84,6.84,"cM","all values < 1000 -> cM",NA,"https://link.springer.com/article/10.1007/s00122-021-03881-4","MQTL_all traitsV3.0_final",FALSE
"M00072","MQTL2","3B","Yield","Grain yield and related traits","Yield","19.56",19.56,19.56,"cM","all values < 1000 -> cM",NA,"https://link.springer.com/article/10.1007/s00122-021-03881-4","MQTL_all traitsV3.0_final",FALSE
"M00073","MQTL3","3B","Yield","Grain yield and related traits","Yield","32.93",32.93,32.93,"cM","all values < 1000 -> cM",NA,"https://link.springer.com/article/10.1007/s00122-021-03881-4","MQTL_all traitsV3.0_final",FALSE
"M00074","MQTL4","3B","Yield","Grain yield and related traits","Yield","59.07",59.07,59.07,"cM","all values < 1000 -> cM",NA,"https://link.springer.com/article/10.1007/s00122-021-03881-4","MQTL_all traitsV3.0_final",FALSE
"M00075","MQTL5","3B","Yield","Grain yield and related traits","Yield","69.47",69.47,69.47,"cM","all values < 1000 -> cM",NA,"https://link.springer.com/article/10.1007/s00122-021-03881-4","MQTL_all traitsV3.0_final",FALSE
"M00076","MQTL6","3B","Yield","Grain yield and related traits","Yield","97.61",97.61,97.61,"cM","all values < 1000 -> cM",NA,"https://link.springer.com/article/10.1007/s00122-021-03881-4","MQTL_all traitsV3.0_final",FALSE
"M00077","MQTL7","3B","Yield","Grain yield and related traits","Yield","124.6",124.6,124.6,"cM","all values < 1000 -> cM",NA,"https://link.springer.com/article/10.1007/s00122-021-03881-4","MQTL_all traitsV3.0_final",FALSE
"M00078","MQTL1","3D","Yield","Grain yield and related traits","Yield","12.31",12.31,12.31,"cM","all values < 1000 -> cM",NA,"https://link.springer.com/article/10.1007/s00122-021-03881-4","MQTL_all traitsV3.0_final",FALSE
"M00079","MQTL2","3D","Yield","Grain yield and related traits","Yield","44.31",44.31,44.31,"cM","all values < 1000 -> cM",NA,"https://link.springer.com/article/10.1007/s00122-021-03881-4","MQTL_all traitsV3.0_final",FALSE
"M00080","MQTL3","3D","Yield","Grain yield and related traits","Yield","63.3",63.3,63.3,"cM","all values < 1000 -> cM",NA,"https://link.springer.com/article/10.1007/s00122-021-03881-4","MQTL_all traitsV3.0_final",FALSE
"M00081","MQTL4","3D","Yield","Grain yield and related traits","Yield","121.28",121.28,121.28,"cM","all values < 1000 -> cM",NA,"https://link.springer.com/article/10.1007/s00122-021-03881-4","MQTL_all traitsV3.0_final",FALSE
"M00082","MQTL1","4A","Yield","Grain yield and related traits","Yield","16.35",16.35,16.35,"cM","all values < 1000 -> cM",NA,"https://link.springer.com/article/10.1007/s00122-021-03881-4","MQTL_all traitsV3.0_final",FALSE
"M00083","MQTL2","4A","Yield","Grain yield and related traits","Yield","22.57",22.57,22.57,"cM","all values < 1000 -> cM",NA,"https://link.springer.com/article/10.1007/s00122-021-03881-4","MQTL_all traitsV3.0_final",FALSE
"M00084","MQTL3","4A","Yield","Grain yield and related traits","Yield","29.05",29.05,29.05,"cM","all values < 1000 -> cM",NA,"https://link.springer.com/article/10.1007/s00122-021-03881-4","MQTL_all traitsV3.0_final",FALSE
"M00085","MQTL4","4A","Yield","Grain yield and related traits","Yield","41.36",41.36,41.36,"cM","all values < 1000 -> cM",NA,"https://link.springer.com/article/10.1007/s00122-021-03881-4","MQTL_all traitsV3.0_final",FALSE
"M00086","MQTL5","4A","Yield","Grain yield and related traits","Yield","48.59",48.59,48.59,"cM","all values < 1000 -> cM",NA,"https://link.springer.com/article/10.1007/s00122-021-03881-4","MQTL_all traitsV3.0_final",FALSE
"M00087","MQTL6","4A","Yield","Grain yield and related traits","Yield","57.56",57.56,57.56,"cM","all values < 1000 -> cM",NA,"https://link.springer.com/article/10.1007/s00122-021-03881-4","MQTL_all traitsV3.0_final",FALSE
"M00088","MQTL7","4A","Yield","Grain yield and related traits","Yield","67.82",67.82,67.82,"cM","all values < 1000 -> cM",NA,"https://link.springer.com/article/10.1007/s00122-021-03881-4","MQTL_all traitsV3.0_final",FALSE
"M00089","MQTL8","4A","Yield","Grain yield and related traits","Yield","93.54",93.54,93.54,"cM","all values < 1000 -> cM",NA,"https://link.springer.com/article/10.1007/s00122-021-03881-4","MQTL_all traitsV3.0_final",FALSE
"M00090","MQTL1","4B","Yield","Grain yield and related traits","Yield","10.5",10.5,10.5,"cM","all values < 1000 -> cM",NA,"https://link.springer.com/article/10.1007/s00122-021-03881-4","MQTL_all traitsV3.0_final",FALSE
"M00091","MQTL2","4B","Yield","Grain yield and related traits","Yield","28.21",28.21,28.21,"cM","all values < 1000 -> cM",NA,"https://link.springer.com/article/10.1007/s00122-021-03881-4","MQTL_all traitsV3.0_final",FALSE
"M00092","MQTL3","4B","Yield","Grain yield and related traits","Yield","41.45",41.45,41.45,"cM","all values < 1000 -> cM",NA,"https://link.springer.com/article/10.1007/s00122-021-03881-4","MQTL_all traitsV3.0_final",FALSE
"M00093","MQTL4","4B","Yield","Grain yield and related traits","Yield","47.68",47.68,47.68,"cM","all values < 1000 -> cM",NA,"https://link.springer.com/article/10.1007/s00122-021-03881-4","MQTL_all traitsV3.0_final",FALSE
"M00094","MQTL5","4B","Yield","Grain yield and related traits","Yield","51.63",51.63,51.63,"cM","all values < 1000 -> cM",NA,"https://link.springer.com/article/10.1007/s00122-021-03881-4","MQTL_all traitsV3.0_final",FALSE
"M00095","MQTL6","4B","Yield","Grain yield and related traits","Yield","82.83",82.83,82.83,"cM","all values < 1000 -> cM",NA,"https://link.springer.com/article/10.1007/s00122-021-03881-4","MQTL_all traitsV3.0_final",FALSE
"M00096","MQTL1","4D","Yield","Grain yield and related traits","Yield","10.16",10.16,10.16,"cM","all values < 1000 -> cM",NA,"https://link.springer.com/article/10.1007/s00122-021-03881-4","MQTL_all traitsV3.0_final",FALSE
"M00097","MQTL2","4D","Yield","Grain yield and related traits","Yield","30.24",30.24,30.24,"cM","all values < 1000 -> cM",NA,"https://link.springer.com/article/10.1007/s00122-021-03881-4","MQTL_all traitsV3.0_final",FALSE
"M00098","MQTL3","4D","Yield","Grain yield and related traits","Yield","39.08",39.08,39.08,"cM","all values < 1000 -> cM",NA,"https://link.springer.com/article/10.1007/s00122-021-03881-4","MQTL_all traitsV3.0_final",FALSE
"M00099","MQTL4","4D","Yield","Grain yield and related traits","Yield","62.12",62.12,62.12,"cM","all values < 1000 -> cM",NA,"https://link.springer.com/article/10.1007/s00122-021-03881-4","MQTL_all traitsV3.0_final",FALSE
"M00100","MQTL5","4D","Yield","Grain yield and related traits","Yield","83.31",83.31,83.31,"cM","all values < 1000 -> cM",NA,"https://link.springer.com/article/10.1007/s00122-021-03881-4","MQTL_all traitsV3.0_final",FALSE
"M00101","MQTL1","5A","Yield","Grain yield and related traits","Yield","0",0,0,"cM","all values < 1000 -> cM",NA,"https://link.springer.com/article/10.1007/s00122-021-03881-4","MQTL_all traitsV3.0_final",FALSE
"M00102","MQTL2","5A","Yield","Grain yield and related traits","Yield","42.04",42.04,42.04,"cM","all values < 1000 -> cM",NA,"https://link.springer.com/article/10.1007/s00122-021-03881-4","MQTL_all traitsV3.0_final",FALSE
"M00103","MQTL3","5A","Yield","Grain yield and related traits","Yield","51.31",51.31,51.31,"cM","all values < 1000 -> cM",NA,"https://link.springer.com/article/10.1007/s00122-021-03881-4","MQTL_all traitsV3.0_final",FALSE
"M00104","MQTL4","5A","Yield","Grain yield and related traits","Yield","63.78",63.78,63.78,"cM","all values < 1000 -> cM",NA,"https://link.springer.com/article/10.1007/s00122-021-03881-4","MQTL_all traitsV3.0_final",FALSE
"M00105","MQTL5","5A","Yield","Grain yield and related traits","Yield","77.15",77.15,77.15,"cM","all values < 1000 -> cM",NA,"https://link.springer.com/article/10.1007/s00122-021-03881-4","MQTL_all traitsV3.0_final",FALSE
"M00106","MQTL6","5A","Yield","Grain yield and related traits","Yield","90.18",90.18,90.18,"cM","all values < 1000 -> cM",NA,"https://link.springer.com/article/10.1007/s00122-021-03881-4","MQTL_all traitsV3.0_final",FALSE
"M00107","MQTL7","5A","Yield","Grain yield and related traits","Yield","120.42",120.42,120.42,"cM","all values < 1000 -> cM",NA,"https://link.springer.com/article/10.1007/s00122-021-03881-4","MQTL_all traitsV3.0_final",FALSE
"M00108","MQTL1","5B","Yield","Grain yield and related traits","Yield","9.73",9.73,9.73,"cM","all values < 1000 -> cM",NA,"https://link.springer.com/article/10.1007/s00122-021-03881-4","MQTL_all traitsV3.0_final",FALSE
"M00109","MQTL2","5B","Yield","Grain yield and related traits","Yield","20.78",20.78,20.78,"cM","all values < 1000 -> cM",NA,"https://link.springer.com/article/10.1007/s00122-021-03881-4","MQTL_all traitsV3.0_final",FALSE
"M00110","MQTL3","5B","Yield","Grain yield and related traits","Yield","39.66",39.66,39.66,"cM","all values < 1000 -> cM",NA,"https://link.springer.com/article/10.1007/s00122-021-03881-4","MQTL_all traitsV3.0_final",FALSE
"M00111","MQTL4","5B","Yield","Grain yield and related traits","Yield","54.59",54.59,54.59,"cM","all values < 1000 -> cM",NA,"https://link.springer.com/article/10.1007/s00122-021-03881-4","MQTL_all traitsV3.0_final",FALSE
"M00112","MQTL5","5B","Yield","Grain yield and related traits","Yield","59.71",59.71,59.71,"cM","all values < 1000 -> cM",NA,"https://link.springer.com/article/10.1007/s00122-021-03881-4","MQTL_all traitsV3.0_final",FALSE
"M00113","MQTL6","5B","Yield","Grain yield and related traits","Yield","65.17",65.17,65.17,"cM","all values < 1000 -> cM",NA,"https://link.springer.com/article/10.1007/s00122-021-03881-4","MQTL_all traitsV3.0_final",FALSE
"M00114","MQTL7","5B","Yield","Grain yield and related traits","Yield","77.66",77.66,77.66,"cM","all values < 1000 -> cM",NA,"https://link.springer.com/article/10.1007/s00122-021-03881-4","MQTL_all traitsV3.0_final",FALSE
"M00115","MQTL8","5B","Yield","Grain yield and related traits","Yield","93.08",93.08,93.08,"cM","all values < 1000 -> cM",NA,"https://link.springer.com/article/10.1007/s00122-021-03881-4","MQTL_all traitsV3.0_final",FALSE
"M00116","MQTL9","5B","Yield","Grain yield and related traits","Yield","128.96",128.96,128.96,"cM","all values < 1000 -> cM",NA,"https://link.springer.com/article/10.1007/s00122-021-03881-4","MQTL_all traitsV3.0_final",FALSE
"M00117","MQTL1","5D","Yield","Grain yield and related traits","Yield","0.32",0.32,0.32,"cM","all values < 1000 -> cM",NA,"https://link.springer.com/article/10.1007/s00122-021-03881-4","MQTL_all traitsV3.0_final",FALSE
"M00118","MQTL2","5D","Yield","Grain yield and related traits","Yield","15.59",15.59,15.59,"cM","all values < 1000 -> cM",NA,"https://link.springer.com/article/10.1007/s00122-021-03881-4","MQTL_all traitsV3.0_final",FALSE
"M00119","MQTL3","5D","Yield","Grain yield and related traits","Yield","23.91",23.91,23.91,"cM","all values < 1000 -> cM",NA,"https://link.springer.com/article/10.1007/s00122-021-03881-4","MQTL_all traitsV3.0_final",FALSE
"M00120","MQTL4","5D","Yield","Grain yield and related traits","Yield","46.72",46.72,46.72,"cM","all values < 1000 -> cM",NA,"https://link.springer.com/article/10.1007/s00122-021-03881-4","MQTL_all traitsV3.0_final",FALSE
"M00121","MQTL5","5D","Yield","Grain yield and related traits","Yield","63.98",63.98,63.98,"cM","all values < 1000 -> cM",NA,"https://link.springer.com/article/10.1007/s00122-021-03881-4","MQTL_all traitsV3.0_final",FALSE
"M00122","MQTL6","5D","Yield","Grain yield and related traits","Yield","71.48",71.48,71.48,"cM","all values < 1000 -> cM",NA,"https://link.springer.com/article/10.1007/s00122-021-03881-4","MQTL_all traitsV3.0_final",FALSE
"M00123","MQTL7","5D","Yield","Grain yield and related traits","Yield","95.69",95.69,95.69,"cM","all values < 1000 -> cM",NA,"https://link.springer.com/article/10.1007/s00122-021-03881-4","MQTL_all traitsV3.0_final",FALSE
"M00124","MQTL8","5D","Yield","Grain yield and related traits","Yield","121.09",121.09,121.09,"cM","all values < 1000 -> cM",NA,"https://link.springer.com/article/10.1007/s00122-021-03881-4","MQTL_all traitsV3.0_final",FALSE
"M00125","MQTL1","6A","Yield","Grain yield and related traits","Yield","6.15",6.15,6.15,"cM","all values < 1000 -> cM",NA,"https://link.springer.com/article/10.1007/s00122-021-03881-4","MQTL_all traitsV3.0_final",FALSE
"M00126","MQTL2","6A","Yield","Grain yield and related traits","Yield","28.81",28.81,28.81,"cM","all values < 1000 -> cM",NA,"https://link.springer.com/article/10.1007/s00122-021-03881-4","MQTL_all traitsV3.0_final",FALSE
"M00127","MQTL3","6A","Yield","Grain yield and related traits","Yield","40.96",40.96,40.96,"cM","all values < 1000 -> cM",NA,"https://link.springer.com/article/10.1007/s00122-021-03881-4","MQTL_all traitsV3.0_final",FALSE
"M00128","MQTL4","6A","Yield","Grain yield and related traits","Yield","49.75",49.75,49.75,"cM","all values < 1000 -> cM",NA,"https://link.springer.com/article/10.1007/s00122-021-03881-4","MQTL_all traitsV3.0_final",FALSE
"M00129","MQTL5","6A","Yield","Grain yield and related traits","Yield","56.62",56.62,56.62,"cM","all values < 1000 -> cM",NA,"https://link.springer.com/article/10.1007/s00122-021-03881-4","MQTL_all traitsV3.0_final",FALSE
"M00130","MQTL6","6A","Yield","Grain yield and related traits","Yield","68.43",68.43,68.43,"cM","all values < 1000 -> cM",NA,"https://link.springer.com/article/10.1007/s00122-021-03881-4","MQTL_all traitsV3.0_final",FALSE
"M00131","MQTL7","6A","Yield","Grain yield and related traits","Yield","80.4",80.4,80.4,"cM","all values < 1000 -> cM",NA,"https://link.springer.com/article/10.1007/s00122-021-03881-4","MQTL_all traitsV3.0_final",FALSE
"M00132","MQTL8","6A","Yield","Grain yield and related traits","Yield","107.44",107.44,107.44,"cM","all values < 1000 -> cM",NA,"https://link.springer.com/article/10.1007/s00122-021-03881-4","MQTL_all traitsV3.0_final",FALSE
"M00133","MQTL1","6B","Yield","Grain yield and related traits","Yield","5.05",5.05,5.05,"cM","all values < 1000 -> cM",NA,"https://link.springer.com/article/10.1007/s00122-021-03881-4","MQTL_all traitsV3.0_final",FALSE
"M00134","MQTL2","6B","Yield","Grain yield and related traits","Yield","30.9",30.9,30.9,"cM","all values < 1000 -> cM",NA,"https://link.springer.com/article/10.1007/s00122-021-03881-4","MQTL_all traitsV3.0_final",FALSE
"M00135","MQTL3","6B","Yield","Grain yield and related traits","Yield","40.57",40.57,40.57,"cM","all values < 1000 -> cM",NA,"https://link.springer.com/article/10.1007/s00122-021-03881-4","MQTL_all traitsV3.0_final",FALSE
"M00136","MQTL4","6B","Yield","Grain yield and related traits","Yield","51.44",51.44,51.44,"cM","all values < 1000 -> cM",NA,"https://link.springer.com/article/10.1007/s00122-021-03881-4","MQTL_all traitsV3.0_final",FALSE
"M00137","MQTL5","6B","Yield","Grain yield and related traits","Yield","66.49",66.49,66.49,"cM","all values < 1000 -> cM",NA,"https://link.springer.com/article/10.1007/s00122-021-03881-4","MQTL_all traitsV3.0_final",FALSE
"M00138","MQTL6","6B","Yield","Grain yield and related traits","Yield","76.71",76.71,76.71,"cM","all values < 1000 -> cM",NA,"https://link.springer.com/article/10.1007/s00122-021-03881-4","MQTL_all traitsV3.0_final",FALSE
"M00139","MQTL1","6D","Yield","Grain yield and related traits","Yield","14.86",14.86,14.86,"cM","all values < 1000 -> cM",NA,"https://link.springer.com/article/10.1007/s00122-021-03881-4","MQTL_all traitsV3.0_final",FALSE
"M00140","MQTL2","6D","Yield","Grain yield and related traits","Yield","37.21",37.21,37.21,"cM","all values < 1000 -> cM",NA,"https://link.springer.com/article/10.1007/s00122-021-03881-4","MQTL_all traitsV3.0_final",FALSE
"M00141","MQTL3","6D","Yield","Grain yield and related traits","Yield","64.56",64.56,64.56,"cM","all values < 1000 -> cM",NA,"https://link.springer.com/article/10.1007/s00122-021-03881-4","MQTL_all traitsV3.0_final",FALSE
"M00142","MQTL4","6D","Yield","Grain yield and related traits","Yield","70.17",70.17,70.17,"cM","all values < 1000 -> cM",NA,"https://link.springer.com/article/10.1007/s00122-021-03881-4","MQTL_all traitsV3.0_final",FALSE
"M00143","MQTL5","6D","Yield","Grain yield and related traits","Yield","84.13",84.13,84.13,"cM","all values < 1000 -> cM",NA,"https://link.springer.com/article/10.1007/s00122-021-03881-4","MQTL_all traitsV3.0_final",FALSE
"M00144","MQTL6","6D","Yield","Grain yield and related traits","Yield","105.95",105.95,105.95,"cM","all values < 1000 -> cM",NA,"https://link.springer.com/article/10.1007/s00122-021-03881-4","MQTL_all traitsV3.0_final",FALSE
"M00145","MQTL7","6D","Yield","Grain yield and related traits","Yield","114.41",114.41,114.41,"cM","all values < 1000 -> cM",NA,"https://link.springer.com/article/10.1007/s00122-021-03881-4","MQTL_all traitsV3.0_final",FALSE
"M00146","MQTL8","6D","Yield","Grain yield and related traits","Yield","203",203,203,"cM","all values < 1000 -> cM",NA,"https://link.springer.com/article/10.1007/s00122-021-03881-4","MQTL_all traitsV3.0_final",FALSE
"M00147","MQTL1","7A","Yield","Grain yield and related traits","Yield","17.69",17.69,17.69,"cM","all values < 1000 -> cM",NA,"https://link.springer.com/article/10.1007/s00122-021-03881-4","MQTL_all traitsV3.0_final",FALSE
"M00148","MQTL2","7A","Yield","Grain yield and related traits","Yield","37.87",37.87,37.87,"cM","all values < 1000 -> cM",NA,"https://link.springer.com/article/10.1007/s00122-021-03881-4","MQTL_all traitsV3.0_final",FALSE
"M00149","MQTL3","7A","Yield","Grain yield and related traits","Yield","61.77",61.77,61.77,"cM","all values < 1000 -> cM",NA,"https://link.springer.com/article/10.1007/s00122-021-03881-4","MQTL_all traitsV3.0_final",FALSE
"M00150","MQTL4","7A","Yield","Grain yield and related traits","Yield","73.2",73.2,73.2,"cM","all values < 1000 -> cM",NA,"https://link.springer.com/article/10.1007/s00122-021-03881-4","MQTL_all traitsV3.0_final",FALSE
"M00151","MQTL5","7A","Yield","Grain yield and related traits","Yield","86.3",86.3,86.3,"cM","all values < 1000 -> cM",NA,"https://link.springer.com/article/10.1007/s00122-021-03881-4","MQTL_all traitsV3.0_final",FALSE
"M00152","MQTL6","7A","Yield","Grain yield and related traits","Yield","100.14",100.14,100.14,"cM","all values < 1000 -> cM",NA,"https://link.springer.com/article/10.1007/s00122-021-03881-4","MQTL_all traitsV3.0_final",FALSE
"M00153","MQTL7","7A","Yield","Grain yield and related traits","Yield","116.85",116.85,116.85,"cM","all values < 1000 -> cM",NA,"https://link.springer.com/article/10.1007/s00122-021-03881-4","MQTL_all traitsV3.0_final",FALSE
"M00154","MQTL8","7A","Yield","Grain yield and related traits","Yield","135.09",135.09,135.09,"cM","all values < 1000 -> cM",NA,"https://link.springer.com/article/10.1007/s00122-021-03881-4","MQTL_all traitsV3.0_final",FALSE
"M00155","MQTL1","7B","Yield","Grain yield and related traits","Yield","6.45",6.45,6.45,"cM","all values < 1000 -> cM",NA,"https://link.springer.com/article/10.1007/s00122-021-03881-4","MQTL_all traitsV3.0_final",FALSE
"M00156","MQTL2","7B","Yield","Grain yield and related traits","Yield","28.48",28.48,28.48,"cM","all values < 1000 -> cM",NA,"https://link.springer.com/article/10.1007/s00122-021-03881-4","MQTL_all traitsV3.0_final",FALSE
"M00157","MQTL3","7B","Yield","Grain yield and related traits","Yield","44.61",44.61,44.61,"cM","all values < 1000 -> cM",NA,"https://link.springer.com/article/10.1007/s00122-021-03881-4","MQTL_all traitsV3.0_final",FALSE
"M00158","MQTL4","7B","Yield","Grain yield and related traits","Yield","63.48",63.48,63.48,"cM","all values < 1000 -> cM",NA,"https://link.springer.com/article/10.1007/s00122-021-03881-4","MQTL_all traitsV3.0_final",FALSE
"M00159","MQTL5","7B","Yield","Grain yield and related traits","Yield","69.28",69.28,69.28,"cM","all values < 1000 -> cM",NA,"https://link.springer.com/article/10.1007/s00122-021-03881-4","MQTL_all traitsV3.0_final",FALSE
"M00160","MQTL6","7B","Yield","Grain yield and related traits","Yield","89.33",89.33,89.33,"cM","all values < 1000 -> cM",NA,"https://link.springer.com/article/10.1007/s00122-021-03881-4","MQTL_all traitsV3.0_final",FALSE
"M00161","MQTL7","7B","Yield","Grain yield and related traits","Yield","100.38",100.38,100.38,"cM","all values < 1000 -> cM",NA,"https://link.springer.com/article/10.1007/s00122-021-03881-4","MQTL_all traitsV3.0_final",FALSE
"M00162","MQTL8","7B","Yield","Grain yield and related traits","Yield","112.84",112.84,112.84,"cM","all values < 1000 -> cM",NA,"https://link.springer.com/article/10.1007/s00122-021-03881-4","MQTL_all traitsV3.0_final",FALSE
"M00163","MQTL9","7B","Yield","Grain yield and related traits","Yield","136.91",136.91,136.91,"cM","all values < 1000 -> cM",NA,"https://link.springer.com/article/10.1007/s00122-021-03881-4","MQTL_all traitsV3.0_final",FALSE
"M00164","MQTL1","7D","Yield","Grain yield and related traits","Yield","25.56",25.56,25.56,"cM","all values < 1000 -> cM",NA,"https://link.springer.com/article/10.1007/s00122-021-03881-4","MQTL_all traitsV3.0_final",FALSE
"M00165","MQTL2","7D","Yield","Grain yield and related traits","Yield","45.76",45.76,45.76,"cM","all values < 1000 -> cM",NA,"https://link.springer.com/article/10.1007/s00122-021-03881-4","MQTL_all traitsV3.0_final",FALSE
"M00166","MQTL3","7D","Yield","Grain yield and related traits","Yield","69.74",69.74,69.74,"cM","all values < 1000 -> cM",NA,"https://link.springer.com/article/10.1007/s00122-021-03881-4","MQTL_all traitsV3.0_final",FALSE
"M00167","MQTL4","7D","Yield","Grain yield and related traits","Yield","76.83",76.83,76.83,"cM","all values < 1000 -> cM",NA,"https://link.springer.com/article/10.1007/s00122-021-03881-4","MQTL_all traitsV3.0_final",FALSE
"M00168","MQTL5","7D","Yield","Grain yield and related traits","Yield","88.29",88.29,88.29,"cM","all values < 1000 -> cM",NA,"https://link.springer.com/article/10.1007/s00122-021-03881-4","MQTL_all traitsV3.0_final",FALSE
"M00169","MQTL6","7D","Yield","Grain yield and related traits","Yield","102.55",102.55,102.55,"cM","all values < 1000 -> cM",NA,"https://link.springer.com/article/10.1007/s00122-021-03881-4","MQTL_all traitsV3.0_final",FALSE
"M00170","MQTL7","7D","Yield","Grain yield and related traits","Yield","110.41",110.41,110.41,"cM","all values < 1000 -> cM",NA,"https://link.springer.com/article/10.1007/s00122-021-03881-4","MQTL_all traitsV3.0_final",FALSE
"M00171","MQTL8","7D","Yield","Grain yield and related traits","Yield","125.89",125.89,125.89,"cM","all values < 1000 -> cM",NA,"https://link.springer.com/article/10.1007/s00122-021-03881-4","MQTL_all traitsV3.0_final",FALSE
"M00172","MQTL9","7D","Yield","Grain yield and related traits","Yield","173.45",173.45,173.45,"cM","all values < 1000 -> cM",NA,"https://link.springer.com/article/10.1007/s00122-021-03881-4","MQTL_all traitsV3.0_final",FALSE
"M00173","MQTL2A2","2A","Yield","Grain yield and protein content","Yield","30.91",30.91,30.91,"cM","all values < 1000 -> cM",NA,"https://link.springer.com/article/10.1007/s11032-012-9817-5","MQTL_all traitsV3.0_final",FALSE
"M00174","MQTL2D_1","2D","Yield","Grain yield and protein content","Yield","67.28",67.28,67.28,"cM","all values < 1000 -> cM",NA,"https://link.springer.com/article/10.1007/s11032-012-9817-5","MQTL_all traitsV3.0_final",FALSE
"M00175","MQTL2D_2","2D","Yield","Grain yield and protein content","Yield","78.37",78.37,78.37,"cM","all values < 1000 -> cM",NA,"https://link.springer.com/article/10.1007/s11032-012-9817-5","MQTL_all traitsV3.0_final",FALSE
"M00176","MQTL3A_1","3A","Yield","Grain yield and protein content","Yield","53.9",53.9,53.9,"cM","all values < 1000 -> cM",NA,"https://link.springer.com/article/10.1007/s11032-012-9817-5","MQTL_all traitsV3.0_final",FALSE
"M00177","MQTL3A_2","3A","Yield","Grain yield and protein content","Yield","84.55",84.55,84.55,"cM","all values < 1000 -> cM",NA,"https://link.springer.com/article/10.1007/s11032-012-9817-5","MQTL_all traitsV3.0_final",FALSE
"M00178","MQTL3A_3","3A","Yield","Grain yield and protein content","Yield","120.97",120.97,120.97,"cM","all values < 1000 -> cM",NA,"https://link.springer.com/article/10.1007/s11032-012-9817-5","MQTL_all traitsV3.0_final",FALSE
"M00179","MQTL3A_4","3A","Yield","Grain yield and protein content","Yield","163.79",163.79,163.79,"cM","all values < 1000 -> cM",NA,"https://link.springer.com/article/10.1007/s11032-012-9817-5","MQTL_all traitsV3.0_final",FALSE
"M00180","MQTL3B_1","3B","Yield","Grain yield and protein content","Yield","41.96",41.96,41.96,"cM","all values < 1000 -> cM",NA,"https://link.springer.com/article/10.1007/s11032-012-9817-5","MQTL_all traitsV3.0_final",FALSE
"M00181","MQTL3B_2","3B","Yield","Grain yield and protein content","Yield","75.95",75.95,75.95,"cM","all values < 1000 -> cM",NA,"https://link.springer.com/article/10.1007/s11032-012-9817-5","MQTL_all traitsV3.0_final",FALSE
"M00182","MQTL5D_1","5D","Yield","Grain yield and protein content","Yield","23.5",23.5,23.5,"cM","all values < 1000 -> cM",NA,"https://link.springer.com/article/10.1007/s11032-012-9817-5","MQTL_all traitsV3.0_final",FALSE
"M00183","MQTL5D_2","5D","Yield","Grain yield and protein content","Yield","96.31",96.31,96.31,"cM","all values < 1000 -> cM",NA,"https://link.springer.com/article/10.1007/s11032-012-9817-5","MQTL_all traitsV3.0_final",FALSE
"M00184","MQTL7B_1","7B","Yield","Grain yield and protein content","Yield","52.39",52.39,52.39,"cM","all values < 1000 -> cM",NA,"https://link.springer.com/article/10.1007/s11032-012-9817-5","MQTL_all traitsV3.0_final",FALSE
"M00185","MQTL7B_2","7B","Yield","Grain yield and protein content","Yield","127.9",127.9,127.9,"cM","all values < 1000 -> cM",NA,"https://link.springer.com/article/10.1007/s11032-012-9817-5","MQTL_all traitsV3.0_final",FALSE
"M00186","MQTL7B_3","7B","Yield","Grain yield and protein content","Yield","147.7",147.7,147.7,"cM","all values < 1000 -> cM",NA,"https://link.springer.com/article/10.1007/s11032-012-9817-5","MQTL_all traitsV3.0_final",FALSE
"M00187","MQTL7D","7D","Yield","Grain yield and protein content","Yield","71.87",71.87,71.87,"cM","all values < 1000 -> cM",NA,"https://link.springer.com/article/10.1007/s11032-012-9817-5","MQTL_all traitsV3.0_final",FALSE
"M00188","MQTL1","1A","Yield","Grain yield and related traits","Yield","35.59",35.59,35.59,"cM","all values < 1000 -> cM",NA,"https://onlinelibrary.wiley.com/doi/10.1111/j.1744-7909.2010.00967.x","MQTL_all traitsV3.0_final",FALSE
"M00189","MQTL2","1A","Yield","Grain yield and related traits","Yield","73.63",73.63,73.63,"cM","all values < 1000 -> cM",NA,"https://onlinelibrary.wiley.com/doi/10.1111/j.1744-7909.2010.00967.x","MQTL_all traitsV3.0_final",FALSE
"M00190","MQTL3","1A","Yield","Grain yield and related traits","Yield","114.97",114.97,114.97,"cM","all values < 1000 -> cM",NA,"https://onlinelibrary.wiley.com/doi/10.1111/j.1744-7909.2010.00967.x","MQTL_all traitsV3.0_final",FALSE
"M00191","MQTL4","1B","Yield","Grain yield and related traits","Yield","60.8",60.8,60.8,"cM","all values < 1000 -> cM",NA,"https://onlinelibrary.wiley.com/doi/10.1111/j.1744-7909.2010.00967.x","MQTL_all traitsV3.0_final",FALSE
"M00192","MQTL5","1B","Yield","Grain yield and related traits","Yield","69.99",69.99,69.99,"cM","all values < 1000 -> cM",NA,"https://onlinelibrary.wiley.com/doi/10.1111/j.1744-7909.2010.00967.x","MQTL_all traitsV3.0_final",FALSE
"M00193","MQTL6","1D","Yield","Grain yield and related traits","Yield","8.93",8.93,8.93,"cM","all values < 1000 -> cM",NA,"https://onlinelibrary.wiley.com/doi/10.1111/j.1744-7909.2010.00967.x","MQTL_all traitsV3.0_final",FALSE
"M00194","MQTL7","1D","Yield","Grain yield and related traits","Yield","104.08",104.08,104.08,"cM","all values < 1000 -> cM",NA,"https://onlinelibrary.wiley.com/doi/10.1111/j.1744-7909.2010.00967.x","MQTL_all traitsV3.0_final",FALSE
"M00195","MQTL8","2A","Yield","Grain yield and related traits","Yield","19.11",19.11,19.11,"cM","all values < 1000 -> cM",NA,"https://onlinelibrary.wiley.com/doi/10.1111/j.1744-7909.2010.00967.x","MQTL_all traitsV3.0_final",FALSE
"M00196","MQTL9","2A","Yield","Grain yield and related traits","Yield","53.63",53.63,53.63,"cM","all values < 1000 -> cM",NA,"https://onlinelibrary.wiley.com/doi/10.1111/j.1744-7909.2010.00967.x","MQTL_all traitsV3.0_final",FALSE
"M00197","MQTL10","2A","Yield","Grain yield and related traits","Yield","100.93",100.93,100.93,"cM","all values < 1000 -> cM",NA,"https://onlinelibrary.wiley.com/doi/10.1111/j.1744-7909.2010.00967.x","MQTL_all traitsV3.0_final",FALSE
"M00198","MQTL11","2B","Yield","Grain yield and related traits","Yield","39.23",39.23,39.23,"cM","all values < 1000 -> cM",NA,"https://onlinelibrary.wiley.com/doi/10.1111/j.1744-7909.2010.00967.x","MQTL_all traitsV3.0_final",FALSE
"M00199","MQTL12","2B","Yield","Grain yield and related traits","Yield","85.82",85.82,85.82,"cM","all values < 1000 -> cM",NA,"https://onlinelibrary.wiley.com/doi/10.1111/j.1744-7909.2010.00967.x","MQTL_all traitsV3.0_final",FALSE
"M00200","MQTL13","2B","Yield","Grain yield and related traits","Yield","106.55",106.55,106.55,"cM","all values < 1000 -> cM",NA,"https://onlinelibrary.wiley.com/doi/10.1111/j.1744-7909.2010.00967.x","MQTL_all traitsV3.0_final",FALSE
"M00201","MQTL14","2D","Yield","Grain yield and related traits","Yield","17.55",17.55,17.55,"cM","all values < 1000 -> cM",NA,"https://onlinelibrary.wiley.com/doi/10.1111/j.1744-7909.2010.00967.x","MQTL_all traitsV3.0_final",FALSE
"M00202","MQTL15","2D","Yield","Grain yield and related traits","Yield","25.02",25.02,25.02,"cM","all values < 1000 -> cM",NA,"https://onlinelibrary.wiley.com/doi/10.1111/j.1744-7909.2010.00967.x","MQTL_all traitsV3.0_final",FALSE
"M00203","MQTL16","2D","Yield","Grain yield and related traits","Yield","30.2",30.2,30.2,"cM","all values < 1000 -> cM",NA,"https://onlinelibrary.wiley.com/doi/10.1111/j.1744-7909.2010.00967.x","MQTL_all traitsV3.0_final",FALSE
"M00204","MQTL17","2D","Yield","Grain yield and related traits","Yield","50",50,50,"cM","all values < 1000 -> cM",NA,"https://onlinelibrary.wiley.com/doi/10.1111/j.1744-7909.2010.00967.x","MQTL_all traitsV3.0_final",FALSE
"M00205","MQTL18","2D","Yield","Grain yield and related traits","Yield","87.27",87.27,87.27,"cM","all values < 1000 -> cM",NA,"https://onlinelibrary.wiley.com/doi/10.1111/j.1744-7909.2010.00967.x","MQTL_all traitsV3.0_final",FALSE
"M00206","MQTL19","2D","Yield","Grain yield and related traits","Yield","102.44",102.44,102.44,"cM","all values < 1000 -> cM",NA,"https://onlinelibrary.wiley.com/doi/10.1111/j.1744-7909.2010.00967.x","MQTL_all traitsV3.0_final",FALSE
"M00207","MQTL20","2D","Yield","Grain yield and related traits","Yield","113.33",113.33,113.33,"cM","all values < 1000 -> cM",NA,"https://onlinelibrary.wiley.com/doi/10.1111/j.1744-7909.2010.00967.x","MQTL_all traitsV3.0_final",FALSE
"M00208","MQTL21","3A","Yield","Grain yield and related traits","Yield","25.96",25.96,25.96,"cM","all values < 1000 -> cM",NA,"https://onlinelibrary.wiley.com/doi/10.1111/j.1744-7909.2010.00967.x","MQTL_all traitsV3.0_final",FALSE
"M00209","MQTL22","3A","Yield","Grain yield and related traits","Yield","58.07",58.07,58.07,"cM","all values < 1000 -> cM",NA,"https://onlinelibrary.wiley.com/doi/10.1111/j.1744-7909.2010.00967.x","MQTL_all traitsV3.0_final",FALSE
"M00210","MQTL23","3A","Yield","Grain yield and related traits","Yield","103.39",103.39,103.39,"cM","all values < 1000 -> cM",NA,"https://onlinelibrary.wiley.com/doi/10.1111/j.1744-7909.2010.00967.x","MQTL_all traitsV3.0_final",FALSE
"M00211","MQTL24","3B","Yield","Grain yield and related traits","Yield","11.4",11.4,11.4,"cM","all values < 1000 -> cM",NA,"https://onlinelibrary.wiley.com/doi/10.1111/j.1744-7909.2010.00967.x","MQTL_all traitsV3.0_final",FALSE
"M00212","MQTL25","3B","Yield","Grain yield and related traits","Yield","27.02",27.02,27.02,"cM","all values < 1000 -> cM",NA,"https://onlinelibrary.wiley.com/doi/10.1111/j.1744-7909.2010.00967.x","MQTL_all traitsV3.0_final",FALSE
"M00213","MQTL26","3B","Yield","Grain yield and related traits","Yield","45.84",45.84,45.84,"cM","all values < 1000 -> cM",NA,"https://onlinelibrary.wiley.com/doi/10.1111/j.1744-7909.2010.00967.x","MQTL_all traitsV3.0_final",FALSE
"M00214","MQTL27","3B","Yield","Grain yield and related traits","Yield","50.9",50.9,50.9,"cM","all values < 1000 -> cM",NA,"https://onlinelibrary.wiley.com/doi/10.1111/j.1744-7909.2010.00967.x","MQTL_all traitsV3.0_final",FALSE
"M00215","MQTL28","3B","Yield","Grain yield and related traits","Yield","58.72",58.72,58.72,"cM","all values < 1000 -> cM",NA,"https://onlinelibrary.wiley.com/doi/10.1111/j.1744-7909.2010.00967.x","MQTL_all traitsV3.0_final",FALSE
"M00216","MQTL29","3B","Yield","Grain yield and related traits","Yield","80.76",80.76,80.76,"cM","all values < 1000 -> cM",NA,"https://onlinelibrary.wiley.com/doi/10.1111/j.1744-7909.2010.00967.x","MQTL_all traitsV3.0_final",FALSE
"M00217","MQTL30","4A","Yield","Grain yield and related traits","Yield","57.23",57.23,57.23,"cM","all values < 1000 -> cM",NA,"https://onlinelibrary.wiley.com/doi/10.1111/j.1744-7909.2010.00967.x","MQTL_all traitsV3.0_final",FALSE
"M00218","MQTL31","4A","Yield","Grain yield and related traits","Yield","81.3",81.3,81.3,"cM","all values < 1000 -> cM",NA,"https://onlinelibrary.wiley.com/doi/10.1111/j.1744-7909.2010.00967.x","MQTL_all traitsV3.0_final",FALSE
"M00219","MQTL32","4A","Yield","Grain yield and related traits","Yield","96.89",96.89,96.89,"cM","all values < 1000 -> cM",NA,"https://onlinelibrary.wiley.com/doi/10.1111/j.1744-7909.2010.00967.x","MQTL_all traitsV3.0_final",FALSE
"M00220","MQTL33","4B","Yield","Grain yield and related traits","Yield","31.85",31.85,31.85,"cM","all values < 1000 -> cM",NA,"https://onlinelibrary.wiley.com/doi/10.1111/j.1744-7909.2010.00967.x","MQTL_all traitsV3.0_final",FALSE
"M00221","MQTL34","4B","Yield","Grain yield and related traits","Yield","59.23",59.23,59.23,"cM","all values < 1000 -> cM",NA,"https://onlinelibrary.wiley.com/doi/10.1111/j.1744-7909.2010.00967.x","MQTL_all traitsV3.0_final",FALSE
"M00222","MQTL35","4D","Yield","Grain yield and related traits","Yield","26.78",26.78,26.78,"cM","all values < 1000 -> cM",NA,"https://onlinelibrary.wiley.com/doi/10.1111/j.1744-7909.2010.00967.x","MQTL_all traitsV3.0_final",FALSE
"M00223","MQTL36","4D","Yield","Grain yield and related traits","Yield","44.65",44.65,44.65,"cM","all values < 1000 -> cM",NA,"https://onlinelibrary.wiley.com/doi/10.1111/j.1744-7909.2010.00967.x","MQTL_all traitsV3.0_final",FALSE
"M00224","MQTL37","4D","Yield","Grain yield and related traits","Yield","99.41",99.41,99.41,"cM","all values < 1000 -> cM",NA,"https://onlinelibrary.wiley.com/doi/10.1111/j.1744-7909.2010.00967.x","MQTL_all traitsV3.0_final",FALSE
"M00225","MQTL38","5A","Yield","Grain yield and related traits","Yield","11.07",11.07,11.07,"cM","all values < 1000 -> cM",NA,"https://onlinelibrary.wiley.com/doi/10.1111/j.1744-7909.2010.00967.x","MQTL_all traitsV3.0_final",FALSE
"M00226","MQTL39","5A","Yield","Grain yield and related traits","Yield","33.3",33.3,33.3,"cM","all values < 1000 -> cM",NA,"https://onlinelibrary.wiley.com/doi/10.1111/j.1744-7909.2010.00967.x","MQTL_all traitsV3.0_final",FALSE
"M00227","MQTL40","5A","Yield","Grain yield and related traits","Yield","50.82",50.82,50.82,"cM","all values < 1000 -> cM",NA,"https://onlinelibrary.wiley.com/doi/10.1111/j.1744-7909.2010.00967.x","MQTL_all traitsV3.0_final",FALSE
"M00228","MQTL41","5A","Yield","Grain yield and related traits","Yield","68.02",68.02,68.02,"cM","all values < 1000 -> cM",NA,"https://onlinelibrary.wiley.com/doi/10.1111/j.1744-7909.2010.00967.x","MQTL_all traitsV3.0_final",FALSE
"M00229","MQTL42","5A","Yield","Grain yield and related traits","Yield","82.38",82.38,82.38,"cM","all values < 1000 -> cM",NA,"https://onlinelibrary.wiley.com/doi/10.1111/j.1744-7909.2010.00967.x","MQTL_all traitsV3.0_final",FALSE
"M00230","MQTL43","5A","Yield","Grain yield and related traits","Yield","89.11",89.11,89.11,"cM","all values < 1000 -> cM",NA,"https://onlinelibrary.wiley.com/doi/10.1111/j.1744-7909.2010.00967.x","MQTL_all traitsV3.0_final",FALSE
"M00231","MQTL44","6A","Yield","Grain yield and related traits","Yield","34.83",34.83,34.83,"cM","all values < 1000 -> cM",NA,"https://onlinelibrary.wiley.com/doi/10.1111/j.1744-7909.2010.00967.x","MQTL_all traitsV3.0_final",FALSE
"M00232","MQTL45","6A","Yield","Grain yield and related traits","Yield","63.39",63.39,63.39,"cM","all values < 1000 -> cM",NA,"https://onlinelibrary.wiley.com/doi/10.1111/j.1744-7909.2010.00967.x","MQTL_all traitsV3.0_final",FALSE
"M00233","MQTL46","6A","Yield","Grain yield and related traits","Yield","82.06",82.06,82.06,"cM","all values < 1000 -> cM",NA,"https://onlinelibrary.wiley.com/doi/10.1111/j.1744-7909.2010.00967.x","MQTL_all traitsV3.0_final",FALSE
"M00234","MQTL47","6A","Yield","Grain yield and related traits","Yield","103.24",103.24,103.24,"cM","all values < 1000 -> cM",NA,"https://onlinelibrary.wiley.com/doi/10.1111/j.1744-7909.2010.00967.x","MQTL_all traitsV3.0_final",FALSE
"M00235","MQTL48","7A","Yield","Grain yield and related traits","Yield","68.73",68.73,68.73,"cM","all values < 1000 -> cM",NA,"https://onlinelibrary.wiley.com/doi/10.1111/j.1744-7909.2010.00967.x","MQTL_all traitsV3.0_final",FALSE
"M00236","MQTL49","7A","Yield","Grain yield and related traits","Yield","99.18",99.18,99.18,"cM","all values < 1000 -> cM",NA,"https://onlinelibrary.wiley.com/doi/10.1111/j.1744-7909.2010.00967.x","MQTL_all traitsV3.0_final",FALSE
"M00237","MQTL50","7A","Yield","Grain yield and related traits","Yield","145.47",145.47,145.47,"cM","all values < 1000 -> cM",NA,"https://onlinelibrary.wiley.com/doi/10.1111/j.1744-7909.2010.00967.x","MQTL_all traitsV3.0_final",FALSE
"M00238","MQTL51","7A","Yield","Grain yield and related traits","Yield","190.09",190.09,190.09,"cM","all values < 1000 -> cM",NA,"https://onlinelibrary.wiley.com/doi/10.1111/j.1744-7909.2010.00967.x","MQTL_all traitsV3.0_final",FALSE
"M00239","MQTL52","7D","Yield","Grain yield and related traits","Yield","52.16",52.16,52.16,"cM","all values < 1000 -> cM",NA,"https://onlinelibrary.wiley.com/doi/10.1111/j.1744-7909.2010.00967.x","MQTL_all traitsV3.0_final",FALSE
"M00240","MQTL53","7D","Yield","Grain yield and related traits","Yield","94.07",94.07,94.07,"cM","all values < 1000 -> cM",NA,"https://onlinelibrary.wiley.com/doi/10.1111/j.1744-7909.2010.00967.x","MQTL_all traitsV3.0_final",FALSE
"M00241","MQTL54","7D","Yield","Grain yield and related traits","Yield","135.3",135.3,135.3,"cM","all values < 1000 -> cM",NA,"https://onlinelibrary.wiley.com/doi/10.1111/j.1744-7909.2010.00967.x","MQTL_all traitsV3.0_final",FALSE
"M00242","MQTL55","7D","Yield","Grain yield and related traits","Yield","183.6",183.6,183.6,"cM","all values < 1000 -> cM",NA,"https://onlinelibrary.wiley.com/doi/10.1111/j.1744-7909.2010.00967.x","MQTL_all traitsV3.0_final",FALSE
"M00258","MQTL1A.1","1A","Yield","Grain yield and related traits","Yield","21.58-22.51",21.58,22.51,"cM","all values < 1000 -> cM",NA,"https://link.springer.com/article/10.1007/s00122-021-04018-3?utm_source=researchgate.net&utm_medium=article","MQTL_all traitsV3.0_final",FALSE
"M00259","MQTL1A.2","1A","Yield","Grain yield and related traits","Yield","30.39-31.33",30.39,31.33,"cM","all values < 1000 -> cM",NA,"https://link.springer.com/article/10.1007/s00122-021-04018-3?utm_source=researchgate.net&utm_medium=article","MQTL_all traitsV3.0_final",FALSE
"M00260","MQTL1A.3","1A","Yield","Grain yield and related traits","Yield","39.14-40.2",39.14,40.2,"cM","all values < 1000 -> cM",NA,"https://link.springer.com/article/10.1007/s00122-021-04018-3?utm_source=researchgate.net&utm_medium=article","MQTL_all traitsV3.0_final",FALSE
"M00261","MQTL1A.4","1A","Yield","Grain yield and related traits","Yield","45.62-46.48",45.62,46.48,"cM","all values < 1000 -> cM",NA,"https://link.springer.com/article/10.1007/s00122-021-04018-3?utm_source=researchgate.net&utm_medium=article","MQTL_all traitsV3.0_final",FALSE
"M00262","MQTL1A.5","1A","Yield","Grain yield and related traits","Yield","48.7-49",48.7,49,"cM","all values < 1000 -> cM",NA,"https://link.springer.com/article/10.1007/s00122-021-04018-3?utm_source=researchgate.net&utm_medium=article","MQTL_all traitsV3.0_final",FALSE
"M00263","MQTL1A.6","1A","Yield","Grain yield and related traits","Yield","49.31-50.2",49.31,50.2,"cM","all values < 1000 -> cM",NA,"https://link.springer.com/article/10.1007/s00122-021-04018-3?utm_source=researchgate.net&utm_medium=article","MQTL_all traitsV3.0_final",FALSE
"M00264","MQTL1A.7","1A","Yield","Grain yield and related traits","Yield","51.91-52.5",51.91,52.5,"cM","all values < 1000 -> cM",NA,"https://link.springer.com/article/10.1007/s00122-021-04018-3?utm_source=researchgate.net&utm_medium=article","MQTL_all traitsV3.0_final",FALSE
"M00265","MQTL1A.8","1A","Yield","Grain yield and related traits","Yield","58.82-58.95",58.82,58.95,"cM","all values < 1000 -> cM",NA,"https://link.springer.com/article/10.1007/s00122-021-04018-3?utm_source=researchgate.net&utm_medium=article","MQTL_all traitsV3.0_final",FALSE
"M00266","MQTL1B.1","1B","Yield","Grain yield and related traits","Yield","11.97-12.18",11.97,12.18,"cM","all values < 1000 -> cM",NA,"https://link.springer.com/article/10.1007/s00122-021-04018-3?utm_source=researchgate.net&utm_medium=article","MQTL_all traitsV3.0_final",FALSE
"M00267","MQTL1B.2","1B","Yield","Grain yield and related traits","Yield","48.18-50.07",48.18,50.07,"cM","all values < 1000 -> cM",NA,"https://link.springer.com/article/10.1007/s00122-021-04018-3?utm_source=researchgate.net&utm_medium=article","MQTL_all traitsV3.0_final",FALSE
"M00269","MQTL1B.4","1B","Yield","Grain yield and related traits","Yield","88.96-89.64",88.96,89.64,"cM","all values < 1000 -> cM",NA,"https://link.springer.com/article/10.1007/s00122-021-04018-3?utm_source=researchgate.net&utm_medium=article","MQTL_all traitsV3.0_final",FALSE
"M00270","MQTL1B.5","1B","Yield","Grain yield and related traits","Yield","93.01-93.2",93.01,93.2,"cM","all values < 1000 -> cM",NA,"https://link.springer.com/article/10.1007/s00122-021-04018-3?utm_source=researchgate.net&utm_medium=article","MQTL_all traitsV3.0_final",FALSE
"M00271","MQTL1B.6","1B","Yield","Grain yield and related traits","Yield","95.73-96.06",95.73,96.06,"cM","all values < 1000 -> cM",NA,"https://link.springer.com/article/10.1007/s00122-021-04018-3?utm_source=researchgate.net&utm_medium=article","MQTL_all traitsV3.0_final",FALSE
"M00272","MQTL1B.7","1B","Yield","Grain yield and related traits","Yield","103.4-104.59",103.4,104.59,"cM","all values < 1000 -> cM",NA,"https://link.springer.com/article/10.1007/s00122-021-04018-3?utm_source=researchgate.net&utm_medium=article","MQTL_all traitsV3.0_final",FALSE
"M00273","MQTL1B.8","1B","Yield","Grain yield and related traits","Yield","114.34-114.52",114.34,114.52,"cM","all values < 1000 -> cM",NA,"https://link.springer.com/article/10.1007/s00122-021-04018-3?utm_source=researchgate.net&utm_medium=article","MQTL_all traitsV3.0_final",FALSE
"M00274","MQTL1D.1","1D","Yield","Grain yield and related traits","Yield","15.75-25.05",15.75,25.05,"cM","all values < 1000 -> cM",NA,"https://link.springer.com/article/10.1007/s00122-021-04018-3?utm_source=researchgate.net&utm_medium=article","MQTL_all traitsV3.0_final",FALSE
"M00275","MQTL1D.2","1D","Yield","Grain yield and related traits","Yield","70.42-70.93",70.42,70.93,"cM","all values < 1000 -> cM",NA,"https://link.springer.com/article/10.1007/s00122-021-04018-3?utm_source=researchgate.net&utm_medium=article","MQTL_all traitsV3.0_final",FALSE
"M00276","MQTL1D.3","1D","Yield","Grain yield and related traits","Yield","76.32-83.79",76.32,83.79,"cM","all values < 1000 -> cM",NA,"https://link.springer.com/article/10.1007/s00122-021-04018-3?utm_source=researchgate.net&utm_medium=article","MQTL_all traitsV3.0_final",FALSE
"M00277","MQTL1D.4","1D","Yield","Grain yield and related traits","Yield","95.78-96.28",95.78,96.28,"cM","all values < 1000 -> cM",NA,"https://link.springer.com/article/10.1007/s00122-021-04018-3?utm_source=researchgate.net&utm_medium=article","MQTL_all traitsV3.0_final",FALSE
"M00278","MQTL1D.5","1D","Yield","Grain yield and related traits","Yield","106.49-113.89",106.49,113.89,"cM","all values < 1000 -> cM",NA,"https://link.springer.com/article/10.1007/s00122-021-04018-3?utm_source=researchgate.net&utm_medium=article","MQTL_all traitsV3.0_final",FALSE
"M00279","MQTL1D.6","1D","Yield","Grain yield and related traits","Yield","118.51-122.11",118.51,122.11,"cM","all values < 1000 -> cM",NA,"https://link.springer.com/article/10.1007/s00122-021-04018-3?utm_source=researchgate.net&utm_medium=article","MQTL_all traitsV3.0_final",FALSE
"M00280","MQTL2A.1","2A","Yield","Grain yield and related traits","Yield","122.34-123.24",122.34,123.24,"cM","all values < 1000 -> cM",NA,"https://link.springer.com/article/10.1007/s00122-021-04018-3?utm_source=researchgate.net&utm_medium=article","MQTL_all traitsV3.0_final",FALSE
"M00281","MQTL2A.2","2A","Yield","Grain yield and related traits","Yield","142.74-143.76",142.74,143.76,"cM","all values < 1000 -> cM",NA,"https://link.springer.com/article/10.1007/s00122-021-04018-3?utm_source=researchgate.net&utm_medium=article","MQTL_all traitsV3.0_final",FALSE
"M00282","MQTL2A.3","2A","Yield","Grain yield and related traits","Yield","151.07-153.05",151.07,153.05,"cM","all values < 1000 -> cM",NA,"https://link.springer.com/article/10.1007/s00122-021-04018-3?utm_source=researchgate.net&utm_medium=article","MQTL_all traitsV3.0_final",FALSE
"M00283","MQTL2A.4","2A","Yield","Grain yield and related traits","Yield","158.76-159.04",158.76,159.04,"cM","all values < 1000 -> cM",NA,"https://link.springer.com/article/10.1007/s00122-021-04018-3?utm_source=researchgate.net&utm_medium=article","MQTL_all traitsV3.0_final",FALSE
"M00284","MQTL2A.5","2A","Yield","Grain yield and related traits","Yield","162.13-162.23",162.13,162.23,"cM","all values < 1000 -> cM",NA,"https://link.springer.com/article/10.1007/s00122-021-04018-3?utm_source=researchgate.net&utm_medium=article","MQTL_all traitsV3.0_final",FALSE
"M00285","MQTL2A.6","2A","Yield","Grain yield and related traits","Yield","162.64-163.12",162.64,163.12,"cM","all values < 1000 -> cM",NA,"https://link.springer.com/article/10.1007/s00122-021-04018-3?utm_source=researchgate.net&utm_medium=article","MQTL_all traitsV3.0_final",FALSE
"M00286","MQTL2A.7","2A","Yield","Grain yield and related traits","Yield","187.13-187.29",187.13,187.29,"cM","all values < 1000 -> cM",NA,"https://link.springer.com/article/10.1007/s00122-021-04018-3?utm_source=researchgate.net&utm_medium=article","MQTL_all traitsV3.0_final",FALSE
"M00287","MQTL2B.1","2B","Yield","Grain yield and related traits","Yield","72.48-73.36",72.48,73.36,"cM","all values < 1000 -> cM",NA,"https://link.springer.com/article/10.1007/s00122-021-04018-3?utm_source=researchgate.net&utm_medium=article","MQTL_all traitsV3.0_final",FALSE
"M00288","MQTL2B.2","2B","Yield","Grain yield and related traits","Yield","83.24-84.5",83.24,84.5,"cM","all values < 1000 -> cM",NA,"https://link.springer.com/article/10.1007/s00122-021-04018-3?utm_source=researchgate.net&utm_medium=article","MQTL_all traitsV3.0_final",FALSE
"M00289","MQTL2B.3","2B","Yield","Grain yield and related traits","Yield","102.57-103.78",102.57,103.78,"cM","all values < 1000 -> cM",NA,"https://link.springer.com/article/10.1007/s00122-021-04018-3?utm_source=researchgate.net&utm_medium=article","MQTL_all traitsV3.0_final",FALSE
"M00290","MQTL2B.4","2B","Yield","Grain yield and related traits","Yield","114.43-114.98",114.43,114.98,"cM","all values < 1000 -> cM",NA,"https://link.springer.com/article/10.1007/s00122-021-04018-3?utm_source=researchgate.net&utm_medium=article","MQTL_all traitsV3.0_final",FALSE
"M00291","MQTL2B.5","2B","Yield","Grain yield and related traits","Yield","118.09-118.26",118.09,118.26,"cM","all values < 1000 -> cM",NA,"https://link.springer.com/article/10.1007/s00122-021-04018-3?utm_source=researchgate.net&utm_medium=article","MQTL_all traitsV3.0_final",FALSE
"M00292","MQTL2B.6","2B","Yield","Grain yield and related traits","Yield","126.62-127.31",126.62,127.31,"cM","all values < 1000 -> cM",NA,"https://link.springer.com/article/10.1007/s00122-021-04018-3?utm_source=researchgate.net&utm_medium=article","MQTL_all traitsV3.0_final",FALSE
"M00293","MQTL2B.7","2B","Yield","Grain yield and related traits","Yield","170.03-170.04",170.03,170.04,"cM","all values < 1000 -> cM",NA,"https://link.springer.com/article/10.1007/s00122-021-04018-3?utm_source=researchgate.net&utm_medium=article","MQTL_all traitsV3.0_final",FALSE
"M00294","MQTL2D.1","2D","Yield","Grain yield and related traits","Yield","0.1-0.65",0.1,0.65,"cM","all values < 1000 -> cM",NA,"https://link.springer.com/article/10.1007/s00122-021-04018-3?utm_source=researchgate.net&utm_medium=article","MQTL_all traitsV3.0_final",FALSE
"M00295","MQTL2D.2","2D","Yield","Grain yield and related traits","Yield","6.8-7.36",6.8,7.36,"cM","all values < 1000 -> cM",NA,"https://link.springer.com/article/10.1007/s00122-021-04018-3?utm_source=researchgate.net&utm_medium=article","MQTL_all traitsV3.0_final",FALSE
"M00296","MQTL2D.3","2D","Yield","Grain yield and related traits","Yield","35.55-48.99",35.55,48.99,"cM","all values < 1000 -> cM",NA,"https://link.springer.com/article/10.1007/s00122-021-04018-3?utm_source=researchgate.net&utm_medium=article","MQTL_all traitsV3.0_final",FALSE
"M00297","MQTL2D.4","2D","Yield","Grain yield and related traits","Yield","59.46-61.31",59.46,61.31,"cM","all values < 1000 -> cM",NA,"https://link.springer.com/article/10.1007/s00122-021-04018-3?utm_source=researchgate.net&utm_medium=article","MQTL_all traitsV3.0_final",FALSE
"M00298","MQTL2D.5","2D","Yield","Grain yield and related traits","Yield","67.72-68.15",67.72,68.15,"cM","all values < 1000 -> cM",NA,"https://link.springer.com/article/10.1007/s00122-021-04018-3?utm_source=researchgate.net&utm_medium=article","MQTL_all traitsV3.0_final",FALSE
"M00299","MQTL2D.6","2D","Yield","Grain yield and related traits","Yield","76.43-76.84",76.43,76.84,"cM","all values < 1000 -> cM",NA,"https://link.springer.com/article/10.1007/s00122-021-04018-3?utm_source=researchgate.net&utm_medium=article","MQTL_all traitsV3.0_final",FALSE
"M00300","MQTL2D.7","2D","Yield","Grain yield and related traits","Yield","89.87-90.61",89.87,90.61,"cM","all values < 1000 -> cM",NA,"https://link.springer.com/article/10.1007/s00122-021-04018-3?utm_source=researchgate.net&utm_medium=article","MQTL_all traitsV3.0_final",FALSE
"M00301","MQTL2D.8","2D","Yield","Grain yield and related traits","Yield","100.1-100.15",100.1,100.15,"cM","all values < 1000 -> cM",NA,"https://link.springer.com/article/10.1007/s00122-021-04018-3?utm_source=researchgate.net&utm_medium=article","MQTL_all traitsV3.0_final",FALSE
"M00302","MQTL3A.1","3A","Yield","Grain yield and related traits","Yield","40.14-40.52",40.14,40.52,"cM","all values < 1000 -> cM",NA,"https://link.springer.com/article/10.1007/s00122-021-04018-3?utm_source=researchgate.net&utm_medium=article","MQTL_all traitsV3.0_final",FALSE
"M00303","MQTL3A.2","3A","Yield","Grain yield and related traits","Yield","45.02-45.38",45.02,45.38,"cM","all values < 1000 -> cM",NA,"https://link.springer.com/article/10.1007/s00122-021-04018-3?utm_source=researchgate.net&utm_medium=article","MQTL_all traitsV3.0_final",FALSE
"M00304","MQTL3A.3","3A","Yield","Grain yield and related traits","Yield","52.56-54.93",52.56,54.93,"cM","all values < 1000 -> cM",NA,"https://link.springer.com/article/10.1007/s00122-021-04018-3?utm_source=researchgate.net&utm_medium=article","MQTL_all traitsV3.0_final",FALSE
"M00305","MQTL3A.4","3A","Yield","Grain yield and related traits","Yield","68.17-68.73",68.17,68.73,"cM","all values < 1000 -> cM",NA,"https://link.springer.com/article/10.1007/s00122-021-04018-3?utm_source=researchgate.net&utm_medium=article","MQTL_all traitsV3.0_final",FALSE
"M00306","MQTL3A.5","3A","Yield","Grain yield and related traits","Yield","71.86-72.41",71.86,72.41,"cM","all values < 1000 -> cM",NA,"https://link.springer.com/article/10.1007/s00122-021-04018-3?utm_source=researchgate.net&utm_medium=article","MQTL_all traitsV3.0_final",FALSE
"M00307","MQTL3A.6","3A","Yield","Grain yield and related traits","Yield","78.1-79.66",78.1,79.66,"cM","all values < 1000 -> cM",NA,"https://link.springer.com/article/10.1007/s00122-021-04018-3?utm_source=researchgate.net&utm_medium=article","MQTL_all traitsV3.0_final",FALSE
"M00308","MQTL3A.7","3A","Yield","Grain yield and related traits","Yield","89.7-90.45",89.7,90.45,"cM","all values < 1000 -> cM",NA,"https://link.springer.com/article/10.1007/s00122-021-04018-3?utm_source=researchgate.net&utm_medium=article","MQTL_all traitsV3.0_final",FALSE
"M00309","MQTL3A.8","3A","Yield","Grain yield and related traits","Yield","115.44-115.65",115.44,115.65,"cM","all values < 1000 -> cM",NA,"https://link.springer.com/article/10.1007/s00122-021-04018-3?utm_source=researchgate.net&utm_medium=article","MQTL_all traitsV3.0_final",FALSE
"M00310","MQTL3B.1","3B","Yield","Grain yield and related traits","Yield","82.91-83.3",82.91,83.3,"cM","all values < 1000 -> cM",NA,"https://link.springer.com/article/10.1007/s00122-021-04018-3?utm_source=researchgate.net&utm_medium=article","MQTL_all traitsV3.0_final",FALSE
"M00311","MQTL3B.2","3B","Yield","Grain yield and related traits","Yield","90.02-91.06",90.02,91.06,"cM","all values < 1000 -> cM",NA,"https://link.springer.com/article/10.1007/s00122-021-04018-3?utm_source=researchgate.net&utm_medium=article","MQTL_all traitsV3.0_final",FALSE
"M00312","MQTL3B.3","3B","Yield","Grain yield and related traits","Yield","96.31-98.38",96.31,98.38,"cM","all values < 1000 -> cM",NA,"https://link.springer.com/article/10.1007/s00122-021-04018-3?utm_source=researchgate.net&utm_medium=article","MQTL_all traitsV3.0_final",FALSE
"M00313","MQTL3B.4","3B","Yield","Grain yield and related traits","Yield","105.69-106.47",105.69,106.47,"cM","all values < 1000 -> cM",NA,"https://link.springer.com/article/10.1007/s00122-021-04018-3?utm_source=researchgate.net&utm_medium=article","MQTL_all traitsV3.0_final",FALSE
"M00314","MQTL3B.5","3B","Yield","Grain yield and related traits","Yield","115.05-115.25",115.05,115.25,"cM","all values < 1000 -> cM",NA,"https://link.springer.com/article/10.1007/s00122-021-04018-3?utm_source=researchgate.net&utm_medium=article","MQTL_all traitsV3.0_final",FALSE
"M00315","MQTL3B.6","3B","Yield","Grain yield and related traits","Yield","119.94-123.07",119.94,123.07,"cM","all values < 1000 -> cM",NA,"https://link.springer.com/article/10.1007/s00122-021-04018-3?utm_source=researchgate.net&utm_medium=article","MQTL_all traitsV3.0_final",FALSE
"M00316","MQTL3B.7","3B","Yield","Grain yield and related traits","Yield","148.23-148.57",148.23,148.57,"cM","all values < 1000 -> cM",NA,"https://link.springer.com/article/10.1007/s00122-021-04018-3?utm_source=researchgate.net&utm_medium=article","MQTL_all traitsV3.0_final",FALSE
"M00317","MQTL3D.1","3D","Yield","Grain yield and related traits","Yield","1.29-2.23",1.29,2.23,"cM","all values < 1000 -> cM",NA,"https://link.springer.com/article/10.1007/s00122-021-04018-3?utm_source=researchgate.net&utm_medium=article","MQTL_all traitsV3.0_final",FALSE
"M00318","MQTL3D.2","3D","Yield","Grain yield and related traits","Yield","17.05-22.9",17.05,22.9,"cM","all values < 1000 -> cM",NA,"https://link.springer.com/article/10.1007/s00122-021-04018-3?utm_source=researchgate.net&utm_medium=article","MQTL_all traitsV3.0_final",FALSE
"M00319","MQTL3D.3","3D","Yield","Grain yield and related traits","Yield","35.65-37.62",35.65,37.62,"cM","all values < 1000 -> cM",NA,"https://link.springer.com/article/10.1007/s00122-021-04018-3?utm_source=researchgate.net&utm_medium=article","MQTL_all traitsV3.0_final",FALSE
"M00320","MQTL3D.4","3D","Yield","Grain yield and related traits","Yield","50.89-51.79",50.89,51.79,"cM","all values < 1000 -> cM",NA,"https://link.springer.com/article/10.1007/s00122-021-04018-3?utm_source=researchgate.net&utm_medium=article","MQTL_all traitsV3.0_final",FALSE
"M00321","MQTL3D.5","3D","Yield","Grain yield and related traits","Yield","54.43-54.72",54.43,54.72,"cM","all values < 1000 -> cM",NA,"https://link.springer.com/article/10.1007/s00122-021-04018-3?utm_source=researchgate.net&utm_medium=article","MQTL_all traitsV3.0_final",FALSE
"M00322","MQTL3D.6","3D","Yield","Grain yield and related traits","Yield","58.69-59.45",58.69,59.45,"cM","all values < 1000 -> cM",NA,"https://link.springer.com/article/10.1007/s00122-021-04018-3?utm_source=researchgate.net&utm_medium=article","MQTL_all traitsV3.0_final",FALSE
"M00323","MQTL3D.7","3D","Yield","Grain yield and related traits","Yield","68.35-69.39",68.35,69.39,"cM","all values < 1000 -> cM",NA,"https://link.springer.com/article/10.1007/s00122-021-04018-3?utm_source=researchgate.net&utm_medium=article","MQTL_all traitsV3.0_final",FALSE
"M00324","MQTL3D.8","3D","Yield","Grain yield and related traits","Yield","81.61-83.75",81.61,83.75,"cM","all values < 1000 -> cM",NA,"https://link.springer.com/article/10.1007/s00122-021-04018-3?utm_source=researchgate.net&utm_medium=article","MQTL_all traitsV3.0_final",FALSE
"M00325","MQTL3D.9","3D","Yield","Grain yield and related traits","Yield","117.71-119.57",117.71,119.57,"cM","all values < 1000 -> cM",NA,"https://link.springer.com/article/10.1007/s00122-021-04018-3?utm_source=researchgate.net&utm_medium=article","MQTL_all traitsV3.0_final",FALSE
"M00326","MQTL4A.1","4A","Yield","Grain yield and related traits","Yield","73.68-74.49",73.68,74.49,"cM","all values < 1000 -> cM",NA,"https://link.springer.com/article/10.1007/s00122-021-04018-3?utm_source=researchgate.net&utm_medium=article","MQTL_all traitsV3.0_final",FALSE
"M00328","MQTL4A.3","4A","Yield","Grain yield and related traits","Yield","201.97-202.22",201.97,202.22,"cM","all values < 1000 -> cM",NA,"https://link.springer.com/article/10.1007/s00122-021-04018-3?utm_source=researchgate.net&utm_medium=article","MQTL_all traitsV3.0_final",FALSE
"M00329","MQTL4A.4","4A","Yield","Grain yield and related traits","Yield","208.54-209.3",208.54,209.3,"cM","all values < 1000 -> cM",NA,"https://link.springer.com/article/10.1007/s00122-021-04018-3?utm_source=researchgate.net&utm_medium=article","MQTL_all traitsV3.0_final",FALSE
"M00330","MQTL4A.5","4A","Yield","Grain yield and related traits","Yield","221.6-221.66",221.6,221.66,"cM","all values < 1000 -> cM",NA,"https://link.springer.com/article/10.1007/s00122-021-04018-3?utm_source=researchgate.net&utm_medium=article","MQTL_all traitsV3.0_final",FALSE
"M00331","MQTL4B.1","4B","Yield","Grain yield and related traits","Yield","23.15-23.54",23.15,23.54,"cM","all values < 1000 -> cM",NA,"https://link.springer.com/article/10.1007/s00122-021-04018-3?utm_source=researchgate.net&utm_medium=article","MQTL_all traitsV3.0_final",FALSE
"M00332","MQTL4B.2","4B","Yield","Grain yield and related traits","Yield","34.44-35.16",34.44,35.16,"cM","all values < 1000 -> cM",NA,"https://link.springer.com/article/10.1007/s00122-021-04018-3?utm_source=researchgate.net&utm_medium=article","MQTL_all traitsV3.0_final",FALSE
"M00333","MQTL4B.3","4B","Yield","Grain yield and related traits","Yield","37.75-39.02",37.75,39.02,"cM","all values < 1000 -> cM",NA,"https://link.springer.com/article/10.1007/s00122-021-04018-3?utm_source=researchgate.net&utm_medium=article","MQTL_all traitsV3.0_final",FALSE
"M00334","MQTL4B.4","4B","Yield","Grain yield and related traits","Yield","47.12-48.28",47.12,48.28,"cM","all values < 1000 -> cM",NA,"https://link.springer.com/article/10.1007/s00122-021-04018-3?utm_source=researchgate.net&utm_medium=article","MQTL_all traitsV3.0_final",FALSE
"M00335","MQTL4B.5","4B","Yield","Grain yield and related traits","Yield","51.41-51.53",51.41,51.53,"cM","all values < 1000 -> cM",NA,"https://link.springer.com/article/10.1007/s00122-021-04018-3?utm_source=researchgate.net&utm_medium=article","MQTL_all traitsV3.0_final",FALSE
"M00336","MQTL4B.6","4B","Yield","Grain yield and related traits","Yield","56.37-56.62",56.37,56.62,"cM","all values < 1000 -> cM",NA,"https://link.springer.com/article/10.1007/s00122-021-04018-3?utm_source=researchgate.net&utm_medium=article","MQTL_all traitsV3.0_final",FALSE
"M00337","MQTL4B.7","4B","Yield","Grain yield and related traits","Yield","59.28-59.63",59.28,59.63,"cM","all values < 1000 -> cM",NA,"https://link.springer.com/article/10.1007/s00122-021-04018-3?utm_source=researchgate.net&utm_medium=article","MQTL_all traitsV3.0_final",FALSE
"M00338","MQTL4B.8","4B","Yield","Grain yield and related traits","Yield","74.47-74.52",74.47,74.52,"cM","all values < 1000 -> cM",NA,"https://link.springer.com/article/10.1007/s00122-021-04018-3?utm_source=researchgate.net&utm_medium=article","MQTL_all traitsV3.0_final",FALSE
"M00339","MQTL4D.1","4D","Yield","Grain yield and related traits","Yield","7.89-10.06",7.89,10.06,"cM","all values < 1000 -> cM",NA,"https://link.springer.com/article/10.1007/s00122-021-04018-3?utm_source=researchgate.net&utm_medium=article","MQTL_all traitsV3.0_final",FALSE
"M00340","MQTL4D.2","4D","Yield","Grain yield and related traits","Yield","27.64-28.96",27.64,28.96,"cM","all values < 1000 -> cM",NA,"https://link.springer.com/article/10.1007/s00122-021-04018-3?utm_source=researchgate.net&utm_medium=article","MQTL_all traitsV3.0_final",FALSE
"M00341","MQTL4D.3","4D","Yield","Grain yield and related traits","Yield","36.82-39.39",36.82,39.39,"cM","all values < 1000 -> cM",NA,"https://link.springer.com/article/10.1007/s00122-021-04018-3?utm_source=researchgate.net&utm_medium=article","MQTL_all traitsV3.0_final",FALSE
"M00342","MQTL4D.4","4D","Yield","Grain yield and related traits","Yield","56.92-60.54",56.92,60.54,"cM","all values < 1000 -> cM",NA,"https://link.springer.com/article/10.1007/s00122-021-04018-3?utm_source=researchgate.net&utm_medium=article","MQTL_all traitsV3.0_final",FALSE
"M00343","MQTL4D.5","4D","Yield","Grain yield and related traits","Yield","73.15-74.29",73.15,74.29,"cM","all values < 1000 -> cM",NA,"https://link.springer.com/article/10.1007/s00122-021-04018-3?utm_source=researchgate.net&utm_medium=article","MQTL_all traitsV3.0_final",FALSE
"M00344","MQTL4D.6","4D","Yield","Grain yield and related traits","Yield","84.17-84.51",84.17,84.51,"cM","all values < 1000 -> cM",NA,"https://link.springer.com/article/10.1007/s00122-021-04018-3?utm_source=researchgate.net&utm_medium=article","MQTL_all traitsV3.0_final",FALSE
"M00345","MQTL4D.7","4D","Yield","Grain yield and related traits","Yield","92.37-93.06",92.37,93.06,"cM","all values < 1000 -> cM",NA,"https://link.springer.com/article/10.1007/s00122-021-04018-3?utm_source=researchgate.net&utm_medium=article","MQTL_all traitsV3.0_final",FALSE
"M00346","MQTL4D.8","4D","Yield","Grain yield and related traits","Yield","94.83-96.12",94.83,96.12,"cM","all values < 1000 -> cM",NA,"https://link.springer.com/article/10.1007/s00122-021-04018-3?utm_source=researchgate.net&utm_medium=article","MQTL_all traitsV3.0_final",FALSE
"M00347","MQTL4D.9","4D","Yield","Grain yield and related traits","Yield","102.9-104.25",102.9,104.25,"cM","all values < 1000 -> cM",NA,"https://link.springer.com/article/10.1007/s00122-021-04018-3?utm_source=researchgate.net&utm_medium=article","MQTL_all traitsV3.0_final",FALSE
"M00348","MQTL4D.10","4D","Yield","Grain yield and related traits","Yield","125.98-126.4",125.98,126.4,"cM","all values < 1000 -> cM",NA,"https://link.springer.com/article/10.1007/s00122-021-04018-3?utm_source=researchgate.net&utm_medium=article","MQTL_all traitsV3.0_final",FALSE
"M00349","MQTL5A.1","5A","Yield","Grain yield and related traits","Yield","61.41-62.08",61.41,62.08,"cM","all values < 1000 -> cM",NA,"https://link.springer.com/article/10.1007/s00122-021-04018-3?utm_source=researchgate.net&utm_medium=article","MQTL_all traitsV3.0_final",FALSE
"M00350","MQTL5A.2","5A","Yield","Grain yield and related traits","Yield","110.97-111.43",110.97,111.43,"cM","all values < 1000 -> cM",NA,"https://link.springer.com/article/10.1007/s00122-021-04018-3?utm_source=researchgate.net&utm_medium=article","MQTL_all traitsV3.0_final",FALSE
"M00351","MQTL5A.3","5A","Yield","Grain yield and related traits","Yield","135.05-135.84",135.05,135.84,"cM","all values < 1000 -> cM",NA,"https://link.springer.com/article/10.1007/s00122-021-04018-3?utm_source=researchgate.net&utm_medium=article","MQTL_all traitsV3.0_final",FALSE
"M00352","MQTL5A.4","5A","Yield","Grain yield and related traits","Yield","175.47-176.15",175.47,176.15,"cM","all values < 1000 -> cM",NA,"https://link.springer.com/article/10.1007/s00122-021-04018-3?utm_source=researchgate.net&utm_medium=article","MQTL_all traitsV3.0_final",FALSE
"M00353","MQTL5B.1","5B","Yield","Grain yield and related traits","Yield","34.55-36.61",34.55,36.61,"cM","all values < 1000 -> cM",NA,"https://link.springer.com/article/10.1007/s00122-021-04018-3?utm_source=researchgate.net&utm_medium=article","MQTL_all traitsV3.0_final",FALSE
"M00354","MQTL5B.2","5B","Yield","Grain yield and related traits","Yield","82.1-82.48",82.1,82.48,"cM","all values < 1000 -> cM",NA,"https://link.springer.com/article/10.1007/s00122-021-04018-3?utm_source=researchgate.net&utm_medium=article","MQTL_all traitsV3.0_final",FALSE
"M00355","MQTL5B.3","5B","Yield","Grain yield and related traits","Yield","87.1-87.86",87.1,87.86,"cM","all values < 1000 -> cM",NA,"https://link.springer.com/article/10.1007/s00122-021-04018-3?utm_source=researchgate.net&utm_medium=article","MQTL_all traitsV3.0_final",FALSE
"M00356","MQTL5B.4","5B","Yield","Grain yield and related traits","Yield","93.73-93.92",93.73,93.92,"cM","all values < 1000 -> cM",NA,"https://link.springer.com/article/10.1007/s00122-021-04018-3?utm_source=researchgate.net&utm_medium=article","MQTL_all traitsV3.0_final",FALSE
"M00357","MQTL5B.5","5B","Yield","Grain yield and related traits","Yield","97.88-98.45",97.88,98.45,"cM","all values < 1000 -> cM",NA,"https://link.springer.com/article/10.1007/s00122-021-04018-3?utm_source=researchgate.net&utm_medium=article","MQTL_all traitsV3.0_final",FALSE
"M00358","MQTL5B.6","5B","Yield","Grain yield and related traits","Yield","100.64-103.25",100.64,103.25,"cM","all values < 1000 -> cM",NA,"https://link.springer.com/article/10.1007/s00122-021-04018-3?utm_source=researchgate.net&utm_medium=article","MQTL_all traitsV3.0_final",FALSE
"M00359","MQTL5B.7","5B","Yield","Grain yield and related traits","Yield","106.5-107.32",106.5,107.32,"cM","all values < 1000 -> cM",NA,"https://link.springer.com/article/10.1007/s00122-021-04018-3?utm_source=researchgate.net&utm_medium=article","MQTL_all traitsV3.0_final",FALSE
"M00360","MQTL5B.8","5B","Yield","Grain yield and related traits","Yield","134.04-134.31",134.04,134.31,"cM","all values < 1000 -> cM",NA,"https://link.springer.com/article/10.1007/s00122-021-04018-3?utm_source=researchgate.net&utm_medium=article","MQTL_all traitsV3.0_final",FALSE
"M00361","MQTL5D.1","5D","Yield","Grain yield and related traits","Yield","48.72-49.95",48.72,49.95,"cM","all values < 1000 -> cM",NA,"https://link.springer.com/article/10.1007/s00122-021-04018-3?utm_source=researchgate.net&utm_medium=article","MQTL_all traitsV3.0_final",FALSE
"M00362","MQTL5D.2","5D","Yield","Grain yield and related traits","Yield","76.31-79.54",76.31,79.54,"cM","all values < 1000 -> cM",NA,"https://link.springer.com/article/10.1007/s00122-021-04018-3?utm_source=researchgate.net&utm_medium=article","MQTL_all traitsV3.0_final",FALSE
"M00363","MQTL5D.3","5D","Yield","Grain yield and related traits","Yield","93.16-95.14",93.16,95.14,"cM","all values < 1000 -> cM",NA,"https://link.springer.com/article/10.1007/s00122-021-04018-3?utm_source=researchgate.net&utm_medium=article","MQTL_all traitsV3.0_final",FALSE
"M00364","MQTL5D.4","5D","Yield","Grain yield and related traits","Yield","104.66-105.21",104.66,105.21,"cM","all values < 1000 -> cM",NA,"https://link.springer.com/article/10.1007/s00122-021-04018-3?utm_source=researchgate.net&utm_medium=article","MQTL_all traitsV3.0_final",FALSE
"M00365","MQTL5D.5","5D","Yield","Grain yield and related traits","Yield","115.2-118.51",115.2,118.51,"cM","all values < 1000 -> cM",NA,"https://link.springer.com/article/10.1007/s00122-021-04018-3?utm_source=researchgate.net&utm_medium=article","MQTL_all traitsV3.0_final",FALSE
"M00366","MQTL6A.1","6A","Yield","Grain yield and related traits","Yield","98.34-98.8",98.34,98.8,"cM","all values < 1000 -> cM",NA,"https://link.springer.com/article/10.1007/s00122-021-04018-3?utm_source=researchgate.net&utm_medium=article","MQTL_all traitsV3.0_final",FALSE
"M00367","MQTL6A.2","6A","Yield","Grain yield and related traits","Yield","108.95-109.74",108.95,109.74,"cM","all values < 1000 -> cM",NA,"https://link.springer.com/article/10.1007/s00122-021-04018-3?utm_source=researchgate.net&utm_medium=article","MQTL_all traitsV3.0_final",FALSE
"M00368","MQTL6A.3","6A","Yield","Grain yield and related traits","Yield","150.19-151.48",150.19,151.48,"cM","all values < 1000 -> cM",NA,"https://link.springer.com/article/10.1007/s00122-021-04018-3?utm_source=researchgate.net&utm_medium=article","MQTL_all traitsV3.0_final",FALSE
"M00369","MQTL6B.1","6B","Yield","Grain yield and related traits","Yield","45.07-47.28",45.07,47.28,"cM","all values < 1000 -> cM",NA,"https://link.springer.com/article/10.1007/s00122-021-04018-3?utm_source=researchgate.net&utm_medium=article","MQTL_all traitsV3.0_final",FALSE
"M00370","MQTL6B.2","6B","Yield","Grain yield and related traits","Yield","99.38-100.75",99.38,100.75,"cM","all values < 1000 -> cM",NA,"https://link.springer.com/article/10.1007/s00122-021-04018-3?utm_source=researchgate.net&utm_medium=article","MQTL_all traitsV3.0_final",FALSE
"M00371","MQTL6B.3","6B","Yield","Grain yield and related traits","Yield","105.2-107.05",105.2,107.05,"cM","all values < 1000 -> cM",NA,"https://link.springer.com/article/10.1007/s00122-021-04018-3?utm_source=researchgate.net&utm_medium=article","MQTL_all traitsV3.0_final",FALSE
"M00372","MQTL6B.4","6B","Yield","Grain yield and related traits","Yield","112.61-115.42",112.61,115.42,"cM","all values < 1000 -> cM",NA,"https://link.springer.com/article/10.1007/s00122-021-04018-3?utm_source=researchgate.net&utm_medium=article","MQTL_all traitsV3.0_final",FALSE
"M00373","MQTL6B.5","6B","Yield","Grain yield and related traits","Yield","116.45-116.99",116.45,116.99,"cM","all values < 1000 -> cM",NA,"https://link.springer.com/article/10.1007/s00122-021-04018-3?utm_source=researchgate.net&utm_medium=article","MQTL_all traitsV3.0_final",FALSE
"M00374","MQTL6B.6","6B","Yield","Grain yield and related traits","Yield","118.99-119.39",118.99,119.39,"cM","all values < 1000 -> cM",NA,"https://link.springer.com/article/10.1007/s00122-021-04018-3?utm_source=researchgate.net&utm_medium=article","MQTL_all traitsV3.0_final",FALSE
"M00375","MQTL6B.7","6B","Yield","Grain yield and related traits","Yield","121.38-121.71",121.38,121.71,"cM","all values < 1000 -> cM",NA,"https://link.springer.com/article/10.1007/s00122-021-04018-3?utm_source=researchgate.net&utm_medium=article","MQTL_all traitsV3.0_final",FALSE
"M00376","MQTL6B.8","6B","Yield","Grain yield and related traits","Yield","123.2-123.74",123.2,123.74,"cM","all values < 1000 -> cM",NA,"https://link.springer.com/article/10.1007/s00122-021-04018-3?utm_source=researchgate.net&utm_medium=article","MQTL_all traitsV3.0_final",FALSE
"M00377","MQTL6B.9","6B","Yield","Grain yield and related traits","Yield","128.28-128.56",128.28,128.56,"cM","all values < 1000 -> cM",NA,"https://link.springer.com/article/10.1007/s00122-021-04018-3?utm_source=researchgate.net&utm_medium=article","MQTL_all traitsV3.0_final",FALSE
"M00378","MQTL6B.10","6B","Yield","Grain yield and related traits","Yield","151.56-202.28",151.56,202.28,"cM","all values < 1000 -> cM",NA,"https://link.springer.com/article/10.1007/s00122-021-04018-3?utm_source=researchgate.net&utm_medium=article","MQTL_all traitsV3.0_final",FALSE
"M00379","MQTL6D.1","6D","Yield","Grain yield and related traits","Yield","0-2.78",0,2.78,"cM","all values < 1000 -> cM",NA,"https://link.springer.com/article/10.1007/s00122-021-04018-3?utm_source=researchgate.net&utm_medium=article","MQTL_all traitsV3.0_final",FALSE
"M00380","MQTL6D.2","6D","Yield","Grain yield and related traits","Yield","8.62-11.11",8.62,11.11,"cM","all values < 1000 -> cM",NA,"https://link.springer.com/article/10.1007/s00122-021-04018-3?utm_source=researchgate.net&utm_medium=article","MQTL_all traitsV3.0_final",FALSE
"M00381","MQTL6D.3","6D","Yield","Grain yield and related traits","Yield","13.58-14.37",13.58,14.37,"cM","all values < 1000 -> cM",NA,"https://link.springer.com/article/10.1007/s00122-021-04018-3?utm_source=researchgate.net&utm_medium=article","MQTL_all traitsV3.0_final",FALSE
"M00382","MQTL6D.4","6D","Yield","Grain yield and related traits","Yield","31.81-35.57",31.81,35.57,"cM","all values < 1000 -> cM",NA,"https://link.springer.com/article/10.1007/s00122-021-04018-3?utm_source=researchgate.net&utm_medium=article","MQTL_all traitsV3.0_final",FALSE
"M00383","MQTL6D.5","6D","Yield","Grain yield and related traits","Yield","42.88-43.58",42.88,43.58,"cM","all values < 1000 -> cM",NA,"https://link.springer.com/article/10.1007/s00122-021-04018-3?utm_source=researchgate.net&utm_medium=article","MQTL_all traitsV3.0_final",FALSE
"M00384","MQTL6D.6","6D","Yield","Grain yield and related traits","Yield","62.74-63.7",62.74,63.7,"cM","all values < 1000 -> cM",NA,"https://link.springer.com/article/10.1007/s00122-021-04018-3?utm_source=researchgate.net&utm_medium=article","MQTL_all traitsV3.0_final",FALSE
"M00385","MQTL7A.1","7A","Yield","Grain yield and related traits","Yield","108.08-109.57",108.08,109.57,"cM","all values < 1000 -> cM",NA,"https://link.springer.com/article/10.1007/s00122-021-04018-3?utm_source=researchgate.net&utm_medium=article","MQTL_all traitsV3.0_final",FALSE
"M00386","MQTL7A.2","7A","Yield","Grain yield and related traits","Yield","125.78-126.93",125.78,126.93,"cM","all values < 1000 -> cM",NA,"https://link.springer.com/article/10.1007/s00122-021-04018-3?utm_source=researchgate.net&utm_medium=article","MQTL_all traitsV3.0_final",FALSE
"M00387","MQTL7A.3","7A","Yield","Grain yield and related traits","Yield","155.23-155.25",155.23,155.25,"cM","all values < 1000 -> cM",NA,"https://link.springer.com/article/10.1007/s00122-021-04018-3?utm_source=researchgate.net&utm_medium=article","MQTL_all traitsV3.0_final",FALSE
"M00388","MQTL7B.1","7B","Yield","Grain yield and related traits","Yield","38.69-40.06",38.69,40.06,"cM","all values < 1000 -> cM",NA,"https://link.springer.com/article/10.1007/s00122-021-04018-3?utm_source=researchgate.net&utm_medium=article","MQTL_all traitsV3.0_final",FALSE
"M00389","MQTL7B.2","7B","Yield","Grain yield and related traits","Yield","57.37-58.16",57.37,58.16,"cM","all values < 1000 -> cM",NA,"https://link.springer.com/article/10.1007/s00122-021-04018-3?utm_source=researchgate.net&utm_medium=article","MQTL_all traitsV3.0_final",FALSE
"M00390","MQTL7B.3","7B","Yield","Grain yield and related traits","Yield","68.78-69.63",68.78,69.63,"cM","all values < 1000 -> cM",NA,"https://link.springer.com/article/10.1007/s00122-021-04018-3?utm_source=researchgate.net&utm_medium=article","MQTL_all traitsV3.0_final",FALSE
"M00391","MQTL7B.4","7B","Yield","Grain yield and related traits","Yield","76.76-77.69",76.76,77.69,"cM","all values < 1000 -> cM",NA,"https://link.springer.com/article/10.1007/s00122-021-04018-3?utm_source=researchgate.net&utm_medium=article","MQTL_all traitsV3.0_final",FALSE
"M00392","MQTL7B.5","7B","Yield","Grain yield and related traits","Yield","106.11-107.89",106.11,107.89,"cM","all values < 1000 -> cM",NA,"https://link.springer.com/article/10.1007/s00122-021-04018-3?utm_source=researchgate.net&utm_medium=article","MQTL_all traitsV3.0_final",FALSE
"M00393","MQTL7B.6","7B","Yield","Grain yield and related traits","Yield","236.54-236.79",236.54,236.79,"cM","all values < 1000 -> cM",NA,"https://link.springer.com/article/10.1007/s00122-021-04018-3?utm_source=researchgate.net&utm_medium=article","MQTL_all traitsV3.0_final",FALSE
"M00394","MQTL7D.1","7D","Yield","Grain yield and related traits","Yield","7.29-11.22",7.29,11.22,"cM","all values < 1000 -> cM",NA,"https://link.springer.com/article/10.1007/s00122-021-04018-3?utm_source=researchgate.net&utm_medium=article","MQTL_all traitsV3.0_final",FALSE
"M00395","MQTL7D.2","7D","Yield","Grain yield and related traits","Yield","75.17-76.77",75.17,76.77,"cM","all values < 1000 -> cM",NA,"https://link.springer.com/article/10.1007/s00122-021-04018-3?utm_source=researchgate.net&utm_medium=article","MQTL_all traitsV3.0_final",FALSE
"M00396","MQTL7D.3","7D","Yield","Grain yield and related traits","Yield","82.59-85.56",82.59,85.56,"cM","all values < 1000 -> cM",NA,"https://link.springer.com/article/10.1007/s00122-021-04018-3?utm_source=researchgate.net&utm_medium=article","MQTL_all traitsV3.0_final",FALSE
"M00397","MQTL7D.4","7D","Yield","Grain yield and related traits","Yield","96.65-100.15",96.65,100.15,"cM","all values < 1000 -> cM",NA,"https://link.springer.com/article/10.1007/s00122-021-04018-3?utm_source=researchgate.net&utm_medium=article","MQTL_all traitsV3.0_final",FALSE
"M00398","MQTL7D.5","7D","Yield","Grain yield and related traits","Yield","139.15-143.76",139.15,143.76,"cM","all values < 1000 -> cM",NA,"https://link.springer.com/article/10.1007/s00122-021-04018-3?utm_source=researchgate.net&utm_medium=article","MQTL_all traitsV3.0_final",FALSE
"M00399","MQTL.DH.1B.3","1B","Yield","Thousand kernel weight","Yield","667717050-670783640",667717050,670783640,"bp","contains value >= 1000 -> bp",NA,"https://www.frontiersin.org/journals/plant-science/articles/10.3389/fpls.2024.1499055/full/","MQTL_all traitsV3.0_final",FALSE
"M00400","MQTL.DH.2A.1","2A","Yield","Thousand kernel weight","Yield","36632177-36138748",36138748,36632177,"bp","contains value >= 1000 -> bp",NA,"https://www.frontiersin.org/journals/plant-science/articles/10.3389/fpls.2024.1499055/full/","MQTL_all traitsV3.0_final",FALSE
"M00401","MQTL.DH.2A.3","2A","Yield","Thousand kernel weight","Yield","663328967-675938678",663328967,675938678,"bp","contains value >= 1000 -> bp",NA,"https://www.frontiersin.org/journals/plant-science/articles/10.3389/fpls.2024.1499055/full/","MQTL_all traitsV3.0_final",FALSE
"M00402","MQTL.DH.3B.2","3B","Yield","Thousand kernel weight","Yield","605269005-602356133",602356133,605269005,"bp","contains value >= 1000 -> bp",NA,"https://www.frontiersin.org/journals/plant-science/articles/10.3389/fpls.2024.1499055/full/","MQTL_all traitsV3.0_final",FALSE
"M00403","MQTL.DH.5B.2","5B","Yield","Thousand kernel weight","Yield","457342612-460678316",457342612,460678316,"bp","contains value >= 1000 -> bp",NA,"https://www.frontiersin.org/journals/plant-science/articles/10.3389/fpls.2024.1499055/full/","MQTL_all traitsV3.0_final",FALSE
"M00404","MQTL.DH.7A.3","7A","Yield","Thousand kernel weight","Yield","719567282-722303439",719567282,722303439,"bp","contains value >= 1000 -> bp",NA,"https://www.frontiersin.org/journals/plant-science/articles/10.3389/fpls.2024.1499055/full/","MQTL_all traitsV3.0_final",FALSE
"M00405","MQTL.RIL.3B.2","3B","Yield","Thousand kernel weight","Yield","736712583-737764228",736712583,737764228,"bp","contains value >= 1000 -> bp",NA,"https://www.frontiersin.org/journals/plant-science/articles/10.3389/fpls.2024.1499055/full/","MQTL_all traitsV3.0_final",FALSE
"M00406","MQTL.RIL.3B.5","3B","Yield","Thousand kernel weight","Yield","81818278-95150976",81818278,95150976,"bp","contains value >= 1000 -> bp",NA,"https://www.frontiersin.org/journals/plant-science/articles/10.3389/fpls.2024.1499055/full/","MQTL_all traitsV3.0_final",FALSE
"M00407","MQTL.RIL.3B.7","3B","Yield","Thousand kernel weight","Yield","820501695-818275897",818275897,820501695,"bp","contains value >= 1000 -> bp",NA,"https://www.frontiersin.org/journals/plant-science/articles/10.3389/fpls.2024.1499055/full/","MQTL_all traitsV3.0_final",FALSE
"M00408","MQTL.RIL.3B.8","3B","Yield","Thousand kernel weight","Yield","769345579-783472149",769345579,783472149,"bp","contains value >= 1000 -> bp",NA,"https://www.frontiersin.org/journals/plant-science/articles/10.3389/fpls.2024.1499055/full/","MQTL_all traitsV3.0_final",FALSE
"M00409","MQTL.RIL.7B.3","7B","Yield","Thousand kernel weight","Yield","84215789-91292649",84215789,91292649,"bp","contains value >= 1000 -> bp",NA,"https://www.frontiersin.org/journals/plant-science/articles/10.3389/fpls.2024.1499055/full/","MQTL_all traitsV3.0_final",FALSE
"M00410","MQTL.RIL.7B.7","7B","Yield","Thousand kernel weight","Yield","726970893-730164735",726970893,730164735,"bp","contains value >= 1000 -> bp",NA,"https://www.frontiersin.org/journals/plant-science/articles/10.3389/fpls.2024.1499055/full/","MQTL_all traitsV3.0_final",FALSE
"M00411","MQTL-1A-1","1A","yield","Thousand grain weight","Yield","41.39-0.94",0.94,41.39,"cM","all values < 1000 -> cM",NA,"https://www.frontiersin.org/journals/plant-science/articles/10.3389/fpls.2022.802310/full/","MQTL_all traitsV3.0_final",FALSE
"M00412","MQTL-1A-2","1A","yield","Thousand grain weight","Yield","45.91-0.2",0.2,45.91,"cM","all values < 1000 -> cM",NA,"https://www.frontiersin.org/journals/plant-science/articles/10.3389/fpls.2022.802310/full/","MQTL_all traitsV3.0_final",FALSE
"M00413","MQTL-1A-3","1A","yield","Thousand grain weight","Yield","47.97-0.89",0.89,47.97,"cM","all values < 1000 -> cM",NA,"https://www.frontiersin.org/journals/plant-science/articles/10.3389/fpls.2022.802310/full/","MQTL_all traitsV3.0_final",FALSE
"M00414","MQTL-1A-4","1A","yield","Thousand grain weight","Yield","107.04-3.37",3.37,107.04,"cM","all values < 1000 -> cM",NA,"https://www.frontiersin.org/journals/plant-science/articles/10.3389/fpls.2022.802310/full/","MQTL_all traitsV3.0_final",FALSE
"M00415","MQTL-1B-1","1B","yield","Thousand grain weight","Yield","47.1-1.95",1.95,47.1,"cM","all values < 1000 -> cM",NA,"https://www.frontiersin.org/journals/plant-science/articles/10.3389/fpls.2022.802310/full/","MQTL_all traitsV3.0_final",FALSE
"M00416","MQTL-1B-2","1B","yield","Thousand grain weight","Yield","63.5-1.55",1.55,63.5,"cM","all values < 1000 -> cM",NA,"https://www.frontiersin.org/journals/plant-science/articles/10.3389/fpls.2022.802310/full/","MQTL_all traitsV3.0_final",FALSE
"M00417","MQTL-1B-3","1B","yield","Thousand grain weight","Yield","71.98-0.84",0.84,71.98,"cM","all values < 1000 -> cM",NA,"https://www.frontiersin.org/journals/plant-science/articles/10.3389/fpls.2022.802310/full/","MQTL_all traitsV3.0_final",FALSE
"M00418","MQTL-1B-4","1B","yield","Thousand grain weight","Yield","73.13-0.47",0.47,73.13,"cM","all values < 1000 -> cM",NA,"https://www.frontiersin.org/journals/plant-science/articles/10.3389/fpls.2022.802310/full/","MQTL_all traitsV3.0_final",FALSE
"M00419","MQTL-1B-5","1B","yield","Thousand grain weight","Yield","77.16-2.51",2.51,77.16,"cM","all values < 1000 -> cM",NA,"https://www.frontiersin.org/journals/plant-science/articles/10.3389/fpls.2022.802310/full/","MQTL_all traitsV3.0_final",FALSE
"M00420","MQTL-1B-6","1B","yield","Thousand grain weight","Yield","86.03-0.29",0.29,86.03,"cM","all values < 1000 -> cM",NA,"https://www.frontiersin.org/journals/plant-science/articles/10.3389/fpls.2022.802310/full/","MQTL_all traitsV3.0_final",FALSE
"M00421","MQTL-2A-1","2A","yield","Thousand grain weight","Yield","6.08-5.22",5.22,6.08,"cM","all values < 1000 -> cM",NA,"https://www.frontiersin.org/journals/plant-science/articles/10.3389/fpls.2022.802310/full/","MQTL_all traitsV3.0_final",FALSE
"M00422","MQTL-2A-2","2A","yield","Thousand grain weight","Yield","13.19-1.69",1.69,13.19,"cM","all values < 1000 -> cM",NA,"https://www.frontiersin.org/journals/plant-science/articles/10.3389/fpls.2022.802310/full/","MQTL_all traitsV3.0_final",FALSE
"M00423","MQTL-2A-3","2A","yield","Thousand grain weight","Yield","20.41-3.05",3.05,20.41,"cM","all values < 1000 -> cM",NA,"https://www.frontiersin.org/journals/plant-science/articles/10.3389/fpls.2022.802310/full/","MQTL_all traitsV3.0_final",FALSE
"M00424","MQTL-2A-4","2A","yield","Thousand grain weight","Yield","22.71-0.1",0.1,22.71,"cM","all values < 1000 -> cM",NA,"https://www.frontiersin.org/journals/plant-science/articles/10.3389/fpls.2022.802310/full/","MQTL_all traitsV3.0_final",FALSE
"M00425","MQTL-2A-5","2A","yield","Thousand grain weight","Yield","28.72-2.55",2.55,28.72,"cM","all values < 1000 -> cM",NA,"https://www.frontiersin.org/journals/plant-science/articles/10.3389/fpls.2022.802310/full/","MQTL_all traitsV3.0_final",FALSE
"M00426","MQTL-2A-6","2A","yield","Thousand grain weight","Yield","45.24-0.21",0.21,45.24,"cM","all values < 1000 -> cM",NA,"https://www.frontiersin.org/journals/plant-science/articles/10.3389/fpls.2022.802310/full/","MQTL_all traitsV3.0_final",FALSE
"M00427","MQTL-2B-1","2B","yield","Thousand grain weight","Yield","137.11-6.24",6.24,137.11,"cM","all values < 1000 -> cM",NA,"https://www.frontiersin.org/journals/plant-science/articles/10.3389/fpls.2022.802310/full/","MQTL_all traitsV3.0_final",FALSE
"M00428","MQTL-2B-2","2B","yield","Thousand grain weight","Yield","146.47-4.79",4.79,146.47,"cM","all values < 1000 -> cM",NA,"https://www.frontiersin.org/journals/plant-science/articles/10.3389/fpls.2022.802310/full/","MQTL_all traitsV3.0_final",FALSE
"M00429","MQTL-2B-3","2B","yield","Thousand grain weight","Yield","172.52-0.04",0.04,172.52,"cM","all values < 1000 -> cM",NA,"https://www.frontiersin.org/journals/plant-science/articles/10.3389/fpls.2022.802310/full/","MQTL_all traitsV3.0_final",FALSE
"M00430","MQTL-2D-1","2D","yield","Thousand grain weight","Yield","49.32-0.79",0.79,49.32,"cM","all values < 1000 -> cM",NA,"https://www.frontiersin.org/journals/plant-science/articles/10.3389/fpls.2022.802310/full/","MQTL_all traitsV3.0_final",FALSE
"M00431","MQTL-2D-2","2D","yield","Thousand grain weight","Yield","86.57-0.38",0.38,86.57,"cM","all values < 1000 -> cM",NA,"https://www.frontiersin.org/journals/plant-science/articles/10.3389/fpls.2022.802310/full/","MQTL_all traitsV3.0_final",FALSE
"M00432","MQTL-3A-1","3A","yield","Thousand grain weight","Yield","47.93-0.77",0.77,47.93,"cM","all values < 1000 -> cM",NA,"https://www.frontiersin.org/journals/plant-science/articles/10.3389/fpls.2022.802310/full/","MQTL_all traitsV3.0_final",FALSE
"M00433","MQTL-3A-2","3A","yield","Thousand grain weight","Yield","52.4-2.24",2.24,52.4,"cM","all values < 1000 -> cM",NA,"https://www.frontiersin.org/journals/plant-science/articles/10.3389/fpls.2022.802310/full/","MQTL_all traitsV3.0_final",FALSE
"M00434","MQTL-3A-3","3A","yield","Thousand grain weight","Yield","86.67-8.89",8.89,86.67,"cM","all values < 1000 -> cM",NA,"https://www.frontiersin.org/journals/plant-science/articles/10.3389/fpls.2022.802310/full/","MQTL_all traitsV3.0_final",FALSE
"M00435","MQTL-3B-1","3B","yield","Thousand grain weight","Yield","39.76-5.39",5.39,39.76,"cM","all values < 1000 -> cM",NA,"https://www.frontiersin.org/journals/plant-science/articles/10.3389/fpls.2022.802310/full/","MQTL_all traitsV3.0_final",FALSE
"M00436","MQTL-3B-2","3B","yield","Thousand grain weight","Yield","49.67-0.66",0.66,49.67,"cM","all values < 1000 -> cM",NA,"https://www.frontiersin.org/journals/plant-science/articles/10.3389/fpls.2022.802310/full/","MQTL_all traitsV3.0_final",FALSE
"M00437","MQTL-3B-3","3B","yield","Thousand grain weight","Yield","53.84-3.29",3.29,53.84,"cM","all values < 1000 -> cM",NA,"https://www.frontiersin.org/journals/plant-science/articles/10.3389/fpls.2022.802310/full/","MQTL_all traitsV3.0_final",FALSE
"M00438","MQTL-3B-4","3B","yield","Thousand grain weight","Yield","61.2-3.38",3.38,61.2,"cM","all values < 1000 -> cM",NA,"https://www.frontiersin.org/journals/plant-science/articles/10.3389/fpls.2022.802310/full/","MQTL_all traitsV3.0_final",FALSE
"M00439","MQTL-3B-5","3B","yield","Thousand grain weight","Yield","82.1-7.8",7.8,82.1,"cM","all values < 1000 -> cM",NA,"https://www.frontiersin.org/journals/plant-science/articles/10.3389/fpls.2022.802310/full/","MQTL_all traitsV3.0_final",FALSE
"M00440","MQTL-3D-1","3D","yield","Thousand grain weight","Yield","108.09-6.43",6.43,108.09,"cM","all values < 1000 -> cM",NA,"https://www.frontiersin.org/journals/plant-science/articles/10.3389/fpls.2022.802310/full/","MQTL_all traitsV3.0_final",FALSE
"M00441","MQTL-3D-2","3D","yield","Thousand grain weight","Yield","124.9-17.27",17.27,124.9,"cM","all values < 1000 -> cM",NA,"https://www.frontiersin.org/journals/plant-science/articles/10.3389/fpls.2022.802310/full/","MQTL_all traitsV3.0_final",FALSE
"M00442","MQTL-3D-3","3D","yield","Thousand grain weight","Yield","146.89-30.76",30.76,146.89,"cM","all values < 1000 -> cM",NA,"https://www.frontiersin.org/journals/plant-science/articles/10.3389/fpls.2022.802310/full/","MQTL_all traitsV3.0_final",FALSE
"M00443","MQTL-4A-1","4A","yield","Thousand grain weight","Yield","17.03-4.08",4.08,17.03,"cM","all values < 1000 -> cM",NA,"https://www.frontiersin.org/journals/plant-science/articles/10.3389/fpls.2022.802310/full/","MQTL_all traitsV3.0_final",FALSE
"M00444","MQTL-4A-2","4A","yield","Thousand grain weight","Yield","28.26-3.16",3.16,28.26,"cM","all values < 1000 -> cM",NA,"https://www.frontiersin.org/journals/plant-science/articles/10.3389/fpls.2022.802310/full/","MQTL_all traitsV3.0_final",FALSE
"M00445","MQTL-4A-3","4A","yield","Thousand grain weight","Yield","41.73-7.83",7.83,41.73,"cM","all values < 1000 -> cM",NA,"https://www.frontiersin.org/journals/plant-science/articles/10.3389/fpls.2022.802310/full/","MQTL_all traitsV3.0_final",FALSE
"M00446","MQTL-4A-4","4A","yield","Thousand grain weight","Yield","52.29-1.31",1.31,52.29,"cM","all values < 1000 -> cM",NA,"https://www.frontiersin.org/journals/plant-science/articles/10.3389/fpls.2022.802310/full/","MQTL_all traitsV3.0_final",FALSE
"M00447","MQTL-4A-5","4A","yield","Thousand grain weight","Yield","65.27-2.32",2.32,65.27,"cM","all values < 1000 -> cM",NA,"https://www.frontiersin.org/journals/plant-science/articles/10.3389/fpls.2022.802310/full/","MQTL_all traitsV3.0_final",FALSE
"M00448","MQTL-5B-1","5B","yield","Thousand grain weight","Yield","35.19-3.35",3.35,35.19,"cM","all values < 1000 -> cM",NA,"https://www.frontiersin.org/journals/plant-science/articles/10.3389/fpls.2022.802310/full/","MQTL_all traitsV3.0_final",FALSE
"M00449","MQTL-5B-2","5B","yield","Thousand grain weight","Yield","46.65-8.49",8.49,46.65,"cM","all values < 1000 -> cM",NA,"https://www.frontiersin.org/journals/plant-science/articles/10.3389/fpls.2022.802310/full/","MQTL_all traitsV3.0_final",FALSE
"M00450","MQTL-5B-3","5B","yield","Thousand grain weight","Yield","57.34-2.82",2.82,57.34,"cM","all values < 1000 -> cM",NA,"https://www.frontiersin.org/journals/plant-science/articles/10.3389/fpls.2022.802310/full/","MQTL_all traitsV3.0_final",FALSE
"M00451","MQTL-5B-4","5B","yield","Thousand grain weight","Yield","62.21-2.12",2.12,62.21,"cM","all values < 1000 -> cM",NA,"https://www.frontiersin.org/journals/plant-science/articles/10.3389/fpls.2022.802310/full/","MQTL_all traitsV3.0_final",FALSE
"M00452","MQTL-5B-5","5B","yield","Thousand grain weight","Yield","80.53-1.22",1.22,80.53,"cM","all values < 1000 -> cM",NA,"https://www.frontiersin.org/journals/plant-science/articles/10.3389/fpls.2022.802310/full/","MQTL_all traitsV3.0_final",FALSE
"M00453","MQTL-5D-1","5D","yield","Thousand grain weight","Yield","77.22-3.14",3.14,77.22,"cM","all values < 1000 -> cM",NA,"https://www.frontiersin.org/journals/plant-science/articles/10.3389/fpls.2022.802310/full/","MQTL_all traitsV3.0_final",FALSE
"M00454","MQTL-5D-2","5D","yield","Thousand grain weight","Yield","130.59-1.3",1.3,130.59,"cM","all values < 1000 -> cM",NA,"https://www.frontiersin.org/journals/plant-science/articles/10.3389/fpls.2022.802310/full/","MQTL_all traitsV3.0_final",FALSE
"M00455","MQTL-6A-1","6A","yield","Thousand grain weight","Yield","126.64-4.05",4.05,126.64,"cM","all values < 1000 -> cM",NA,"https://www.frontiersin.org/journals/plant-science/articles/10.3389/fpls.2022.802310/full/","MQTL_all traitsV3.0_final",FALSE
"M00456","MQTL-6A-2","6A","yield","Thousand grain weight","Yield","144.43-1.53",1.53,144.43,"cM","all values < 1000 -> cM",NA,"https://www.frontiersin.org/journals/plant-science/articles/10.3389/fpls.2022.802310/full/","MQTL_all traitsV3.0_final",FALSE
"M00457","MQTL-6A-3","6A","yield","Thousand grain weight","Yield","152.01-0.1",0.1,152.01,"cM","all values < 1000 -> cM",NA,"https://www.frontiersin.org/journals/plant-science/articles/10.3389/fpls.2022.802310/full/","MQTL_all traitsV3.0_final",FALSE
"M00458","MQTL-6A-4","6A","yield","Thousand grain weight","Yield","157.03-0.59",0.59,157.03,"cM","all values < 1000 -> cM",NA,"https://www.frontiersin.org/journals/plant-science/articles/10.3389/fpls.2022.802310/full/","MQTL_all traitsV3.0_final",FALSE
"M00459","MQTL-6A-5","6A","yield","Thousand grain weight","Yield","168.72-3.95",3.95,168.72,"cM","all values < 1000 -> cM",NA,"https://www.frontiersin.org/journals/plant-science/articles/10.3389/fpls.2022.802310/full/","MQTL_all traitsV3.0_final",FALSE
"M00460","MQTL-6A-6","6A","yield","Thousand grain weight","Yield","189.61-2.16",2.16,189.61,"cM","all values < 1000 -> cM",NA,"https://www.frontiersin.org/journals/plant-science/articles/10.3389/fpls.2022.802310/full/","MQTL_all traitsV3.0_final",FALSE
"M00461","MQTL-6A-7","6A","yield","Thousand grain weight","Yield","207.13-0.72",0.72,207.13,"cM","all values < 1000 -> cM",NA,"https://www.frontiersin.org/journals/plant-science/articles/10.3389/fpls.2022.802310/full/","MQTL_all traitsV3.0_final",FALSE
"M00462","MQTL-6B-1","6B","yield","Thousand grain weight","Yield","65.26-1.38",1.38,65.26,"cM","all values < 1000 -> cM",NA,"https://www.frontiersin.org/journals/plant-science/articles/10.3389/fpls.2022.802310/full/","MQTL_all traitsV3.0_final",FALSE
"M00463","MQTL-6B-2","6B","yield","Thousand grain weight","Yield","71.22-1.51",1.51,71.22,"cM","all values < 1000 -> cM",NA,"https://www.frontiersin.org/journals/plant-science/articles/10.3389/fpls.2022.802310/full/","MQTL_all traitsV3.0_final",FALSE
"M00464","MQTL-6B-3","6B","yield","Thousand grain weight","Yield","76.07-0.4",0.4,76.07,"cM","all values < 1000 -> cM",NA,"https://www.frontiersin.org/journals/plant-science/articles/10.3389/fpls.2022.802310/full/","MQTL_all traitsV3.0_final",FALSE
"M00465","MQTL-6B-4","6B","yield","Thousand grain weight","Yield","84.66-1.81",1.81,84.66,"cM","all values < 1000 -> cM",NA,"https://www.frontiersin.org/journals/plant-science/articles/10.3389/fpls.2022.802310/full/","MQTL_all traitsV3.0_final",FALSE
"M00466","MQTL-6B-5","6B","yield","Thousand grain weight","Yield","107.59-1.13",1.13,107.59,"cM","all values < 1000 -> cM",NA,"https://www.frontiersin.org/journals/plant-science/articles/10.3389/fpls.2022.802310/full/","MQTL_all traitsV3.0_final",FALSE
"M00467","MQTL-7A-1","7A","yield","Thousand grain weight","Yield","171.17-14.3",14.3,171.17,"cM","all values < 1000 -> cM",NA,"https://www.frontiersin.org/journals/plant-science/articles/10.3389/fpls.2022.802310/full/","MQTL_all traitsV3.0_final",FALSE
"M00468","MQTL-7A-2","7A","yield","Thousand grain weight","Yield","204.22-0.94",0.94,204.22,"cM","all values < 1000 -> cM",NA,"https://www.frontiersin.org/journals/plant-science/articles/10.3389/fpls.2022.802310/full/","MQTL_all traitsV3.0_final",FALSE
"M00469","MQTL-7A-3","7A","yield","Thousand grain weight","Yield","207.22-1.01",1.01,207.22,"cM","all values < 1000 -> cM",NA,"https://www.frontiersin.org/journals/plant-science/articles/10.3389/fpls.2022.802310/full/","MQTL_all traitsV3.0_final",FALSE
"M00470","MQTL-7A-4","7A","yield","Thousand grain weight","Yield","210.78-1.36",1.36,210.78,"cM","all values < 1000 -> cM",NA,"https://www.frontiersin.org/journals/plant-science/articles/10.3389/fpls.2022.802310/full/","MQTL_all traitsV3.0_final",FALSE
"M00471","MQTL-7A-5","7A","yield","Thousand grain weight","Yield","217.02-2.22",2.22,217.02,"cM","all values < 1000 -> cM",NA,"https://www.frontiersin.org/journals/plant-science/articles/10.3389/fpls.2022.802310/full/","MQTL_all traitsV3.0_final",FALSE
"M00472","MQTL-7A-6","7A","yield","Thousand grain weight","Yield","222.59-1.58",1.58,222.59,"cM","all values < 1000 -> cM",NA,"https://www.frontiersin.org/journals/plant-science/articles/10.3389/fpls.2022.802310/full/","MQTL_all traitsV3.0_final",FALSE
"M00473","MQTL-7B-1","7B","yield","Thousand grain weight","Yield","56.73-1.7",1.7,56.73,"cM","all values < 1000 -> cM",NA,"https://www.frontiersin.org/journals/plant-science/articles/10.3389/fpls.2022.802310/full/","MQTL_all traitsV3.0_final",FALSE
"M00474","MQTL-7B-2","7B","yield","Thousand grain weight","Yield","63.88-1.01",1.01,63.88,"cM","all values < 1000 -> cM",NA,"https://www.frontiersin.org/journals/plant-science/articles/10.3389/fpls.2022.802310/full/","MQTL_all traitsV3.0_final",FALSE
"M00475","MQTL-7B-3","7B","yield","Thousand grain weight","Yield","72.49-1.5",1.5,72.49,"cM","all values < 1000 -> cM",NA,"https://www.frontiersin.org/journals/plant-science/articles/10.3389/fpls.2022.802310/full/","MQTL_all traitsV3.0_final",FALSE
"M00476","MQTL-7B-4","7B","yield","Thousand grain weight","Yield","75.51-1.9",1.9,75.51,"cM","all values < 1000 -> cM",NA,"https://www.frontiersin.org/journals/plant-science/articles/10.3389/fpls.2022.802310/full/","MQTL_all traitsV3.0_final",FALSE
"M00477","MQTL-7B-5","7B","yield","Thousand grain weight","Yield","81.35-0.16",0.16,81.35,"cM","all values < 1000 -> cM",NA,"https://www.frontiersin.org/journals/plant-science/articles/10.3389/fpls.2022.802310/full/","MQTL_all traitsV3.0_final",FALSE
"M00478","MQTL-1A.1","1A","Yield","spike length","Yield","16422088-20091659",16422088,20091659,"bp","contains value >= 1000 -> bp",NA,"https://acsess.onlinelibrary.wiley.com/doi/full/10.1002/tpg2.20492/","MQTL_all traitsV3.0_final",FALSE
"M00479","MQTL-1A.2","1A","Yield","spike length","Yield","23451600-39653890",23451600,39653890,"bp","contains value >= 1000 -> bp",NA,"https://acsess.onlinelibrary.wiley.com/doi/full/10.1002/tpg2.20492/","MQTL_all traitsV3.0_final",FALSE
"M00480","MQTL-1A.3","1A","Yield","spike length","Yield","464825503-545034501",464825503,545034501,"bp","contains value >= 1000 -> bp",NA,"https://acsess.onlinelibrary.wiley.com/doi/full/10.1002/tpg2.20492/","MQTL_all traitsV3.0_final",FALSE
"M00481","MQTL-1A.4","1A","Yield","spike length","Yield","497558078-531618864",497558078,531618864,"bp","contains value >= 1000 -> bp",NA,"https://acsess.onlinelibrary.wiley.com/doi/full/10.1002/tpg2.20492/","MQTL_all traitsV3.0_final",FALSE
"M00482","MQTL-1A.5","1A","Yield","spike length","Yield","585820666-589027678",585820666,589027678,"bp","contains value >= 1000 -> bp",NA,"https://acsess.onlinelibrary.wiley.com/doi/full/10.1002/tpg2.20492/","MQTL_all traitsV3.0_final",FALSE
"M00483","MQTL-2A.1","2A","Yield","spike length","Yield","42380732-74598475",42380732,74598475,"bp","contains value >= 1000 -> bp",NA,"https://acsess.onlinelibrary.wiley.com/doi/full/10.1002/tpg2.20492/","MQTL_all traitsV3.0_final",FALSE
"M00484","MQTL-2A.2","2A","Yield","spike length","Yield","70930754-114945021",70930754,114945021,"bp","contains value >= 1000 -> bp",NA,"https://acsess.onlinelibrary.wiley.com/doi/full/10.1002/tpg2.20492/","MQTL_all traitsV3.0_final",FALSE
"M00485","MQTL-2A.3","2A","Yield","spike length","Yield","648359903-718558728",648359903,718558728,"bp","contains value >= 1000 -> bp",NA,"https://acsess.onlinelibrary.wiley.com/doi/full/10.1002/tpg2.20492/","MQTL_all traitsV3.0_final",FALSE
"M00486","MQTL-2D.1","2D","Yield","spike length","Yield","14160569-144836709",14160569,144836709,"bp","contains value >= 1000 -> bp",NA,"https://acsess.onlinelibrary.wiley.com/doi/full/10.1002/tpg2.20492/","MQTL_all traitsV3.0_final",FALSE
"M00487","MQTL-2D.2","2D","Yield","spike length","Yield","535202048-600315062",535202048,600315062,"bp","contains value >= 1000 -> bp",NA,"https://acsess.onlinelibrary.wiley.com/doi/full/10.1002/tpg2.20492/","MQTL_all traitsV3.0_final",FALSE
"M00488","MQTL-2D.3","2D","Yield","spike length","Yield","60951096-66826324",60951096,66826324,"bp","contains value >= 1000 -> bp",NA,"https://acsess.onlinelibrary.wiley.com/doi/full/10.1002/tpg2.20492/","MQTL_all traitsV3.0_final",FALSE
"M00489","MQTL-2D.4","2D","Yield","spike length","Yield","512507698-607769768",512507698,607769768,"bp","contains value >= 1000 -> bp",NA,"https://acsess.onlinelibrary.wiley.com/doi/full/10.1002/tpg2.20492/","MQTL_all traitsV3.0_final",FALSE
"M00490","MQTL-2D.5","2D","Yield","spike length","Yield","711648238-729381068",711648238,729381068,"bp","contains value >= 1000 -> bp",NA,"https://acsess.onlinelibrary.wiley.com/doi/full/10.1002/tpg2.20492/","MQTL_all traitsV3.0_final",FALSE
"M00491","MQTL-2D.6","2D","Yield","spike length","Yield","646850280-662415769",646850280,662415769,"bp","contains value >= 1000 -> bp",NA,"https://acsess.onlinelibrary.wiley.com/doi/full/10.1002/tpg2.20492/","MQTL_all traitsV3.0_final",FALSE
"M00492","MQTL-2D.7","2D","Yield","spike length","Yield","480094186-513783876",480094186,513783876,"bp","contains value >= 1000 -> bp",NA,"https://acsess.onlinelibrary.wiley.com/doi/full/10.1002/tpg2.20492/","MQTL_all traitsV3.0_final",FALSE
"M00493","MQTL-2D.8","2D","Yield","spike length","Yield","689488437-746681951",689488437,746681951,"bp","contains value >= 1000 -> bp",NA,"https://acsess.onlinelibrary.wiley.com/doi/full/10.1002/tpg2.20492/","MQTL_all traitsV3.0_final",FALSE
"M00494","MQTL-2D.9","2D","Yield","spike length","Yield","482939458-601003777",482939458,601003777,"bp","contains value >= 1000 -> bp",NA,"https://acsess.onlinelibrary.wiley.com/doi/full/10.1002/tpg2.20492/","MQTL_all traitsV3.0_final",FALSE
"M00495","MQTL-2D.10","2D","Yield","spike length","Yield","581672366-732178822",581672366,732178822,"bp","contains value >= 1000 -> bp",NA,"https://acsess.onlinelibrary.wiley.com/doi/full/10.1002/tpg2.20492/","MQTL_all traitsV3.0_final",FALSE
"M00496","MQTL-2D.11","2D","Yield","spike length","Yield","772411397-825510483",772411397,825510483,"bp","contains value >= 1000 -> bp",NA,"https://acsess.onlinelibrary.wiley.com/doi/full/10.1002/tpg2.20492/","MQTL_all traitsV3.0_final",FALSE
"M00497","MQTL-2D.12","2D","Yield","spike length","Yield","579891800-581881280",579891800,581881280,"bp","contains value >= 1000 -> bp",NA,"https://acsess.onlinelibrary.wiley.com/doi/full/10.1002/tpg2.20492/","MQTL_all traitsV3.0_final",FALSE
"M00498","MQTL-2D.13","2D","Yield","spike length","Yield","80106032-116700261",80106032,116700261,"bp","contains value >= 1000 -> bp",NA,"https://acsess.onlinelibrary.wiley.com/doi/full/10.1002/tpg2.20492/","MQTL_all traitsV3.0_final",FALSE
"M00499","MQTL-2D.14","2D","Yield","spike length","Yield","515844691-527518639",515844691,527518639,"bp","contains value >= 1000 -> bp",NA,"https://acsess.onlinelibrary.wiley.com/doi/full/10.1002/tpg2.20492/","MQTL_all traitsV3.0_final",FALSE
"M00500","MQTL-2D.15","2D","Yield","spike length","Yield","728444495-742073083",728444495,742073083,"bp","contains value >= 1000 -> bp",NA,"https://acsess.onlinelibrary.wiley.com/doi/full/10.1002/tpg2.20492/","MQTL_all traitsV3.0_final",FALSE
"M00501","MQTL-2D.16","2D","Yield","spike length","Yield","667739017-713441513",667739017,713441513,"bp","contains value >= 1000 -> bp",NA,"https://acsess.onlinelibrary.wiley.com/doi/full/10.1002/tpg2.20492/","MQTL_all traitsV3.0_final",FALSE
"M00502","MQTL-2D.17","2D","Yield","spike length","Yield","602907693-633109810",602907693,633109810,"bp","contains value >= 1000 -> bp",NA,"https://acsess.onlinelibrary.wiley.com/doi/full/10.1002/tpg2.20492/","MQTL_all traitsV3.0_final",FALSE
"M00503","MQTL-2D.18","2D","Yield","spike length","Yield","633212748-729972710",633212748,729972710,"bp","contains value >= 1000 -> bp",NA,"https://acsess.onlinelibrary.wiley.com/doi/full/10.1002/tpg2.20492/","MQTL_all traitsV3.0_final",FALSE
"M00504","MQTL-2D.19","2D","Yield","spike length","Yield","636681219-700815843",636681219,700815843,"bp","contains value >= 1000 -> bp",NA,"https://acsess.onlinelibrary.wiley.com/doi/full/10.1002/tpg2.20492/","MQTL_all traitsV3.0_final",FALSE
"M00505","MQTL-2D.20","2D","Yield","spike length","Yield","439585038-508918550",439585038,508918550,"bp","contains value >= 1000 -> bp",NA,"https://acsess.onlinelibrary.wiley.com/doi/full/10.1002/tpg2.20492/","MQTL_all traitsV3.0_final",FALSE
"M00506","MQTL-2D.21","2D","Yield","spike length","Yield","466987665-485860431",466987665,485860431,"bp","contains value >= 1000 -> bp",NA,"https://acsess.onlinelibrary.wiley.com/doi/full/10.1002/tpg2.20492/","MQTL_all traitsV3.0_final",FALSE
"M00507","MQTL-2D.22","2D","Yield","spike length","Yield","28253458-98275434",28253458,98275434,"bp","contains value >= 1000 -> bp",NA,"https://acsess.onlinelibrary.wiley.com/doi/full/10.1002/tpg2.20492/","MQTL_all traitsV3.0_final",FALSE
"M00508","MQTL-2D.23","2D","Yield","spike length","Yield","494874054-509998271",494874054,509998271,"bp","contains value >= 1000 -> bp",NA,"https://acsess.onlinelibrary.wiley.com/doi/full/10.1002/tpg2.20492/","MQTL_all traitsV3.0_final",FALSE
"M00509","MQTL-2D.24","2D","Yield","spike length","Yield","559064055-574743668",559064055,574743668,"bp","contains value >= 1000 -> bp",NA,"https://acsess.onlinelibrary.wiley.com/doi/full/10.1002/tpg2.20492/","MQTL_all traitsV3.0_final",FALSE
"M00510","MQTL-2D.25","2D","Yield","spike length","Yield","584036905-590603990",584036905,590603990,"bp","contains value >= 1000 -> bp",NA,"https://acsess.onlinelibrary.wiley.com/doi/full/10.1002/tpg2.20492/","MQTL_all traitsV3.0_final",FALSE
"M00511","MQTL-2D.26","2D","Yield","spike length","Yield","20663569-42701593",20663569,42701593,"bp","contains value >= 1000 -> bp",NA,"https://acsess.onlinelibrary.wiley.com/doi/full/10.1002/tpg2.20492/","MQTL_all traitsV3.0_final",FALSE
"M00512","MQTL-2D.27","2D","Yield","spike length","Yield","502023928-511588331",502023928,511588331,"bp","contains value >= 1000 -> bp",NA,"https://acsess.onlinelibrary.wiley.com/doi/full/10.1002/tpg2.20492/","MQTL_all traitsV3.0_final",FALSE
"M00513","MQTL-2D.28","2D","Yield","spike length","Yield","530269058-545333660",530269058,545333660,"bp","contains value >= 1000 -> bp",NA,"https://acsess.onlinelibrary.wiley.com/doi/full/10.1002/tpg2.20492/","MQTL_all traitsV3.0_final",FALSE
"M00514","MQTL-2D.29","2D","Yield","spike length","Yield","534339766-548288258",534339766,548288258,"bp","contains value >= 1000 -> bp",NA,"https://acsess.onlinelibrary.wiley.com/doi/full/10.1002/tpg2.20492/","MQTL_all traitsV3.0_final",FALSE
"M00515","MQTL-2D.30","2D","Yield","spike length","Yield","515178782-588767425",515178782,588767425,"bp","contains value >= 1000 -> bp",NA,"https://acsess.onlinelibrary.wiley.com/doi/full/10.1002/tpg2.20492/","MQTL_all traitsV3.0_final",FALSE
"M00516","MQTL-2D.31","2D","Yield","spike length","Yield","477481952-535868082",477481952,535868082,"bp","contains value >= 1000 -> bp",NA,"https://acsess.onlinelibrary.wiley.com/doi/full/10.1002/tpg2.20492/","MQTL_all traitsV3.0_final",FALSE
"M00517","MQTL-2D.32","2D","Yield","spike length","Yield","391334300-438968641",391334300,438968641,"bp","contains value >= 1000 -> bp",NA,"https://acsess.onlinelibrary.wiley.com/doi/full/10.1002/tpg2.20492/","MQTL_all traitsV3.0_final",FALSE
"M00518","MQTL-2D.33","2D","Yield","spike length","Yield","451479042-472396179",451479042,472396179,"bp","contains value >= 1000 -> bp",NA,"https://acsess.onlinelibrary.wiley.com/doi/full/10.1002/tpg2.20492/","MQTL_all traitsV3.0_final",FALSE
"M00519","MQTL-2D.34","2D","Yield","spike length","Yield","462750767-547092753",462750767,547092753,"bp","contains value >= 1000 -> bp",NA,"https://acsess.onlinelibrary.wiley.com/doi/full/10.1002/tpg2.20492/","MQTL_all traitsV3.0_final",FALSE
"M00520","MQTL-2D.35","2D","Yield","spike length","Yield","31384520-47984771",31384520,47984771,"bp","contains value >= 1000 -> bp",NA,"https://acsess.onlinelibrary.wiley.com/doi/full/10.1002/tpg2.20492/","MQTL_all traitsV3.0_final",FALSE
"M00521","MQTL-2D.36","2D","Yield","spike length","Yield","53528109-116297119",53528109,116297119,"bp","contains value >= 1000 -> bp",NA,"https://acsess.onlinelibrary.wiley.com/doi/full/10.1002/tpg2.20492/","MQTL_all traitsV3.0_final",FALSE
"M00522","MQTL-2D.37","2D","Yield","spike length","Yield","547815268-558849224",547815268,558849224,"bp","contains value >= 1000 -> bp",NA,"https://acsess.onlinelibrary.wiley.com/doi/full/10.1002/tpg2.20492/","MQTL_all traitsV3.0_final",FALSE
"M00523","MQTL-2D.38","2D","Yield","spike length","Yield","573474525-616348125",573474525,616348125,"bp","contains value >= 1000 -> bp",NA,"https://acsess.onlinelibrary.wiley.com/doi/full/10.1002/tpg2.20492/","MQTL_all traitsV3.0_final",FALSE
"M00524","MQTL-2D.39","2D","Yield","spike length","Yield","581893670-592068025",581893670,592068025,"bp","contains value >= 1000 -> bp",NA,"https://acsess.onlinelibrary.wiley.com/doi/full/10.1002/tpg2.20492/","MQTL_all traitsV3.0_final",FALSE
"M00525","MQTL-2D.40","2D","Yield","spike length","Yield","597465110-613979318",597465110,613979318,"bp","contains value >= 1000 -> bp",NA,"https://acsess.onlinelibrary.wiley.com/doi/full/10.1002/tpg2.20492/","MQTL_all traitsV3.0_final",FALSE
"M00544","MQTL1","1B","Developmental traits","Heading time","Developmental","100-110.9",100,110.9,"cM","all values < 1000 -> cM",NA,"https://link.springer.com/article/10.1007%2Fs00122-009-1046-x","MQTL_all traitsV3.0_final",FALSE
"M00545","MQTL2","1B","Developmental traits","Heading time","Developmental","31.9-39.8",31.9,39.8,"cM","all values < 1000 -> cM",NA,"https://link.springer.com/article/10.1007%2Fs00122-009-1046-x","MQTL_all traitsV3.0_final",FALSE
"M00546","MQTL3","1D","Developmental traits","Heading time","Developmental","115-117",115,117,"cM","all values < 1000 -> cM",NA,"https://link.springer.com/article/10.1007%2Fs00122-009-1046-x","MQTL_all traitsV3.0_final",FALSE
"M00547","MQTL4","2A","Developmental traits","Heading time","Developmental","11-48.4",11,48.4,"cM","all values < 1000 -> cM",NA,"https://link.springer.com/article/10.1007%2Fs00122-009-1046-x","MQTL_all traitsV3.0_final",FALSE
"M00548","MQTL5","2A","Developmental traits","Heading time","Developmental","40.6-85.2",40.6,85.2,"cM","all values < 1000 -> cM",NA,"https://link.springer.com/article/10.1007%2Fs00122-009-1046-x","MQTL_all traitsV3.0_final",FALSE
"M00549","MQTL6","3A","Developmental traits","Heading time","Developmental","41.7-52.5",41.7,52.5,"cM","all values < 1000 -> cM",NA,"https://link.springer.com/article/10.1007%2Fs00122-009-1046-x","MQTL_all traitsV3.0_final",FALSE
"M00550","MQTL7","3B","Developmental traits","Heading time","Developmental","37.5-39.7",37.5,39.7,"cM","all values < 1000 -> cM",NA,"https://link.springer.com/article/10.1007%2Fs00122-009-1046-x","MQTL_all traitsV3.0_final",FALSE
"M00551","MQTL8","3B","Developmental traits","Heading time","Developmental","52.1-78.7",52.1,78.7,"cM","all values < 1000 -> cM",NA,"https://link.springer.com/article/10.1007%2Fs00122-009-1046-x","MQTL_all traitsV3.0_final",FALSE
"M00552","MQTL9","4B","Developmental traits","Heading time","Developmental","46.5-68.2",46.5,68.2,"cM","all values < 1000 -> cM",NA,"https://link.springer.com/article/10.1007%2Fs00122-009-1046-x","MQTL_all traitsV3.0_final",FALSE
"M00553","MQTL10","4D","Developmental traits","Heading time","Developmental","19-38.3",19,38.3,"cM","all values < 1000 -> cM",NA,"https://link.springer.com/article/10.1007%2Fs00122-009-1046-x","MQTL_all traitsV3.0_final",FALSE
"M00554","MQTL11","5A","Developmental traits","Heading time","Developmental","42.4-103.1",42.4,103.1,"cM","all values < 1000 -> cM",NA,"https://link.springer.com/article/10.1007%2Fs00122-009-1046-x","MQTL_all traitsV3.0_final",FALSE
"M00555","MQTL12","5A","Developmental traits","Heading time","Developmental","127.2-150.5",127.2,150.5,"cM","all values < 1000 -> cM",NA,"https://link.springer.com/article/10.1007%2Fs00122-009-1046-x","MQTL_all traitsV3.0_final",FALSE
"M00556","MQTL13","5B","Developmental traits","Heading time","Developmental","70.8-129",70.8,129,"cM","all values < 1000 -> cM",NA,"https://link.springer.com/article/10.1007%2Fs00122-009-1046-x","MQTL_all traitsV3.0_final",FALSE
"M00557","MQTL14","6A","Developmental traits","Heading time","Developmental","29.7-51.5",29.7,51.5,"cM","all values < 1000 -> cM",NA,"https://link.springer.com/article/10.1007%2Fs00122-009-1046-x","MQTL_all traitsV3.0_final",FALSE
"M00558","MQTL15","6B","Developmental traits","Heading time","Developmental","41.8-62.7",41.8,62.7,"cM","all values < 1000 -> cM",NA,"https://link.springer.com/article/10.1007%2Fs00122-009-1046-x","MQTL_all traitsV3.0_final",FALSE
"M00559","MQTL16","7A","Developmental traits","Heading time","Developmental","14-29.6",14,29.6,"cM","all values < 1000 -> cM",NA,"https://link.springer.com/article/10.1007%2Fs00122-009-1046-x","MQTL_all traitsV3.0_final",FALSE
"M00560","MQTL17","7A","Developmental traits","Heading time","Developmental","54.3-74.9",54.3,74.9,"cM","all values < 1000 -> cM",NA,"https://link.springer.com/article/10.1007%2Fs00122-009-1046-x","MQTL_all traitsV3.0_final",FALSE
"M00561","MQTL18","7B","Developmental traits","Heading time","Developmental","151.4-240.7",151.4,240.7,"cM","all values < 1000 -> cM",NA,"https://link.springer.com/article/10.1007%2Fs00122-009-1046-x","MQTL_all traitsV3.0_final",FALSE
"M00562","MQTL19","7D","Developmental traits","Heading time","Developmental","138.5-154.3",138.5,154.3,"cM","all values < 1000 -> cM",NA,"https://link.springer.com/article/10.1007%2Fs00122-009-1046-x","MQTL_all traitsV3.0_final",FALSE
"M00563","MQTL-1A-1","1A","Developmental traits","Grain filling rate","Developmental","15.95 (14.67-17.24)",14.67,17.24,"cM","all values < 1000 -> cM",NA,"https://link.springer.com/article/10.1007/s00122-021-03881-4","MQTL_all traitsV3.0_final",FALSE
"M00564","MQTL-1B-3","1B","Developmental traits","Grain filling rate","Developmental","38.37 (36.95-39.80)",36.95,39.8,"cM","all values < 1000 -> cM",NA,"https://link.springer.com/article/10.1007/s00122-021-03881-4","MQTL_all traitsV3.0_final",FALSE
"M00565","MQTL-1B-6","1B","Developmental traits","Grain filling rate","Developmental","76.65 (76.50-76.81)",76.5,76.81,"cM","all values < 1000 -> cM",NA,"https://link.springer.com/article/10.1007/s00122-021-03881-4","MQTL_all traitsV3.0_final",FALSE
"M00566","MQTL-1D-3","1D","Developmental traits","Grain filling rate","Developmental","62.24 (59.32-65.17)",59.32,65.17,"cM","all values < 1000 -> cM",NA,"https://link.springer.com/article/10.1007/s00122-021-03881-4","MQTL_all traitsV3.0_final",FALSE
"M00567","MQTL-2A-1","2A","Developmental traits","Grain filling rate","Developmental","13.29 (12.37-14.22)",12.37,14.22,"cM","all values < 1000 -> cM",NA,"https://link.springer.com/article/10.1007/s00122-021-03881-4","MQTL_all traitsV3.0_final",FALSE
"M00568","MQTL-2A-2","2A","Developmental traits","Grain filling rate","Developmental","30.92 (30.00-31.84)",30,31.84,"cM","all values < 1000 -> cM",NA,"https://link.springer.com/article/10.1007/s00122-021-03881-4","MQTL_all traitsV3.0_final",FALSE
"M00569","MQTL-3B-1","3B","Developmental traits","Grain filling rate","Developmental","6.84 (5.93-7.76)",5.93,7.76,"cM","all values < 1000 -> cM",NA,"https://link.springer.com/article/10.1007/s00122-021-03881-4","MQTL_all traitsV3.0_final",FALSE
"M00570","MQTL-3B-3","3B","Developmental traits","Grain filling rate","Developmental","32.93 (30.40-35.46)",30.4,35.46,"cM","all values < 1000 -> cM",NA,"https://link.springer.com/article/10.1007/s00122-021-03881-4","MQTL_all traitsV3.0_final",FALSE
"M00571","MQTL-3D-1","3D","Developmental traits","Grain filling rate","Developmental","12.31 (8.75-15.87)",8.75,15.87,"cM","all values < 1000 -> cM",NA,"https://link.springer.com/article/10.1007/s00122-021-03881-4","MQTL_all traitsV3.0_final",FALSE
"M00572","MQTL-4D-1","4D","Developmental traits","Grain filling rate","Developmental","10.16 (8.32-12.00)",8.32,12,"cM","all values < 1000 -> cM",NA,"https://link.springer.com/article/10.1007/s00122-021-03881-4","MQTL_all traitsV3.0_final",FALSE
"M00573","MQTL-4D-5","4D","Developmental traits","Grain filling rate","Developmental","83.31 (82.52-84.11)",82.52,84.11,"cM","all values < 1000 -> cM",NA,"https://link.springer.com/article/10.1007/s00122-021-03881-4","MQTL_all traitsV3.0_final",FALSE
"M00574","MQTL-5A-2","5A","Developmental traits","Grain filling rate","Developmental","42.04 (41.39-42.70)",41.39,42.7,"cM","all values < 1000 -> cM",NA,"https://link.springer.com/article/10.1007/s00122-021-03881-4","MQTL_all traitsV3.0_final",FALSE
"M00575","MQTL-5B-3","5B","Developmental traits","Grain filling rate","Developmental","39.66 (38.08-41.25)",38.08,41.25,"cM","all values < 1000 -> cM",NA,"https://link.springer.com/article/10.1007/s00122-021-03881-4","MQTL_all traitsV3.0_final",FALSE
"M00576","MQTL-5B-6","5B","Developmental traits","Grain filling rate","Developmental","65.17 (62.40-67.95)",62.4,67.95,"cM","all values < 1000 -> cM",NA,"https://link.springer.com/article/10.1007/s00122-021-03881-4","MQTL_all traitsV3.0_final",FALSE
"M00577","MQTL-5D-3","5D","Developmental traits","Grain filling rate","Developmental","23.91 (21.52-26.31)",21.52,26.31,"cM","all values < 1000 -> cM",NA,"https://link.springer.com/article/10.1007/s00122-021-03881-4","MQTL_all traitsV3.0_final",FALSE
"M00578","MQTL-5D-4","5D","Developmental traits","Grain filling rate","Developmental","46.72 (44.96-48.49)",44.96,48.49,"cM","all values < 1000 -> cM",NA,"https://link.springer.com/article/10.1007/s00122-021-03881-4","MQTL_all traitsV3.0_final",FALSE
"M00579","MQTL-6D-2","6D","Developmental traits","Grain filling rate","Developmental","37.21 (35.28-39.15)",35.28,39.15,"cM","all values < 1000 -> cM",NA,"https://link.springer.com/article/10.1007/s00122-021-03881-4","MQTL_all traitsV3.0_final",FALSE
"M00580","MQTL-6D-3","6D","Developmental traits","Grain filling rate","Developmental","64.56 (63.32-65.81)",63.32,65.81,"cM","all values < 1000 -> cM",NA,"https://link.springer.com/article/10.1007/s00122-021-03881-4","MQTL_all traitsV3.0_final",FALSE
"M00581","MQTL-7B-6","7B","Developmental traits","Grain filling rate","Developmental","89.33 (87.16-91.50)",87.16,91.5,"cM","all values < 1000 -> cM",NA,"https://link.springer.com/article/10.1007/s00122-021-03881-4","MQTL_all traitsV3.0_final",FALSE
"M00582","MQTL-1B-1","1B","Developmental traits","Flowering date","Developmental","12.75 (9.32-16.19)",9.32,16.19,"cM","all values < 1000 -> cM",NA,"https://link.springer.com/article/10.1007/s00122-021-03881-4","MQTL_all traitsV3.0_final",FALSE
"M00583","MQTL-2B-4","2B","Developmental traits","Flowering date","Developmental","109.36 (104.61-114.12)",104.61,114.12,"cM","all values < 1000 -> cM",NA,"https://link.springer.com/article/10.1007/s00122-021-03881-4","MQTL_all traitsV3.0_final",FALSE
"M00584","MQTL-2D-5","2D","Developmental traits","Flowering date","Developmental","41.68 (40.90-42.47)",40.9,42.47,"cM","all values < 1000 -> cM",NA,"https://link.springer.com/article/10.1007/s00122-021-03881-4","MQTL_all traitsV3.0_final",FALSE
"M00585","MQTL-3A-5","3A","Developmental traits","Flowering date","Developmental","66.76 (65.79-67.73)",65.79,67.73,"cM","all values < 1000 -> cM",NA,"https://link.springer.com/article/10.1007/s00122-021-03881-4","MQTL_all traitsV3.0_final",FALSE
"M00586","MQTL-3A-6","3A","Developmental traits","Flowering date","Developmental","81.36 (80.05-82.68)",80.05,82.68,"cM","all values < 1000 -> cM",NA,"https://link.springer.com/article/10.1007/s00122-021-03881-4","MQTL_all traitsV3.0_final",FALSE
"M00587","MQTL-3B-5","3B","Developmental traits","Flowering date","Developmental","69.47 (68.34-70.60)",68.34,70.6,"cM","all values < 1000 -> cM",NA,"https://link.springer.com/article/10.1007/s00122-021-03881-4","MQTL_all traitsV3.0_final",FALSE
"M00588","MQTL-5A-2","5A","Developmental traits","Flowering date","Developmental","42.04 (41.39-42.70)",41.39,42.7,"cM","all values < 1000 -> cM",NA,"https://link.springer.com/article/10.1007/s00122-021-03881-4","MQTL_all traitsV3.0_final",FALSE
"M00589","MQTL-5B-1","5B","Developmental traits","Flowering date","Developmental","9.73 (8.74-10.72)",8.74,10.72,"cM","all values < 1000 -> cM",NA,"https://link.springer.com/article/10.1007/s00122-021-03881-4","MQTL_all traitsV3.0_final",FALSE
"M00590","MQTL-5B-3","5B","Developmental traits","Flowering date","Developmental","39.66 (38.08-41.25)",38.08,41.25,"cM","all values < 1000 -> cM",NA,"https://link.springer.com/article/10.1007/s00122-021-03881-4","MQTL_all traitsV3.0_final",FALSE
"M00591","MQTL-5D-6","5D","Developmental traits","Flowering date","Developmental","71.48 (69.87-73.09)",69.87,73.09,"cM","all values < 1000 -> cM",NA,"https://link.springer.com/article/10.1007/s00122-021-03881-4","MQTL_all traitsV3.0_final",FALSE
"M00592","MQTL-6A-4","6A","Developmental traits","Flowering date","Developmental","49.75 (48.04-51.46)",48.04,51.46,"cM","all values < 1000 -> cM",NA,"https://link.springer.com/article/10.1007/s00122-021-03881-4","MQTL_all traitsV3.0_final",FALSE
"M00593","MQTL-6B-3","6B","Developmental traits","Flowering date","Developmental","40.57 (39.27-41.87)",39.27,41.87,"cM","all values < 1000 -> cM",NA,"https://link.springer.com/article/10.1007/s00122-021-03881-4","MQTL_all traitsV3.0_final",FALSE
"M00594","MQTL-6B-4","6B","Developmental traits","Flowering date","Developmental","51.44 (50.37-52.51)",50.37,52.51,"cM","all values < 1000 -> cM",NA,"https://link.springer.com/article/10.1007/s00122-021-03881-4","MQTL_all traitsV3.0_final",FALSE
"M00595","MQTL-6D-2","6D","Developmental traits","Flowering date","Developmental","37.21 (35.28-39.15)",35.28,39.15,"cM","all values < 1000 -> cM",NA,"https://link.springer.com/article/10.1007/s00122-021-03881-4","MQTL_all traitsV3.0_final",FALSE
"M00596","MQTL-7B-2","7B","Developmental traits","Flowering date","Developmental","28.48 (26.37-30.59)",26.37,30.59,"cM","all values < 1000 -> cM",NA,"https://link.springer.com/article/10.1007/s00122-021-03881-4","MQTL_all traitsV3.0_final",FALSE
"M00597","MQTL-1D-5","1D","Developmental traits","Days to heading","Developmental","86 (83.47-88.53)",83.47,88.53,"cM","all values < 1000 -> cM",NA,"https://link.springer.com/article/10.1007/s00122-021-03881-4","MQTL_all traitsV3.0_final",FALSE
"M00598","MQTL-1D-7","1D","Developmental traits","Days to heading","Developmental","127.92 (126.90-128.94)",126.9,128.94,"cM","all values < 1000 -> cM",NA,"https://link.springer.com/article/10.1007/s00122-021-03881-4","MQTL_all traitsV3.0_final",FALSE
"M00599","MQTL-2B-1","2B","Developmental traits","Days to heading","Developmental","50.7 (44.98-56.42)",44.98,56.42,"cM","all values < 1000 -> cM",NA,"https://link.springer.com/article/10.1007/s00122-021-03881-4","MQTL_all traitsV3.0_final",FALSE
"M00600","MQTL-2B-3","2B","Developmental traits","Days to heading","Developmental","95.09 (90.61-99.57)",90.61,99.57,"cM","all values < 1000 -> cM",NA,"https://link.springer.com/article/10.1007/s00122-021-03881-4","MQTL_all traitsV3.0_final",FALSE
"M00601","MQTL-2B-4","2B","Developmental traits","Days to heading","Developmental","109.36 (104.61-114.12)",104.61,114.12,"cM","all values < 1000 -> cM",NA,"https://link.springer.com/article/10.1007/s00122-021-03881-4","MQTL_all traitsV3.0_final",FALSE
"M00602","MQTL-2D-5","2D","Developmental traits","Days to heading","Developmental","41.68 (40.90-42.47)",40.9,42.47,"cM","all values < 1000 -> cM",NA,"https://link.springer.com/article/10.1007/s00122-021-03881-4","MQTL_all traitsV3.0_final",FALSE
"M00603","MQTL-2D-6","2D","Developmental traits","Days to heading","Developmental","72.57 (72.48-72.66)",72.48,72.66,"cM","all values < 1000 -> cM",NA,"https://link.springer.com/article/10.1007/s00122-021-03881-4","MQTL_all traitsV3.0_final",FALSE
"M00604","MQTL-3A-1","3A","Developmental traits","Days to heading","Developmental","19.4 (18.40-20.41)",18.4,20.41,"cM","all values < 1000 -> cM",NA,"https://link.springer.com/article/10.1007/s00122-021-03881-4","MQTL_all traitsV3.0_final",FALSE
"M00605","MQTL-3A-3","3A","Developmental traits","Days to heading","Developmental","55.85 (54.53-57.17)",54.53,57.17,"cM","all values < 1000 -> cM",NA,"https://link.springer.com/article/10.1007/s00122-021-03881-4","MQTL_all traitsV3.0_final",FALSE
"M00606","MQTL-3A-6","3A","Developmental traits","Days to heading","Developmental","81.36 (80.05-82.68)",80.05,82.68,"cM","all values < 1000 -> cM",NA,"https://link.springer.com/article/10.1007/s00122-021-03881-4","MQTL_all traitsV3.0_final",FALSE
"M00607","MQTL-3B-5","3B","Developmental traits","Days to heading","Developmental","69.47 (68.34-70.60)",68.34,70.6,"cM","all values < 1000 -> cM",NA,"https://link.springer.com/article/10.1007/s00122-021-03881-4","MQTL_all traitsV3.0_final",FALSE
"M00608","MQTL-3D-1","3D","Developmental traits","Days to heading","Developmental","12.31 (8.75-15.87)",8.75,15.87,"cM","all values < 1000 -> cM",NA,"https://link.springer.com/article/10.1007/s00122-021-03881-4","MQTL_all traitsV3.0_final",FALSE
"M00609","MQTL-4B-5","4B","Developmental traits","Days to heading","Developmental","51.63 (51.19-52.07)",51.19,52.07,"cM","all values < 1000 -> cM",NA,"https://link.springer.com/article/10.1007/s00122-021-03881-4","MQTL_all traitsV3.0_final",FALSE
"M00610","MQTL-5A-5","5A","Developmental traits","Days to heading","Developmental","77.15 (75.81-78.49)",75.81,78.49,"cM","all values < 1000 -> cM",NA,"https://link.springer.com/article/10.1007/s00122-021-03881-4","MQTL_all traitsV3.0_final",FALSE
"M00611","MQTL-5B-6","5B","Developmental traits","Days to heading","Developmental","65.17 (62.40-67.95)",62.4,67.95,"cM","all values < 1000 -> cM",NA,"https://link.springer.com/article/10.1007/s00122-021-03881-4","MQTL_all traitsV3.0_final",FALSE
"M00612","MQTL-5B-9","5B","Developmental traits","Days to heading","Developmental","128.96 (128.40-129.53)",128.4,129.53,"cM","all values < 1000 -> cM",NA,"https://link.springer.com/article/10.1007/s00122-021-03881-4","MQTL_all traitsV3.0_final",FALSE
"M00613","MQTL-5D-1","5D","Developmental traits","Days to heading","Developmental","0.32 (0.00-1.18)",0,1.18,"cM","all values < 1000 -> cM",NA,"https://link.springer.com/article/10.1007/s00122-021-03881-4","MQTL_all traitsV3.0_final",FALSE
"M00614","MQTL-5D-3","5D","Developmental traits","Days to heading","Developmental","23.91 (21.52-26.31)",21.52,26.31,"cM","all values < 1000 -> cM",NA,"https://link.springer.com/article/10.1007/s00122-021-03881-4","MQTL_all traitsV3.0_final",FALSE
"M00615","MQTL-5D-7","5D","Developmental traits","Days to heading","Developmental","95.69 (94.02-97.36)",94.02,97.36,"cM","all values < 1000 -> cM",NA,"https://link.springer.com/article/10.1007/s00122-021-03881-4","MQTL_all traitsV3.0_final",FALSE
"M00616","MQTL-5D-8","5D","Developmental traits","Days to heading","Developmental","121.09 (121.03-121.16)",121.03,121.16,"cM","all values < 1000 -> cM",NA,"https://link.springer.com/article/10.1007/s00122-021-03881-4","MQTL_all traitsV3.0_final",FALSE
"M00617","MQTL-6A-4","6A","Developmental traits","Days to heading","Developmental","49.75 (48.04-51.46)",48.04,51.46,"cM","all values < 1000 -> cM",NA,"https://link.springer.com/article/10.1007/s00122-021-03881-4","MQTL_all traitsV3.0_final",FALSE
"M00618","MQTL-6B-1","6B","Developmental traits","Days to heading","Developmental","5.05 (2.40-7.70)",2.4,7.7,"cM","all values < 1000 -> cM",NA,"https://link.springer.com/article/10.1007/s00122-021-03881-4","MQTL_all traitsV3.0_final",FALSE
"M00619","MQTL-6B-4","6B","Developmental traits","Days to heading","Developmental","51.44 (50.37-52.51)",50.37,52.51,"cM","all values < 1000 -> cM",NA,"https://link.springer.com/article/10.1007/s00122-021-03881-4","MQTL_all traitsV3.0_final",FALSE
"M00620","MQTL-7A-2","7A","Developmental traits","Days to heading","Developmental","37.87 (36.69-39.06)",36.69,39.06,"cM","all values < 1000 -> cM",NA,"https://link.springer.com/article/10.1007/s00122-021-03881-4","MQTL_all traitsV3.0_final",FALSE
"M00621","MQTL-7A-5","7A","Developmental traits","Days to heading","Developmental","86.3 (84.83-87.77)",84.83,87.77,"cM","all values < 1000 -> cM",NA,"https://link.springer.com/article/10.1007/s00122-021-03881-4","MQTL_all traitsV3.0_final",FALSE
"M00622","MQTL-7B-2","7B","Developmental traits","Days to heading","Developmental","28.48 (26.37-30.59)",26.37,30.59,"cM","all values < 1000 -> cM",NA,"https://link.springer.com/article/10.1007/s00122-021-03881-4","MQTL_all traitsV3.0_final",FALSE
"M00623","MQTL-7B-4","7B","Developmental traits","Days to heading","Developmental","63.45 (62.12-64.79)",62.12,64.79,"cM","all values < 1000 -> cM",NA,"https://link.springer.com/article/10.1007/s00122-021-03881-4","MQTL_all traitsV3.0_final",FALSE
"M00624","MQTL-7B-5","7B","Developmental traits","Days to heading","Developmental","69.28 (68.09-70.47)",68.09,70.47,"cM","all values < 1000 -> cM",NA,"https://link.springer.com/article/10.1007/s00122-021-03881-4","MQTL_all traitsV3.0_final",FALSE
"M00625","MQTL-7D-1","7D","Developmental traits","Days to heading","Developmental","25.56 (23.12-28.00)",23.12,28,"cM","all values < 1000 -> cM",NA,"https://link.springer.com/article/10.1007/s00122-021-03881-4","MQTL_all traitsV3.0_final",FALSE
"M00626","MQTL-7D-4","7D","Developmental traits","Days to heading","Developmental","76.83 (75.02-78.64)",75.02,78.64,"cM","all values < 1000 -> cM",NA,"https://link.springer.com/article/10.1007/s00122-021-03881-4","MQTL_all traitsV3.0_final",FALSE
"M00627","MQTL-2A-1","2A","Developmental traits","Days to maturity","Developmental","13.29 (12.37-14.22)",12.37,14.22,"cM","all values < 1000 -> cM",NA,"https://link.springer.com/article/10.1007/s00122-021-03881-4","MQTL_all traitsV3.0_final",FALSE
"M00628","MQTL-2D-5","2D","Developmental traits","Days to maturity","Developmental","41.68 (40.90-42.47)",40.9,42.47,"cM","all values < 1000 -> cM",NA,"https://link.springer.com/article/10.1007/s00122-021-03881-4","MQTL_all traitsV3.0_final",FALSE
"M00629","MQTL-4A-4","4A","Developmental traits","Days to maturity","Developmental","41.36 (39.61-43.12)",39.61,43.12,"cM","all values < 1000 -> cM",NA,"https://link.springer.com/article/10.1007/s00122-021-03881-4","MQTL_all traitsV3.0_final",FALSE
"M00630","MQTL-4B-1","4B","Developmental traits","Days to maturity","Developmental","10.5 (9.11-11.89)",9.11,11.89,"cM","all values < 1000 -> cM",NA,"https://link.springer.com/article/10.1007/s00122-021-03881-4","MQTL_all traitsV3.0_final",FALSE
"M00631","MQTL-4D-3","4D","Developmental traits","Days to maturity","Developmental","39.08 (36.64-41.52)",36.64,41.52,"cM","all values < 1000 -> cM",NA,"https://link.springer.com/article/10.1007/s00122-021-03881-4","MQTL_all traitsV3.0_final",FALSE
"M00632","MQTL-5B-3","5B","Developmental traits","Days to maturity","Developmental","39.66 (38.08-41.25)",38.08,41.25,"cM","all values < 1000 -> cM",NA,"https://link.springer.com/article/10.1007/s00122-021-03881-4","MQTL_all traitsV3.0_final",FALSE
"M00633","MQTL-5D-7","5D","Developmental traits","Days to maturity","Developmental","95.69 (94.02-97.36)",94.02,97.36,"cM","all values < 1000 -> cM",NA,"https://link.springer.com/article/10.1007/s00122-021-03881-4","MQTL_all traitsV3.0_final",FALSE
"M00634","MQTL-7A-2","7A","Developmental traits","Days to maturity","Developmental","37.87 (36.69-39.06)",36.69,39.06,"cM","all values < 1000 -> cM",NA,"https://link.springer.com/article/10.1007/s00122-021-03881-4","MQTL_all traitsV3.0_final",FALSE
"M00635","MQTL-7A-3","7A","Developmental traits","Days to maturity","Developmental","61.77 (60.72-62.82)",60.72,62.82,"cM","all values < 1000 -> cM",NA,"https://link.springer.com/article/10.1007/s00122-021-03881-4","MQTL_all traitsV3.0_final",FALSE
"M00636","MQTL-7B-6","7B","Developmental traits","Days to maturity","Developmental","89.33 (87.16-91.50)",87.16,91.5,"cM","all values < 1000 -> cM",NA,"https://link.springer.com/article/10.1007/s00122-021-03881-4","MQTL_all traitsV3.0_final",FALSE
"M00637","MQTL-7D-3","7D","Developmental traits","Days to maturity","Developmental","69.74 (67.98-71.51)",67.98,71.51,"cM","all values < 1000 -> cM",NA,"https://link.springer.com/article/10.1007/s00122-021-03881-4","MQTL_all traitsV3.0_final",FALSE
"M00638","MQTL-7D-4","7D","Developmental traits","Days to maturity","Developmental","76.83 (75.02-78.64)",75.02,78.64,"cM","all values < 1000 -> cM",NA,"https://link.springer.com/article/10.1007/s00122-021-03881-4","MQTL_all traitsV3.0_final",FALSE
"M00639","MQTL1A.5","1A","Developmental traits","Days to flowering","Developmental","23.8–26.5",23.8,26.5,"cM","all values < 1000 -> cM",NA,"https://link.springer.com/article/10.1007/S00122-021-04018-3","MQTL_all traitsV3.0_final",FALSE
"M00640","MQTL1B.1","1B","Developmental traits","Days to flowering","Developmental","2.3–6.3",2.3,6.3,"cM","all values < 1000 -> cM",NA,"https://link.springer.com/article/10.1007/S00122-021-04018-3","MQTL_all traitsV3.0_final",FALSE
"M00641","MQTL1B.5","1B","Developmental traits","Days to flowering","Developmental","17.3–17.4",17.3,17.4,"cM","all values < 1000 -> cM",NA,"https://link.springer.com/article/10.1007/S00122-021-04018-3","MQTL_all traitsV3.0_final",FALSE
"M00642","MQTL1B.6","1B","Developmental traits","Days to flowering","Developmental","12.8–13.2",12.8,13.2,"cM","all values < 1000 -> cM",NA,"https://link.springer.com/article/10.1007/S00122-021-04018-3","MQTL_all traitsV3.0_final",FALSE
"M00643","MQTL1B.7","1B","Developmental traits","Days to flowering","Developmental","390.7–412.9",390.7,412.9,"cM","all values < 1000 -> cM",NA,"https://link.springer.com/article/10.1007/S00122-021-04018-3","MQTL_all traitsV3.0_final",FALSE
"M00644","MQTL1D.1","1D","Developmental traits","Days to flowering","Developmental","0.9–2.1",0.9,2.1,"cM","all values < 1000 -> cM",NA,"https://link.springer.com/article/10.1007/S00122-021-04018-3","MQTL_all traitsV3.0_final",FALSE
"M00645","MQTL2B.3","2B","Developmental traits","Days to flowering","Developmental","28.3–29.9",28.3,29.9,"cM","all values < 1000 -> cM",NA,"https://link.springer.com/article/10.1007/S00122-021-04018-3","MQTL_all traitsV3.0_final",FALSE
"M00646","MQTL2B.4","2B","Developmental traits","Days to flowering","Developmental","29.1–30.5",29.1,30.5,"cM","all values < 1000 -> cM",NA,"https://link.springer.com/article/10.1007/S00122-021-04018-3","MQTL_all traitsV3.0_final",FALSE
"M00647","MQTL2B.6","2B","Developmental traits","Days to flowering","Developmental","7.7–11.1",7.7,11.1,"cM","all values < 1000 -> cM",NA,"https://link.springer.com/article/10.1007/S00122-021-04018-3","MQTL_all traitsV3.0_final",FALSE
"M00648","MQTL2D.1","2D","Developmental traits","Days to flowering","Developmental","1.7–5.3",1.7,5.3,"cM","all values < 1000 -> cM",NA,"https://link.springer.com/article/10.1007/S00122-021-04018-3","MQTL_all traitsV3.0_final",FALSE
"M00649","MQTL3A.5","3A","Developmental traits","Days to flowering","Developmental","21.2–30.5",21.2,30.5,"cM","all values < 1000 -> cM",NA,"https://link.springer.com/article/10.1007/S00122-021-04018-3","MQTL_all traitsV3.0_final",FALSE
"M00650","MQTL3B.3","3B","Developmental traits","Days to flowering","Developmental","24.9–28.1",24.9,28.1,"cM","all values < 1000 -> cM",NA,"https://link.springer.com/article/10.1007/S00122-021-04018-3","MQTL_all traitsV3.0_final",FALSE
"M00651","MQTL3B.4","3B","Developmental traits","Days to flowering","Developmental","31.8–34.6",31.8,34.6,"cM","all values < 1000 -> cM",NA,"https://link.springer.com/article/10.1007/S00122-021-04018-3","MQTL_all traitsV3.0_final",FALSE
"M00652","MQTL3D.9","3D","Developmental traits","Days to flowering","Developmental","548.5–562.3",548.5,562.3,"cM","all values < 1000 -> cM",NA,"https://link.springer.com/article/10.1007/S00122-021-04018-3","MQTL_all traitsV3.0_final",FALSE
"M00653","MQTL5A.2","5A","Developmental traits","Days to flowering","Developmental","10.8–17.5",10.8,17.5,"cM","all values < 1000 -> cM",NA,"https://link.springer.com/article/10.1007/S00122-021-04018-3","MQTL_all traitsV3.0_final",FALSE
"M00654","MQTL5A.3","5A","Developmental traits","Days to flowering","Developmental","11–40.3",11,40.3,"cM","all values < 1000 -> cM",NA,"https://link.springer.com/article/10.1007/S00122-021-04018-3","MQTL_all traitsV3.0_final",FALSE
"M00655","MQTL5B.2","5B","Developmental traits","Days to flowering","Developmental","8.9–8.9",8.9,8.9,"cM","all values < 1000 -> cM",NA,"https://link.springer.com/article/10.1007/S00122-021-04018-3","MQTL_all traitsV3.0_final",FALSE
"M00656","MQTL5B.7","5B","Developmental traits","Days to flowering","Developmental","13.7–15.0",13.7,15,"cM","all values < 1000 -> cM",NA,"https://link.springer.com/article/10.1007/S00122-021-04018-3","MQTL_all traitsV3.0_final",FALSE
"M00657","MQTL5D.4","5D","Developmental traits","Days to flowering","Developmental","547.7–552.7",547.7,552.7,"cM","all values < 1000 -> cM",NA,"https://link.springer.com/article/10.1007/S00122-021-04018-3","MQTL_all traitsV3.0_final",FALSE
"M00658","MQTL6B.2","6B","Developmental traits","Days to flowering","Developmental","3.0–10.0",3,10,"cM","all values < 1000 -> cM",NA,"https://link.springer.com/article/10.1007/S00122-021-04018-3","MQTL_all traitsV3.0_final",FALSE
"M00659","MQTL7A.1","7A","Developmental traits","Days to flowering","Developmental","3.2–8.2",3.2,8.2,"cM","all values < 1000 -> cM",NA,"https://link.springer.com/article/10.1007/S00122-021-04018-3","MQTL_all traitsV3.0_final",FALSE
"M00660","MQTL7A.3","7A","Developmental traits","Days to flowering","Developmental","44.4–47.0",44.4,47,"cM","all values < 1000 -> cM",NA,"https://link.springer.com/article/10.1007/S00122-021-04018-3","MQTL_all traitsV3.0_final",FALSE
"M00661","MQTL7B.2","7B","Developmental traits","Days to flowering","Developmental","18.1–44.6",18.1,44.6,"cM","all values < 1000 -> cM",NA,"https://link.springer.com/article/10.1007/S00122-021-04018-3","MQTL_all traitsV3.0_final",FALSE
"M00662","MQTL7B.3","7B","Developmental traits","Days to flowering","Developmental","684.4–686.1",684.4,686.1,"cM","all values < 1000 -> cM",NA,"https://link.springer.com/article/10.1007/S00122-021-04018-3","MQTL_all traitsV3.0_final",FALSE
"M00663","MQTL7D.2","7D","Developmental traits","Days to flowering","Developmental","53.6–76.6",53.6,76.6,"cM","all values < 1000 -> cM",NA,"https://link.springer.com/article/10.1007/S00122-021-04018-3","MQTL_all traitsV3.0_final",FALSE
"M00664","MQTL1B.5","1B","Developmental traits","Grain filling duration","Developmental","17.3–17.4",17.3,17.4,"cM","all values < 1000 -> cM",NA,"https://link.springer.com/article/10.1007/S00122-021-04018-3","MQTL_all traitsV3.0_final",FALSE
"M00665","MQTL3D.9","3D","Developmental traits","Grain filling duration","Developmental","548.5–562.3",548.5,562.3,"cM","all values < 1000 -> cM",NA,"https://link.springer.com/article/10.1007/S00122-021-04018-3","MQTL_all traitsV3.0_final",FALSE
"M00666","MQTL7D.1","7D","Developmental traits","Grain filling duration","Developmental","13.6–22.5",13.6,22.5,"cM","all values < 1000 -> cM",NA,"https://link.springer.com/article/10.1007/S00122-021-04018-3","MQTL_all traitsV3.0_final",FALSE
"M00667","MQTL1B.7","1B","Developmental traits","Earliness perse","Developmental","390.7–412.9",390.7,412.9,"cM","all values < 1000 -> cM",NA,"https://link.springer.com/article/10.1007/S00122-021-04018-3","MQTL_all traitsV3.0_final",FALSE
"M00668","MQTL1B.8","1B","Developmental traits","Earliness perse","Developmental","454.9–466.1",454.9,466.1,"cM","all values < 1000 -> cM",NA,"https://link.springer.com/article/10.1007/S00122-021-04018-3","MQTL_all traitsV3.0_final",FALSE
"M00669","MQTL1B.6","1B","Developmental traits","Days to heading","Developmental","12.8–13.2",12.8,13.2,"cM","all values < 1000 -> cM",NA,"https://link.springer.com/article/10.1007/S00122-021-04018-3","MQTL_all traitsV3.0_final",FALSE
"M00670","MQTL1D.4","1D","Developmental traits","Days to heading","Developmental","28.5–36.31",28.5,36.31,"cM","all values < 1000 -> cM",NA,"https://link.springer.com/article/10.1007/S00122-021-04018-3","MQTL_all traitsV3.0_final",FALSE
"M00671","MQTL2A.1","2A","Developmental traits","Days to heading","Developmental","18.6–79.7",18.6,79.7,"cM","all values < 1000 -> cM",NA,"https://link.springer.com/article/10.1007/S00122-021-04018-3","MQTL_all traitsV3.0_final",FALSE
"M00672","MQTL2A.2","2A","Developmental traits","Days to heading","Developmental","206.8–508.7",206.8,508.7,"cM","all values < 1000 -> cM",NA,"https://link.springer.com/article/10.1007/S00122-021-04018-3","MQTL_all traitsV3.0_final",FALSE
"M00673","MQTL2A.6","2A","Developmental traits","Days to heading","Developmental","30.4–31.9",30.4,31.9,"cM","all values < 1000 -> cM",NA,"https://link.springer.com/article/10.1007/S00122-021-04018-3","MQTL_all traitsV3.0_final",FALSE
"M00674","MQTL2B.3","2B","Developmental traits","Days to heading","Developmental","28.3–29.9",28.3,29.9,"cM","all values < 1000 -> cM",NA,"https://link.springer.com/article/10.1007/S00122-021-04018-3","MQTL_all traitsV3.0_final",FALSE
"M00675","MQTL2B.4","2B","Developmental traits","Days to heading","Developmental","29.1–30.5",29.1,30.5,"cM","all values < 1000 -> cM",NA,"https://link.springer.com/article/10.1007/S00122-021-04018-3","MQTL_all traitsV3.0_final",FALSE
"M00676","MQTL2B.5","2B","Developmental traits","Days to heading","Developmental","7.1–30.5",7.1,30.5,"cM","all values < 1000 -> cM",NA,"https://link.springer.com/article/10.1007/S00122-021-04018-3","MQTL_all traitsV3.0_final",FALSE
"M00677","MQTL2B.6","2B","Developmental traits","Days to heading","Developmental","7.7–11.1",7.7,11.1,"cM","all values < 1000 -> cM",NA,"https://link.springer.com/article/10.1007/S00122-021-04018-3","MQTL_all traitsV3.0_final",FALSE
"M00678","MQTL2D.1","2D","Developmental traits","Days to heading","Developmental","1.7–5.3",1.7,5.3,"cM","all values < 1000 -> cM",NA,"https://link.springer.com/article/10.1007/S00122-021-04018-3","MQTL_all traitsV3.0_final",FALSE
"M00679","MQTL2D.2","2D","Developmental traits","Days to heading","Developmental","9.6–10.3",9.6,10.3,"cM","all values < 1000 -> cM",NA,"https://link.springer.com/article/10.1007/S00122-021-04018-3","MQTL_all traitsV3.0_final",FALSE
"M00680","MQTL2D.3","2D","Developmental traits","Days to heading","Developmental","16.3–28.1",16.3,28.1,"cM","all values < 1000 -> cM",NA,"https://link.springer.com/article/10.1007/S00122-021-04018-3","MQTL_all traitsV3.0_final",FALSE
"M00681","MQTL2D.5","2D","Developmental traits","Days to heading","Developmental","14.3–88.3",14.3,88.3,"cM","all values < 1000 -> cM",NA,"https://link.springer.com/article/10.1007/S00122-021-04018-3","MQTL_all traitsV3.0_final",FALSE
"M00682","MQTL2D.6","2D","Developmental traits","Days to heading","Developmental","14.9-21.0",14.9,21,"cM","all values < 1000 -> cM",NA,"https://link.springer.com/article/10.1007/S00122-021-04018-3","MQTL_all traitsV3.0_final",FALSE
"M00683","MQTL2D.7","2D","Developmental traits","Days to heading","Developmental","23.4–25",23.4,25,"cM","all values < 1000 -> cM",NA,"https://link.springer.com/article/10.1007/S00122-021-04018-3","MQTL_all traitsV3.0_final",FALSE
"M00684","MQTL3A.3","3A","Developmental traits","Days to heading","Developmental","19.3–107.3",19.3,107.3,"cM","all values < 1000 -> cM",NA,"https://link.springer.com/article/10.1007/S00122-021-04018-3","MQTL_all traitsV3.0_final",FALSE
"M00685","MQTL3A.4","3A","Developmental traits","Days to heading","Developmental","22.4–23.3",22.4,23.3,"cM","all values < 1000 -> cM",NA,"https://link.springer.com/article/10.1007/S00122-021-04018-3","MQTL_all traitsV3.0_final",FALSE
"M00686","MQTL3A.5","3A","Developmental traits","Days to heading","Developmental","21.2–30.5",21.2,30.5,"cM","all values < 1000 -> cM",NA,"https://link.springer.com/article/10.1007/S00122-021-04018-3","MQTL_all traitsV3.0_final",FALSE
"M00687","MQTL3A.6","3A","Developmental traits","Days to heading","Developmental","21.2–26.1",21.2,26.1,"cM","all values < 1000 -> cM",NA,"https://link.springer.com/article/10.1007/S00122-021-04018-3","MQTL_all traitsV3.0_final",FALSE
"M00688","MQTL3A.7","3A","Developmental traits","Days to heading","Developmental","17.6–19.6",17.6,19.6,"cM","all values < 1000 -> cM",NA,"https://link.springer.com/article/10.1007/S00122-021-04018-3","MQTL_all traitsV3.0_final",FALSE
"M00689","MQTL3B.3","3B","Developmental traits","Days to heading","Developmental","24.9–28.1",24.9,28.1,"cM","all values < 1000 -> cM",NA,"https://link.springer.com/article/10.1007/S00122-021-04018-3","MQTL_all traitsV3.0_final",FALSE
"M00690","MQTL3B.7","3B","Developmental traits","Days to heading","Developmental","749.1–769.4",749.1,769.4,"cM","all values < 1000 -> cM",NA,"https://link.springer.com/article/10.1007/S00122-021-04018-3","MQTL_all traitsV3.0_final",FALSE
"M00691","MQTL3D.2","3D","Developmental traits","Days to heading","Developmental","7.3–9.8",7.3,9.8,"cM","all values < 1000 -> cM",NA,"https://link.springer.com/article/10.1007/S00122-021-04018-3","MQTL_all traitsV3.0_final",FALSE
"M00692","MQTL4A.1","4A","Developmental traits","Days to heading","Developmental","3.9–7.1",3.9,7.1,"cM","all values < 1000 -> cM",NA,"https://link.springer.com/article/10.1007/S00122-021-04018-3","MQTL_all traitsV3.0_final",FALSE
"M00693","MQTL4A.4","4A","Developmental traits","Days to heading","Developmental","709.9–713.5",709.9,713.5,"cM","all values < 1000 -> cM",NA,"https://link.springer.com/article/10.1007/S00122-021-04018-3","MQTL_all traitsV3.0_final",FALSE
"M00694","MQTL4B.5","4B","Developmental traits","Days to heading","Developmental","13–14.9",13,14.9,"cM","all values < 1000 -> cM",NA,"https://link.springer.com/article/10.1007/S00122-021-04018-3","MQTL_all traitsV3.0_final",FALSE
"M00695","MQTL4B.6","4B","Developmental traits","Days to heading","Developmental","12.9–13.4",12.9,13.4,"cM","all values < 1000 -> cM",NA,"https://link.springer.com/article/10.1007/S00122-021-04018-3","MQTL_all traitsV3.0_final",FALSE
"M00696","MQTL4D.8","4D","Developmental traits","Days to heading","Developmental","5.7–13.8",5.7,13.8,"cM","all values < 1000 -> cM",NA,"https://link.springer.com/article/10.1007/S00122-021-04018-3","MQTL_all traitsV3.0_final",FALSE
"M00697","MQTL5A.2","5A","Developmental traits","Days to heading","Developmental","10.8–17.5",10.8,17.5,"cM","all values < 1000 -> cM",NA,"https://link.springer.com/article/10.1007/S00122-021-04018-3","MQTL_all traitsV3.0_final",FALSE
"M00698","MQTL5A.3","5A","Developmental traits","Days to heading","Developmental","11–40.3",11,40.3,"cM","all values < 1000 -> cM",NA,"https://link.springer.com/article/10.1007/S00122-021-04018-3","MQTL_all traitsV3.0_final",FALSE
"M00699","MQTL5A.4","5A","Developmental traits","Days to heading","Developmental","350.2–451.5",350.2,451.5,"cM","all values < 1000 -> cM",NA,"https://link.springer.com/article/10.1007/S00122-021-04018-3","MQTL_all traitsV3.0_final",FALSE
"M00700","MQTL5B.1","5B","Developmental traits","Days to heading","Developmental","68.9–126.3",68.9,126.3,"cM","all values < 1000 -> cM",NA,"https://link.springer.com/article/10.1007/S00122-021-04018-3","MQTL_all traitsV3.0_final",FALSE
"M00701","MQTL5B.3","5B","Developmental traits","Days to heading","Developmental","8.3–10.2",8.3,10.2,"cM","all values < 1000 -> cM",NA,"https://link.springer.com/article/10.1007/S00122-021-04018-3","MQTL_all traitsV3.0_final",FALSE
"M00702","MQTL5B.6","5B","Developmental traits","Days to heading","Developmental","12.3–13.3",12.3,13.3,"cM","all values < 1000 -> cM",NA,"https://link.springer.com/article/10.1007/S00122-021-04018-3","MQTL_all traitsV3.0_final",FALSE
"M00703","MQTL5B.7","5B","Developmental traits","Days to heading","Developmental","13.7–15.0",13.7,15,"cM","all values < 1000 -> cM",NA,"https://link.springer.com/article/10.1007/S00122-021-04018-3","MQTL_all traitsV3.0_final",FALSE
"M00704","MQTL5D.2","5D","Developmental traits","Days to heading","Developmental","41.8–44.1",41.8,44.1,"cM","all values < 1000 -> cM",NA,"https://link.springer.com/article/10.1007/S00122-021-04018-3","MQTL_all traitsV3.0_final",FALSE
"M00705","MQTL5D.3","5D","Developmental traits","Days to heading","Developmental","335.8–500.7",335.8,500.7,"cM","all values < 1000 -> cM",NA,"https://link.springer.com/article/10.1007/S00122-021-04018-3","MQTL_all traitsV3.0_final",FALSE
"M00706","MQTL6A.1","6A","Developmental traits","Days to heading","Developmental","555.6–563.5",555.6,563.5,"cM","all values < 1000 -> cM",NA,"https://link.springer.com/article/10.1007/S00122-021-04018-3","MQTL_all traitsV3.0_final",FALSE
"M00707","MQTL6A.2","6A","Developmental traits","Days to heading","Developmental","25.6–555.6",25.6,555.6,"cM","all values < 1000 -> cM",NA,"https://link.springer.com/article/10.1007/S00122-021-04018-3","MQTL_all traitsV3.0_final",FALSE
"M00708","MQTL6A.3","6A","Developmental traits","Days to heading","Developmental","12.4–43.4",12.4,43.4,"cM","all values < 1000 -> cM",NA,"https://link.springer.com/article/10.1007/S00122-021-04018-3","MQTL_all traitsV3.0_final",FALSE
"M00709","MQTL6B.1","6B","Developmental traits","Days to heading","Developmental","506.0–617.0",506,617,"cM","all values < 1000 -> cM",NA,"https://link.springer.com/article/10.1007/S00122-021-04018-3","MQTL_all traitsV3.0_final",FALSE
"M00710","MQTL6B.2","6B","Developmental traits","Days to heading","Developmental","3.0–10.0",3,10,"cM","all values < 1000 -> cM",NA,"https://link.springer.com/article/10.1007/S00122-021-04018-3","MQTL_all traitsV3.0_final",FALSE
"M00711","MQTL6B.4","6B","Developmental traits","Days to heading","Developmental","2.2–10.0",2.2,10,"cM","all values < 1000 -> cM",NA,"https://link.springer.com/article/10.1007/S00122-021-04018-3","MQTL_all traitsV3.0_final",FALSE
"M00712","MQTL6B.9","6B","Developmental traits","Days to heading","Developmental","3.9–11.4",3.9,11.4,"cM","all values < 1000 -> cM",NA,"https://link.springer.com/article/10.1007/S00122-021-04018-3","MQTL_all traitsV3.0_final",FALSE
"M00713","MQTL7A.1","7A","Developmental traits","Days to heading","Developmental","3.2–8.2",3.2,8.2,"cM","all values < 1000 -> cM",NA,"https://link.springer.com/article/10.1007/S00122-021-04018-3","MQTL_all traitsV3.0_final",FALSE
"M00714","MQTL7A.2","7A","Developmental traits","Days to heading","Developmental","4.0–4.6",4,4.6,"cM","all values < 1000 -> cM",NA,"https://link.springer.com/article/10.1007/S00122-021-04018-3","MQTL_all traitsV3.0_final",FALSE
"M00715","MQTL7B.1","7B","Developmental traits","Days to heading","Developmental","3.7–6.3",3.7,6.3,"cM","all values < 1000 -> cM",NA,"https://link.springer.com/article/10.1007/S00122-021-04018-3","MQTL_all traitsV3.0_final",FALSE
"M00716","MQTL7B.2","7B","Developmental traits","Days to heading","Developmental","18.1–44.6",18.1,44.6,"cM","all values < 1000 -> cM",NA,"https://link.springer.com/article/10.1007/S00122-021-04018-3","MQTL_all traitsV3.0_final",FALSE
"M00717","MQTL1B.5","1B","Developmental traits","Days to maturity","Developmental","17.3–17.4",17.3,17.4,"cM","all values < 1000 -> cM",NA,"https://link.springer.com/article/10.1007/S00122-021-04018-3","MQTL_all traitsV3.0_final",FALSE
"M00718","MQTL1B.8","1B","Developmental traits","Days to maturity","Developmental","454.9–466.1",454.9,466.1,"cM","all values < 1000 -> cM",NA,"https://link.springer.com/article/10.1007/S00122-021-04018-3","MQTL_all traitsV3.0_final",FALSE
"M00719","MQTL1D.4","1D","Developmental traits","Days to maturity","Developmental","28.5–36.31",28.5,36.31,"cM","all values < 1000 -> cM",NA,"https://link.springer.com/article/10.1007/S00122-021-04018-3","MQTL_all traitsV3.0_final",FALSE
"M00720","MQTL2A.1","2A","Developmental traits","Days to maturity","Developmental","18.6–79.7",18.6,79.7,"cM","all values < 1000 -> cM",NA,"https://link.springer.com/article/10.1007/S00122-021-04018-3","MQTL_all traitsV3.0_final",FALSE
"M00721","MQTL2A.6","2A","Developmental traits","Days to maturity","Developmental","30.4–31.9",30.4,31.9,"cM","all values < 1000 -> cM",NA,"https://link.springer.com/article/10.1007/S00122-021-04018-3","MQTL_all traitsV3.0_final",FALSE
"M00722","MQTL2B.3","2B","Developmental traits","Days to maturity","Developmental","28.3–29.9",28.3,29.9,"cM","all values < 1000 -> cM",NA,"https://link.springer.com/article/10.1007/S00122-021-04018-3","MQTL_all traitsV3.0_final",FALSE
"M00723","MQTL2B.6","2B","Developmental traits","Days to maturity","Developmental","7.7–11.1",7.7,11.1,"cM","all values < 1000 -> cM",NA,"https://link.springer.com/article/10.1007/S00122-021-04018-3","MQTL_all traitsV3.0_final",FALSE
"M00724","MQTL2D.1","2D","Developmental traits","Days to maturity","Developmental","1.7–5.3",1.7,5.3,"cM","all values < 1000 -> cM",NA,"https://link.springer.com/article/10.1007/S00122-021-04018-3","MQTL_all traitsV3.0_final",FALSE
"M00725","MQTL2D.5","2D","Developmental traits","Days to maturity","Developmental","14.3–88.3",14.3,88.3,"cM","all values < 1000 -> cM",NA,"https://link.springer.com/article/10.1007/S00122-021-04018-3","MQTL_all traitsV3.0_final",FALSE
"M00726","MQTL2D.6","2D","Developmental traits","Days to maturity","Developmental","14.9-21.0",14.9,21,"cM","all values < 1000 -> cM",NA,"https://link.springer.com/article/10.1007/S00122-021-04018-3","MQTL_all traitsV3.0_final",FALSE
"M00727","MQTL2D.7","2D","Developmental traits","Days to maturity","Developmental","23.4–25",23.4,25,"cM","all values < 1000 -> cM",NA,"https://link.springer.com/article/10.1007/S00122-021-04018-3","MQTL_all traitsV3.0_final",FALSE
"M00728","MQTL3A.1","3A","Developmental traits","Days to maturity","Developmental","7.5–9.1",7.5,9.1,"cM","all values < 1000 -> cM",NA,"https://link.springer.com/article/10.1007/S00122-021-04018-3","MQTL_all traitsV3.0_final",FALSE
"M00729","MQTL3A.4","3A","Developmental traits","Days to maturity","Developmental","22.4–23.3",22.4,23.3,"cM","all values < 1000 -> cM",NA,"https://link.springer.com/article/10.1007/S00122-021-04018-3","MQTL_all traitsV3.0_final",FALSE
"M00730","MQTL3A.7","3A","Developmental traits","Days to maturity","Developmental","17.6–19.6",17.6,19.6,"cM","all values < 1000 -> cM",NA,"https://link.springer.com/article/10.1007/S00122-021-04018-3","MQTL_all traitsV3.0_final",FALSE
"M00731","MQTL4A.1","4A","Developmental traits","Days to maturity","Developmental","3.9–7.1",3.9,7.1,"cM","all values < 1000 -> cM",NA,"https://link.springer.com/article/10.1007/S00122-021-04018-3","MQTL_all traitsV3.0_final",FALSE
"M00732","MQTL4A.4","4A","Developmental traits","Days to maturity","Developmental","709.9–713.5",709.9,713.5,"cM","all values < 1000 -> cM",NA,"https://link.springer.com/article/10.1007/S00122-021-04018-3","MQTL_all traitsV3.0_final",FALSE
"M00733","MQTL4B.1","4B","Developmental traits","Days to maturity","Developmental","0.6–7",0.6,7,"cM","all values < 1000 -> cM",NA,"https://link.springer.com/article/10.1007/S00122-021-04018-3","MQTL_all traitsV3.0_final",FALSE
"M00734","MQTL4B.2","4B","Developmental traits","Days to maturity","Developmental","4.5–11.3",4.5,11.3,"cM","all values < 1000 -> cM",NA,"https://link.springer.com/article/10.1007/S00122-021-04018-3","MQTL_all traitsV3.0_final",FALSE
"M00735","MQTL4D.2","4D","Developmental traits","Days to maturity","Developmental","4.7–7.8",4.7,7.8,"cM","all values < 1000 -> cM",NA,"https://link.springer.com/article/10.1007/S00122-021-04018-3","MQTL_all traitsV3.0_final",FALSE
"M00736","MQTL5A.2","5A","Developmental traits","Days to maturity","Developmental","10.8–17.5",10.8,17.5,"cM","all values < 1000 -> cM",NA,"https://link.springer.com/article/10.1007/S00122-021-04018-3","MQTL_all traitsV3.0_final",FALSE
"M00737","MQTL5B.3","5B","Developmental traits","Days to maturity","Developmental","8.3–10.2",8.3,10.2,"cM","all values < 1000 -> cM",NA,"https://link.springer.com/article/10.1007/S00122-021-04018-3","MQTL_all traitsV3.0_final",FALSE
"M00738","MQTL6B.1","6B","Developmental traits","Days to maturity","Developmental","506.0–617.0",506,617,"cM","all values < 1000 -> cM",NA,"https://link.springer.com/article/10.1007/S00122-021-04018-3","MQTL_all traitsV3.0_final",FALSE
"M00739","MQTL6B.8","6B","Developmental traits","Days to maturity","Developmental","10.7–11.3",10.7,11.3,"cM","all values < 1000 -> cM",NA,"https://link.springer.com/article/10.1007/S00122-021-04018-3","MQTL_all traitsV3.0_final",FALSE
"M00740","MQTL7A.1","7A","Developmental traits","Days to maturity","Developmental","3.2–8.2",3.2,8.2,"cM","all values < 1000 -> cM",NA,"https://link.springer.com/article/10.1007/S00122-021-04018-3","MQTL_all traitsV3.0_final",FALSE
"M00741","MQTL7B.1","7B","Developmental traits","Days to maturity","Developmental","3.7–6.3",3.7,6.3,"cM","all values < 1000 -> cM",NA,"https://link.springer.com/article/10.1007/S00122-021-04018-3","MQTL_all traitsV3.0_final",FALSE
"M00742","MQTL7B.2","7B","Developmental traits","Days to maturity","Developmental","18.1–44.6",18.1,44.6,"cM","all values < 1000 -> cM",NA,"https://link.springer.com/article/10.1007/S00122-021-04018-3","MQTL_all traitsV3.0_final",FALSE
"M00743","MQTL7B.4","7B","Developmental traits","Days to maturity","Developmental","237.5–304.5",237.5,304.5,"cM","all values < 1000 -> cM",NA,"https://link.springer.com/article/10.1007/S00122-021-04018-3","MQTL_all traitsV3.0_final",FALSE
"M00744","MQTL7D.2","7D","Developmental traits","Days to maturity","Developmental","53.6–76.6",53.6,76.6,"cM","all values < 1000 -> cM",NA,"https://link.springer.com/article/10.1007/S00122-021-04018-3","MQTL_all traitsV3.0_final",FALSE
"M00745","MQTL7D.3","7D","Developmental traits","Days to maturity","Developmental","501.1–526.4",501.1,526.4,"cM","all values < 1000 -> cM",NA,"https://link.springer.com/article/10.1007/S00122-021-04018-3","MQTL_all traitsV3.0_final",FALSE
"M00746","MQTL7D.5","7D","Developmental traits","Days to maturity","Developmental","562.4–588.5",562.4,588.5,"cM","all values < 1000 -> cM",NA,"https://link.springer.com/article/10.1007/S00122-021-04018-3","MQTL_all traitsV3.0_final",FALSE
"M00747","MQTL 1","1A","Developmental traits","Plant height; Grain weight","Yield","24.88",24.88,24.88,"cM","all values < 1000 -> cM",NA,"https://journals.plos.org/plosone/article?id=10.1371/journal.pone.0178290","MQTL_all traitsV3.0_final",FALSE
"M00748","MQTL 2","1A","Developmental traits","Plant height; Grain weight; Number of spikelets per spike","Yield","34.33",34.33,34.33,"cM","all values < 1000 -> cM",NA,"https://journals.plos.org/plosone/article?id=10.1371/journal.pone.0178290","MQTL_all traitsV3.0_final",FALSE
"M00749","MQTL 3","1B","Developmental traits","Days to heading; Grain weight","Yield","11.53",11.53,11.53,"cM","all values < 1000 -> cM",NA,"https://journals.plos.org/plosone/article?id=10.1371/journal.pone.0178290","MQTL_all traitsV3.0_final",FALSE
"M00750","MQTL 4","1B","Developmental traits","Days to anthesis; Days to maturity","Developmental","23.69",23.69,23.69,"cM","all values < 1000 -> cM",NA,"https://journals.plos.org/plosone/article?id=10.1371/journal.pone.0178290","MQTL_all traitsV3.0_final",FALSE
"M00751","MQTL 5","1B","Developmental traits","Grain yield; Number of grains per spike; Grain weight","Yield","48.89",48.89,48.89,"cM","all values < 1000 -> cM",NA,"https://journals.plos.org/plosone/article?id=10.1371/journal.pone.0178290","MQTL_all traitsV3.0_final",FALSE
"M00752","MQTL 6","1B","Developmental traits","Number of grains per spike","Developmental","77.68",77.68,77.68,"cM","all values < 1000 -> cM",NA,"https://journals.plos.org/plosone/article?id=10.1371/journal.pone.0178290","MQTL_all traitsV3.0_final",FALSE
"M00753","MQTL 7","1B","Developmental traits","Grain yield; No of grains per square meter","Yield","106.99",106.99,106.99,"cM","all values < 1000 -> cM",NA,"https://journals.plos.org/plosone/article?id=10.1371/journal.pone.0178290","MQTL_all traitsV3.0_final",FALSE
"M00754","MQTL 8","2A","Developmental traits","Grain weight","Yield","0.54",0.54,0.54,"cM","all values < 1000 -> cM",NA,"https://journals.plos.org/plosone/article?id=10.1371/journal.pone.0178290","MQTL_all traitsV3.0_final",FALSE
"M00755","MQTL 9","2A","Developmental traits","Grain yield","Yield","16.91",16.91,16.91,"cM","all values < 1000 -> cM",NA,"https://journals.plos.org/plosone/article?id=10.1371/journal.pone.0178290","MQTL_all traitsV3.0_final",FALSE
"M00756","MQTL 10","2A","Developmental traits","Normalized Difference Vegetation Index","Developmental","38.66",38.66,38.66,"cM","all values < 1000 -> cM",NA,"https://journals.plos.org/plosone/article?id=10.1371/journal.pone.0178290","MQTL_all traitsV3.0_final",FALSE
"M00757","MQTL 11","2A","Developmental traits","Percentage of lagre grains; Percentage of medium grains; Plant height; Grain Wt Per Spike; Percentage of Small Grains, Grain weight","Yield","63.43",63.43,63.43,"cM","all values < 1000 -> cM",NA,"https://journals.plos.org/plosone/article?id=10.1371/journal.pone.0178290","MQTL_all traitsV3.0_final",FALSE
"M00758","MQTL 12","2A","Developmental traits","Number of grains per spike","Developmental","10",10,10,"cM","all values < 1000 -> cM",NA,"https://journals.plos.org/plosone/article?id=10.1371/journal.pone.0178290","MQTL_all traitsV3.0_final",FALSE
"M00759","MQTL 13","2B","Developmental traits","Days to maturity; Grain weight","Yield","18.85",18.85,18.85,"cM","all values < 1000 -> cM",NA,"https://journals.plos.org/plosone/article?id=10.1371/journal.pone.0178290","MQTL_all traitsV3.0_final",FALSE
"M00760","MQTL 14","2B","Developmental traits","Grain weight per spike; NSP, Grain weight","Yield","37.18",37.18,37.18,"cM","all values < 1000 -> cM",NA,"https://journals.plos.org/plosone/article?id=10.1371/journal.pone.0178290","MQTL_all traitsV3.0_final",FALSE
"M00761","MQTL 15","2B","Developmental traits","Grain weight","Yield","60.52",60.52,60.52,"cM","all values < 1000 -> cM",NA,"https://journals.plos.org/plosone/article?id=10.1371/journal.pone.0178290","MQTL_all traitsV3.0_final",FALSE
"M00762","MQTL 16","2B","Developmental traits","Number of Spikes per Square Meter","Developmental","69.37",69.37,69.37,"cM","all values < 1000 -> cM",NA,"https://journals.plos.org/plosone/article?id=10.1371/journal.pone.0178290","MQTL_all traitsV3.0_final",FALSE
"M00763","MQTL 17","2B","Developmental traits","Number of per spike; Grain weight","Yield","77.85",77.85,77.85,"cM","all values < 1000 -> cM",NA,"https://journals.plos.org/plosone/article?id=10.1371/journal.pone.0178290","MQTL_all traitsV3.0_final",FALSE
"M00764","MQTL 18","2B","Developmental traits","Number of grains per spike; No of grains per square meter","Developmental","107.71",107.71,107.71,"cM","all values < 1000 -> cM",NA,"https://journals.plos.org/plosone/article?id=10.1371/journal.pone.0178290","MQTL_all traitsV3.0_final",FALSE
"M00765","MQTL 19","2B","Developmental traits","Days to heading; normalized difference vegetation index","Developmental","165.92",165.92,165.92,"cM","all values < 1000 -> cM",NA,"https://journals.plos.org/plosone/article?id=10.1371/journal.pone.0178290","MQTL_all traitsV3.0_final",FALSE
"M00766","MQTL 20","3A","Developmental traits","Number of grains per spike; Plant height, Grain weight","Yield","1.16",1.16,1.16,"cM","all values < 1000 -> cM",NA,"https://journals.plos.org/plosone/article?id=10.1371/journal.pone.0178290","MQTL_all traitsV3.0_final",FALSE
"M00767","MQTL 21","3A","Developmental traits","Plant height; Grain weight","Yield","6.5",6.5,6.5,"cM","all values < 1000 -> cM",NA,"https://journals.plos.org/plosone/article?id=10.1371/journal.pone.0178290","MQTL_all traitsV3.0_final",FALSE
"M00768","MQTL 22","3A","Developmental traits","Days to anthesis; Plant height","Developmental","10.93",10.93,10.93,"cM","all values < 1000 -> cM",NA,"https://journals.plos.org/plosone/article?id=10.1371/journal.pone.0178290","MQTL_all traitsV3.0_final",FALSE
"M00769","MQTL 23","3A","Developmental traits","Grain yield; Number of Spikes per Square Meter; Plant height","Yield","18.37",18.37,18.37,"cM","all values < 1000 -> cM",NA,"https://journals.plos.org/plosone/article?id=10.1371/journal.pone.0178290","MQTL_all traitsV3.0_final",FALSE
"M00770","MQTL 24","3A","Developmental traits","Plant height; Grain weight","Yield","26.12",26.12,26.12,"cM","all values < 1000 -> cM",NA,"https://journals.plos.org/plosone/article?id=10.1371/journal.pone.0178290","MQTL_all traitsV3.0_final",FALSE
"M00771","MQTL 25","3A","Developmental traits","Grain yield, Number of grains per spike; Plant height","Yield","39.22",39.22,39.22,"cM","all values < 1000 -> cM",NA,"https://journals.plos.org/plosone/article?id=10.1371/journal.pone.0178290","MQTL_all traitsV3.0_final",FALSE
"M00772","MQTL 26","3A","Developmental traits","Number of grains per spike","Developmental","54.18",54.18,54.18,"cM","all values < 1000 -> cM",NA,"https://journals.plos.org/plosone/article?id=10.1371/journal.pone.0178290","MQTL_all traitsV3.0_final",FALSE
"M00773","MQTL 27","3A","Developmental traits","Number of grains per spike; Number of Spikes per Square Meter; Grain weight","Yield","69.14",69.14,69.14,"cM","all values < 1000 -> cM",NA,"https://journals.plos.org/plosone/article?id=10.1371/journal.pone.0178290","MQTL_all traitsV3.0_final",FALSE
"M00774","MQTL 28","3A","Developmental traits","Grain weight; Days to anthesis; Grain yield; Number of Spikes per Square Meter; Plant Height","Yield","93.83",93.83,93.83,"cM","all values < 1000 -> cM",NA,"https://journals.plos.org/plosone/article?id=10.1371/journal.pone.0178290","MQTL_all traitsV3.0_final",FALSE
"M00775","MQTL 29","3B","Developmental traits","Grain yield; Plant height; Grain weight","Yield","96.03",96.03,96.03,"cM","all values < 1000 -> cM",NA,"https://journals.plos.org/plosone/article?id=10.1371/journal.pone.0178290","MQTL_all traitsV3.0_final",FALSE
"M00776","MQTL 30","3B","Developmental traits","Plant height","Developmental","120.5",120.5,120.5,"cM","all values < 1000 -> cM",NA,"https://journals.plos.org/plosone/article?id=10.1371/journal.pone.0178290","MQTL_all traitsV3.0_final",FALSE
"M00777","MQTL 31","3B","Developmental traits","Crop Dry wt at Tillering; Days to anthesis; Grain yield; Number of grains per square meter; number of spikes per square meter; Grain weight","Yield","156.15",156.15,156.15,"cM","all values < 1000 -> cM",NA,"https://journals.plos.org/plosone/article?id=10.1371/journal.pone.0178290","MQTL_all traitsV3.0_final",FALSE
"M00778","MQTL 32","4A","Developmental traits","Number of florets per spikelets; Number of grains per spike; Number of grains per square meter; Plant height; Spike length; Grain weight","Yield","56",56,56,"cM","all values < 1000 -> cM",NA,"https://journals.plos.org/plosone/article?id=10.1371/journal.pone.0178290","MQTL_all traitsV3.0_final",FALSE
"M00779","MQTL 33","4A","Developmental traits","Days to anthesis","Developmental","75.27",75.27,75.27,"cM","all values < 1000 -> cM",NA,"https://journals.plos.org/plosone/article?id=10.1371/journal.pone.0178290","MQTL_all traitsV3.0_final",FALSE
"M00780","MQTL 34","4A","Developmental traits","Days to anthesis","Developmental","105.76",105.76,105.76,"cM","all values < 1000 -> cM",NA,"https://journals.plos.org/plosone/article?id=10.1371/journal.pone.0178290","MQTL_all traitsV3.0_final",FALSE
"M00781","MQTL 35","4A","Developmental traits","Days to anthesis; Days to maturity; Number of grains per spike","Developmental","127.34",127.34,127.34,"cM","all values < 1000 -> cM",NA,"https://journals.plos.org/plosone/article?id=10.1371/journal.pone.0178290","MQTL_all traitsV3.0_final",FALSE
"M00782","MQTL 36","4A","Developmental traits","Days to anthesis; Number of grains per spike; Number of spikes per plant","Developmental","133.37",133.37,133.37,"cM","all values < 1000 -> cM",NA,"https://journals.plos.org/plosone/article?id=10.1371/journal.pone.0178290","MQTL_all traitsV3.0_final",FALSE
"M00783","MQTL 37","4B","Developmental traits","Plant height; Grain weight","Yield","2.87",2.87,2.87,"cM","all values < 1000 -> cM",NA,"https://journals.plos.org/plosone/article?id=10.1371/journal.pone.0178290","MQTL_all traitsV3.0_final",FALSE
"M00784","MQTL 38","4B","Developmental traits","Grain weight","Yield","15.16",15.16,15.16,"cM","all values < 1000 -> cM",NA,"https://journals.plos.org/plosone/article?id=10.1371/journal.pone.0178290","MQTL_all traitsV3.0_final",FALSE
"M00785","MQTL 39","4B","Developmental traits","Number of grains per spike; Grain weight per spike; Number of grains per square meter; Plant height; Number of spikes per square per plant; Grain weight","Yield","21.61",21.61,21.61,"cM","all values < 1000 -> cM",NA,"https://journals.plos.org/plosone/article?id=10.1371/journal.pone.0178290","MQTL_all traitsV3.0_final",FALSE
"M00786","MQTL 40","4B","Developmental traits","Grain weight; Grain yield; Number of grains per spike; Grain weight per spike; Number of grains per square meter; Plant height; Number of spikes per plant; Grain weight","Yield","37.54",37.54,37.54,"cM","all values < 1000 -> cM",NA,"https://journals.plos.org/plosone/article?id=10.1371/journal.pone.0178290","MQTL_all traitsV3.0_final",FALSE
"M00787","MQTL 41","4B","Developmental traits","Number of grains per square meter; Number of Spikes per Square meter; Grain weight","Yield","71.42",71.42,71.42,"cM","all values < 1000 -> cM",NA,"https://journals.plos.org/plosone/article?id=10.1371/journal.pone.0178290","MQTL_all traitsV3.0_final",FALSE
"M00788","MQTL 42","5A","Developmental traits","Grain filling duration; Number of grains per spike; Number of spikes per plant; Number of tillers per plant; Grain weight","Yield","16.32",16.32,16.32,"cM","all values < 1000 -> cM",NA,"https://journals.plos.org/plosone/article?id=10.1371/journal.pone.0178290","MQTL_all traitsV3.0_final",FALSE
"M00789","MQTL 43","5A","Developmental traits","Days to maturity; Number of grains per square meter","Developmental","33.99",33.99,33.99,"cM","all values < 1000 -> cM",NA,"https://journals.plos.org/plosone/article?id=10.1371/journal.pone.0178290","MQTL_all traitsV3.0_final",FALSE
"M00790","MQTL 44","5A","Developmental traits","Days to anthesis; Grain weight per spike; Number of grains per square meter; Grain weight","Yield","74.97",74.97,74.97,"cM","all values < 1000 -> cM",NA,"https://journals.plos.org/plosone/article?id=10.1371/journal.pone.0178290","MQTL_all traitsV3.0_final",FALSE
"M00791","MQTL 45","5A","Developmental traits","Days to anthesis; Days to heading; Days to maturity; Number of grains per spike; Number of grains per square meter","Developmental","103.9",103.9,103.9,"cM","all values < 1000 -> cM",NA,"https://journals.plos.org/plosone/article?id=10.1371/journal.pone.0178290","MQTL_all traitsV3.0_final",FALSE
"M00792","MQTL 46","5A","Developmental traits","Spike length; Number of spikelets per spike; Grain weight","Yield","160.1",160.1,160.1,"cM","all values < 1000 -> cM",NA,"https://journals.plos.org/plosone/article?id=10.1371/journal.pone.0178290","MQTL_all traitsV3.0_final",FALSE
"M00793","MQTL 47","5B","Developmental traits","Number of grains per spike; Grain weight per spike; Number of grains per square meter; Grain weight","Yield","45.35",45.35,45.35,"cM","all values < 1000 -> cM",NA,"https://journals.plos.org/plosone/article?id=10.1371/journal.pone.0178290","MQTL_all traitsV3.0_final",FALSE
"M00794","MQTL 48","5B","Developmental traits","Days to anthesis; Number of Spikes per Square Meter; Grain weight","Yield","54.21",54.21,54.21,"cM","all values < 1000 -> cM",NA,"https://journals.plos.org/plosone/article?id=10.1371/journal.pone.0178290","MQTL_all traitsV3.0_final",FALSE
"M00795","MQTL 49","5B","Developmental traits","Days to anthesis; Days to maturity; Grain yield; Number of Spikes per Square Meter; Grain weight","Yield","68.96",68.96,68.96,"cM","all values < 1000 -> cM",NA,"https://journals.plos.org/plosone/article?id=10.1371/journal.pone.0178290","MQTL_all traitsV3.0_final",FALSE
"M00796","MQTL 50","5B","Developmental traits","Days to heading; Harvest Index; Number of spikes per plant","Developmental","100.24",100.24,100.24,"cM","all values < 1000 -> cM",NA,"https://journals.plos.org/plosone/article?id=10.1371/journal.pone.0178290","MQTL_all traitsV3.0_final",FALSE
"M00797","MQTL 51","5B","Developmental traits","Grain weight per spike; Grain weight","Yield","118.74",118.74,118.74,"cM","all values < 1000 -> cM",NA,"https://journals.plos.org/plosone/article?id=10.1371/journal.pone.0178290","MQTL_all traitsV3.0_final",FALSE
"M00798","MQTL 52","5B","Developmental traits","Number of Florets per Spikelet; number of fertile tillers per square meter; Grain weight per spike; Number of spikes per plant; Grain weight","Yield","136.64",136.64,136.64,"cM","all values < 1000 -> cM",NA,"https://journals.plos.org/plosone/article?id=10.1371/journal.pone.0178290","MQTL_all traitsV3.0_final",FALSE
"M00799","MQTL 53","6A","Developmental traits","Number of grains per spike","Developmental","2.4",2.4,2.4,"cM","all values < 1000 -> cM",NA,"https://journals.plos.org/plosone/article?id=10.1371/journal.pone.0178290","MQTL_all traitsV3.0_final",FALSE
"M00800","MQTL 54","6A","Developmental traits","Percentage of large grain; Percentage of medium grains; Grain weight","Yield","39.92",39.92,39.92,"cM","all values < 1000 -> cM",NA,"https://journals.plos.org/plosone/article?id=10.1371/journal.pone.0178290","MQTL_all traitsV3.0_final",FALSE
"M00801","MQTL 55","6A","Developmental traits","Grain yield; Grain weight per spike; Grain weight","Yield","80.95",80.95,80.95,"cM","all values < 1000 -> cM",NA,"https://journals.plos.org/plosone/article?id=10.1371/journal.pone.0178290","MQTL_all traitsV3.0_final",FALSE
"M00802","MQTL 56","6A","Developmental traits","normalized difference vegetation index; Grain weight","Yield","131.39",131.39,131.39,"cM","all values < 1000 -> cM",NA,"https://journals.plos.org/plosone/article?id=10.1371/journal.pone.0178290","MQTL_all traitsV3.0_final",FALSE
"M00803","MQTL 57","6B","Developmental traits","Percentage of large grain; Percentage of medium grains; Grain Wt Per Spike; Grain weight","Yield","60.53",60.53,60.53,"cM","all values < 1000 -> cM",NA,"https://journals.plos.org/plosone/article?id=10.1371/journal.pone.0178290","MQTL_all traitsV3.0_final",FALSE
"M00804","MQTL 58","6B","Developmental traits","Number of grains per square meter; Grain weight","Yield","119.6",119.6,119.6,"cM","all values < 1000 -> cM",NA,"https://journals.plos.org/plosone/article?id=10.1371/journal.pone.0178290","MQTL_all traitsV3.0_final",FALSE
"M00805","MQTL 59","7A","Developmental traits","Grain weight","Yield","1.58",1.58,1.58,"cM","all values < 1000 -> cM",NA,"https://journals.plos.org/plosone/article?id=10.1371/journal.pone.0178290","MQTL_all traitsV3.0_final",FALSE
"M00806","MQTL 60","7A","Developmental traits","Number of grains per spike; Grain weight","Yield","18.8",18.8,18.8,"cM","all values < 1000 -> cM",NA,"https://journals.plos.org/plosone/article?id=10.1371/journal.pone.0178290","MQTL_all traitsV3.0_final",FALSE
"M00807","MQTL 61","7A","Developmental traits","Number of grains per spike; Grain weight","Yield","84.86",84.86,84.86,"cM","all values < 1000 -> cM",NA,"https://journals.plos.org/plosone/article?id=10.1371/journal.pone.0178290","MQTL_all traitsV3.0_final",FALSE
"M00808","MQTL 62","7A","Developmental traits","Days to heading; Days to maturity; Number of grains per spike","Developmental","127.85",127.85,127.85,"cM","all values < 1000 -> cM",NA,"https://journals.plos.org/plosone/article?id=10.1371/journal.pone.0178290","MQTL_all traitsV3.0_final",FALSE
"M00809","MQTL 63","7B","Developmental traits","Days to heading","Developmental","2.35",2.35,2.35,"cM","all values < 1000 -> cM",NA,"https://journals.plos.org/plosone/article?id=10.1371/journal.pone.0178290","MQTL_all traitsV3.0_final",FALSE
"M00810","MQTL 64","7B","Developmental traits","Days to heading; Plant height","Developmental","17.42",17.42,17.42,"cM","all values < 1000 -> cM",NA,"https://journals.plos.org/plosone/article?id=10.1371/journal.pone.0178290","MQTL_all traitsV3.0_final",FALSE
"M00811","MQTL 65","7B","Developmental traits","Days to anthesis; Plant height","Developmental","40.34",40.34,40.34,"cM","all values < 1000 -> cM",NA,"https://journals.plos.org/plosone/article?id=10.1371/journal.pone.0178290","MQTL_all traitsV3.0_final",FALSE
"M00812","MQTL 66","7B","Developmental traits","Days to anthesis","Developmental","54.42",54.42,54.42,"cM","all values < 1000 -> cM",NA,"https://journals.plos.org/plosone/article?id=10.1371/journal.pone.0178290","MQTL_all traitsV3.0_final",FALSE
"M00813","MQTL 67","7B","Developmental traits","Days to anthesis; Number of grains per spike; Plant height","Developmental","73.31",73.31,73.31,"cM","all values < 1000 -> cM",NA,"https://journals.plos.org/plosone/article?id=10.1371/journal.pone.0178290","MQTL_all traitsV3.0_final",FALSE
"M00814","MQTL 68","7B","Developmental traits","Grain weight per spike; Number of spikes per plant; Grain weight","Yield","81.75",81.75,81.75,"cM","all values < 1000 -> cM",NA,"https://journals.plos.org/plosone/article?id=10.1371/journal.pone.0178290","MQTL_all traitsV3.0_final",FALSE
"M00815","MQTL 69","7B","Developmental traits","Grain weight per spike; Grain weight","Yield","93.4",93.4,93.4,"cM","all values < 1000 -> cM",NA,"https://journals.plos.org/plosone/article?id=10.1371/journal.pone.0178290","MQTL_all traitsV3.0_final",FALSE
"M00816","MQTL 70","7B","Developmental traits","Number of grains per spike; Grain weight","Yield","103.99",103.99,103.99,"cM","all values < 1000 -> cM",NA,"https://journals.plos.org/plosone/article?id=10.1371/journal.pone.0178290","MQTL_all traitsV3.0_final",FALSE
"M00817","MQTL 71","7B","Developmental traits","Number of grains per spike; Grain weight","Yield","183.55",183.55,183.55,"cM","all values < 1000 -> cM",NA,"https://journals.plos.org/plosone/article?id=10.1371/journal.pone.0178290","MQTL_all traitsV3.0_final",FALSE
"M00818","P1","1A","Morphological trait","Plant height","Morphological","34.7",34.7,34.7,"cM","all values < 1000 -> cM",NA,"https://link.springer.com/article/10.1007/s10681-010-0128-9","MQTL_all traitsV3.0_final",FALSE
"M00819","P2","1A","Morphological trait","Plant height","Morphological","44.1",44.1,44.1,"cM","all values < 1000 -> cM",NA,"https://link.springer.com/article/10.1007/s10681-010-0128-9","MQTL_all traitsV3.0_final",FALSE
"M00820","P3","1D","Morphological trait","Plant height","Morphological","60.5",60.5,60.5,"cM","all values < 1000 -> cM",NA,"https://link.springer.com/article/10.1007/s10681-010-0128-9","MQTL_all traitsV3.0_final",FALSE
"M00821","P4","2A","Morphological trait","Plant height","Morphological","101.6",101.6,101.6,"cM","all values < 1000 -> cM",NA,"https://link.springer.com/article/10.1007/s10681-010-0128-9","MQTL_all traitsV3.0_final",FALSE
"M00822","P5","2D","Morphological trait","Plant height","Morphological","23.2",23.2,23.2,"cM","all values < 1000 -> cM",NA,"https://link.springer.com/article/10.1007/s10681-010-0128-9","MQTL_all traitsV3.0_final",FALSE
"M00823","P6","3A","Morphological trait","Plant height","Morphological","81.3",81.3,81.3,"cM","all values < 1000 -> cM",NA,"https://link.springer.com/article/10.1007/s10681-010-0128-9","MQTL_all traitsV3.0_final",FALSE
"M00824","P7","3A","Morphological trait","Plant height","Morphological","83",83,83,"cM","all values < 1000 -> cM",NA,"https://link.springer.com/article/10.1007/s10681-010-0128-9","MQTL_all traitsV3.0_final",FALSE
"M00825","P8","3A","Morphological trait","Plant height","Morphological","104.1",104.1,104.1,"cM","all values < 1000 -> cM",NA,"https://link.springer.com/article/10.1007/s10681-010-0128-9","MQTL_all traitsV3.0_final",FALSE
"M00826","P9","3B","Morphological trait","Plant height","Morphological","20.4",20.4,20.4,"cM","all values < 1000 -> cM",NA,"https://link.springer.com/article/10.1007/s10681-010-0128-9","MQTL_all traitsV3.0_final",FALSE
"M00827","P10","4A","Morphological trait","Plant height","Morphological","41.9",41.9,41.9,"cM","all values < 1000 -> cM",NA,"https://link.springer.com/article/10.1007/s10681-010-0128-9","MQTL_all traitsV3.0_final",FALSE
"M00828","P11","4A","Morphological trait","Plant height","Morphological","105.3",105.3,105.3,"cM","all values < 1000 -> cM",NA,"https://link.springer.com/article/10.1007/s10681-010-0128-9","MQTL_all traitsV3.0_final",FALSE
"M00829","P12","4B","Morphological trait","Plant height","Morphological","31",31,31,"cM","all values < 1000 -> cM",NA,"https://link.springer.com/article/10.1007/s10681-010-0128-9","MQTL_all traitsV3.0_final",FALSE
"M00830","P13","4B","Morphological trait","Plant height","Morphological","34",34,34,"cM","all values < 1000 -> cM",NA,"https://link.springer.com/article/10.1007/s10681-010-0128-9","MQTL_all traitsV3.0_final",FALSE
"M00831","P14","4D","Morphological trait","Plant height","Morphological","44.1",44.1,44.1,"cM","all values < 1000 -> cM",NA,"https://link.springer.com/article/10.1007/s10681-010-0128-9","MQTL_all traitsV3.0_final",FALSE
"M00832","P15","4D","Morphological trait","Plant height","Morphological","34",34,34,"cM","all values < 1000 -> cM",NA,"https://link.springer.com/article/10.1007/s10681-010-0128-9","MQTL_all traitsV3.0_final",FALSE
"M00833","P16","5A","Morphological trait","Plant height","Morphological","49.8",49.8,49.8,"cM","all values < 1000 -> cM",NA,"https://link.springer.com/article/10.1007/s10681-010-0128-9","MQTL_all traitsV3.0_final",FALSE
"M00834","P17","5A","Morphological trait","Plant height","Morphological","61.2",61.2,61.2,"cM","all values < 1000 -> cM",NA,"https://link.springer.com/article/10.1007/s10681-010-0128-9","MQTL_all traitsV3.0_final",FALSE
"M00835","P18","5B","Morphological trait","Plant height","Morphological","127.7",127.7,127.7,"cM","all values < 1000 -> cM",NA,"https://link.springer.com/article/10.1007/s10681-010-0128-9","MQTL_all traitsV3.0_final",FALSE
"M00836","P19","6A","Morphological trait","Plant height","Morphological","34.9",34.9,34.9,"cM","all values < 1000 -> cM",NA,"https://link.springer.com/article/10.1007/s10681-010-0128-9","MQTL_all traitsV3.0_final",FALSE
"M00837","P20","6A","Morphological trait","Plant height","Morphological","79",79,79,"cM","all values < 1000 -> cM",NA,"https://link.springer.com/article/10.1007/s10681-010-0128-9","MQTL_all traitsV3.0_final",FALSE
"M00838","P21","6A","Morphological trait","Plant height","Morphological","90.7",90.7,90.7,"cM","all values < 1000 -> cM",NA,"https://link.springer.com/article/10.1007/s10681-010-0128-9","MQTL_all traitsV3.0_final",FALSE
"M00839","P22","6B","Morphological trait","Plant height","Morphological","160",160,160,"cM","all values < 1000 -> cM",NA,"https://link.springer.com/article/10.1007/s10681-010-0128-9","MQTL_all traitsV3.0_final",FALSE
"M00840","P23","6D","Morphological trait","Plant height","Morphological","93.8",93.8,93.8,"cM","all values < 1000 -> cM",NA,"https://link.springer.com/article/10.1007/s10681-010-0128-9","MQTL_all traitsV3.0_final",FALSE
"M00841","P24","6D","Morphological trait","Plant height","Morphological","155.8",155.8,155.8,"cM","all values < 1000 -> cM",NA,"https://link.springer.com/article/10.1007/s10681-010-0128-9","MQTL_all traitsV3.0_final",FALSE
"M00842","P25","7A","Morphological trait","Plant height","Morphological","91.1",91.1,91.1,"cM","all values < 1000 -> cM",NA,"https://link.springer.com/article/10.1007/s10681-010-0128-9","MQTL_all traitsV3.0_final",FALSE
"M00843","P26","7A","Morphological trait","Plant height","Morphological","163.7",163.7,163.7,"cM","all values < 1000 -> cM",NA,"https://link.springer.com/article/10.1007/s10681-010-0128-9","MQTL_all traitsV3.0_final",FALSE
"M00844","P27","7B","Morphological trait","Plant height","Morphological","47.7",47.7,47.7,"cM","all values < 1000 -> cM",NA,"https://link.springer.com/article/10.1007/s10681-010-0128-9","MQTL_all traitsV3.0_final",FALSE
"M00845","QTL_height_1A_1","1A","Morphological trait","Plant height","Morphological","42.7",42.7,42.7,"cM","all values < 1000 -> cM",NA,"https://link.springer.com/article/10.1007/s11032-010-9534-x#SecESM1","MQTL_all traitsV3.0_final",FALSE
"M00846","QTL_height_1B_1","1B","Morphological trait","Plant height","Morphological","57.8",57.8,57.8,"cM","all values < 1000 -> cM",NA,"https://link.springer.com/article/10.1007/s11032-010-9534-x#SecESM1","MQTL_all traitsV3.0_final",FALSE
"M00847","QTL_height_1D_1","1D","Morphological trait","Plant height","Morphological","59.2",59.2,59.2,"cM","all values < 1000 -> cM",NA,"https://link.springer.com/article/10.1007/s11032-010-9534-x#SecESM1","MQTL_all traitsV3.0_final",FALSE
"M00848","QTL_height_2A_1","2A","Morphological trait","Plant height","Morphological","30",30,30,"cM","all values < 1000 -> cM",NA,"https://link.springer.com/article/10.1007/s11032-010-9534-x#SecESM1","MQTL_all traitsV3.0_final",FALSE
"M00849","QTL_height_2A_2","2A","Morphological trait","Plant height","Morphological","111",111,111,"cM","all values < 1000 -> cM",NA,"https://link.springer.com/article/10.1007/s11032-010-9534-x#SecESM1","MQTL_all traitsV3.0_final",FALSE
"M00850","QTL_height_2B_1","2B","Morphological trait","Plant height","Morphological","42",42,42,"cM","all values < 1000 -> cM",NA,"https://link.springer.com/article/10.1007/s11032-010-9534-x#SecESM1","MQTL_all traitsV3.0_final",FALSE
"M00851","QTL_height_2D_1","2D","Morphological trait","Plant height","Morphological","123.6",123.6,123.6,"cM","all values < 1000 -> cM",NA,"https://link.springer.com/article/10.1007/s11032-010-9534-x#SecESM1","MQTL_all traitsV3.0_final",FALSE
"M00852","QTL_height_3A_1","3A","Morphological trait","Plant height","Morphological","50.4",50.4,50.4,"cM","all values < 1000 -> cM",NA,"https://link.springer.com/article/10.1007/s11032-010-9534-x#SecESM1","MQTL_all traitsV3.0_final",FALSE
"M00853","QTL_height_3B_1","3B","Morphological trait","Plant height","Morphological","75.7",75.7,75.7,"cM","all values < 1000 -> cM",NA,"https://link.springer.com/article/10.1007/s11032-010-9534-x#SecESM1","MQTL_all traitsV3.0_final",FALSE
"M00854","QTL_height_4B_1","4B","Morphological trait","Plant height","Morphological","42",42,42,"cM","all values < 1000 -> cM",NA,"https://link.springer.com/article/10.1007/s11032-010-9534-x#SecESM1","MQTL_all traitsV3.0_final",FALSE
"M00855","QTL_height_4D_1","4D","Morphological trait","Plant height","Morphological","12",12,12,"cM","all values < 1000 -> cM",NA,"https://link.springer.com/article/10.1007/s11032-010-9534-x#SecESM1","MQTL_all traitsV3.0_final",FALSE
"M00856","QTL_height_5A_1","5A","Morphological trait","Plant height","Morphological","60.3",60.3,60.3,"cM","all values < 1000 -> cM",NA,"https://link.springer.com/article/10.1007/s11032-010-9534-x#SecESM1","MQTL_all traitsV3.0_final",FALSE
"M00857","QTL_height_5B_1","5B","Morphological trait","Plant height","Morphological","116.4",116.4,116.4,"cM","all values < 1000 -> cM",NA,"https://link.springer.com/article/10.1007/s11032-010-9534-x#SecESM1","MQTL_all traitsV3.0_final",FALSE
"M00858","QTL_height_6A_1","6A","Morphological trait","Plant height","Morphological","32.2",32.2,32.2,"cM","all values < 1000 -> cM",NA,"https://link.springer.com/article/10.1007/s11032-010-9534-x#SecESM1","MQTL_all traitsV3.0_final",FALSE
"M00859","QTL_height_6B_1","6B","Morphological trait","Plant height","Morphological","35.8",35.8,35.8,"cM","all values < 1000 -> cM",NA,"https://link.springer.com/article/10.1007/s11032-010-9534-x#SecESM1","MQTL_all traitsV3.0_final",FALSE
"M00860","QTL_height_6D_1","6D","Morphological trait","Plant height","Morphological","70.3",70.3,70.3,"cM","all values < 1000 -> cM",NA,"https://link.springer.com/article/10.1007/s11032-010-9534-x#SecESM1","MQTL_all traitsV3.0_final",FALSE
"M00861","YIELD_MQTL3A.1_I","3A","Morphological traits","Spike width; spike length","Morphological","53.85",53.85,53.85,"cM","all values < 1000 -> cM",NA,"https://www.frontiersin.org/journals/plant-science/articles/10.3389/fpls.2022.984269/full","MQTL_all traitsV3.0_final",FALSE
"M00862","YIELD_MQTL3B.3_I","3B","Morphological traits","Spike width","Morphological","206.94",206.94,206.94,"cM","all values < 1000 -> cM",NA,"https://www.frontiersin.org/journals/plant-science/articles/10.3389/fpls.2022.984269/full","MQTL_all traitsV3.0_final",FALSE
"M00863","YIELD_MQTL4A.1_I","4A","Morphological traits","Spike length","Morphological","118.62",118.62,118.62,"cM","all values < 1000 -> cM",NA,"https://www.frontiersin.org/journals/plant-science/articles/10.3389/fpls.2022.984269/full","MQTL_all traitsV3.0_final",FALSE
"M00864","YIELD_MQTL4B.2_I","4B","Morphological traits","Spike length","Morphological","48.41",48.41,48.41,"cM","all values < 1000 -> cM",NA,"https://www.frontiersin.org/journals/plant-science/articles/10.3389/fpls.2022.984269/full","MQTL_all traitsV3.0_final",FALSE
"M00865","YIELD_MQTL5A.2_I","5A","Morphological traits","Spike length","Morphological","173.27",173.27,173.27,"cM","all values < 1000 -> cM",NA,"https://www.frontiersin.org/journals/plant-science/articles/10.3389/fpls.2022.984269/full","MQTL_all traitsV3.0_final",FALSE
"M00866","YIELD_MQTL5B.1_I","5B","Morphological traits","Spike length","Morphological","44.52",44.52,44.52,"cM","all values < 1000 -> cM",NA,"https://www.frontiersin.org/journals/plant-science/articles/10.3389/fpls.2022.984269/full","MQTL_all traitsV3.0_final",FALSE
"M00867","YIELD_MQTL7B.2_I","7B","Morphological traits","Spike length","Morphological","50.13",50.13,50.13,"cM","all values < 1000 -> cM",NA,"https://www.frontiersin.org/journals/plant-science/articles/10.3389/fpls.2022.984269/full","MQTL_all traitsV3.0_final",FALSE
"M00868","MQTL-1","1A","Morphological traits","Flag leaf length; flag leaf width; flag leaf area","Morphological","8.3–19.8",8.3,19.8,"cM","all values < 1000 -> cM",NA,"https://journals.plos.org/plosone/article?id=10.1371/journal.pone.0276602","MQTL_all traitsV3.0_final",FALSE
"M00869","MQTL-2","1A","Morphological traits","Flag leaf width; flag leaf area","Morphological","472.0–480.6",472,480.6,"cM","all values < 1000 -> cM",NA,"https://journals.plos.org/plosone/article?id=10.1371/journal.pone.0276602","MQTL_all traitsV3.0_final",FALSE
"M00870","MQTL-3","1B","Morphological traits","Flag leaf length; flag leaf width; flag leaf area; flag leaf length-width ratio; flag leaf angle","Morphological","25.0–124.0",25,124,"cM","all values < 1000 -> cM",NA,"https://journals.plos.org/plosone/article?id=10.1371/journal.pone.0276602","MQTL_all traitsV3.0_final",FALSE
"M00871","MQTL-4","1B","Morphological traits","Flag leaf width; flag leaf area","Morphological","658.7–661.4",658.7,661.4,"cM","all values < 1000 -> cM",NA,"https://journals.plos.org/plosone/article?id=10.1371/journal.pone.0276602","MQTL_all traitsV3.0_final",FALSE
"M00872","MQTL-5","1D","Morphological traits","Flag leaf width; flag leaf area","Morphological","367.4–435.5",367.4,435.5,"cM","all values < 1000 -> cM",NA,"https://journals.plos.org/plosone/article?id=10.1371/journal.pone.0276602","MQTL_all traitsV3.0_final",FALSE
"M00873","MQTL-6","2A","Morphological traits","Flag leaf length; flag leaf area","Morphological","89.6–101.0",89.6,101,"cM","all values < 1000 -> cM",NA,"https://journals.plos.org/plosone/article?id=10.1371/journal.pone.0276602","MQTL_all traitsV3.0_final",FALSE
"M00874","MQTL-7","2A","Morphological traits","Flag leaf width; flag leaf length-width ratio","Morphological","32.9–33.3",32.9,33.3,"cM","all values < 1000 -> cM",NA,"https://journals.plos.org/plosone/article?id=10.1371/journal.pone.0276602","MQTL_all traitsV3.0_final",FALSE
"M00875","MQTL-8","2A","Morphological traits","Flag leaf length; flag leaf width; flag leaf area","Morphological","84.9–93.9",84.9,93.9,"cM","all values < 1000 -> cM",NA,"https://journals.plos.org/plosone/article?id=10.1371/journal.pone.0276602","MQTL_all traitsV3.0_final",FALSE
"M00876","MQTL-9","2A","Morphological traits","Flag leaf width; flag leaf area","Morphological","685.5–718.8",685.5,718.8,"cM","all values < 1000 -> cM",NA,"https://journals.plos.org/plosone/article?id=10.1371/journal.pone.0276602","MQTL_all traitsV3.0_final",FALSE
"M00877","MQTL-10","2B","Morphological traits","Flag leaf length; flag leaf area","Morphological","4.4–23.5",4.4,23.5,"cM","all values < 1000 -> cM",NA,"https://journals.plos.org/plosone/article?id=10.1371/journal.pone.0276602","MQTL_all traitsV3.0_final",FALSE
"M00878","MQTL-11","2B","Morphological traits","Flag leaf length; flag leaf width; flag leaf area; flag leaf length-width ratio","Morphological","15.7–28.4",15.7,28.4,"cM","all values < 1000 -> cM",NA,"https://journals.plos.org/plosone/article?id=10.1371/journal.pone.0276602","MQTL_all traitsV3.0_final",FALSE
"M00879","MQTL-12","2B","Morphological traits","Flag leaf length; flag leaf width; flag leaf area","Morphological","53.5–79.3",53.5,79.3,"cM","all values < 1000 -> cM",NA,"https://journals.plos.org/plosone/article?id=10.1371/journal.pone.0276602","MQTL_all traitsV3.0_final",FALSE
"M00880","MQTL-13","2D","Morphological traits","Flag leaf length; flag leaf width; flag leaf area","Morphological","2.5–10.5",2.5,10.5,"cM","all values < 1000 -> cM",NA,"https://journals.plos.org/plosone/article?id=10.1371/journal.pone.0276602","MQTL_all traitsV3.0_final",FALSE
"M00881","MQTL-14","2D","Morphological traits","Flag leaf width; flag leaf area","Morphological","56.8–70.1",56.8,70.1,"cM","all values < 1000 -> cM",NA,"https://journals.plos.org/plosone/article?id=10.1371/journal.pone.0276602","MQTL_all traitsV3.0_final",FALSE
"M00882","MQTL-15","3A","Morphological traits","Flag leaf length; flag leaf width","Morphological","5.3–36.2",5.3,36.2,"cM","all values < 1000 -> cM",NA,"https://journals.plos.org/plosone/article?id=10.1371/journal.pone.0276602","MQTL_all traitsV3.0_final",FALSE
"M00883","MQTL-16","3A","Morphological traits","Flag leaf width; flag leaf area","Morphological","600.9–605.8",600.9,605.8,"cM","all values < 1000 -> cM",NA,"https://journals.plos.org/plosone/article?id=10.1371/journal.pone.0276602","MQTL_all traitsV3.0_final",FALSE
"M00884","MQTL-17","3A","Morphological traits","Flag leaf length; flag leaf width; flag leaf area; flag leaf length-width ratio","Morphological","648.0–666.3",648,666.3,"cM","all values < 1000 -> cM",NA,"https://journals.plos.org/plosone/article?id=10.1371/journal.pone.0276602","MQTL_all traitsV3.0_final",FALSE
"M00885","MQTL-18","3B","Morphological traits","Flag leaf length; flag leaf width; flag leaf area","Morphological","0.2–32.3",0.2,32.3,"cM","all values < 1000 -> cM",NA,"https://journals.plos.org/plosone/article?id=10.1371/journal.pone.0276602","MQTL_all traitsV3.0_final",FALSE
"M00886","MQTL-19","3B","Morphological traits","Flag leaf length; flag leaf width","Morphological","40.3–47.7",40.3,47.7,"cM","all values < 1000 -> cM",NA,"https://journals.plos.org/plosone/article?id=10.1371/journal.pone.0276602","MQTL_all traitsV3.0_final",FALSE
"M00887","MQTL-20","3B","Morphological traits","Flag leaf width; flag leaf area","Morphological","667.8–700.9",667.8,700.9,"cM","all values < 1000 -> cM",NA,"https://journals.plos.org/plosone/article?id=10.1371/journal.pone.0276602","MQTL_all traitsV3.0_final",FALSE
"M00888","MQTL-21","3B","Morphological traits","Flag leaf length; flag leaf width","Morphological","704.5–749.8",704.5,749.8,"cM","all values < 1000 -> cM",NA,"https://journals.plos.org/plosone/article?id=10.1371/journal.pone.0276602","MQTL_all traitsV3.0_final",FALSE
"M00889","MQTL-22","3D","Morphological traits","Flag leaf width; flag leaf length-width ratio","Morphological","62.1–179.3",62.1,179.3,"cM","all values < 1000 -> cM",NA,"https://journals.plos.org/plosone/article?id=10.1371/journal.pone.0276602","MQTL_all traitsV3.0_final",FALSE
"M00890","MQTL-23","4A","Morphological traits","Flag leaf length; flag leaf width; flag leaf area","Morphological","606.6–614.5",606.6,614.5,"cM","all values < 1000 -> cM",NA,"https://journals.plos.org/plosone/article?id=10.1371/journal.pone.0276602","MQTL_all traitsV3.0_final",FALSE
"M00891","MQTL-24","4A","Morphological traits","Flag leaf width; flag leaf area","Morphological","596.8–605.0",596.8,605,"cM","all values < 1000 -> cM",NA,"https://journals.plos.org/plosone/article?id=10.1371/journal.pone.0276602","MQTL_all traitsV3.0_final",FALSE
"M00892","MQTL-25","4A","Morphological traits","Flag leaf length; flag leaf area","Morphological","718.9–732.5",718.9,732.5,"cM","all values < 1000 -> cM",NA,"https://journals.plos.org/plosone/article?id=10.1371/journal.pone.0276602","MQTL_all traitsV3.0_final",FALSE
"M00893","MQTL-26","4A","Morphological traits","Flag leaf length; flag leaf area","Morphological","698.0–723.8",698,723.8,"cM","all values < 1000 -> cM",NA,"https://journals.plos.org/plosone/article?id=10.1371/journal.pone.0276602","MQTL_all traitsV3.0_final",FALSE
"M00894","MQTL-27","4B","Morphological traits","Flag leaf length; flag leaf area","Morphological","2.3–2.7",2.3,2.7,"cM","all values < 1000 -> cM",NA,"https://journals.plos.org/plosone/article?id=10.1371/journal.pone.0276602","MQTL_all traitsV3.0_final",FALSE
"M00895","MQTL-28","4B","Morphological traits","Flag leaf length; flag leaf width; flag leaf area; flag leaf length-width ratio","Morphological","20.6–21.6",20.6,21.6,"cM","all values < 1000 -> cM",NA,"https://journals.plos.org/plosone/article?id=10.1371/journal.pone.0276602","MQTL_all traitsV3.0_final",FALSE
"M00896","MQTL-29","4B","Morphological traits","Flag leaf length; flag leaf area; flag leaf length-width ratio","Morphological","50.4–102.5",50.4,102.5,"cM","all values < 1000 -> cM",NA,"https://journals.plos.org/plosone/article?id=10.1371/journal.pone.0276602","MQTL_all traitsV3.0_final",FALSE
"M00897","MQTL-30","4B","Morphological traits","Flag leaf length; flag leaf area; flag leaf length-width ratio","Morphological","546.0–589.8",546,589.8,"cM","all values < 1000 -> cM",NA,"https://journals.plos.org/plosone/article?id=10.1371/journal.pone.0276602","MQTL_all traitsV3.0_final",FALSE
"M00898","MQTL-31","4D","Morphological traits","Flag leaf length; flag leaf width; flag leaf angle","Morphological","11.5–227.2",11.5,227.2,"cM","all values < 1000 -> cM",NA,"https://journals.plos.org/plosone/article?id=10.1371/journal.pone.0276602","MQTL_all traitsV3.0_final",FALSE
"M00899","MQTL-32","4D","Morphological traits","Flag leaf width; flag leaf length-width ratio","Morphological","16.1–475.2",16.1,475.2,"cM","all values < 1000 -> cM",NA,"https://journals.plos.org/plosone/article?id=10.1371/journal.pone.0276602","MQTL_all traitsV3.0_final",FALSE
"M00900","MQTL-33","4D","Morphological traits","Flag leaf length; flag leaf width","Morphological","209.2–380.2",209.2,380.2,"cM","all values < 1000 -> cM",NA,"https://journals.plos.org/plosone/article?id=10.1371/journal.pone.0276602","MQTL_all traitsV3.0_final",FALSE
"M00901","MQTL-34","5A","Morphological traits","Flag leaf length; flag leaf width; flag leaf area; flag leaf length-width ratio","Morphological","253.6–306.5",253.6,306.5,"cM","all values < 1000 -> cM",NA,"https://journals.plos.org/plosone/article?id=10.1371/journal.pone.0276602","MQTL_all traitsV3.0_final",FALSE
"M00902","MQTL-35","5A","Morphological traits","Flag leaf length","Morphological","494.5–503.0",494.5,503,"cM","all values < 1000 -> cM",NA,"https://journals.plos.org/plosone/article?id=10.1371/journal.pone.0276602","MQTL_all traitsV3.0_final",FALSE
"M00903","MQTL-36","5A","Morphological traits","Flag leaf length; flag leaf width","Morphological","555.2–594.1",555.2,594.1,"cM","all values < 1000 -> cM",NA,"https://journals.plos.org/plosone/article?id=10.1371/journal.pone.0276602","MQTL_all traitsV3.0_final",FALSE
"M00904","MQTL-37","5A","Morphological traits","Flag leaf length; flag leaf width; flag leaf area; flag leaf length-width ratio","Morphological","680.5–681.9",680.5,681.9,"cM","all values < 1000 -> cM",NA,"https://journals.plos.org/plosone/article?id=10.1371/journal.pone.0276602","MQTL_all traitsV3.0_final",FALSE
"M00905","MQTL-38","5B","Morphological traits","Flag leaf length; flag leaf width","Morphological","355.2–437.8",355.2,437.8,"cM","all values < 1000 -> cM",NA,"https://journals.plos.org/plosone/article?id=10.1371/journal.pone.0276602","MQTL_all traitsV3.0_final",FALSE
"M00906","MQTL-39","5B","Morphological traits","Flag leaf length","Morphological","368.8–502.3",368.8,502.3,"cM","all values < 1000 -> cM",NA,"https://journals.plos.org/plosone/article?id=10.1371/journal.pone.0276602","MQTL_all traitsV3.0_final",FALSE
"M00907","MQTL-40","5B","Morphological traits","Flag leaf length; flag leaf area","Morphological","485.6–590.5",485.6,590.5,"cM","all values < 1000 -> cM",NA,"https://journals.plos.org/plosone/article?id=10.1371/journal.pone.0276602","MQTL_all traitsV3.0_final",FALSE
"M00908","MQTL-41","5B","Morphological traits","Flag leaf length; flag leaf width; flag leaf area; flag leaf angle","Morphological","678.0–678.6",678,678.6,"cM","all values < 1000 -> cM",NA,"https://journals.plos.org/plosone/article?id=10.1371/journal.pone.0276602","MQTL_all traitsV3.0_final",FALSE
"M00909","MQTL-42","5D","Morphological traits","Flag leaf length; flag leaf width; flag leaf area","Morphological","58.1–235.5",58.1,235.5,"cM","all values < 1000 -> cM",NA,"https://journals.plos.org/plosone/article?id=10.1371/journal.pone.0276602","MQTL_all traitsV3.0_final",FALSE
"M00910","MQTL-43","5D","Morphological traits","Flag leaf length; flag leaf width; flag leaf area","Morphological","401.4–411.2",401.4,411.2,"cM","all values < 1000 -> cM",NA,"https://journals.plos.org/plosone/article?id=10.1371/journal.pone.0276602","MQTL_all traitsV3.0_final",FALSE
"M00911","MQTL-44","6A","Morphological traits","Flag leaf length; flag leaf width; flag leaf area","Morphological","574.2–580.2",574.2,580.2,"cM","all values < 1000 -> cM",NA,"https://journals.plos.org/plosone/article?id=10.1371/journal.pone.0276602","MQTL_all traitsV3.0_final",FALSE
"M00912","MQTL-45","6B","Morphological traits","Flag leaf length; flag leaf area","Morphological","68.5–196.5",68.5,196.5,"cM","all values < 1000 -> cM",NA,"https://journals.plos.org/plosone/article?id=10.1371/journal.pone.0276602","MQTL_all traitsV3.0_final",FALSE
"M00913","MQTL-46","6B","Morphological traits","Flag leaf length; flag leaf width; flag leaf area","Morphological","556.5–669.4",556.5,669.4,"cM","all values < 1000 -> cM",NA,"https://journals.plos.org/plosone/article?id=10.1371/journal.pone.0276602","MQTL_all traitsV3.0_final",FALSE
"M00914","MQTL-47","6B","Morphological traits","Flag leaf length","Morphological","686.4–707.9",686.4,707.9,"cM","all values < 1000 -> cM",NA,"https://journals.plos.org/plosone/article?id=10.1371/journal.pone.0276602","MQTL_all traitsV3.0_final",FALSE
"M00915","MQTL-48","6D","Morphological traits","Flag leaf width","Morphological","39.5–447.1",39.5,447.1,"cM","all values < 1000 -> cM",NA,"https://journals.plos.org/plosone/article?id=10.1371/journal.pone.0276602","MQTL_all traitsV3.0_final",FALSE
"M00916","MQTL-49","7A","Morphological traits","Flag leaf length; flag leaf width; flag leaf area","Morphological","62.1–64.8",62.1,64.8,"cM","all values < 1000 -> cM",NA,"https://journals.plos.org/plosone/article?id=10.1371/journal.pone.0276602","MQTL_all traitsV3.0_final",FALSE
"M00917","MQTL-50","7A","Morphological traits","Flag leaf area; flag leaf length-width ratio","Morphological","76.4–452.3",76.4,452.3,"cM","all values < 1000 -> cM",NA,"https://journals.plos.org/plosone/article?id=10.1371/journal.pone.0276602","MQTL_all traitsV3.0_final",FALSE
"M00918","MQTL-51","7A","Morphological traits","Flag leaf width; flag leaf area; flag leaf length-width ratio","Morphological","26.4–93.1",26.4,93.1,"cM","all values < 1000 -> cM",NA,"https://journals.plos.org/plosone/article?id=10.1371/journal.pone.0276602","MQTL_all traitsV3.0_final",FALSE
"M00919","MQTL-52","7B","Morphological traits","Flag leaf length; flag leaf width; flag leaf area","Morphological","583.5–588.9",583.5,588.9,"cM","all values < 1000 -> cM",NA,"https://journals.plos.org/plosone/article?id=10.1371/journal.pone.0276602","MQTL_all traitsV3.0_final",FALSE
"M00920","MQTL-53","7D","Morphological traits","Flag leaf length; flag leaf width; flag leaf area","Morphological","3.1–54.0",3.1,54,"cM","all values < 1000 -> cM",NA,"https://journals.plos.org/plosone/article?id=10.1371/journal.pone.0276602","MQTL_all traitsV3.0_final",FALSE
"M00921","MQTL-54","7D","Morphological traits","Flag leaf width","Morphological","174.4–386.4",174.4,386.4,"cM","all values < 1000 -> cM",NA,"https://journals.plos.org/plosone/article?id=10.1371/journal.pone.0276602","MQTL_all traitsV3.0_final",FALSE
"M00922","MQTL-55","7D","Morphological traits","Flag leaf length; flag leaf width","Morphological","364.6–413.7",364.6,413.7,"cM","all values < 1000 -> cM",NA,"https://journals.plos.org/plosone/article?id=10.1371/journal.pone.0276602","MQTL_all traitsV3.0_final",FALSE
"M00923","MQTL-2A.1","2A","Morphological traits","Flag leaf width; flag leaf area","Morphological","31025604–40589528",31025604,40589528,"bp","contains value >= 1000 -> bp",NA,"https://pmc.ncbi.nlm.nih.gov/articles/PMC9854125/","MQTL_all traitsV3.0_final",FALSE
"M00924","MQTL-2A.2","2A","Morphological traits","Flag leaf length; flag leaf area","Morphological","67712263–78329436",67712263,78329436,"bp","contains value >= 1000 -> bp",NA,"https://pmc.ncbi.nlm.nih.gov/articles/PMC9854125/","MQTL_all traitsV3.0_final",FALSE
"M00925","MQTL-2A.3","2A","Morphological traits","Flag leaf length; flag leaf area","Morphological","59553716–78326762",59553716,78326762,"bp","contains value >= 1000 -> bp",NA,"https://pmc.ncbi.nlm.nih.gov/articles/PMC9854125/","MQTL_all traitsV3.0_final",FALSE
"M00926","MQTL-2A.5","2A","Morphological traits","Flag leaf length; flag leaf width","Morphological","112742680–122146435",112742680,122146435,"bp","contains value >= 1000 -> bp",NA,"https://pmc.ncbi.nlm.nih.gov/articles/PMC9854125/","MQTL_all traitsV3.0_final",FALSE
"M00927","MQTL-2B.4","2B","Morphological traits","Flag leaf length; flag leaf width; flag leaf area","Morphological","632921191–636481655",632921191,636481655,"bp","contains value >= 1000 -> bp",NA,"https://pmc.ncbi.nlm.nih.gov/articles/PMC9854125/","MQTL_all traitsV3.0_final",FALSE
"M00928","MQTL-2B.6","2B","Morphological traits","Flag leaf length; flag leaf area","Morphological","676172474–677808160",676172474,677808160,"bp","contains value >= 1000 -> bp",NA,"https://pmc.ncbi.nlm.nih.gov/articles/PMC9854125/","MQTL_all traitsV3.0_final",FALSE
"M00929","MQTL-2B.8","2B","Morphological traits","Flag leaf length; flag leaf width","Morphological","693069555–694997337",693069555,694997337,"bp","contains value >= 1000 -> bp",NA,"https://pmc.ncbi.nlm.nih.gov/articles/PMC9854125/","MQTL_all traitsV3.0_final",FALSE
"M00930","MQTL-3B.4","3B","Morphological traits","Flag leaf length; flag leaf width","Morphological","750141842–760139108",750141842,760139108,"bp","contains value >= 1000 -> bp",NA,"https://pmc.ncbi.nlm.nih.gov/articles/PMC9854125/","MQTL_all traitsV3.0_final",FALSE
"M00931","MQTL-3B.5","3B","Morphological traits","Flag leaf length; flag leaf width; flag leaf area","Morphological","732824415–738985172",732824415,738985172,"bp","contains value >= 1000 -> bp",NA,"https://pmc.ncbi.nlm.nih.gov/articles/PMC9854125/","MQTL_all traitsV3.0_final",FALSE
"M00932","MQTL-5A.4","5A","Morphological traits","Flag leaf length; flag leaf width; flag leaf area","Morphological","644132169–663836794",644132169,663836794,"bp","contains value >= 1000 -> bp",NA,"https://pmc.ncbi.nlm.nih.gov/articles/PMC9854125/","MQTL_all traitsV3.0_final",FALSE
"M00933","MQTL-5B.3","5B","Morphological traits","Flag leaf length; flag leaf width; flag leaf area","Morphological","670524595–690225662",670524595,690225662,"bp","contains value >= 1000 -> bp",NA,"https://pmc.ncbi.nlm.nih.gov/articles/PMC9854125/","MQTL_all traitsV3.0_final",FALSE
"M00934","MQTL-6B.6","6B","Morphological traits","Flag leaf length","Morphological","717862165–719732713",717862165,719732713,"bp","contains value >= 1000 -> bp",NA,"https://pmc.ncbi.nlm.nih.gov/articles/PMC9854125/","MQTL_all traitsV3.0_final",FALSE
"M00935","MQTL-7A.5","7A","Morphological traits","Flag leaf length; flag leaf width; flag leaf area","Morphological","694930915–701309255",694930915,701309255,"bp","contains value >= 1000 -> bp",NA,"https://pmc.ncbi.nlm.nih.gov/articles/PMC9854125/","MQTL_all traitsV3.0_final",FALSE
"M00936","MQTL1A","1A","Morphological traits","Second internode diameter / internode diameter; Stem vascular bundles; Stem pith diameter","Morphological","3.67",3.67,3.67,"cM","all values < 1000 -> cM",NA,"https://pmc.ncbi.nlm.nih.gov/articles/PMC12063419/","MQTL_all traitsV3.0_final",FALSE
"M00937","MQTL1B.2","1B","Morphological traits","Second internode diameter / internode diameter","Morphological","196.81",196.81,196.81,"cM","all values < 1000 -> cM",NA,"https://pmc.ncbi.nlm.nih.gov/articles/PMC12063419/","MQTL_all traitsV3.0_final",FALSE
"M00938","MQTL1D.1","1D","Morphological traits","Stem weight; Second internode diameter / internode diameter","Morphological","8.86",8.86,8.86,"cM","all values < 1000 -> cM",NA,"https://pmc.ncbi.nlm.nih.gov/articles/PMC12063419/","MQTL_all traitsV3.0_final",FALSE
"M00939","MQTL1D.2","1D","Morphological traits","Second internode diameter / internode diameter","Morphological","69.66",69.66,69.66,"cM","all values < 1000 -> cM",NA,"https://pmc.ncbi.nlm.nih.gov/articles/PMC12063419/","MQTL_all traitsV3.0_final",FALSE
"M00940","MQTL2A.1","2A","Morphological traits","Solid stem / stem solidness; Second internode diameter / internode diameter","Morphological","0.97",0.97,0.97,"cM","all values < 1000 -> cM",NA,"https://pmc.ncbi.nlm.nih.gov/articles/PMC12063419/","MQTL_all traitsV3.0_final",FALSE
"M00941","MQTL2A.2","2A","Morphological traits","Solid stem / stem solidness","Morphological","1.76",1.76,1.76,"cM","all values < 1000 -> cM",NA,"https://pmc.ncbi.nlm.nih.gov/articles/PMC12063419/","MQTL_all traitsV3.0_final",FALSE
"M00942","MQTL2A.3","2A","Morphological traits","Lodging; Solid stem / stem solidness","Morphological","41.1",41.1,41.1,"cM","all values < 1000 -> cM",NA,"https://pmc.ncbi.nlm.nih.gov/articles/PMC12063419/","MQTL_all traitsV3.0_final",FALSE
"M00943","MQTL2A.4","2A","Morphological traits","Lodging; Solid stem / stem solidness","Morphological","9.81",9.81,9.81,"cM","all values < 1000 -> cM",NA,"https://pmc.ncbi.nlm.nih.gov/articles/PMC12063419/","MQTL_all traitsV3.0_final",FALSE
"M00944","MQTL2B.1","2B","Morphological traits","Water-soluble carbohydrates","Morphological","9.18",9.18,9.18,"cM","all values < 1000 -> cM",NA,"https://pmc.ncbi.nlm.nih.gov/articles/PMC12063419/","MQTL_all traitsV3.0_final",FALSE
"M00945","MQTL2B.2","2B","Morphological traits","Stem weight; Stem node number","Morphological","531.79",531.79,531.79,"cM","all values < 1000 -> cM",NA,"https://pmc.ncbi.nlm.nih.gov/articles/PMC12063419/","MQTL_all traitsV3.0_final",FALSE
"M00946","MQTL2B.3","2B","Morphological traits","Second internode diameter / internode diameter; Lodging","Morphological","177.78",177.78,177.78,"cM","all values < 1000 -> cM",NA,"https://pmc.ncbi.nlm.nih.gov/articles/PMC12063419/","MQTL_all traitsV3.0_final",FALSE
"M00947","MQTL2D.1","2D","Morphological traits","Stem vascular bundles; Solid stem / stem solidness; Water-soluble carbohydrates; Stem wall thickness","Morphological","17.36",17.36,17.36,"cM","all values < 1000 -> cM",NA,"https://pmc.ncbi.nlm.nih.gov/articles/PMC12063419/","MQTL_all traitsV3.0_final",FALSE
"M00948","MQTL2D.2","2D","Morphological traits","Water-soluble carbohydrates; Lodging","Morphological","344.82",344.82,344.82,"cM","all values < 1000 -> cM",NA,"https://pmc.ncbi.nlm.nih.gov/articles/PMC12063419/","MQTL_all traitsV3.0_final",FALSE
"M00949","MQTL2D.3","2D","Morphological traits","Stem pith diameter; Stem wall thickness","Morphological","18.18",18.18,18.18,"cM","all values < 1000 -> cM",NA,"https://pmc.ncbi.nlm.nih.gov/articles/PMC12063419/","MQTL_all traitsV3.0_final",FALSE
"M00950","MQTL2D.4","2D","Morphological traits","Lodging; Solid stem / stem solidness","Morphological","65.78",65.78,65.78,"cM","all values < 1000 -> cM",NA,"https://pmc.ncbi.nlm.nih.gov/articles/PMC12063419/","MQTL_all traitsV3.0_final",FALSE
"M00951","MQTL3B.1","3B","Morphological traits","Second internode diameter / internode diameter; Water-soluble carbohydrates; Stem pith diameter; Stem strength","Morphological","7.83",7.83,7.83,"cM","all values < 1000 -> cM",NA,"https://pmc.ncbi.nlm.nih.gov/articles/PMC12063419/","MQTL_all traitsV3.0_final",FALSE
"M00952","MQTL3B.2","3B","Morphological traits","Second internode diameter / internode diameter; Water-soluble carbohydrates; Stem strength","Morphological","14.2",14.2,14.2,"cM","all values < 1000 -> cM",NA,"https://pmc.ncbi.nlm.nih.gov/articles/PMC12063419/","MQTL_all traitsV3.0_final",FALSE
"M00953","MQTL3B.3","3B","Morphological traits","Stem pith diameter; Second internode diameter / internode diameter","Morphological","7.53",7.53,7.53,"cM","all values < 1000 -> cM",NA,"https://pmc.ncbi.nlm.nih.gov/articles/PMC12063419/","MQTL_all traitsV3.0_final",FALSE
"M00954","MQTL3D.1","3D","Morphological traits","Lodging; Second internode diameter / internode diameter","Morphological","418.06",418.06,418.06,"cM","all values < 1000 -> cM",NA,"https://pmc.ncbi.nlm.nih.gov/articles/PMC12063419/","MQTL_all traitsV3.0_final",FALSE
"M00955","MQTL3D.2","3D","Morphological traits","Second internode diameter / internode diameter","Morphological","254.97",254.97,254.97,"cM","all values < 1000 -> cM",NA,"https://pmc.ncbi.nlm.nih.gov/articles/PMC12063419/","MQTL_all traitsV3.0_final",FALSE
"M00956","MQTL4A.1","4A","Morphological traits","Stem thickness–diameter ratio; Stem pith diameter; Second internode diameter / internode diameter; Stem wall thickness; Solid stem / stem solidness; Lodging","Morphological","8.8",8.8,8.8,"cM","all values < 1000 -> cM",NA,"https://pmc.ncbi.nlm.nih.gov/articles/PMC12063419/","MQTL_all traitsV3.0_final",FALSE
"M00957","MQTL4A.2","4A","Morphological traits","Second internode diameter / internode diameter; Solid stem / stem solidness; Stem weight; Water-soluble carbohydrates","Morphological","21.73",21.73,21.73,"cM","all values < 1000 -> cM",NA,"https://pmc.ncbi.nlm.nih.gov/articles/PMC12063419/","MQTL_all traitsV3.0_final",FALSE
"M00958","MQTL4B.1","4B","Morphological traits","Stem wall area; Lodging; Second internode diameter / internode diameter; Second internode length","Morphological","31.82",31.82,31.82,"cM","all values < 1000 -> cM",NA,"https://pmc.ncbi.nlm.nih.gov/articles/PMC12063419/","MQTL_all traitsV3.0_final",FALSE
"M00959","MQTL4B.3","4B","Morphological traits","Second internode diameter / internode diameter; Lodging","Morphological","80.31",80.31,80.31,"cM","all values < 1000 -> cM",NA,"https://pmc.ncbi.nlm.nih.gov/articles/PMC12063419/","MQTL_all traitsV3.0_final",FALSE
"M00960","MQTL4D.1","4D","Morphological traits","Second internode length; Second internode diameter / internode diameter; Lodging","Morphological","25.63",25.63,25.63,"cM","all values < 1000 -> cM",NA,"https://pmc.ncbi.nlm.nih.gov/articles/PMC12063419/","MQTL_all traitsV3.0_final",FALSE
"M00961","MQTL4D.2","4D","Morphological traits","Second internode length; Lodging","Morphological","338.55",338.55,338.55,"cM","all values < 1000 -> cM",NA,"https://pmc.ncbi.nlm.nih.gov/articles/PMC12063419/","MQTL_all traitsV3.0_final",FALSE
"M00962","MQTL4D.3","4D","Morphological traits","Second internode diameter / internode diameter","Morphological","15.56",15.56,15.56,"cM","all values < 1000 -> cM",NA,"https://pmc.ncbi.nlm.nih.gov/articles/PMC12063419/","MQTL_all traitsV3.0_final",FALSE
"M00963","MQTL5A.1","5A","Morphological traits","Lodging; Solid stem / stem solidness","Morphological","52.35",52.35,52.35,"cM","all values < 1000 -> cM",NA,"https://pmc.ncbi.nlm.nih.gov/articles/PMC12063419/","MQTL_all traitsV3.0_final",FALSE
"M00964","MQTL5A.2","5A","Morphological traits","Lodging; Solid stem / stem solidness","Morphological","104.85",104.85,104.85,"cM","all values < 1000 -> cM",NA,"https://pmc.ncbi.nlm.nih.gov/articles/PMC12063419/","MQTL_all traitsV3.0_final",FALSE
"M00965","MQTL5A.3","5A","Morphological traits","Water-soluble carbohydrates; Second internode diameter / internode diameter; Lodging; Stem wall thickness; Stem thickness–diameter ratio","Morphological","5.38",5.38,5.38,"cM","all values < 1000 -> cM",NA,"https://pmc.ncbi.nlm.nih.gov/articles/PMC12063419/","MQTL_all traitsV3.0_final",FALSE
"M00966","MQTL5A.4","5A","Morphological traits","Second internode diameter / internode diameter","Morphological","23.54",23.54,23.54,"cM","all values < 1000 -> cM",NA,"https://pmc.ncbi.nlm.nih.gov/articles/PMC12063419/","MQTL_all traitsV3.0_final",FALSE
"M00967","MQTL5A.5","5A","Morphological traits","Second internode diameter / internode diameter; Water-soluble carbohydrates","Morphological","92.66",92.66,92.66,"cM","all values < 1000 -> cM",NA,"https://pmc.ncbi.nlm.nih.gov/articles/PMC12063419/","MQTL_all traitsV3.0_final",FALSE
"M00968","MQTL5D.1","5D","Morphological traits","Stem vascular bundles; Lodging","Morphological","315.14",315.14,315.14,"cM","all values < 1000 -> cM",NA,"https://pmc.ncbi.nlm.nih.gov/articles/PMC12063419/","MQTL_all traitsV3.0_final",FALSE
"M00969","MQTL5D.2","5D","Morphological traits","Stem vascular bundles; Stem thickness–diameter ratio","Morphological","43.43",43.43,43.43,"cM","all values < 1000 -> cM",NA,"https://pmc.ncbi.nlm.nih.gov/articles/PMC12063419/","MQTL_all traitsV3.0_final",FALSE
"M00970","MQTL7A.1","7A","Morphological traits","Second internode diameter / internode diameter; Water-soluble carbohydrates","Morphological","489.7",489.7,489.7,"cM","all values < 1000 -> cM",NA,"https://pmc.ncbi.nlm.nih.gov/articles/PMC12063419/","MQTL_all traitsV3.0_final",FALSE
"M00971","MQTL7A.2","7A","Morphological traits","Water-soluble carbohydrates","Morphological","15.01",15.01,15.01,"cM","all values < 1000 -> cM",NA,"https://pmc.ncbi.nlm.nih.gov/articles/PMC12063419/","MQTL_all traitsV3.0_final",FALSE
"M00972","MQTL7B.1","7B","Morphological traits","Second internode diameter / internode diameter","Morphological","10.8",10.8,10.8,"cM","all values < 1000 -> cM",NA,"https://pmc.ncbi.nlm.nih.gov/articles/PMC12063419/","MQTL_all traitsV3.0_final",FALSE
"M00973","MQTL7B.2","7B","Morphological traits","Solid stem / stem solidness; Lodging; Water-soluble carbohydrates","Morphological","490.76",490.76,490.76,"cM","all values < 1000 -> cM",NA,"https://pmc.ncbi.nlm.nih.gov/articles/PMC12063419/","MQTL_all traitsV3.0_final",FALSE
"M00974","MQTL7D.1","7D","Morphological traits","Stem thickness–diameter ratio; Stem vascular bundles; Water-soluble carbohydrates","Morphological","5.46",5.46,5.46,"cM","all values < 1000 -> cM",NA,"https://pmc.ncbi.nlm.nih.gov/articles/PMC12063419/","MQTL_all traitsV3.0_final",FALSE
"M00975","MQTL_1A_2","1A","Morphological traits","Spikelet number per spike","Morphological","83.88",83.88,83.88,"cM","all values < 1000 -> cM",NA,"https://www.frontiersin.org/journals/plant-science/articles/10.3389/fpls.2021.709817/full","MQTL_all traitsV3.0_final",FALSE
"M00976","MQTL_1A_3","1A","Morphological traits","Seed diameter; Spike length; Spikelet number per spike","Morphological","105.4",105.4,105.4,"cM","all values < 1000 -> cM",NA,"https://www.frontiersin.org/journals/plant-science/articles/10.3389/fpls.2021.709817/full","MQTL_all traitsV3.0_final",FALSE
"M00977","MQTL_1A_4","1A","Morphological traits","Seed diameter; Spike length","Morphological","113.51",113.51,113.51,"cM","all values < 1000 -> cM",NA,"https://www.frontiersin.org/journals/plant-science/articles/10.3389/fpls.2021.709817/full","MQTL_all traitsV3.0_final",FALSE
"M00978","MQTL_1A_5","1A","Morphological traits","Spike length","Morphological","169.72",169.72,169.72,"cM","all values < 1000 -> cM",NA,"https://www.frontiersin.org/journals/plant-science/articles/10.3389/fpls.2021.709817/full","MQTL_all traitsV3.0_final",FALSE
"M00979","MQTL_1B_1","1B","Morphological traits","Seed diameter","Morphological","15.34",15.34,15.34,"cM","all values < 1000 -> cM",NA,"https://www.frontiersin.org/journals/plant-science/articles/10.3389/fpls.2021.709817/full","MQTL_all traitsV3.0_final",FALSE
"M00980","MQTL_1B_2","1B","Morphological traits","Spike length","Morphological","27.06",27.06,27.06,"cM","all values < 1000 -> cM",NA,"https://www.frontiersin.org/journals/plant-science/articles/10.3389/fpls.2021.709817/full","MQTL_all traitsV3.0_final",FALSE
"M00981","MQTL_1B_8","1B","Morphological traits","Spike length","Morphological","82.21",82.21,82.21,"cM","all values < 1000 -> cM",NA,"https://www.frontiersin.org/journals/plant-science/articles/10.3389/fpls.2021.709817/full","MQTL_all traitsV3.0_final",FALSE
"M00982","MQTL_1D_1","1D","Morphological traits","Spikelet number per spike","Morphological","19.18",19.18,19.18,"cM","all values < 1000 -> cM",NA,"https://www.frontiersin.org/journals/plant-science/articles/10.3389/fpls.2021.709817/full","MQTL_all traitsV3.0_final",FALSE
"M00983","MQTL_2A_1","2A","Morphological traits","Spikelet number per spike","Morphological","22.8",22.8,22.8,"cM","all values < 1000 -> cM",NA,"https://www.frontiersin.org/journals/plant-science/articles/10.3389/fpls.2021.709817/full","MQTL_all traitsV3.0_final",FALSE
"M00984","MQTL_2A_2","2A","Morphological traits","Spikelet number per spike","Morphological","36.87",36.87,36.87,"cM","all values < 1000 -> cM",NA,"https://www.frontiersin.org/journals/plant-science/articles/10.3389/fpls.2021.709817/full","MQTL_all traitsV3.0_final",FALSE
"M00985","MQTL_2A_8","2A","Morphological traits","Kernel width","Morphological","170.28",170.28,170.28,"cM","all values < 1000 -> cM",NA,"https://www.frontiersin.org/journals/plant-science/articles/10.3389/fpls.2021.709817/full","MQTL_all traitsV3.0_final",FALSE
"M00986","MQTL_2B_1","2B","Morphological traits","Kernel length; Kernel width; Plant height; Spikelet number per spike","Morphological","48.48",48.48,48.48,"cM","all values < 1000 -> cM",NA,"https://www.frontiersin.org/journals/plant-science/articles/10.3389/fpls.2021.709817/full","MQTL_all traitsV3.0_final",FALSE
"M00987","MQTL_2B_2","2B","Morphological traits","Kernel length; Kernel width; Spikelet number per spike","Morphological","54.01",54.01,54.01,"cM","all values < 1000 -> cM",NA,"https://www.frontiersin.org/journals/plant-science/articles/10.3389/fpls.2021.709817/full","MQTL_all traitsV3.0_final",FALSE
"M00988","MQTL_2B_3","2B","Morphological traits","Spikelet number per spike","Morphological","79.57",79.57,79.57,"cM","all values < 1000 -> cM",NA,"https://www.frontiersin.org/journals/plant-science/articles/10.3389/fpls.2021.709817/full","MQTL_all traitsV3.0_final",FALSE
"M00989","MQTL_2D_1","2D","Morphological traits","Plant height; Spike length","Morphological","60.77",60.77,60.77,"cM","all values < 1000 -> cM",NA,"https://www.frontiersin.org/journals/plant-science/articles/10.3389/fpls.2021.709817/full","MQTL_all traitsV3.0_final",FALSE
"M00990","MQTL_2D_2","2D","Morphological traits","Plant height","Morphological","74.48",74.48,74.48,"cM","all values < 1000 -> cM",NA,"https://www.frontiersin.org/journals/plant-science/articles/10.3389/fpls.2021.709817/full","MQTL_all traitsV3.0_final",FALSE
"M00991","MQTL_2D_3","2D","Morphological traits","Plant height","Morphological","85.6",85.6,85.6,"cM","all values < 1000 -> cM",NA,"https://www.frontiersin.org/journals/plant-science/articles/10.3389/fpls.2021.709817/full","MQTL_all traitsV3.0_final",FALSE
"M00992","MQTL_3A_2","3A","Morphological traits","Spikelet number per spike","Morphological","111.77",111.77,111.77,"cM","all values < 1000 -> cM",NA,"https://www.frontiersin.org/journals/plant-science/articles/10.3389/fpls.2021.709817/full","MQTL_all traitsV3.0_final",FALSE
"M00993","MQTL_3B_1","3B","Morphological traits","Plant height; Spike length; Spikelet number per spike","Morphological","81.11",81.11,81.11,"cM","all values < 1000 -> cM",NA,"https://www.frontiersin.org/journals/plant-science/articles/10.3389/fpls.2021.709817/full","MQTL_all traitsV3.0_final",FALSE
"M00994","MQTL_3B_2","3B","Morphological traits","Plant height; Spike length; Spikelet number per spike","Morphological","92.92",92.92,92.92,"cM","all values < 1000 -> cM",NA,"https://www.frontiersin.org/journals/plant-science/articles/10.3389/fpls.2021.709817/full","MQTL_all traitsV3.0_final",FALSE
"M00995","MQTL_3B_3","3B","Morphological traits","Spikelet number per spike","Morphological","109.1",109.1,109.1,"cM","all values < 1000 -> cM",NA,"https://www.frontiersin.org/journals/plant-science/articles/10.3389/fpls.2021.709817/full","MQTL_all traitsV3.0_final",FALSE
"M00996","MQTL_3B_4","3B","Morphological traits","Spikelet number per spike","Morphological","114.03",114.03,114.03,"cM","all values < 1000 -> cM",NA,"https://www.frontiersin.org/journals/plant-science/articles/10.3389/fpls.2021.709817/full","MQTL_all traitsV3.0_final",FALSE
"M00997","MQTL_3B_5","3B","Morphological traits","Spike length; Spikelet number per spike","Morphological","119.72",119.72,119.72,"cM","all values < 1000 -> cM",NA,"https://www.frontiersin.org/journals/plant-science/articles/10.3389/fpls.2021.709817/full","MQTL_all traitsV3.0_final",FALSE
"M00998","MQTL_3D_2","3D","Morphological traits","Plant height","Morphological","66.11",66.11,66.11,"cM","all values < 1000 -> cM",NA,"https://www.frontiersin.org/journals/plant-science/articles/10.3389/fpls.2021.709817/full","MQTL_all traitsV3.0_final",FALSE
"M00999","MQTL_3D_3","3D","Morphological traits","Plant height","Morphological","121.94",121.94,121.94,"cM","all values < 1000 -> cM",NA,"https://www.frontiersin.org/journals/plant-science/articles/10.3389/fpls.2021.709817/full","MQTL_all traitsV3.0_final",FALSE
"M01000","MQTL_3D_4","3D","Morphological traits","Plant height","Morphological","140.91",140.91,140.91,"cM","all values < 1000 -> cM",NA,"https://www.frontiersin.org/journals/plant-science/articles/10.3389/fpls.2021.709817/full","MQTL_all traitsV3.0_final",FALSE
"M01001","MQTL_4A_1","4A","Morphological traits","Grain length; Grain perimeter length; Spikelet number per spike","Morphological","54.58",54.58,54.58,"cM","all values < 1000 -> cM",NA,"https://www.frontiersin.org/journals/plant-science/articles/10.3389/fpls.2021.709817/full","MQTL_all traitsV3.0_final",FALSE
"M01002","MQTL_4A_2","4A","Morphological traits","Grain length; Grain perimeter length; Spikelet number per spike","Morphological","73.07",73.07,73.07,"cM","all values < 1000 -> cM",NA,"https://www.frontiersin.org/journals/plant-science/articles/10.3389/fpls.2021.709817/full","MQTL_all traitsV3.0_final",FALSE
"M01003","MQTL_4A_3","4A","Morphological traits","Grain length; Grain perimeter length","Morphological","88.37",88.37,88.37,"cM","all values < 1000 -> cM",NA,"https://www.frontiersin.org/journals/plant-science/articles/10.3389/fpls.2021.709817/full","MQTL_all traitsV3.0_final",FALSE
"M01004","MQTL_4A_4","4A","Morphological traits","Grain length; Grain perimeter length; Spikelet number per spike","Morphological","105.92",105.92,105.92,"cM","all values < 1000 -> cM",NA,"https://www.frontiersin.org/journals/plant-science/articles/10.3389/fpls.2021.709817/full","MQTL_all traitsV3.0_final",FALSE
"M01005","MQTL_4B_1","4B","Morphological traits","Plant height; Seed diameter","Morphological","9.07",9.07,9.07,"cM","all values < 1000 -> cM",NA,"https://www.frontiersin.org/journals/plant-science/articles/10.3389/fpls.2021.709817/full","MQTL_all traitsV3.0_final",FALSE
"M01006","MQTL_4B_2","4B","Morphological traits","Plant height; Seed diameter","Morphological","11.84",11.84,11.84,"cM","all values < 1000 -> cM",NA,"https://www.frontiersin.org/journals/plant-science/articles/10.3389/fpls.2021.709817/full","MQTL_all traitsV3.0_final",FALSE
"M01007","MQTL_4B_3","4B","Morphological traits","Kernel width; Plant height; Seed diameter","Morphological","19.71",19.71,19.71,"cM","all values < 1000 -> cM",NA,"https://www.frontiersin.org/journals/plant-science/articles/10.3389/fpls.2021.709817/full","MQTL_all traitsV3.0_final",FALSE
"M01008","MQTL_4B_4","4B","Morphological traits","Kernel width; Plant height; Seed diameter","Morphological","28.2",28.2,28.2,"cM","all values < 1000 -> cM",NA,"https://www.frontiersin.org/journals/plant-science/articles/10.3389/fpls.2021.709817/full","MQTL_all traitsV3.0_final",FALSE
"M01009","MQTL_4D_1","4D","Morphological traits","Spikelet number per spike","Morphological","17.98",17.98,17.98,"cM","all values < 1000 -> cM",NA,"https://www.frontiersin.org/journals/plant-science/articles/10.3389/fpls.2021.709817/full","MQTL_all traitsV3.0_final",FALSE
"M01010","MQTL_4D_3","4D","Morphological traits","Seed diameter","Morphological","100.02",100.02,100.02,"cM","all values < 1000 -> cM",NA,"https://www.frontiersin.org/journals/plant-science/articles/10.3389/fpls.2021.709817/full","MQTL_all traitsV3.0_final",FALSE
"M01011","MQTL_5A_3","5A","Morphological traits","Plant height","Morphological","69.46",69.46,69.46,"cM","all values < 1000 -> cM",NA,"https://www.frontiersin.org/journals/plant-science/articles/10.3389/fpls.2021.709817/full","MQTL_all traitsV3.0_final",FALSE
"M01012","MQTL_5B_3","5B","Morphological traits","Spike length","Morphological","16.1",16.1,16.1,"cM","all values < 1000 -> cM",NA,"https://www.frontiersin.org/journals/plant-science/articles/10.3389/fpls.2021.709817/full","MQTL_all traitsV3.0_final",FALSE
"M01013","MQTL_5D_1","5D","Morphological traits","Kernel length; Spikelet number per spike","Morphological","40.43",40.43,40.43,"cM","all values < 1000 -> cM",NA,"https://www.frontiersin.org/journals/plant-science/articles/10.3389/fpls.2021.709817/full","MQTL_all traitsV3.0_final",FALSE
"M01014","MQTL_5D_2","5D","Morphological traits","Kernel length","Morphological","47.41",47.41,47.41,"cM","all values < 1000 -> cM",NA,"https://www.frontiersin.org/journals/plant-science/articles/10.3389/fpls.2021.709817/full","MQTL_all traitsV3.0_final",FALSE
"M01015","MQTL_6A_1","6A","Morphological traits","Plant height","Morphological","16.14",16.14,16.14,"cM","all values < 1000 -> cM",NA,"https://www.frontiersin.org/journals/plant-science/articles/10.3389/fpls.2021.709817/full","MQTL_all traitsV3.0_final",FALSE
"M01016","MQTL_6A_2","6A","Morphological traits","Spikelet number per spike","Morphological","26.8",26.8,26.8,"cM","all values < 1000 -> cM",NA,"https://www.frontiersin.org/journals/plant-science/articles/10.3389/fpls.2021.709817/full","MQTL_all traitsV3.0_final",FALSE
"M01017","MQTL_6A_3","6A","Morphological traits","Spikelet number per spike","Morphological","58.75",58.75,58.75,"cM","all values < 1000 -> cM",NA,"https://www.frontiersin.org/journals/plant-science/articles/10.3389/fpls.2021.709817/full","MQTL_all traitsV3.0_final",FALSE
"M01018","MQTL_6A_4","6A","Morphological traits","Spikelet number per spike","Morphological","72.28",72.28,72.28,"cM","all values < 1000 -> cM",NA,"https://www.frontiersin.org/journals/plant-science/articles/10.3389/fpls.2021.709817/full","MQTL_all traitsV3.0_final",FALSE
"M01019","MQTL_6A_5","6A","Morphological traits","Spikelet number per spike","Morphological","108.86",108.86,108.86,"cM","all values < 1000 -> cM",NA,"https://www.frontiersin.org/journals/plant-science/articles/10.3389/fpls.2021.709817/full","MQTL_all traitsV3.0_final",FALSE
"M01020","MQTL_6B_4","6B","Morphological traits","Plant height","Morphological","120.97",120.97,120.97,"cM","all values < 1000 -> cM",NA,"https://www.frontiersin.org/journals/plant-science/articles/10.3389/fpls.2021.709817/full","MQTL_all traitsV3.0_final",FALSE
"M01021","MQTL_6B_5","6B","Morphological traits","Plant height","Morphological","130.3",130.3,130.3,"cM","all values < 1000 -> cM",NA,"https://www.frontiersin.org/journals/plant-science/articles/10.3389/fpls.2021.709817/full","MQTL_all traitsV3.0_final",FALSE
"M01022","MQTL_7A_1","7A","Morphological traits","Plant height; Spike length; Spikelet number per spike","Morphological","45.93",45.93,45.93,"cM","all values < 1000 -> cM",NA,"https://www.frontiersin.org/journals/plant-science/articles/10.3389/fpls.2021.709817/full","MQTL_all traitsV3.0_final",FALSE
"M01023","MQTL_7A_2","7A","Morphological traits","Plant height; Spikelet number per spike","Morphological","51.07",51.07,51.07,"cM","all values < 1000 -> cM",NA,"https://www.frontiersin.org/journals/plant-science/articles/10.3389/fpls.2021.709817/full","MQTL_all traitsV3.0_final",FALSE
"M01024","MQTL_7A_3","7A","Morphological traits","Plant height; Spike length","Morphological","59.28",59.28,59.28,"cM","all values < 1000 -> cM",NA,"https://www.frontiersin.org/journals/plant-science/articles/10.3389/fpls.2021.709817/full","MQTL_all traitsV3.0_final",FALSE
"M01025","MQTL_7A_4","7A","Morphological traits","Plant height","Morphological","74.58",74.58,74.58,"cM","all values < 1000 -> cM",NA,"https://www.frontiersin.org/journals/plant-science/articles/10.3389/fpls.2021.709817/full","MQTL_all traitsV3.0_final",FALSE
"M01026","MQTL_7B_1","7B","Morphological traits","Grain length/grain width ratio; Grain perimeter length; Spike length","Morphological","61.32",61.32,61.32,"cM","all values < 1000 -> cM",NA,"https://www.frontiersin.org/journals/plant-science/articles/10.3389/fpls.2021.709817/full","MQTL_all traitsV3.0_final",FALSE
"M01027","MQTL_7B_2","7B","Morphological traits","Grain length/grain width ratio; Grain perimeter length; Plant height; Seed diameter; Spike length","Morphological","72.66",72.66,72.66,"cM","all values < 1000 -> cM",NA,"https://www.frontiersin.org/journals/plant-science/articles/10.3389/fpls.2021.709817/full","MQTL_all traitsV3.0_final",FALSE
"M01028","MQTL_7B_3","7B","Morphological traits","Grain length/grain width ratio; Grain perimeter length; Plant height; Spike length","Morphological","83.18",83.18,83.18,"cM","all values < 1000 -> cM",NA,"https://www.frontiersin.org/journals/plant-science/articles/10.3389/fpls.2021.709817/full","MQTL_all traitsV3.0_final",FALSE
"M01029","MQTL_7B_4","7B","Morphological traits","Grain length/grain width ratio; Grain perimeter length; Plant height","Morphological","98.82",98.82,98.82,"cM","all values < 1000 -> cM",NA,"https://www.frontiersin.org/journals/plant-science/articles/10.3389/fpls.2021.709817/full","MQTL_all traitsV3.0_final",FALSE
"M01030","MQTL_7B_5","7B","Morphological traits","Grain length/grain width ratio; Grain perimeter length; Spikelet number per spike","Morphological","121.38",121.38,121.38,"cM","all values < 1000 -> cM",NA,"https://www.frontiersin.org/journals/plant-science/articles/10.3389/fpls.2021.709817/full","MQTL_all traitsV3.0_final",FALSE
"M01031","MQTL_7B_6","7B","Morphological traits","Grain length/grain width ratio; Grain perimeter length; Spikelet number per spike","Morphological","132.26",132.26,132.26,"cM","all values < 1000 -> cM",NA,"https://www.frontiersin.org/journals/plant-science/articles/10.3389/fpls.2021.709817/full","MQTL_all traitsV3.0_final",FALSE
"M01032","MQTL_7D_1","7D","Morphological traits","Seed diameter","Morphological","89.41",89.41,89.41,"cM","all values < 1000 -> cM",NA,"https://www.frontiersin.org/journals/plant-science/articles/10.3389/fpls.2021.709817/full","MQTL_all traitsV3.0_final",FALSE
"M01033","MQTL_7D_2","7D","Morphological traits","Seed diameter","Morphological","98.52",98.52,98.52,"cM","all values < 1000 -> cM",NA,"https://www.frontiersin.org/journals/plant-science/articles/10.3389/fpls.2021.709817/full","MQTL_all traitsV3.0_final",FALSE
"M01034","MQTL_7D_3","7D","Morphological traits","Plant height","Morphological","121.6",121.6,121.6,"cM","all values < 1000 -> cM",NA,"https://www.frontiersin.org/journals/plant-science/articles/10.3389/fpls.2021.709817/full","MQTL_all traitsV3.0_final",FALSE
"M01035","Root_MQTL_1","1A","Morphological traits","Root dry weight; Primary root volume; Longest root length; Root volume","Morphological","48",48,48,"cM","all values < 1000 -> cM",NA,"https://www.nature.com/articles/s41598-019-47038-2","MQTL_all traitsV3.0_final",FALSE
"M01036","Root_MQTL_2","1A","Morphological traits","Total root length; Root hair length; Seminal root angle; Number of root tips; Lateral root length; Root volume; Maximal root length","Morphological","66.3",66.3,66.3,"cM","all values < 1000 -> cM",NA,"https://www.nature.com/articles/s41598-019-47038-2","MQTL_all traitsV3.0_final",FALSE
"M01037","Root_MQTL_3","1A","Morphological traits","Root dry weight; Root fresh weight; Root Ca²⁺ concentration; Total root length","Morphological","89.2",89.2,89.2,"cM","all values < 1000 -> cM",NA,"https://www.nature.com/articles/s41598-019-47038-2","MQTL_all traitsV3.0_final",FALSE
"M01038","Root_MQTL_4","1A","Morphological traits","Root dry weight; Total root length","Morphological","99.2",99.2,99.2,"cM","all values < 1000 -> cM",NA,"https://www.nature.com/articles/s41598-019-47038-2","MQTL_all traitsV3.0_final",FALSE
"M01039","Root_MQTL_5","1A","Morphological traits","Root angle in response to hydrotropism; Root Na⁺ concentration; Root-shoot ratio; Longest root length; Root volume; Root dry weight; Total root length","Morphological","106.2",106.2,106.2,"cM","all values < 1000 -> cM",NA,"https://www.nature.com/articles/s41598-019-47038-2","MQTL_all traitsV3.0_final",FALSE
"M01040","Root_MQTL_6","1A","Morphological traits","Total root length","Morphological","121.3",121.3,121.3,"cM","all values < 1000 -> cM",NA,"https://www.nature.com/articles/s41598-019-47038-2","MQTL_all traitsV3.0_final",FALSE
"M01041","Root_MQTL_7","1B","Morphological traits","Root volume; Root-shoot ratio; Total root length; Below-wax seminal dry weight; Number of root tips; Seminal root angle; Above-wax seminal dry weight; Root dry weight","Morphological","27.2",27.2,27.2,"cM","all values < 1000 -> cM",NA,"https://www.nature.com/articles/s41598-019-47038-2","MQTL_all traitsV3.0_final",FALSE
"M01042","Root_MQTL_8","1B","Morphological traits","Root activity; Total root length; Seminal root angle; Axial root number; Root P utilization efficiency; Root P content per plant; Root N content per plant; Root-shoot ratio; Root K content per plant; Root K utilization efficiency; Root volume; Total root number","Morphological","51.1",51.1,51.1,"cM","all values < 1000 -> cM",NA,"https://www.nature.com/articles/s41598-019-47038-2","MQTL_all traitsV3.0_final",FALSE
"M01043","Root_MQTL_9","1B","Morphological traits","Root dry weight; Total root length; Number of root tips; Maximal root length","Morphological","73.8",73.8,73.8,"cM","all values < 1000 -> cM",NA,"https://www.nature.com/articles/s41598-019-47038-2","MQTL_all traitsV3.0_final",FALSE
"M01044","Root_MQTL_10","1B","Morphological traits","Total root length; Average root length; Longest root length; Root dry weight; Root volume","Morphological","84.2",84.2,84.2,"cM","all values < 1000 -> cM",NA,"https://www.nature.com/articles/s41598-019-47038-2","MQTL_all traitsV3.0_final",FALSE
"M01045","Root_MQTL_11","1B","Morphological traits","Longest root length","Morphological","99.3",99.3,99.3,"cM","all values < 1000 -> cM",NA,"https://www.nature.com/articles/s41598-019-47038-2","MQTL_all traitsV3.0_final",FALSE
"M01046","Root_MQTL_12","1B","Morphological traits","Deep root ratio; Total root length","Morphological","147.4",147.4,147.4,"cM","all values < 1000 -> cM",NA,"https://www.nature.com/articles/s41598-019-47038-2","MQTL_all traitsV3.0_final",FALSE
"M01047","Root_MQTL_13","1B","Morphological traits","Total root biomass; Root-shoot ratio","Morphological","187.1",187.1,187.1,"cM","all values < 1000 -> cM",NA,"https://www.nature.com/articles/s41598-019-47038-2","MQTL_all traitsV3.0_final",FALSE
"M01048","Root_MQTL_14","1D","Morphological traits","Above-wax seminal dry weight; Seminal root angle; Root fresh weight","Morphological","50",50,50,"cM","all values < 1000 -> cM",NA,"https://www.nature.com/articles/s41598-019-47038-2","MQTL_all traitsV3.0_final",FALSE
"M01049","Root_MQTL_15","1D","Morphological traits","Root dry weight; Root-shoot ratio; Below-wax seminal dry weight","Morphological","87.7",87.7,87.7,"cM","all values < 1000 -> cM",NA,"https://www.nature.com/articles/s41598-019-47038-2","MQTL_all traitsV3.0_final",FALSE
"M01050","Root_MQTL_16","1D","Morphological traits","Number of root forks; Root fresh weight","Morphological","100.8",100.8,100.8,"cM","all values < 1000 -> cM",NA,"https://www.nature.com/articles/s41598-019-47038-2","MQTL_all traitsV3.0_final",FALSE
"M01051","Root_MQTL_17","2A","Morphological traits","Total root number; Number of lateral roots; Longest root length; Total root length; Number of root tips; Root dry weight; Root surface area","Morphological","47",47,47,"cM","all values < 1000 -> cM",NA,"https://www.nature.com/articles/s41598-019-47038-2","MQTL_all traitsV3.0_final",FALSE
"M01052","Root_MQTL_18","2A","Morphological traits","Maximum root width; Root-shoot ratio; Root volume; Total root length; Root-plant biomass ratio; Seminal root angle; Number of root tips; Shallow root weight; Presence of the sixth asymmetric seminal root","Morphological","91.7",91.7,91.7,"cM","all values < 1000 -> cM",NA,"https://www.nature.com/articles/s41598-019-47038-2","MQTL_all traitsV3.0_final",FALSE
"M01053","Root_MQTL_19","2A","Morphological traits","Total root length; Root hair length; Root volume; Seminal root number; Main root length; Total root number","Morphological","99.6",99.6,99.6,"cM","all values < 1000 -> cM",NA,"https://www.nature.com/articles/s41598-019-47038-2","MQTL_all traitsV3.0_final",FALSE
"M01054","Root_MQTL_20","2A","Morphological traits","Number of lateral roots; Root volume; Root dry weight","Morphological","144.4",144.4,144.4,"cM","all values < 1000 -> cM",NA,"https://www.nature.com/articles/s41598-019-47038-2","MQTL_all traitsV3.0_final",FALSE
"M01055","Root_MQTL_21","2B","Morphological traits","Total root number","Morphological","1.2",1.2,1.2,"cM","all values < 1000 -> cM",NA,"https://www.nature.com/articles/s41598-019-47038-2","MQTL_all traitsV3.0_final",FALSE
"M01056","Root_MQTL_22","2B","Morphological traits","Root angle in response to hydrotropism; Maximal root length; Primary root length; Root-shoot ratio; Total root length; Longest root length; Root fresh weight; Primary root elongation; Lateral root length","Morphological","22.3",22.3,22.3,"cM","all values < 1000 -> cM",NA,"https://www.nature.com/articles/s41598-019-47038-2","MQTL_all traitsV3.0_final",FALSE
"M01057","Root_MQTL_23","2B","Morphological traits","Total root length; Seminal root angle; Primary root length; Average root length","Morphological","30",30,30,"cM","all values < 1000 -> cM",NA,"https://www.nature.com/articles/s41598-019-47038-2","MQTL_all traitsV3.0_final",FALSE
"M01058","Root_MQTL_24","2B","Morphological traits","Total root length; Seminal root number","Morphological","97.5",97.5,97.5,"cM","all values < 1000 -> cM",NA,"https://www.nature.com/articles/s41598-019-47038-2","MQTL_all traitsV3.0_final",FALSE
"M01059","Root_MQTL_25","2B","Morphological traits","Root dry weight; Root growth angle; Below-wax seminal dry weight; Projected root area; Seminal root angle; Total root length; Total root number","Morphological","116.5",116.5,116.5,"cM","all values < 1000 -> cM",NA,"https://www.nature.com/articles/s41598-019-47038-2","MQTL_all traitsV3.0_final",FALSE
"M01060","Root_MQTL_26","2B","Morphological traits","Root growth angle; Root hair length; Root fresh weight; Root dry weight; Presence of the sixth asymmetric seminal root; Average root length; Primary root length; Number of root crossings; Primary root diameter; Total root number; Seminal root angle","Morphological","154.3",154.3,154.3,"cM","all values < 1000 -> cM",NA,"https://www.nature.com/articles/s41598-019-47038-2","MQTL_all traitsV3.0_final",FALSE
"M01061","Root_MQTL_27","2D","Morphological traits","Seminal axes surface area; Root surface area; Root dry weight; Seminal axes volume; Root volume","Morphological","29.2",29.2,29.2,"cM","all values < 1000 -> cM",NA,"https://www.nature.com/articles/s41598-019-47038-2","MQTL_all traitsV3.0_final",FALSE
"M01062","Root_MQTL_28","2D","Morphological traits","Maximal root length; Root-shoot ratio; Total root biomass; Total root length","Morphological","49.2",49.2,49.2,"cM","all values < 1000 -> cM",NA,"https://www.nature.com/articles/s41598-019-47038-2","MQTL_all traitsV3.0_final",FALSE
"M01063","Root_MQTL_29","2D","Morphological traits","Root dry weight; Root-shoot ratio","Morphological","75.2",75.2,75.2,"cM","all values < 1000 -> cM",NA,"https://www.nature.com/articles/s41598-019-47038-2","MQTL_all traitsV3.0_final",FALSE
"M01064","Root_MQTL_30","2D","Morphological traits","Root-shoot ratio; Total root number; Root dry weight","Morphological","100.5",100.5,100.5,"cM","all values < 1000 -> cM",NA,"https://www.nature.com/articles/s41598-019-47038-2","MQTL_all traitsV3.0_final",FALSE
"M01065","Root_MQTL_31","3A","Morphological traits","Total root diameter; Root dry weight; Primary root diameter","Morphological","37.7",37.7,37.7,"cM","all values < 1000 -> cM",NA,"https://www.nature.com/articles/s41598-019-47038-2","MQTL_all traitsV3.0_final",FALSE
"M01066","Root_MQTL_32","3A","Morphological traits","Total root length; Maximum root depth; Total root diameter; Root surface area; Seminal root length; Number of root tips","Morphological","72.3",72.3,72.3,"cM","all values < 1000 -> cM",NA,"https://www.nature.com/articles/s41598-019-47038-2","MQTL_all traitsV3.0_final",FALSE
"M01067","Root_MQTL_33","3A","Morphological traits","Root surface area; Total root length; Seminal lateral roots length; Seminal lateral roots volume; Seminal lateral roots surface area; Number of root tips","Morphological","90.7",90.7,90.7,"cM","all values < 1000 -> cM",NA,"https://www.nature.com/articles/s41598-019-47038-2","MQTL_all traitsV3.0_final",FALSE
"M01068","Root_MQTL_34","3A","Morphological traits","Number of root tips; Seminal root angle; Total root number; Primary root elongation; Root volume; Total root length","Morphological","99.2",99.2,99.2,"cM","all values < 1000 -> cM",NA,"https://www.nature.com/articles/s41598-019-47038-2","MQTL_all traitsV3.0_final",FALSE
"M01069","Root_MQTL_35","3A","Morphological traits","Root dry weight; Root volume; Total root length; Seminal root angle","Morphological","113.8",113.8,113.8,"cM","all values < 1000 -> cM",NA,"https://www.nature.com/articles/s41598-019-47038-2","MQTL_all traitsV3.0_final",FALSE
"M01070","Root_MQTL_36","3A","Morphological traits","Root dry weight; Root-shoot ratio","Morphological","146.7",146.7,146.7,"cM","all values < 1000 -> cM",NA,"https://www.nature.com/articles/s41598-019-47038-2","MQTL_all traitsV3.0_final",FALSE
"M01071","Root_MQTL_37","3A","Morphological traits","Longest root length; Total root number; Presence of the sixth asymmetric seminal root; Total root length","Morphological","169.6",169.6,169.6,"cM","all values < 1000 -> cM",NA,"https://www.nature.com/articles/s41598-019-47038-2","MQTL_all traitsV3.0_final",FALSE
"M01072","Root_MQTL_38","3B","Morphological traits","Root-shoot ratio; Root dry weight; Total root diameter; Average root diameter; Longest root length; Primary root surface; Root volume","Morphological","35.3",35.3,35.3,"cM","all values < 1000 -> cM",NA,"https://www.nature.com/articles/s41598-019-47038-2","MQTL_all traitsV3.0_final",FALSE
"M01073","Root_MQTL_39","3B","Morphological traits","Maximum root depth; Total root length; Root-shoot ratio","Morphological","68.3",68.3,68.3,"cM","all values < 1000 -> cM",NA,"https://www.nature.com/articles/s41598-019-47038-2","MQTL_all traitsV3.0_final",FALSE
"M01074","Root_MQTL_40","3B","Morphological traits","Seminal root number; Total root length; Seminal root angle; Projected root area","Morphological","82.6",82.6,82.6,"cM","all values < 1000 -> cM",NA,"https://www.nature.com/articles/s41598-019-47038-2","MQTL_all traitsV3.0_final",FALSE
"M01075","Root_MQTL_41","3B","Morphological traits","Total root length; Main root length","Morphological","92.4",92.4,92.4,"cM","all values < 1000 -> cM",NA,"https://www.nature.com/articles/s41598-019-47038-2","MQTL_all traitsV3.0_final",FALSE
"M01076","Root_MQTL_42","3B","Morphological traits","Above-wax seminal dry weight; Below-wax seminal dry weight; Root growth angle; Total root diameter; Root-shoot ratio; Root dry weight; Total root number","Morphological","109.7",109.7,109.7,"cM","all values < 1000 -> cM",NA,"https://www.nature.com/articles/s41598-019-47038-2","MQTL_all traitsV3.0_final",FALSE
"M01077","Root_MQTL_43","3B","Morphological traits","Number of lateral roots; Root dry weight; Total root number","Morphological","158",158,158,"cM","all values < 1000 -> cM",NA,"https://www.nature.com/articles/s41598-019-47038-2","MQTL_all traitsV3.0_final",FALSE
"M01078","Root_MQTL_44","4A","Morphological traits","Root volume; Number of root tips; Total root length; Projected root area; Seminal root angle; Longest root length","Morphological","40.7",40.7,40.7,"cM","all values < 1000 -> cM",NA,"https://www.nature.com/articles/s41598-019-47038-2","MQTL_all traitsV3.0_final",FALSE
"M01079","Root_MQTL_45","4A","Morphological traits","Seminal root number; Maximum root depth; Total root length","Morphological","94.5",94.5,94.5,"cM","all values < 1000 -> cM",NA,"https://www.nature.com/articles/s41598-019-47038-2","MQTL_all traitsV3.0_final",FALSE
"M01080","Root_MQTL_46","4A","Morphological traits","Maximum root width; Total root length; Seminal root number; Root dry weight; Root N content per plant","Morphological","130.6",130.6,130.6,"cM","all values < 1000 -> cM",NA,"https://www.nature.com/articles/s41598-019-47038-2","MQTL_all traitsV3.0_final",FALSE
"M01081","Root_MQTL_47","4A","Morphological traits","Root P content per plant; Root K content per plant; Root-shoot ratio","Morphological","136.2",136.2,136.2,"cM","all values < 1000 -> cM",NA,"https://www.nature.com/articles/s41598-019-47038-2","MQTL_all traitsV3.0_final",FALSE
"M01082","Root_MQTL_48","4A","Morphological traits","Root fresh weight; Root K⁺ concentration; Root dry weight","Morphological","160.2",160.2,160.2,"cM","all values < 1000 -> cM",NA,"https://www.nature.com/articles/s41598-019-47038-2","MQTL_all traitsV3.0_final",FALSE
"M01083","Root_MQTL_49","4A","Morphological traits","Total root number; Below-wax seminal dry weight; Root dry weight; Longest root length","Morphological","187.6",187.6,187.6,"cM","all values < 1000 -> cM",NA,"https://www.nature.com/articles/s41598-019-47038-2","MQTL_all traitsV3.0_final",FALSE
"M01084","Root_MQTL_50","4A","Morphological traits","Total root number; Root dry weight; Root-shoot ratio; Root Ca²⁺ concentration; Root K⁺ concentration","Morphological","229.5",229.5,229.5,"cM","all values < 1000 -> cM",NA,"https://www.nature.com/articles/s41598-019-47038-2","MQTL_all traitsV3.0_final",FALSE
"M01085","Root_MQTL_51","4B","Morphological traits","Total root length; Longest root length; Number of lateral roots","Morphological","114.8",114.8,114.8,"cM","all values < 1000 -> cM",NA,"https://www.nature.com/articles/s41598-019-47038-2","MQTL_all traitsV3.0_final",FALSE
"M01086","Root_MQTL_52","4B","Morphological traits","Number of root tips; Root dry weight; Maximal root length; Longest root length; Root biomass up to 30 cm; Root activity; Total root biomass; Root-shoot ratio; Root volume; Axial root number; Root biomass below 30 cm; Total root length","Morphological","133",133,133,"cM","all values < 1000 -> cM",NA,"https://www.nature.com/articles/s41598-019-47038-2","MQTL_all traitsV3.0_final",FALSE
"M01087","Root_MQTL_53","4B","Morphological traits","Root volume; Total root length; Longest root length; Seminal root angle; Presence of the sixth asymmetric seminal root; Projected root area; Primary root surface; Primary root length; Root dry weight; Total root number; Root growth angle; Number of lateral roots","Morphological","153.4",153.4,153.4,"cM","all values < 1000 -> cM",NA,"https://www.nature.com/articles/s41598-019-47038-2","MQTL_all traitsV3.0_final",FALSE
"M01088","Root_MQTL_54","4D","Morphological traits","Seminal axes length; Number of root tips; Root surface area; Seminal axes surface area; Root dry weight; Root-shoot ratio; RSV = not defined in Supplementary Material 2; Root volume; Total root length; Main root length","Morphological","16.3",16.3,16.3,"cM","all values < 1000 -> cM",NA,"https://www.nature.com/articles/s41598-019-47038-2","MQTL_all traitsV3.0_final",FALSE
"M01089","Root_MQTL_55","5A","Morphological traits","Maximum root depth; Total root length; Maximum root width; Seminal root number","Morphological","48.5",48.5,48.5,"cM","all values < 1000 -> cM",NA,"https://www.nature.com/articles/s41598-019-47038-2","MQTL_all traitsV3.0_final",FALSE
"M01090","Root_MQTL_56","5A","Morphological traits","Main root length; Maximal root length; Total root length; Seminal root number","Morphological","84.3",84.3,84.3,"cM","all values < 1000 -> cM",NA,"https://www.nature.com/articles/s41598-019-47038-2","MQTL_all traitsV3.0_final",FALSE
"M01091","Root_MQTL_57","5A","Morphological traits","Seminal axes volume; Total root number; Above-wax seminal dry weight; Seminal root number; Presence of the sixth asymmetric seminal root; Primary root length","Morphological","103.9",103.9,103.9,"cM","all values < 1000 -> cM",NA,"https://www.nature.com/articles/s41598-019-47038-2","MQTL_all traitsV3.0_final",FALSE
"M01092","Root_MQTL_58","5A","Morphological traits","Relative root growth inhibition; Total root length; Maximal root length; Root surface area","Morphological","123.6",123.6,123.6,"cM","all values < 1000 -> cM",NA,"https://www.nature.com/articles/s41598-019-47038-2","MQTL_all traitsV3.0_final",FALSE
"M01093","Root_MQTL_59","5A","Morphological traits","Main root length; Root dry weight; Total root length; Root-shoot ratio; Number of lateral roots","Morphological","141.7",141.7,141.7,"cM","all values < 1000 -> cM",NA,"https://www.nature.com/articles/s41598-019-47038-2","MQTL_all traitsV3.0_final",FALSE
"M01094","Root_MQTL_60","5B","Morphological traits","Total root number; Average root length; Root growth angle","Morphological","80.6",80.6,80.6,"cM","all values < 1000 -> cM",NA,"https://www.nature.com/articles/s41598-019-47038-2","MQTL_all traitsV3.0_final",FALSE
"M01095","Root_MQTL_61","5B","Morphological traits","Total root length; Seminal lateral roots volume; Root volume; Seminal lateral roots length; Root dry weight; Seminal root angle; Maximal root length; Seminal lateral roots surface area; Main root length","Morphological","122.4",122.4,122.4,"cM","all values < 1000 -> cM",NA,"https://www.nature.com/articles/s41598-019-47038-2","MQTL_all traitsV3.0_final",FALSE
"M01096","Root_MQTL_62","5B","Morphological traits","Root volume; PARA = not defined in Supplementary Material 2; Total root length; Average root diameter; Maximum root depth; Total root number; Longest root length","Morphological","211.9",211.9,211.9,"cM","all values < 1000 -> cM",NA,"https://www.nature.com/articles/s41598-019-47038-2","MQTL_all traitsV3.0_final",FALSE
"M01097","Root_MQTL_63","5D","Morphological traits","Maximal root length","Morphological","35.7",35.7,35.7,"cM","all values < 1000 -> cM",NA,"https://www.nature.com/articles/s41598-019-47038-2","MQTL_all traitsV3.0_final",FALSE
"M01098","Root_MQTL_64","5D","Morphological traits","Total root length; Root elongation rate","Morphological","47.2",47.2,47.2,"cM","all values < 1000 -> cM",NA,"https://www.nature.com/articles/s41598-019-47038-2","MQTL_all traitsV3.0_final",FALSE
"M01099","Root_MQTL_65","5D","Morphological traits","Total root length; Root-shoot ratio; Root dry weight","Morphological","73.2",73.2,73.2,"cM","all values < 1000 -> cM",NA,"https://www.nature.com/articles/s41598-019-47038-2","MQTL_all traitsV3.0_final",FALSE
"M01100","Root_MQTL_66","5D","Morphological traits","Root volume; Root Ca²⁺ concentration; Root dry weight","Morphological","121.6",121.6,121.6,"cM","all values < 1000 -> cM",NA,"https://www.nature.com/articles/s41598-019-47038-2","MQTL_all traitsV3.0_final",FALSE
"M01101","Root_MQTL_67","6A","Morphological traits","Root growth angle; Root dry weight","Morphological","35.2",35.2,35.2,"cM","all values < 1000 -> cM",NA,"https://www.nature.com/articles/s41598-019-47038-2","MQTL_all traitsV3.0_final",FALSE
"M01102","Root_MQTL_68","6A","Morphological traits","Total root number; Root Na⁺ concentration; Root dry weight","Morphological","55.9",55.9,55.9,"cM","all values < 1000 -> cM",NA,"https://www.nature.com/articles/s41598-019-47038-2","MQTL_all traitsV3.0_final",FALSE
"M01103","Root_MQTL_69","6A","Morphological traits","Total root length; Root fresh weight; Root hair length; Seminal root angle; Root volume; Presence of the sixth asymmetric seminal root","Morphological","100.1",100.1,100.1,"cM","all values < 1000 -> cM",NA,"https://www.nature.com/articles/s41598-019-47038-2","MQTL_all traitsV3.0_final",FALSE
"M01104","Root_MQTL_70","6A","Morphological traits","Number of root tips; Main root length","Morphological","110",110,110,"cM","all values < 1000 -> cM",NA,"https://www.nature.com/articles/s41598-019-47038-2","MQTL_all traitsV3.0_final",FALSE
"M01105","Root_MQTL_71","6A","Morphological traits","Total root length; Seminal axes length; Seminal lateral roots volume","Morphological","128.4",128.4,128.4,"cM","all values < 1000 -> cM",NA,"https://www.nature.com/articles/s41598-019-47038-2","MQTL_all traitsV3.0_final",FALSE
"M01106","Root_MQTL_72","6A","Morphological traits","Root dry weight; Total root length; Lateral root length; Number of root tips","Morphological","157.5",157.5,157.5,"cM","all values < 1000 -> cM",NA,"https://www.nature.com/articles/s41598-019-47038-2","MQTL_all traitsV3.0_final",FALSE
"M01107","Root_MQTL_73","6A","Morphological traits","Primary root volume; Root dry weight; Total root length; Seminal root angle; Average root length","Morphological","180.7",180.7,180.7,"cM","all values < 1000 -> cM",NA,"https://www.nature.com/articles/s41598-019-47038-2","MQTL_all traitsV3.0_final",FALSE
"M01108","Root_MQTL_74","6A","Morphological traits","Total root length; Primary root length; Root penetration; Primary root surface; Root growth angle","Morphological","195.7",195.7,195.7,"cM","all values < 1000 -> cM",NA,"https://www.nature.com/articles/s41598-019-47038-2","MQTL_all traitsV3.0_final",FALSE
"M01109","Root_MQTL_75","6B","Morphological traits","Number of lateral roots; Total root length","Morphological","66.7",66.7,66.7,"cM","all values < 1000 -> cM",NA,"https://www.nature.com/articles/s41598-019-47038-2","MQTL_all traitsV3.0_final",FALSE
"M01110","Root_MQTL_76","6B","Morphological traits","Number of root tips; Lateral root length","Morphological","97.7",97.7,97.7,"cM","all values < 1000 -> cM",NA,"https://www.nature.com/articles/s41598-019-47038-2","MQTL_all traitsV3.0_final",FALSE
"M01111","Root_MQTL_77","6B","Morphological traits","Total root number; Average root length; Presence of the sixth asymmetric seminal root; Root dry weight","Morphological","141.8",141.8,141.8,"cM","all values < 1000 -> cM",NA,"https://www.nature.com/articles/s41598-019-47038-2","MQTL_all traitsV3.0_final",FALSE
"M01112","Root_MQTL_78","6B","Morphological traits","Primary root surface; Total root diameter; Primary root length","Morphological","153.8",153.8,153.8,"cM","all values < 1000 -> cM",NA,"https://www.nature.com/articles/s41598-019-47038-2","MQTL_all traitsV3.0_final",FALSE
"M01113","Root_MQTL_79","6B","Morphological traits","Total root number; Maximal root length; Primary root length","Morphological","170.4",170.4,170.4,"cM","all values < 1000 -> cM",NA,"https://www.nature.com/articles/s41598-019-47038-2","MQTL_all traitsV3.0_final",FALSE
"M01114","Root_MQTL_80","6B","Morphological traits","Number of root tips; Total root length; Root dry weight","Morphological","193.8",193.8,193.8,"cM","all values < 1000 -> cM",NA,"https://www.nature.com/articles/s41598-019-47038-2","MQTL_all traitsV3.0_final",FALSE
"M01115","Root_MQTL_81","6D","Morphological traits","Root surface area; Total root length","Morphological","42.9",42.9,42.9,"cM","all values < 1000 -> cM",NA,"https://www.nature.com/articles/s41598-019-47038-2","MQTL_all traitsV3.0_final",FALSE
"M01116","Root_MQTL_82","6D","Morphological traits","Total root length","Morphological","108.7",108.7,108.7,"cM","all values < 1000 -> cM",NA,"https://www.nature.com/articles/s41598-019-47038-2","MQTL_all traitsV3.0_final",FALSE
"M01117","Root_MQTL_83","7A","Morphological traits","Axial root number; Root-shoot ratio","Morphological","82.5",82.5,82.5,"cM","all values < 1000 -> cM",NA,"https://www.nature.com/articles/s41598-019-47038-2","MQTL_all traitsV3.0_final",FALSE
"M01118","Root_MQTL_84","7A","Morphological traits","Primary root volume; Seminal root angle; Primary root diameter","Morphological","135",135,135,"cM","all values < 1000 -> cM",NA,"https://www.nature.com/articles/s41598-019-47038-2","MQTL_all traitsV3.0_final",FALSE
"M01119","Root_MQTL_85","7A","Morphological traits","Root dry weight; Root-shoot ratio","Morphological","159.9",159.9,159.9,"cM","all values < 1000 -> cM",NA,"https://www.nature.com/articles/s41598-019-47038-2","MQTL_all traitsV3.0_final",FALSE
"M01120","Root_MQTL_86","7A","Morphological traits","Root growth angle; Seminal root number; Root dry weight","Morphological","175.2",175.2,175.2,"cM","all values < 1000 -> cM",NA,"https://www.nature.com/articles/s41598-019-47038-2","MQTL_all traitsV3.0_final",FALSE
"M01121","Root_MQTL_87","7A","Morphological traits","Root dry weight; Total root number","Morphological","206.4",206.4,206.4,"cM","all values < 1000 -> cM",NA,"https://www.nature.com/articles/s41598-019-47038-2","MQTL_all traitsV3.0_final",FALSE
"M01122","Root_MQTL_88","7B","Morphological traits","Longest root length; Total root diameter","Morphological","51",51,51,"cM","all values < 1000 -> cM",NA,"https://www.nature.com/articles/s41598-019-47038-2","MQTL_all traitsV3.0_final",FALSE
"M01123","Root_MQTL_89","7B","Morphological traits","Longest root length; Presence of the sixth asymmetric seminal root; Total root number; Total root length; Primary root length; Maximal root length","Morphological","95.7",95.7,95.7,"cM","all values < 1000 -> cM",NA,"https://www.nature.com/articles/s41598-019-47038-2","MQTL_all traitsV3.0_final",FALSE
"M01124","Root_MQTL_90","7B","Morphological traits","Average root diameter; Maximal root length","Morphological","160.5",160.5,160.5,"cM","all values < 1000 -> cM",NA,"https://www.nature.com/articles/s41598-019-47038-2","MQTL_all traitsV3.0_final",FALSE
"M01125","Root_MQTL_91","7B","Morphological traits","Average root diameter; Root-shoot ratio; Total root length; Root K⁺ concentration; Root Mg²⁺ concentration; Seminal root number; Maximum root width","Morphological","173.3",173.3,173.3,"cM","all values < 1000 -> cM",NA,"https://www.nature.com/articles/s41598-019-47038-2","MQTL_all traitsV3.0_final",FALSE
"M01126","Root_MQTL_92","7B","Morphological traits","Seminal root angle; Average root length; Primary root length; Total root length; Total root number; Primary root surface; Longest root length","Morphological","196.1",196.1,196.1,"cM","all values < 1000 -> cM",NA,"https://www.nature.com/articles/s41598-019-47038-2","MQTL_all traitsV3.0_final",FALSE
"M01127","Root_MQTL_93","7D","Morphological traits","Total root length; Seminal root angle; Projected root area","Morphological","102.9",102.9,102.9,"cM","all values < 1000 -> cM",NA,"https://www.nature.com/articles/s41598-019-47038-2","MQTL_all traitsV3.0_final",FALSE
"M01128","Root_MQTL_94","7D","Morphological traits","Root dry weight","Morphological","176.8",176.8,176.8,"cM","all values < 1000 -> cM",NA,"https://www.nature.com/articles/s41598-019-47038-2","MQTL_all traitsV3.0_final",FALSE
"M01129","Root_MQTL_2","1A","Morphological traits","Root depth","Morphological","66.3",66.3,66.3,"cM","all values < 1000 -> cM",NA,"https://www.nature.com/articles/s41598-019-47038-2.pdf","MQTL_all traitsV3.0_final",FALSE
"M01130","Root_MQTL_8","1B","Morphological traits","Root depth","Morphological","51.1",51.1,51.1,"cM","all values < 1000 -> cM",NA,"https://www.nature.com/articles/s41598-019-47038-2.pdf","MQTL_all traitsV3.0_final",FALSE
"M01131","Root_MQTL_18","2A","Morphological traits","Root depth","Morphological","91.7",91.7,91.7,"cM","all values < 1000 -> cM",NA,"https://www.nature.com/articles/s41598-019-47038-2.pdf","MQTL_all traitsV3.0_final",FALSE
"M01132","Root_MQTL_22","2B","Morphological traits","Root depth","Morphological","22.3",22.3,22.3,"cM","all values < 1000 -> cM",NA,"https://www.nature.com/articles/s41598-019-47038-2.pdf","MQTL_all traitsV3.0_final",FALSE
"M01133","Root_MQTL_25","2B","Morphological traits","Root depth","Morphological","116.5",116.5,116.5,"cM","all values < 1000 -> cM",NA,"https://www.nature.com/articles/s41598-019-47038-2.pdf","MQTL_all traitsV3.0_final",FALSE
"M01134","Root_MQTL_40","3B","Morphological traits","Root depth","Morphological","82.6",82.6,82.6,"cM","all values < 1000 -> cM",NA,"https://www.nature.com/articles/s41598-019-47038-2.pdf","MQTL_all traitsV3.0_final",FALSE
"M01135","Root_MQTL_52","4B","Morphological traits","Root depth","Morphological","133",133,133,"cM","all values < 1000 -> cM",NA,"https://www.nature.com/articles/s41598-019-47038-2.pdf","MQTL_all traitsV3.0_final",FALSE
"M01136","Root_MQTL_69","6A","Morphological traits","Root depth","Morphological","100.1",100.1,100.1,"cM","all values < 1000 -> cM",NA,"https://www.nature.com/articles/s41598-019-47038-2.pdf","MQTL_all traitsV3.0_final",FALSE
"M01137","MQTL-1A.1","1A","Morphological traits","Spike length","Morphological","16422088-20091659",16422088,20091659,"bp","contains value >= 1000 -> bp",NA,"https://acsess.onlinelibrary.wiley.com/doi/10.1002/tpg2.20492","MQTL_all traitsV3.0_final",FALSE
"M01138","MQTL-1A.2","1A","Morphological traits","Spike length","Morphological","23451600-39653890",23451600,39653890,"bp","contains value >= 1000 -> bp",NA,"https://acsess.onlinelibrary.wiley.com/doi/10.1002/tpg2.20492","MQTL_all traitsV3.0_final",FALSE
"M01139","MQTL-1A.3","1A","Morphological traits","Spike length","Morphological","464825503-545034501",464825503,545034501,"bp","contains value >= 1000 -> bp",NA,"https://acsess.onlinelibrary.wiley.com/doi/10.1002/tpg2.20492","MQTL_all traitsV3.0_final",FALSE
"M01140","MQTL-1A.4","1A","Morphological traits","Spike length","Morphological","497558078-531618864",497558078,531618864,"bp","contains value >= 1000 -> bp",NA,"https://acsess.onlinelibrary.wiley.com/doi/10.1002/tpg2.20492","MQTL_all traitsV3.0_final",FALSE
"M01141","MQTL-1A.5","1A","Morphological traits","Spike length","Morphological","585820666-589027678",585820666,589027678,"bp","contains value >= 1000 -> bp",NA,"https://acsess.onlinelibrary.wiley.com/doi/10.1002/tpg2.20492","MQTL_all traitsV3.0_final",FALSE
"M01142","MQTL-2A.1","2A","Morphological traits","Spike length","Morphological","42380732-74598475",42380732,74598475,"bp","contains value >= 1000 -> bp",NA,"https://acsess.onlinelibrary.wiley.com/doi/10.1002/tpg2.20492","MQTL_all traitsV3.0_final",FALSE
"M01143","MQTL-2A.2","2A","Morphological traits","Spike length","Morphological","70930754-114945021",70930754,114945021,"bp","contains value >= 1000 -> bp",NA,"https://acsess.onlinelibrary.wiley.com/doi/10.1002/tpg2.20492","MQTL_all traitsV3.0_final",FALSE
"M01144","MQTL-2A.3","2A","Morphological traits","Spike length","Morphological","648359903-718558728",648359903,718558728,"bp","contains value >= 1000 -> bp",NA,"https://acsess.onlinelibrary.wiley.com/doi/10.1002/tpg2.20492","MQTL_all traitsV3.0_final",FALSE
"M01145","MQTL-2D.1","2D","Morphological traits","Spike length","Morphological","14160569-144836709",14160569,144836709,"bp","contains value >= 1000 -> bp",NA,"https://acsess.onlinelibrary.wiley.com/doi/10.1002/tpg2.20492","MQTL_all traitsV3.0_final",FALSE
"M01146","MQTL-2D.2","2D","Morphological traits","Spike length","Morphological","535202048-600315062",535202048,600315062,"bp","contains value >= 1000 -> bp",NA,"https://acsess.onlinelibrary.wiley.com/doi/10.1002/tpg2.20492","MQTL_all traitsV3.0_final",FALSE
"M01147","MQTL-2D.3","2D","Morphological traits","Spike length","Morphological","60951096-66826324",60951096,66826324,"bp","contains value >= 1000 -> bp",NA,"https://acsess.onlinelibrary.wiley.com/doi/10.1002/tpg2.20492","MQTL_all traitsV3.0_final",FALSE
"M01148","MQTL-2D.4","2D","Morphological traits","Spike length","Morphological","512507698-607769768",512507698,607769768,"bp","contains value >= 1000 -> bp",NA,"https://acsess.onlinelibrary.wiley.com/doi/10.1002/tpg2.20492","MQTL_all traitsV3.0_final",FALSE
"M01149","MQTL-3A.1","3A","Morphological traits","Spike length","Morphological","711648238-729381068",711648238,729381068,"bp","contains value >= 1000 -> bp",NA,"https://acsess.onlinelibrary.wiley.com/doi/10.1002/tpg2.20492","MQTL_all traitsV3.0_final",FALSE
"M01150","MQTL-3A.2","3A","Morphological traits","Spike length","Morphological","646850280-662415769",646850280,662415769,"bp","contains value >= 1000 -> bp",NA,"https://acsess.onlinelibrary.wiley.com/doi/10.1002/tpg2.20492","MQTL_all traitsV3.0_final",FALSE
"M01151","MQTL-3A.3","3A","Morphological traits","Spike length","Morphological","480094186-513783876",480094186,513783876,"bp","contains value >= 1000 -> bp",NA,"https://acsess.onlinelibrary.wiley.com/doi/10.1002/tpg2.20492","MQTL_all traitsV3.0_final",FALSE
"M01152","MQTL-3A.4","3A","Morphological traits","Spike length","Morphological","689488437-746681951",689488437,746681951,"bp","contains value >= 1000 -> bp",NA,"https://acsess.onlinelibrary.wiley.com/doi/10.1002/tpg2.20492","MQTL_all traitsV3.0_final",FALSE
"M01153","MQTL-3B.1","3B","Morphological traits","Spike length","Morphological","482939458-601003777",482939458,601003777,"bp","contains value >= 1000 -> bp",NA,"https://acsess.onlinelibrary.wiley.com/doi/10.1002/tpg2.20492","MQTL_all traitsV3.0_final",FALSE
"M01154","MQTL-3B.2","3B","Morphological traits","Spike length","Morphological","581672366-732178822",581672366,732178822,"bp","contains value >= 1000 -> bp",NA,"https://acsess.onlinelibrary.wiley.com/doi/10.1002/tpg2.20492","MQTL_all traitsV3.0_final",FALSE
"M01155","MQTL-3B.3","3B","Morphological traits","Spike length","Morphological","772411397-825510483",772411397,825510483,"bp","contains value >= 1000 -> bp",NA,"https://acsess.onlinelibrary.wiley.com/doi/10.1002/tpg2.20492","MQTL_all traitsV3.0_final",FALSE
"M01156","MQTL-3D","3D","Morphological traits","Spike length","Morphological","579891800-581881280",579891800,581881280,"bp","contains value >= 1000 -> bp",NA,"https://acsess.onlinelibrary.wiley.com/doi/10.1002/tpg2.20492","MQTL_all traitsV3.0_final",FALSE
"M01157","MQTL-4A.1","4A","Morphological traits","Spike length","Morphological","80106032-116700261",80106032,116700261,"bp","contains value >= 1000 -> bp",NA,"https://acsess.onlinelibrary.wiley.com/doi/10.1002/tpg2.20492","MQTL_all traitsV3.0_final",FALSE
"M01158","MQTL-4A.2","4A","Morphological traits","Spike length","Morphological","515844691-527518639",515844691,527518639,"bp","contains value >= 1000 -> bp",NA,"https://acsess.onlinelibrary.wiley.com/doi/10.1002/tpg2.20492","MQTL_all traitsV3.0_final",FALSE
"M01159","MQTL-4A.3","4A","Morphological traits","Spike length","Morphological","728444495-742073083",728444495,742073083,"bp","contains value >= 1000 -> bp",NA,"https://acsess.onlinelibrary.wiley.com/doi/10.1002/tpg2.20492","MQTL_all traitsV3.0_final",FALSE
"M01160","MQTL-4A.4","4A","Morphological traits","Spike length","Morphological","667739017-713441513",667739017,713441513,"bp","contains value >= 1000 -> bp",NA,"https://acsess.onlinelibrary.wiley.com/doi/10.1002/tpg2.20492","MQTL_all traitsV3.0_final",FALSE
"M01161","MQTL-4A.5","4A","Morphological traits","Spike length","Morphological","602907693-633109810",602907693,633109810,"bp","contains value >= 1000 -> bp",NA,"https://acsess.onlinelibrary.wiley.com/doi/10.1002/tpg2.20492","MQTL_all traitsV3.0_final",FALSE
"M01162","MQTL-4A.6","4A","Morphological traits","Spike length","Morphological","633212748-729972710",633212748,729972710,"bp","contains value >= 1000 -> bp",NA,"https://acsess.onlinelibrary.wiley.com/doi/10.1002/tpg2.20492","MQTL_all traitsV3.0_final",FALSE
"M01163","MQTL-4A.7","4A","Morphological traits","Spike length","Morphological","636681219-700815843",636681219,700815843,"bp","contains value >= 1000 -> bp",NA,"https://acsess.onlinelibrary.wiley.com/doi/10.1002/tpg2.20492","MQTL_all traitsV3.0_final",FALSE
"M01164","MQTL-5A.1","5A","Morphological traits","Spike length","Morphological","439585038-508918550",439585038,508918550,"bp","contains value >= 1000 -> bp",NA,"https://acsess.onlinelibrary.wiley.com/doi/10.1002/tpg2.20492","MQTL_all traitsV3.0_final",FALSE
"M01165","MQTL-5A.2","5A","Morphological traits","Spike length","Morphological","466987665-485860431",466987665,485860431,"bp","contains value >= 1000 -> bp",NA,"https://acsess.onlinelibrary.wiley.com/doi/10.1002/tpg2.20492","MQTL_all traitsV3.0_final",FALSE
"M01166","MQTL-5A.3","5A","Morphological traits","Spike length","Morphological","28253458-98275434",28253458,98275434,"bp","contains value >= 1000 -> bp",NA,"https://acsess.onlinelibrary.wiley.com/doi/10.1002/tpg2.20492","MQTL_all traitsV3.0_final",FALSE
"M01167","MQTL-5A.4","5A","Morphological traits","Spike length","Morphological","494874054-509998271",494874054,509998271,"bp","contains value >= 1000 -> bp",NA,"https://acsess.onlinelibrary.wiley.com/doi/10.1002/tpg2.20492","MQTL_all traitsV3.0_final",FALSE
"M01168","MQTL-5A.5","5A","Morphological traits","Spike length","Morphological","559064055-574743668",559064055,574743668,"bp","contains value >= 1000 -> bp",NA,"https://acsess.onlinelibrary.wiley.com/doi/10.1002/tpg2.20492","MQTL_all traitsV3.0_final",FALSE
"M01169","MQTL-5A.6","5A","Morphological traits","Spike length","Morphological","584036905-590603990",584036905,590603990,"bp","contains value >= 1000 -> bp",NA,"https://acsess.onlinelibrary.wiley.com/doi/10.1002/tpg2.20492","MQTL_all traitsV3.0_final",FALSE
"M01170","MQTL-5B.1","5B","Morphological traits","Spike length","Morphological","20663569-42701593",20663569,42701593,"bp","contains value >= 1000 -> bp",NA,"https://acsess.onlinelibrary.wiley.com/doi/10.1002/tpg2.20492","MQTL_all traitsV3.0_final",FALSE
"M01171","MQTL-5B.2","5B","Morphological traits","Spike length","Morphological","502023928-511588331",502023928,511588331,"bp","contains value >= 1000 -> bp",NA,"https://acsess.onlinelibrary.wiley.com/doi/10.1002/tpg2.20492","MQTL_all traitsV3.0_final",FALSE
"M01172","MQTL-5B.3","5B","Morphological traits","Spike length","Morphological","530269058-545333660",530269058,545333660,"bp","contains value >= 1000 -> bp",NA,"https://acsess.onlinelibrary.wiley.com/doi/10.1002/tpg2.20492","MQTL_all traitsV3.0_final",FALSE
"M01173","MQTL-5B.4","5B","Morphological traits","Spike length","Morphological","534339766-548288258",534339766,548288258,"bp","contains value >= 1000 -> bp",NA,"https://acsess.onlinelibrary.wiley.com/doi/10.1002/tpg2.20492","MQTL_all traitsV3.0_final",FALSE
"M01174","MQTL-5B.5","5B","Morphological traits","Spike length","Morphological","515178782-588767425",515178782,588767425,"bp","contains value >= 1000 -> bp",NA,"https://acsess.onlinelibrary.wiley.com/doi/10.1002/tpg2.20492","MQTL_all traitsV3.0_final",FALSE
"M01175","MQTL-5B.6","5B","Morphological traits","Spike length","Morphological","477481952-535868082",477481952,535868082,"bp","contains value >= 1000 -> bp",NA,"https://acsess.onlinelibrary.wiley.com/doi/10.1002/tpg2.20492","MQTL_all traitsV3.0_final",FALSE
"M01176","MQTL-5D.1","5D","Morphological traits","Spike length","Morphological","391334300-438968641",391334300,438968641,"bp","contains value >= 1000 -> bp",NA,"https://acsess.onlinelibrary.wiley.com/doi/10.1002/tpg2.20492","MQTL_all traitsV3.0_final",FALSE
"M01177","MQTL-5D.2","5D","Morphological traits","Spike length","Morphological","451479042-472396179",451479042,472396179,"bp","contains value >= 1000 -> bp",NA,"https://acsess.onlinelibrary.wiley.com/doi/10.1002/tpg2.20492","MQTL_all traitsV3.0_final",FALSE
"M01178","MQTL-5D.3","5D","Morphological traits","Spike length","Morphological","462750767-547092753",462750767,547092753,"bp","contains value >= 1000 -> bp",NA,"https://acsess.onlinelibrary.wiley.com/doi/10.1002/tpg2.20492","MQTL_all traitsV3.0_final",FALSE
"M01179","MQTL-6A.1","6A","Morphological traits","Spike length","Morphological","31384520-47984771",31384520,47984771,"bp","contains value >= 1000 -> bp",NA,"https://acsess.onlinelibrary.wiley.com/doi/10.1002/tpg2.20492","MQTL_all traitsV3.0_final",FALSE
"M01180","MQTL-6A.2","6A","Morphological traits","Spike length","Morphological","53528109-116297119",53528109,116297119,"bp","contains value >= 1000 -> bp",NA,"https://acsess.onlinelibrary.wiley.com/doi/10.1002/tpg2.20492","MQTL_all traitsV3.0_final",FALSE
"M01181","MQTL-6A.3","6A","Morphological traits","Spike length","Morphological","547815268-558849224",547815268,558849224,"bp","contains value >= 1000 -> bp",NA,"https://acsess.onlinelibrary.wiley.com/doi/10.1002/tpg2.20492","MQTL_all traitsV3.0_final",FALSE
"M01182","MQTL-6A.4","6A","Morphological traits","Spike length","Morphological","573474525-616348125",573474525,616348125,"bp","contains value >= 1000 -> bp",NA,"https://acsess.onlinelibrary.wiley.com/doi/10.1002/tpg2.20492","MQTL_all traitsV3.0_final",FALSE
"M01183","MQTL-6A.5","6A","Morphological traits","Spike length","Morphological","581893670-592068025",581893670,592068025,"bp","contains value >= 1000 -> bp",NA,"https://acsess.onlinelibrary.wiley.com/doi/10.1002/tpg2.20492","MQTL_all traitsV3.0_final",FALSE
"M01184","MQTL-6A.6","6A","Morphological traits","Spike length","Morphological","597465110-613979318",597465110,613979318,"bp","contains value >= 1000 -> bp",NA,"https://acsess.onlinelibrary.wiley.com/doi/10.1002/tpg2.20492","MQTL_all traitsV3.0_final",FALSE
"M01185","MQTL-1A-1","1A","Morphological traits","Tiller number, Spike length","Morphological","3.01–6.15",3.01,6.15,"cM","all values < 1000 -> cM",NA,"https://link.springer.com/article/10.1007/s00122-021-03881-4","MQTL_all traitsV3.0_final",FALSE
"M01186","MQTL-1A-2","1A","Morphological traits","Spikelet number, Tiller number, Spike length","Morphological","12.10–12.51",12.1,12.51,"cM","all values < 1000 -> cM",NA,"https://link.springer.com/article/10.1007/s00122-021-03881-4","MQTL_all traitsV3.0_final",FALSE
"M01187","MQTL-1A-3","1A","Morphological traits","Spikelet number, Tiller number","Morphological","20.98–26.96",20.98,26.96,"cM","all values < 1000 -> cM",NA,"https://link.springer.com/article/10.1007/s00122-021-03881-4","MQTL_all traitsV3.0_final",FALSE
"M01188","MQTL-1B-1","1B","Morphological traits","Spike length","Morphological","4.35–13.63",4.35,13.63,"cM","all values < 1000 -> cM",NA,"https://link.springer.com/article/10.1007/s00122-021-03881-4","MQTL_all traitsV3.0_final",FALSE
"M01189","MQTL-1B-2","1B","Morphological traits","Spikelet number, Tiller number","Morphological","22.26–37.85",22.26,37.85,"cM","all values < 1000 -> cM",NA,"https://link.springer.com/article/10.1007/s00122-021-03881-4","MQTL_all traitsV3.0_final",FALSE
"M01190","MQTL-1B-3","1B","Morphological traits","Tiller number","Morphological","43.50–69.26",43.5,69.26,"cM","all values < 1000 -> cM",NA,"https://link.springer.com/article/10.1007/s00122-021-03881-4","MQTL_all traitsV3.0_final",FALSE
"M01191","MQTL-1B-4","1B","Morphological traits","Tiller number, Spikelet number, Biomass","Morphological","542.93–563.07",542.93,563.07,"cM","all values < 1000 -> cM",NA,"https://link.springer.com/article/10.1007/s00122-021-03881-4","MQTL_all traitsV3.0_final",FALSE
"M01192","MQTL-1B-5","1B","Morphological traits","Spike length","Morphological","587.05–606.49",587.05,606.49,"cM","all values < 1000 -> cM",NA,"https://link.springer.com/article/10.1007/s00122-021-03881-4","MQTL_all traitsV3.0_final",FALSE
"M01193","MQTL-1B-6","1B","Morphological traits","Spikelet number, Tiller number","Morphological","652.45–659.54",652.45,659.54,"cM","all values < 1000 -> cM",NA,"https://link.springer.com/article/10.1007/s00122-021-03881-4","MQTL_all traitsV3.0_final",FALSE
"M01194","MQTL-1D-1","1D","Morphological traits","Tiller number","Morphological","2.51–10.66",2.51,10.66,"cM","all values < 1000 -> cM",NA,"https://link.springer.com/article/10.1007/s00122-021-03881-4","MQTL_all traitsV3.0_final",FALSE
"M01195","MQTL-1D-2","1D","Morphological traits","Tiller number","Morphological","10.76–18.07",10.76,18.07,"cM","all values < 1000 -> cM",NA,"https://link.springer.com/article/10.1007/s00122-021-03881-4","MQTL_all traitsV3.0_final",FALSE
"M01196","MQTL-1D-4","1D","Morphological traits","Tiller number","Morphological","420.54–433.37",420.54,433.37,"cM","all values < 1000 -> cM",NA,"https://link.springer.com/article/10.1007/s00122-021-03881-4","MQTL_all traitsV3.0_final",FALSE
"M01197","MQTL-2A-2","2A","Morphological traits","Biomass","Morphological","3.95–10.01",3.95,10.01,"cM","all values < 1000 -> cM",NA,"https://link.springer.com/article/10.1007/s00122-021-03881-4","MQTL_all traitsV3.0_final",FALSE
"M01198","MQTL-2B-1","2B","Morphological traits","Spikelet number","Morphological","6.21–17.57",6.21,17.57,"cM","all values < 1000 -> cM",NA,"https://link.springer.com/article/10.1007/s00122-021-03881-4","MQTL_all traitsV3.0_final",FALSE
"M01199","MQTL-2B-2","2B","Morphological traits","Spikelet number","Morphological","26.58–30.50",26.58,30.5,"cM","all values < 1000 -> cM",NA,"https://link.springer.com/article/10.1007/s00122-021-03881-4","MQTL_all traitsV3.0_final",FALSE
"M01200","MQTL-2B-5","2B","Morphological traits","Spike length","Morphological","795.21–801.25",795.21,801.25,"cM","all values < 1000 -> cM",NA,"https://link.springer.com/article/10.1007/s00122-021-03881-4","MQTL_all traitsV3.0_final",FALSE
"M01201","MQTL-2D-1","2D","Morphological traits","Spike length, Spikelet number","Morphological","2.69–8.98",2.69,8.98,"cM","all values < 1000 -> cM",NA,"https://link.springer.com/article/10.1007/s00122-021-03881-4","MQTL_all traitsV3.0_final",FALSE
"M01202","MQTL-2D-2","2D","Morphological traits","Spike length, Tiller number","Morphological","5.44–10.32",5.44,10.32,"cM","all values < 1000 -> cM",NA,"https://link.springer.com/article/10.1007/s00122-021-03881-4","MQTL_all traitsV3.0_final",FALSE
"M01203","MQTL-2D-3","2D","Morphological traits","Spike length","Morphological","24.98–28.76",24.98,28.76,"cM","all values < 1000 -> cM",NA,"https://link.springer.com/article/10.1007/s00122-021-03881-4","MQTL_all traitsV3.0_final",FALSE
"M01204","MQTL-2D-4","2D","Morphological traits","Tiller number, Spikelet number, Spike length","Morphological","28.88–36.42",28.88,36.42,"cM","all values < 1000 -> cM",NA,"https://link.springer.com/article/10.1007/s00122-021-03881-4","MQTL_all traitsV3.0_final",FALSE
"M01205","MQTL-3A-1","3A","Morphological traits","Tiller number","Morphological","12.83–20.34",12.83,20.34,"cM","all values < 1000 -> cM",NA,"https://link.springer.com/article/10.1007/s00122-021-03881-4","MQTL_all traitsV3.0_final",FALSE
"M01206","MQTL-3A-2","3A","Morphological traits","Tiller number","Morphological","26.19–32.17",26.19,32.17,"cM","all values < 1000 -> cM",NA,"https://link.springer.com/article/10.1007/s00122-021-03881-4","MQTL_all traitsV3.0_final",FALSE
"M01207","MQTL-3A-4","3A","Morphological traits","Tiller number","Morphological","628.70–645.40",628.7,645.4,"cM","all values < 1000 -> cM",NA,"https://link.springer.com/article/10.1007/s00122-021-03881-4","MQTL_all traitsV3.0_final",FALSE
"M01208","MQTL-3A-5","3A","Morphological traits","Tiller number","Morphological","647.47–657.95",647.47,657.95,"cM","all values < 1000 -> cM",NA,"https://link.springer.com/article/10.1007/s00122-021-03881-4","MQTL_all traitsV3.0_final",FALSE
"M01209","MQTL-3A-6","3A","Morphological traits","Tiller number, Biomass","Morphological","688.68–707.99",688.68,707.99,"cM","all values < 1000 -> cM",NA,"https://link.springer.com/article/10.1007/s00122-021-03881-4","MQTL_all traitsV3.0_final",FALSE
"M01210","MQTL-3B-2","3B","Morphological traits","Tiller number, Spike length, Spikelet number, Biomass","Morphological","3.30–7.07",3.3,7.07,"cM","all values < 1000 -> cM",NA,"https://link.springer.com/article/10.1007/s00122-021-03881-4","MQTL_all traitsV3.0_final",FALSE
"M01211","MQTL-3B-3","3B","Morphological traits","Spike length","Morphological","12.32–26.81",12.32,26.81,"cM","all values < 1000 -> cM",NA,"https://link.springer.com/article/10.1007/s00122-021-03881-4","MQTL_all traitsV3.0_final",FALSE
"M01212","MQTL-3B-4","3B","Morphological traits","Spike length","Morphological","63.40–82.45",63.4,82.45,"cM","all values < 1000 -> cM",NA,"https://link.springer.com/article/10.1007/s00122-021-03881-4","MQTL_all traitsV3.0_final",FALSE
"M01213","MQTL-3B-5","3B","Morphological traits","Tiller number, Biomass","Morphological","531.23–555.09",531.23,555.09,"cM","all values < 1000 -> cM",NA,"https://link.springer.com/article/10.1007/s00122-021-03881-4","MQTL_all traitsV3.0_final",FALSE
"M01214","MQTL-3D-4","3D","Morphological traits","Spike length","Morphological","604.89–613.62",604.89,613.62,"cM","all values < 1000 -> cM",NA,"https://link.springer.com/article/10.1007/s00122-021-03881-4","MQTL_all traitsV3.0_final",FALSE
"M01215","MQTL-4A-1","4A","Morphological traits","Spike length, Spikelet number","Morphological","7.15–26.63",7.15,26.63,"cM","all values < 1000 -> cM",NA,"https://link.springer.com/article/10.1007/s00122-021-03881-4","MQTL_all traitsV3.0_final",FALSE
"M01216","MQTL-4A-2","4A","Morphological traits","Spikelet number, Spike length","Morphological","606.66–611.07",606.66,611.07,"cM","all values < 1000 -> cM",NA,"https://link.springer.com/article/10.1007/s00122-021-03881-4","MQTL_all traitsV3.0_final",FALSE
"M01217","MQTL-4A-6","4A","Morphological traits","Spike length, Spikelet number","Morphological","654.45–668.75",654.45,668.75,"cM","all values < 1000 -> cM",NA,"https://link.springer.com/article/10.1007/s00122-021-03881-4","MQTL_all traitsV3.0_final",FALSE
"M01218","MQTL-4A-8","4A","Morphological traits","Tiller number, Spike length, Spikelet number","Morphological","726.09–737.53",726.09,737.53,"cM","all values < 1000 -> cM",NA,"https://link.springer.com/article/10.1007/s00122-021-03881-4","MQTL_all traitsV3.0_final",FALSE
"M01219","MQTL-4B-2","4B","Morphological traits","Tiller number, Spike length","Morphological","14.02–30.86",14.02,30.86,"cM","all values < 1000 -> cM",NA,"https://link.springer.com/article/10.1007/s00122-021-03881-4","MQTL_all traitsV3.0_final",FALSE
"M01220","MQTL-4B-4","4B","Morphological traits","Tiller number","Morphological","34.58–52.99",34.58,52.99,"cM","all values < 1000 -> cM",NA,"https://link.springer.com/article/10.1007/s00122-021-03881-4","MQTL_all traitsV3.0_final",FALSE
"M01221","MQTL-4B-6","4B","Morphological traits","Spike length","Morphological","660.69–667.89",660.69,667.89,"cM","all values < 1000 -> cM",NA,"https://link.springer.com/article/10.1007/s00122-021-03881-4","MQTL_all traitsV3.0_final",FALSE
"M01222","MQTL-4D-2","4D","Morphological traits","Spikelet number, Tiller number, Spike length","Morphological","9.25–12.41",9.25,12.41,"cM","all values < 1000 -> cM",NA,"https://link.springer.com/article/10.1007/s00122-021-03881-4","MQTL_all traitsV3.0_final",FALSE
"M01223","MQTL-5A-1","5A","Morphological traits","Tiller number","Morphological","0.00–2.85",0,2.85,"cM","all values < 1000 -> cM",NA,"https://link.springer.com/article/10.1007/s00122-021-03881-4","MQTL_all traitsV3.0_final",FALSE
"M01224","MQTL-5A-2","5A","Morphological traits","Tiller number","Morphological","488.26–502.61",488.26,502.61,"cM","all values < 1000 -> cM",NA,"https://link.springer.com/article/10.1007/s00122-021-03881-4","MQTL_all traitsV3.0_final",FALSE
"M01225","MQTL-5A-3","5A","Morphological traits","Spikelet number, Tiller number, Spike length","Morphological","578.06–592.64",578.06,592.64,"cM","all values < 1000 -> cM",NA,"https://link.springer.com/article/10.1007/s00122-021-03881-4","MQTL_all traitsV3.0_final",FALSE
"M01226","MQTL-5A-7","5A","Morphological traits","Spikelet number, Tiller number","Morphological","667.93–682.71",667.93,682.71,"cM","all values < 1000 -> cM",NA,"https://link.springer.com/article/10.1007/s00122-021-03881-4","MQTL_all traitsV3.0_final",FALSE
"M01227","MQTL-5B-7","5B","Morphological traits","Tiller number","Morphological","704.95–712.41",704.95,712.41,"cM","all values < 1000 -> cM",NA,"https://link.springer.com/article/10.1007/s00122-021-03881-4","MQTL_all traitsV3.0_final",FALSE
"M01228","MQTL-5D-1","5D","Morphological traits","Tiller number","Morphological","3.59",3.59,3.59,"cM","all values < 1000 -> cM",NA,"https://link.springer.com/article/10.1007/s00122-021-03881-4","MQTL_all traitsV3.0_final",FALSE
"M01229","MQTL-5D-4","5D","Morphological traits","Spike length, Spikelet number, Biomass","Morphological","398.77–420.92",398.77,420.92,"cM","all values < 1000 -> cM",NA,"https://link.springer.com/article/10.1007/s00122-021-03881-4","MQTL_all traitsV3.0_final",FALSE
"M01230","MQTL-6A-1","6A","Morphological traits","Spikelet number","Morphological","0.29–6.73",0.29,6.73,"cM","all values < 1000 -> cM",NA,"https://link.springer.com/article/10.1007/s00122-021-03881-4","MQTL_all traitsV3.0_final",FALSE
"M01231","MQTL-6A-5","6A","Morphological traits","Tiller number, Spike length","Morphological","559.43–569.12",559.43,569.12,"cM","all values < 1000 -> cM",NA,"https://link.springer.com/article/10.1007/s00122-021-03881-4","MQTL_all traitsV3.0_final",FALSE
"M01232","MQTL-6A-6","6A","Morphological traits","Tiller number, Spikelet number","Morphological","581.74–590.10",581.74,590.1,"cM","all values < 1000 -> cM",NA,"https://link.springer.com/article/10.1007/s00122-021-03881-4","MQTL_all traitsV3.0_final",FALSE
"M01233","MQTL-6A-7","6A","Morphological traits","Spike length","Morphological","595.00–602.91",595,602.91,"cM","all values < 1000 -> cM",NA,"https://link.springer.com/article/10.1007/s00122-021-03881-4","MQTL_all traitsV3.0_final",FALSE
"M01234","MQTL-6A-8","6A","Morphological traits","Tiller number, Spike length","Morphological","606.59–615.06",606.59,615.06,"cM","all values < 1000 -> cM",NA,"https://link.springer.com/article/10.1007/s00122-021-03881-4","MQTL_all traitsV3.0_final",FALSE
"M01235","MQTL-6B-1","6B","Morphological traits","Spike length","Morphological","10.06–24.89",10.06,24.89,"cM","all values < 1000 -> cM",NA,"https://link.springer.com/article/10.1007/s00122-021-03881-4","MQTL_all traitsV3.0_final",FALSE
"M01236","MQTL-6B-2","6B","Morphological traits","Spike length, Spikelet number","Morphological","28.12–42.39",28.12,42.39,"cM","all values < 1000 -> cM",NA,"https://link.springer.com/article/10.1007/s00122-021-03881-4","MQTL_all traitsV3.0_final",FALSE
"M01237","MQTL-6B-4","6B","Morphological traits","Spike length","Morphological","661.34–674.16",661.34,674.16,"cM","all values < 1000 -> cM",NA,"https://link.springer.com/article/10.1007/s00122-021-03881-4","MQTL_all traitsV3.0_final",FALSE
"M01238","MQTL-6B-6","6B","Morphological traits","Spike length","Morphological","704.56–708.03",704.56,708.03,"cM","all values < 1000 -> cM",NA,"https://link.springer.com/article/10.1007/s00122-021-03881-4","MQTL_all traitsV3.0_final",FALSE
"M01239","MQTL-6D-4","6D","Morphological traits","Tiller number, Spikelet number","Morphological","455.46–463.71",455.46,463.71,"cM","all values < 1000 -> cM",NA,"https://link.springer.com/article/10.1007/s00122-021-03881-4","MQTL_all traitsV3.0_final",FALSE
"M01240","MQTL-6D-6","6D","Morphological traits","Spikelet number, Tiller number, Biomass","Morphological","465.21–472.40",465.21,472.4,"cM","all values < 1000 -> cM",NA,"https://link.springer.com/article/10.1007/s00122-021-03881-4","MQTL_all traitsV3.0_final",FALSE
"M01241","MQTL-7A-1","7A","Morphological traits","Biomass, Spike length, Spikelet number","Morphological","5.20–21.80",5.2,21.8,"cM","all values < 1000 -> cM",NA,"https://link.springer.com/article/10.1007/s00122-021-03881-4","MQTL_all traitsV3.0_final",FALSE
"M01242","MQTL-7A-2","7A","Morphological traits","Spikelet number, Tiller number, Spike length","Morphological","18.88–24.59",18.88,24.59,"cM","all values < 1000 -> cM",NA,"https://link.springer.com/article/10.1007/s00122-021-03881-4","MQTL_all traitsV3.0_final",FALSE
"M01243","MQTL-7A-6","7A","Morphological traits","Tiller number, Spikelet number, Biomass","Morphological","675.27–688.69",675.27,688.69,"cM","all values < 1000 -> cM",NA,"https://link.springer.com/article/10.1007/s00122-021-03881-4","MQTL_all traitsV3.0_final",FALSE
"M01244","MQTL-7B-1","7B","Morphological traits","Spike length","Morphological","1.03–6.23",1.03,6.23,"cM","all values < 1000 -> cM",NA,"https://link.springer.com/article/10.1007/s00122-021-03881-4","MQTL_all traitsV3.0_final",FALSE
"M01245","MQTL-7B-5","7B","Morphological traits","Spike length, Spikelet number","Morphological","665.52–672.55",665.52,672.55,"cM","all values < 1000 -> cM",NA,"https://link.springer.com/article/10.1007/s00122-021-03881-4","MQTL_all traitsV3.0_final",FALSE
"M01246","MQTL-7B-8","7B","Morphological traits","Spike length, Spikelet number","Morphological","743.45–749.30",743.45,749.3,"cM","all values < 1000 -> cM",NA,"https://link.springer.com/article/10.1007/s00122-021-03881-4","MQTL_all traitsV3.0_final",FALSE
"M01247","MQTL-7D-1","7D","Morphological traits","Tiller number, Spikelet number","Morphological","6.48–14.19",6.48,14.19,"cM","all values < 1000 -> cM",NA,"https://link.springer.com/article/10.1007/s00122-021-03881-4","MQTL_all traitsV3.0_final",FALSE
"M01248","MQTL-7D-8","7D","Morphological traits","Tiller number, Spikelet number","Morphological","589.06–611.52",589.06,611.52,"cM","all values < 1000 -> cM",NA,"https://link.springer.com/article/10.1007/s00122-021-03881-4","MQTL_all traitsV3.0_final",FALSE
"M01249","MQTL-1A.1","1A","Morphological traits","Flag leaf width(4), Flag leaf length(4), Flag leaf area(3)","Morphological","471.47–478.35",471.47,478.35,"cM","all values < 1000 -> cM",NA,"https://pmc.ncbi.nlm.nih.gov/articles/PMC11929995/","MQTL_all traitsV3.0_final",FALSE
"M01250","MQTL-1A.2","1A","Morphological traits","Flag leaf length(6), Flag leaf width(4), Flag leaf area(3)","Morphological","533.44–535.02",533.44,535.02,"cM","all values < 1000 -> cM",NA,"https://pmc.ncbi.nlm.nih.gov/articles/PMC11929995/","MQTL_all traitsV3.0_final",FALSE
"M01251","MQTL-1A.3","1A","Morphological traits","Flag leaf width(6), Flag leaf length(4)","Morphological","532.24–544.36",532.24,544.36,"cM","all values < 1000 -> cM",NA,"https://pmc.ncbi.nlm.nih.gov/articles/PMC11929995/","MQTL_all traitsV3.0_final",FALSE
"M01252","MQTL-1A.4","1A","Morphological traits","Flag leaf width(5), Flag leaf length(5), Flag leaf area(3)","Morphological","542.43–577.84",542.43,577.84,"cM","all values < 1000 -> cM",NA,"https://pmc.ncbi.nlm.nih.gov/articles/PMC11929995/","MQTL_all traitsV3.0_final",FALSE
"M01253","MQTL-1A.5","1A","Morphological traits","Flag leaf length(6), Flag leaf width(5), Flag leaf area(4)","Morphological","582.86–589.47",582.86,589.47,"cM","all values < 1000 -> cM",NA,"https://pmc.ncbi.nlm.nih.gov/articles/PMC11929995/","MQTL_all traitsV3.0_final",FALSE
"M01254","MQTL-1B.1","1B","Morphological traits","Flag leaf length(4), Flag leaf width(3), Flag leaf angle(3)","Morphological","303.68–478.72",303.68,478.72,"cM","all values < 1000 -> cM",NA,"https://pmc.ncbi.nlm.nih.gov/articles/PMC11929995/","MQTL_all traitsV3.0_final",FALSE
"M01255","MQTL-1B.2","1B","Morphological traits","Flag leaf length(4), Flag leaf area(3), Flag leaf angle(3)","Morphological","536.70–638.93",536.7,638.93,"cM","all values < 1000 -> cM",NA,"https://pmc.ncbi.nlm.nih.gov/articles/PMC11929995/","MQTL_all traitsV3.0_final",FALSE
"M01256","MQTL-1B.3","1B","Morphological traits","Flag leaf area(2), Flag leaf length(2), Flag leaf angle(2), Flag leaf length/width ratio(2)","Morphological","646.67–664.30",646.67,664.3,"cM","all values < 1000 -> cM",NA,"https://pmc.ncbi.nlm.nih.gov/articles/PMC11929995/","MQTL_all traitsV3.0_final",FALSE
"M01257","MQTL-1B.4","1B","Morphological traits","Flag leaf length(3), Flag leaf angle(2), Flag leaf length/width ratio(2), Flag leaf width(2)","Morphological","673.74–678.31",673.74,678.31,"cM","all values < 1000 -> cM",NA,"https://pmc.ncbi.nlm.nih.gov/articles/PMC11929995/","MQTL_all traitsV3.0_final",FALSE
"M01258","MQTL-1B.5","1B","Morphological traits","Flag leaf length(1)","Morphological","678.73–686.93",678.73,686.93,"cM","all values < 1000 -> cM",NA,"https://pmc.ncbi.nlm.nih.gov/articles/PMC11929995/","MQTL_all traitsV3.0_final",FALSE
"M01259","MQTL-2A.1","2A","Morphological traits","Stomatal density(1)","Morphological","21.26–34.49",21.26,34.49,"cM","all values < 1000 -> cM",NA,"https://pmc.ncbi.nlm.nih.gov/articles/PMC11929995/","MQTL_all traitsV3.0_final",FALSE
"M01260","MQTL-2A.3","2A","Morphological traits","Flag leaf width(3), Flag leaf length(2)","Morphological","62.30–68.25",62.3,68.25,"cM","all values < 1000 -> cM",NA,"https://pmc.ncbi.nlm.nih.gov/articles/PMC11929995/","MQTL_all traitsV3.0_final",FALSE
"M01261","MQTL-2A.4","2A","Morphological traits","Flag leaf length(3), Flag leaf area(3)","Morphological","70.98–79.75",70.98,79.75,"cM","all values < 1000 -> cM",NA,"https://pmc.ncbi.nlm.nih.gov/articles/PMC11929995/","MQTL_all traitsV3.0_final",FALSE
"M01262","MQTL-2A.5","2A","Morphological traits","Flag leaf area(3)","Morphological","675.89–696.85",675.89,696.85,"cM","all values < 1000 -> cM",NA,"https://pmc.ncbi.nlm.nih.gov/articles/PMC11929995/","MQTL_all traitsV3.0_final",FALSE
"M01263","MQTL-2A.6","2A","Morphological traits","Flag leaf width(3)","Morphological","709.04–712.72",709.04,712.72,"cM","all values < 1000 -> cM",NA,"https://pmc.ncbi.nlm.nih.gov/articles/PMC11929995/","MQTL_all traitsV3.0_final",FALSE
"M01264","MQTL-2A.7","2A","Morphological traits","Flag leaf width(2)","Morphological","728.75–770.01",728.75,770.01,"cM","all values < 1000 -> cM",NA,"https://pmc.ncbi.nlm.nih.gov/articles/PMC11929995/","MQTL_all traitsV3.0_final",FALSE
"M01265","MQTL-2B.1","2B","Morphological traits","Flag leaf width(7), Flag leaf length(4)","Morphological","10.78–14.04",10.78,14.04,"cM","all values < 1000 -> cM",NA,"https://pmc.ncbi.nlm.nih.gov/articles/PMC11929995/","MQTL_all traitsV3.0_final",FALSE
"M01266","MQTL-2B.2","2B","Morphological traits","Flag leaf length(5), Flag leaf width(5)","Morphological","24.51–58.32",24.51,58.32,"cM","all values < 1000 -> cM",NA,"https://pmc.ncbi.nlm.nih.gov/articles/PMC11929995/","MQTL_all traitsV3.0_final",FALSE
"M01267","MQTL-2B.3","2B","Morphological traits","Flag leaf width(8), Flag leaf angle(3)","Morphological","115.38–181.61",115.38,181.61,"cM","all values < 1000 -> cM",NA,"https://pmc.ncbi.nlm.nih.gov/articles/PMC11929995/","MQTL_all traitsV3.0_final",FALSE
"M01268","MQTL-2B.4","2B","Morphological traits","Flag leaf width(6), Flag leaf angle(3)","Morphological","182.01–240.22",182.01,240.22,"cM","all values < 1000 -> cM",NA,"https://pmc.ncbi.nlm.nih.gov/articles/PMC11929995/","MQTL_all traitsV3.0_final",FALSE
"M01269","MQTL-2D.1","2D","Morphological traits","Flag leaf width(4), Flag leaf angle(2), Flag leaf area(2), Flag leaf length(2)","Morphological","6.63–20.76",6.63,20.76,"cM","all values < 1000 -> cM",NA,"https://pmc.ncbi.nlm.nih.gov/articles/PMC11929995/","MQTL_all traitsV3.0_final",FALSE
"M01270","MQTL-2D.2","2D","Morphological traits","Flag leaf length(2), Flag leaf area(2), Flag leaf width(1), Flag leaf length/width ratio(1)","Morphological","26.61–27.77",26.61,27.77,"cM","all values < 1000 -> cM",NA,"https://pmc.ncbi.nlm.nih.gov/articles/PMC11929995/","MQTL_all traitsV3.0_final",FALSE
"M01271","MQTL-3B.1","3B","Morphological traits","Flag leaf width(4), Flag leaf area(3), Flag leaf length(2)","Morphological","479.87–587.00",479.87,587,"cM","all values < 1000 -> cM",NA,"https://pmc.ncbi.nlm.nih.gov/articles/PMC11929995/","MQTL_all traitsV3.0_final",FALSE
"M01272","MQTL-3B.2","3B","Morphological traits","Flag leaf width(5), Flag leaf area(3), Flag leaf length(1)","Morphological","669.71–779.13",669.71,779.13,"cM","all values < 1000 -> cM",NA,"https://pmc.ncbi.nlm.nih.gov/articles/PMC11929995/","MQTL_all traitsV3.0_final",FALSE
"M01273","MQTL-3D.1","3D","Morphological traits","Stomatal density(2), Stomatal width(1)","Morphological","129.02–297.50",129.02,297.5,"cM","all values < 1000 -> cM",NA,"https://pmc.ncbi.nlm.nih.gov/articles/PMC11929995/","MQTL_all traitsV3.0_final",FALSE
"M01274","MQTL-3D.2","3D","Morphological traits","Stomatal density(1)","Morphological","462.53–564.60",462.53,564.6,"cM","all values < 1000 -> cM",NA,"https://pmc.ncbi.nlm.nih.gov/articles/PMC11929995/","MQTL_all traitsV3.0_final",FALSE
"M01275","MQTL-4A.1","4A","Morphological traits","Flag leaf length(4), Flag leaf area(2), Flag leaf width(1)","Morphological","4.47–11.81",4.47,11.81,"cM","all values < 1000 -> cM",NA,"https://pmc.ncbi.nlm.nih.gov/articles/PMC11929995/","MQTL_all traitsV3.0_final",FALSE
"M01276","MQTL-4A.2","4A","Morphological traits","Flag leaf area(7), Flag leaf length(6), Flag leaf width(1)","Morphological","12.20–16.19",12.2,16.19,"cM","all values < 1000 -> cM",NA,"https://pmc.ncbi.nlm.nih.gov/articles/PMC11929995/","MQTL_all traitsV3.0_final",FALSE
"M01277","MQTL-4A.3","4A","Morphological traits","Flag leaf length(7), Flag leaf area(6), Stomatal width(1)","Morphological","515.84–576.70",515.84,576.7,"cM","all values < 1000 -> cM",NA,"https://pmc.ncbi.nlm.nih.gov/articles/PMC11929995/","MQTL_all traitsV3.0_final",FALSE
"M01278","MQTL-4A.4","4A","Morphological traits","Flag leaf length(7), Flag leaf area(6), Stomatal width(1)","Morphological","591.70–617.09",591.7,617.09,"cM","all values < 1000 -> cM",NA,"https://pmc.ncbi.nlm.nih.gov/articles/PMC11929995/","MQTL_all traitsV3.0_final",FALSE
"M01279","MQTL-4A.5","4A","Morphological traits","Flag leaf length(6), Flag leaf area(6), Stomatal width(1)","Morphological","636.97–735.74",636.97,735.74,"cM","all values < 1000 -> cM",NA,"https://pmc.ncbi.nlm.nih.gov/articles/PMC11929995/","MQTL_all traitsV3.0_final",FALSE
"M01280","MQTL-4A.6","4A","Morphological traits","Flag leaf length(7), Flag leaf area(5), Stomatal width(1)","Morphological","660.79–727.11",660.79,727.11,"cM","all values < 1000 -> cM",NA,"https://pmc.ncbi.nlm.nih.gov/articles/PMC11929995/","MQTL_all traitsV3.0_final",FALSE
"M01281","MQTL-4D.1","4D","Morphological traits","Flag leaf width(1)","Morphological","238.37–274.22",238.37,274.22,"cM","all values < 1000 -> cM",NA,"https://pmc.ncbi.nlm.nih.gov/articles/PMC11929995/","MQTL_all traitsV3.0_final",FALSE
"M01282","MQTL-4D.3","4D","Morphological traits","Flag leaf width(1)","Morphological","477.12–484.65",477.12,484.65,"cM","all values < 1000 -> cM",NA,"https://pmc.ncbi.nlm.nih.gov/articles/PMC11929995/","MQTL_all traitsV3.0_final",FALSE
"M01283","MQTL-5A.1","5A","Morphological traits","Flag leaf area(9), Flag leaf length(8), Flag leaf angle(6), Flag leaf length/width ratio(2)","Morphological","37.06–70.73",37.06,70.73,"cM","all values < 1000 -> cM",NA,"https://pmc.ncbi.nlm.nih.gov/articles/PMC11929995/","MQTL_all traitsV3.0_final",FALSE
"M01284","MQTL-5A.2","5A","Morphological traits","Flag leaf length(11), Flag leaf area(8), Flag leaf angle(6), Flag leaf length/width ratio(2), Flag leaf width(2)","Morphological","437.20–585.40",437.2,585.4,"cM","all values < 1000 -> cM",NA,"https://pmc.ncbi.nlm.nih.gov/articles/PMC11929995/","MQTL_all traitsV3.0_final",FALSE
"M01285","MQTL-5A.3","5A","Morphological traits","Flag leaf length(9), Flag leaf area(9), Flag leaf angle(6), Flag leaf width(3)","Morphological","588.84–647.36",588.84,647.36,"cM","all values < 1000 -> cM",NA,"https://pmc.ncbi.nlm.nih.gov/articles/PMC11929995/","MQTL_all traitsV3.0_final",FALSE
"M01286","MQTL-5D.1","5D","Morphological traits","Flag leaf length(3)","Morphological","41.81–44.61",41.81,44.61,"cM","all values < 1000 -> cM",NA,"https://pmc.ncbi.nlm.nih.gov/articles/PMC11929995/","MQTL_all traitsV3.0_final",FALSE
"M01287","MQTL-5D.2","5D","Morphological traits","Stomatal length(1), Flag leaf area(1), Flag leaf length(1)","Morphological","229.36–290.67",229.36,290.67,"cM","all values < 1000 -> cM",NA,"https://pmc.ncbi.nlm.nih.gov/articles/PMC11929995/","MQTL_all traitsV3.0_final",FALSE
"M01288","MQTL-7A.5","7A","Morphological traits","Flag leaf width(12), Flag leaf angle(8), Flag leaf length(7), Flag leaf area(7)","Morphological","115.81–343.84",115.81,343.84,"cM","all values < 1000 -> cM",NA,"https://pmc.ncbi.nlm.nih.gov/articles/PMC11929995/","MQTL_all traitsV3.0_final",FALSE
"M01289","MQTL-7B.1","7B","Morphological traits","Flag leaf area(2), Flag leaf length(1)","Morphological","553.18–723.21",553.18,723.21,"cM","all values < 1000 -> cM",NA,"https://pmc.ncbi.nlm.nih.gov/articles/PMC11929995/","MQTL_all traitsV3.0_final",FALSE
"M01290","MQTL-7B.2","7B","Morphological traits","Flag leaf length(1)","Morphological","670.84–708.47",670.84,708.47,"cM","all values < 1000 -> cM",NA,"https://pmc.ncbi.nlm.nih.gov/articles/PMC11929995/","MQTL_all traitsV3.0_final",FALSE
"M01291","MQTL-7B.3","7B","Morphological traits","Flag leaf length(1)","Morphological","625.88–730.15",625.88,730.15,"cM","all values < 1000 -> cM",NA,"https://pmc.ncbi.nlm.nih.gov/articles/PMC11929995/","MQTL_all traitsV3.0_final",FALSE
"M01292","MQTL-7B.5","7B","Morphological traits","Flag leaf width(3), Flag leaf length(3), Flag leaf area(3)","Morphological","657.87–732.39",657.87,732.39,"cM","all values < 1000 -> cM",NA,"https://pmc.ncbi.nlm.nih.gov/articles/PMC11929995/","MQTL_all traitsV3.0_final",FALSE
"M01293","MQTL-7D.2","7D","Morphological traits","Flag leaf width(3), Flag leaf length(2)","Morphological","52.94–102.54",52.94,102.54,"cM","all values < 1000 -> cM",NA,"https://pmc.ncbi.nlm.nih.gov/articles/PMC11929995/","MQTL_all traitsV3.0_final",FALSE
"M01294","MQTL-7D.3","7D","Morphological traits","Flag leaf width(6), Flag leaf length(3), Flag leaf area(1)","Morphological","211.40–364.63",211.4,364.63,"cM","all values < 1000 -> cM",NA,"https://pmc.ncbi.nlm.nih.gov/articles/PMC11929995/","MQTL_all traitsV3.0_final",FALSE
"M01295","MQTL-7D.4","7D","Morphological traits","Flag leaf width(5), Flag leaf length(2), Flag leaf area(1)","Morphological","414.28–531.58",414.28,531.58,"cM","all values < 1000 -> cM",NA,"https://pmc.ncbi.nlm.nih.gov/articles/PMC11929995/","MQTL_all traitsV3.0_final",FALSE
"M01296","MQTL-7D.5","7D","Morphological traits","Flag leaf width(4), Flag leaf length(1)","Morphological","530.67–587.91",530.67,587.91,"cM","all values < 1000 -> cM",NA,"https://pmc.ncbi.nlm.nih.gov/articles/PMC11929995/","MQTL_all traitsV3.0_final",FALSE
"M01297","1A-I","1A","Morphological traits","Flag leaf length, Flag leaf width, Flag leaf area","Morphological","473.79-485.21",473.79,485.21,"cM","all values < 1000 -> cM",NA,"https://link.springer.com/article/10.1007/s00122-024-04802-x","MQTL_all traitsV3.0_final",FALSE
"M01298","1A-II","1A","Morphological traits","Flag leaf length, Flag leaf width, Flag leaf area","Morphological","511.45-516.73",511.45,516.73,"cM","all values < 1000 -> cM",NA,"https://link.springer.com/article/10.1007/s00122-024-04802-x","MQTL_all traitsV3.0_final",FALSE
"M01299","1A-III","1A","Morphological traits","Flag leaf length, Flag leaf width, Flag leaf area","Morphological","526.96-532.79",526.96,532.79,"cM","all values < 1000 -> cM",NA,"https://link.springer.com/article/10.1007/s00122-024-04802-x","MQTL_all traitsV3.0_final",FALSE
"M01300","1B-I","1B","Morphological traits","Flag leaf length, Flag leaf area","Morphological","0-9.58",0,9.58,"cM","all values < 1000 -> cM",NA,"https://link.springer.com/article/10.1007/s00122-024-04802-x","MQTL_all traitsV3.0_final",FALSE
"M01301","1B-II","1B","Morphological traits","Flag leaf length, Flag leaf width, Flag leaf area","Morphological","453.28-465.1",453.28,465.1,"cM","all values < 1000 -> cM",NA,"https://link.springer.com/article/10.1007/s00122-024-04802-x","MQTL_all traitsV3.0_final",FALSE
"M01302","1B-III","1B","Morphological traits","Flag leaf length, Flag leaf width, Flag leaf area","Morphological","631.2-633.14",631.2,633.14,"cM","all values < 1000 -> cM",NA,"https://link.springer.com/article/10.1007/s00122-024-04802-x","MQTL_all traitsV3.0_final",FALSE
"M01303","1D-I","1D","Morphological traits","Flag leaf length, Flag leaf width, Flag leaf area","Morphological","7.91-16.82",7.91,16.82,"cM","all values < 1000 -> cM",NA,"https://link.springer.com/article/10.1007/s00122-024-04802-x","MQTL_all traitsV3.0_final",FALSE
"M01304","1D-II","1D","Morphological traits","Flag leaf width","Morphological","460.65-463.5",460.65,463.5,"cM","all values < 1000 -> cM",NA,"https://link.springer.com/article/10.1007/s00122-024-04802-x","MQTL_all traitsV3.0_final",FALSE
"M01305","2A-I","2A","Morphological traits","Flag leaf length, Flag leaf area","Morphological","2.49-7.96",2.49,7.96,"cM","all values < 1000 -> cM",NA,"https://link.springer.com/article/10.1007/s00122-024-04802-x","MQTL_all traitsV3.0_final",FALSE
"M01306","2A-II","2A","Morphological traits","Flag leaf length, Flag leaf width, Flag leaf area, Flag leaf ratio (FLL/FLW)","Morphological","18.18-34.5",18.18,34.5,"cM","all values < 1000 -> cM",NA,"https://link.springer.com/article/10.1007/s00122-024-04802-x","MQTL_all traitsV3.0_final",FALSE
"M01307","2A-III","2A","Morphological traits","Flag leaf length, Flag leaf area, Flag leaf ratio (FLL/FLW)","Morphological","78.33-88.01",78.33,88.01,"cM","all values < 1000 -> cM",NA,"https://link.springer.com/article/10.1007/s00122-024-04802-x","MQTL_all traitsV3.0_final",FALSE
"M01308","2A-IV","2A","Morphological traits","Flag leaf length, Flag leaf width, Flag leaf area, Flag leaf ratio (FLL/FLW)","Morphological","711.55-718.89",711.55,718.89,"cM","all values < 1000 -> cM",NA,"https://link.springer.com/article/10.1007/s00122-024-04802-x","MQTL_all traitsV3.0_final",FALSE
"M01309","2B-I","2B","Morphological traits","Flag leaf length, Flag leaf width, Flag leaf area","Morphological","45.76-56.59",45.76,56.59,"cM","all values < 1000 -> cM",NA,"https://link.springer.com/article/10.1007/s00122-024-04802-x","MQTL_all traitsV3.0_final",FALSE
"M01310","2B-II","2B","Morphological traits","Flag leaf width, Flag leaf area, Flag leaf ratio (FLL/FLW)","Morphological","442.79-449.04",442.79,449.04,"cM","all values < 1000 -> cM",NA,"https://link.springer.com/article/10.1007/s00122-024-04802-x","MQTL_all traitsV3.0_final",FALSE
"M01311","2B-III","2B","Morphological traits","Flag leaf length, Flag leaf area","Morphological","638.71-648.08",638.71,648.08,"cM","all values < 1000 -> cM",NA,"https://link.springer.com/article/10.1007/s00122-024-04802-x","MQTL_all traitsV3.0_final",FALSE
"M01312","2B-IV","2B","Morphological traits","Flag leaf length, Flag leaf width, Flag leaf area, Flag leaf ratio (FLL/FLW)","Morphological","659-665.19",659,665.19,"cM","all values < 1000 -> cM",NA,"https://link.springer.com/article/10.1007/s00122-024-04802-x","MQTL_all traitsV3.0_final",FALSE
"M01313","2B-V","2B","Morphological traits","Flag leaf length","Morphological","753.84-765.3",753.84,765.3,"cM","all values < 1000 -> cM",NA,"https://link.springer.com/article/10.1007/s00122-024-04802-x","MQTL_all traitsV3.0_final",FALSE
"M01314","2D-I","2D","Morphological traits","Flag leaf length, Flag leaf width, Flag leaf area","Morphological","13.44-20.75",13.44,20.75,"cM","all values < 1000 -> cM",NA,"https://link.springer.com/article/10.1007/s00122-024-04802-x","MQTL_all traitsV3.0_final",FALSE
"M01315","2D-II","2D","Morphological traits","Flag leaf length, Flag leaf width, Flag leaf area, Flag leaf ratio (FLL/FLW)","Morphological","30.33-38.55",30.33,38.55,"cM","all values < 1000 -> cM",NA,"https://link.springer.com/article/10.1007/s00122-024-04802-x","MQTL_all traitsV3.0_final",FALSE
"M01316","2D-III","2D","Morphological traits","Flag leaf length, Flag leaf width, Flag leaf area","Morphological","48.17-57.26",48.17,57.26,"cM","all values < 1000 -> cM",NA,"https://link.springer.com/article/10.1007/s00122-024-04802-x","MQTL_all traitsV3.0_final",FALSE
"M01317","2D-IV","2D","Morphological traits","Flag leaf length, Flag leaf width, Flag leaf area","Morphological","628.6-642.06",628.6,642.06,"cM","all values < 1000 -> cM",NA,"https://link.springer.com/article/10.1007/s00122-024-04802-x","MQTL_all traitsV3.0_final",FALSE
"M01318","3A-I","3A","Morphological traits","Flag leaf length, Flag leaf width, Flag leaf ratio (FLL/FLW)","Morphological","18.83-32.15",18.83,32.15,"cM","all values < 1000 -> cM",NA,"https://link.springer.com/article/10.1007/s00122-024-04802-x","MQTL_all traitsV3.0_final",FALSE
"M01319","3A-II","3A","Morphological traits","Flag leaf length, Flag leaf width, Flag leaf area","Morphological","644.8-651.89",644.8,651.89,"cM","all values < 1000 -> cM",NA,"https://link.springer.com/article/10.1007/s00122-024-04802-x","MQTL_all traitsV3.0_final",FALSE
"M01320","3A-III","3A","Morphological traits","Flag leaf length, Flag leaf area","Morphological","711.4-722.63",711.4,722.63,"cM","all values < 1000 -> cM",NA,"https://link.springer.com/article/10.1007/s00122-024-04802-x","MQTL_all traitsV3.0_final",FALSE
"M01321","3B-I","3B","Morphological traits","Flag leaf length, Flag leaf area","Morphological","1.39-7.14",1.39,7.14,"cM","all values < 1000 -> cM",NA,"https://link.springer.com/article/10.1007/s00122-024-04802-x","MQTL_all traitsV3.0_final",FALSE
"M01322","3B-II","3B","Morphological traits","Flag leaf width","Morphological","23.14-24.43",23.14,24.43,"cM","all values < 1000 -> cM",NA,"https://link.springer.com/article/10.1007/s00122-024-04802-x","MQTL_all traitsV3.0_final",FALSE
"M01323","4A-I","4A","Morphological traits","Flag leaf length, Flag leaf area","Morphological","1.73-11.32",1.73,11.32,"cM","all values < 1000 -> cM",NA,"https://link.springer.com/article/10.1007/s00122-024-04802-x","MQTL_all traitsV3.0_final",FALSE
"M01324","4A-II","4A","Morphological traits","Flag leaf length, Flag leaf area, Flag leaf ratio (FLL/FLW)","Morphological","24.76-29.06",24.76,29.06,"cM","all values < 1000 -> cM",NA,"https://link.springer.com/article/10.1007/s00122-024-04802-x","MQTL_all traitsV3.0_final",FALSE
"M01325","4A-III","4A","Morphological traits","Flag leaf length, Flag leaf width","Morphological","602.37-612.66",602.37,612.66,"cM","all values < 1000 -> cM",NA,"https://link.springer.com/article/10.1007/s00122-024-04802-x","MQTL_all traitsV3.0_final",FALSE
"M01326","4B-I","4B","Morphological traits","Flag leaf length, Flag leaf width, Flag leaf area","Morphological","15.77-25.83",15.77,25.83,"cM","all values < 1000 -> cM",NA,"https://link.springer.com/article/10.1007/s00122-024-04802-x","MQTL_all traitsV3.0_final",FALSE
"M01327","4B-II","4B","Morphological traits","Flag leaf length, Flag leaf ratio (FLL/FLW)","Morphological","629.25-630.47",629.25,630.47,"cM","all values < 1000 -> cM",NA,"https://link.springer.com/article/10.1007/s00122-024-04802-x","MQTL_all traitsV3.0_final",FALSE
"M01328","4D-I","4D","Morphological traits","Flag leaf length, Flag leaf width, Flag leaf area, Flag leaf ratio (FLL/FLW)","Morphological","25.44-32.22",25.44,32.22,"cM","all values < 1000 -> cM",NA,"https://link.springer.com/article/10.1007/s00122-024-04802-x","MQTL_all traitsV3.0_final",FALSE
"M01329","5A-I","5A","Morphological traits","Flag leaf length, Flag leaf width, Flag leaf area, Flag leaf ratio (FLL/FLW)","Morphological","21-29.51",21,29.51,"cM","all values < 1000 -> cM",NA,"https://link.springer.com/article/10.1007/s00122-024-04802-x","MQTL_all traitsV3.0_final",FALSE
"M01330","5A-II","5A","Morphological traits","Flag leaf width, Flag leaf area","Morphological","440.65-450.16",440.65,450.16,"cM","all values < 1000 -> cM",NA,"https://link.springer.com/article/10.1007/s00122-024-04802-x","MQTL_all traitsV3.0_final",FALSE
"M01331","5A-III","5A","Morphological traits","Flag leaf length, Flag leaf width, Flag leaf ratio (FLL/FLW)","Morphological","535.7-540.61",535.7,540.61,"cM","all values < 1000 -> cM",NA,"https://link.springer.com/article/10.1007/s00122-024-04802-x","MQTL_all traitsV3.0_final",FALSE
"M01332","5A-IV","5A","Morphological traits","Flag leaf length, Flag leaf ratio (FLL/FLW)","Morphological","581.48-591.32",581.48,591.32,"cM","all values < 1000 -> cM",NA,"https://link.springer.com/article/10.1007/s00122-024-04802-x","MQTL_all traitsV3.0_final",FALSE
"M01333","5A-V","5A","Morphological traits","Flag leaf length, Flag leaf ratio (FLL/FLW)","Morphological","692.06-702.17",692.06,702.17,"cM","all values < 1000 -> cM",NA,"https://link.springer.com/article/10.1007/s00122-024-04802-x","MQTL_all traitsV3.0_final",FALSE
"M01334","5B-I","5B","Morphological traits","Flag leaf width, Flag leaf area, Flag leaf ratio (FLL/FLW)","Morphological","21.18-29.37",21.18,29.37,"cM","all values < 1000 -> cM",NA,"https://link.springer.com/article/10.1007/s00122-024-04802-x","MQTL_all traitsV3.0_final",FALSE
"M01335","5B-II","5B","Morphological traits","Flag leaf length, Flag leaf width, Flag leaf ratio (FLL/FLW)","Morphological","475.7-486.08",475.7,486.08,"cM","all values < 1000 -> cM",NA,"https://link.springer.com/article/10.1007/s00122-024-04802-x","MQTL_all traitsV3.0_final",FALSE
"M01336","5B-III","5B","Morphological traits","Flag leaf length, Flag leaf width, Flag leaf area, Flag leaf ratio (FLL/FLW)","Morphological","527.06-534.36",527.06,534.36,"cM","all values < 1000 -> cM",NA,"https://link.springer.com/article/10.1007/s00122-024-04802-x","MQTL_all traitsV3.0_final",FALSE
"M01337","5B-IV","5B","Morphological traits","Flag leaf width","Morphological","555.01-558.42",555.01,558.42,"cM","all values < 1000 -> cM",NA,"https://link.springer.com/article/10.1007/s00122-024-04802-x","MQTL_all traitsV3.0_final",FALSE
"M01338","5B-V","5B","Morphological traits","Flag leaf length, Flag leaf width, Flag leaf ratio (FLL/FLW)","Morphological","569.55-576.57",569.55,576.57,"cM","all values < 1000 -> cM",NA,"https://link.springer.com/article/10.1007/s00122-024-04802-x","MQTL_all traitsV3.0_final",FALSE
"M01339","5B-VI","5B","Morphological traits","Flag leaf width, Flag leaf area","Morphological","595.12-605.52",595.12,605.52,"cM","all values < 1000 -> cM",NA,"https://link.springer.com/article/10.1007/s00122-024-04802-x","MQTL_all traitsV3.0_final",FALSE
"M01340","5B-VII","5B","Morphological traits","Flag leaf length, Flag leaf area","Morphological","683.14-696.49",683.14,696.49,"cM","all values < 1000 -> cM",NA,"https://link.springer.com/article/10.1007/s00122-024-04802-x","MQTL_all traitsV3.0_final",FALSE
"M01341","5D-I","5D","Morphological traits","Flag leaf length, Flag leaf width, Flag leaf area","Morphological","314.85-319.22",314.85,319.22,"cM","all values < 1000 -> cM",NA,"https://link.springer.com/article/10.1007/s00122-024-04802-x","MQTL_all traitsV3.0_final",FALSE
"M01342","6A-I","6A","Morphological traits","Flag leaf length, Flag leaf width, Flag leaf area","Morphological","537.68-549.52",537.68,549.52,"cM","all values < 1000 -> cM",NA,"https://link.springer.com/article/10.1007/s00122-024-04802-x","MQTL_all traitsV3.0_final",FALSE
"M01343","6B-I","6B","Morphological traits","Flag leaf length, Flag leaf width, Flag leaf area","Morphological","63.2-73.54",63.2,73.54,"cM","all values < 1000 -> cM",NA,"https://link.springer.com/article/10.1007/s00122-024-04802-x","MQTL_all traitsV3.0_final",FALSE
"M01344","6B-II","6B","Morphological traits","Flag leaf area, Flag leaf ratio (FLL/FLW)","Morphological","114.71-124.1",114.71,124.1,"cM","all values < 1000 -> cM",NA,"https://link.springer.com/article/10.1007/s00122-024-04802-x","MQTL_all traitsV3.0_final",FALSE
"M01345","6B-III","6B","Morphological traits","Flag leaf width, Flag leaf area","Morphological","576.85-582.38",576.85,582.38,"cM","all values < 1000 -> cM",NA,"https://link.springer.com/article/10.1007/s00122-024-04802-x","MQTL_all traitsV3.0_final",FALSE
"M01346","6D-I","6D","Morphological traits","Flag leaf length","Morphological","1.77-3.5",1.77,3.5,"cM","all values < 1000 -> cM",NA,"https://link.springer.com/article/10.1007/s00122-024-04802-x","MQTL_all traitsV3.0_final",FALSE
"M01347","7A-I","7A","Morphological traits","Flag leaf length, Flag leaf width, Flag leaf area","Morphological","1.38-3.91",1.38,3.91,"cM","all values < 1000 -> cM",NA,"https://link.springer.com/article/10.1007/s00122-024-04802-x","MQTL_all traitsV3.0_final",FALSE
"M01348","7A-II","7A","Morphological traits","Flag leaf length","Morphological","248.22-255.89",248.22,255.89,"cM","all values < 1000 -> cM",NA,"https://link.springer.com/article/10.1007/s00122-024-04802-x","MQTL_all traitsV3.0_final",FALSE
"M01349","7A-III","7A","Morphological traits","Flag leaf length, Flag leaf width","Morphological","537.06-546.04",537.06,546.04,"cM","all values < 1000 -> cM",NA,"https://link.springer.com/article/10.1007/s00122-024-04802-x","MQTL_all traitsV3.0_final",FALSE
"M01350","7A-IV","7A","Morphological traits","Flag leaf length, Flag leaf width","Morphological","612.38-619.88",612.38,619.88,"cM","all values < 1000 -> cM",NA,"https://link.springer.com/article/10.1007/s00122-024-04802-x","MQTL_all traitsV3.0_final",FALSE
"M01351","7A-V","7A","Morphological traits","Flag leaf length, Flag leaf width, Flag leaf area","Morphological","672.03-679.9",672.03,679.9,"cM","all values < 1000 -> cM",NA,"https://link.springer.com/article/10.1007/s00122-024-04802-x","MQTL_all traitsV3.0_final",FALSE
"M01352","7B-I","7B","Morphological traits","Flag leaf length, Flag leaf width, Flag leaf ratio (FLL/FLW)","Morphological","148.22-158.08",148.22,158.08,"cM","all values < 1000 -> cM",NA,"https://link.springer.com/article/10.1007/s00122-024-04802-x","MQTL_all traitsV3.0_final",FALSE
"M01353","7B-II","7B","Morphological traits","Flag leaf length, Flag leaf width","Morphological","639.19-648.92",639.19,648.92,"cM","all values < 1000 -> cM",NA,"https://link.springer.com/article/10.1007/s00122-024-04802-x","MQTL_all traitsV3.0_final",FALSE
"M01354","7B-III","7B","Morphological traits","Flag leaf length","Morphological","693-701.42",693,701.42,"cM","all values < 1000 -> cM",NA,"https://link.springer.com/article/10.1007/s00122-024-04802-x","MQTL_all traitsV3.0_final",FALSE
"M01355","7D-I","7D","Morphological traits","Flag leaf length, Flag leaf area, Flag leaf ratio (FLL/FLW)","Morphological","92.25-100.75",92.25,100.75,"cM","all values < 1000 -> cM",NA,"https://link.springer.com/article/10.1007/s00122-024-04802-x","MQTL_all traitsV3.0_final",FALSE
"M01356","7D-II","7D","Morphological traits","Flag leaf width","Morphological","217.93-223.04",217.93,223.04,"cM","all values < 1000 -> cM",NA,"https://link.springer.com/article/10.1007/s00122-024-04802-x","MQTL_all traitsV3.0_final",FALSE
"M01357","MQTL-3","1B","Morphological trait","Flag leaf angle","Morphological","37.94–38.06",37.94,38.06,"cM","all values < 1000 -> cM",NA,"https://doi.org/10.1371/journal.pone.0276602.","MQTL_all traitsV3.0_final",FALSE
"M01358","MQTL- 31","4D","Morphological trait","Flag leaf angle","Morphological","29.82–30.71",29.82,30.71,"cM","all values < 1000 -> cM",NA,"https://doi.org/10.1371/journal.pone.0276602.","MQTL_all traitsV3.0_final",FALSE
"M01359","MQTL- 41","5B","Morphological trait","Flag leaf angle","Morphological","59.63–60.22",59.63,60.22,"cM","all values < 1000 -> cM",NA,"https://doi.org/10.1371/journal.pone.0276602.","MQTL_all traitsV3.0_final",FALSE
"M01360","MQTL1A.2","1A","Grain Morphology",NA,"Morphological","30.4–31.3",30.4,31.3,"cM","all values < 1000 -> cM",NA,"https://link.springer.com/article/10.1007/S00122-021-04018-3/","MQTL_all traitsV3.0_final",FALSE
"M01361","MQTL1A.3","1A","Grain Morphology",NA,"Morphological","39.1–40.2",39.1,40.2,"cM","all values < 1000 -> cM",NA,"https://link.springer.com/article/10.1007/S00122-021-04018-3/","MQTL_all traitsV3.0_final",FALSE
"M01362","MQTL1A.5","1A","Grain Morphology",NA,"Morphological","48.7–49.0",48.7,49,"cM","all values < 1000 -> cM",NA,"https://link.springer.com/article/10.1007/S00122-021-04018-3/","MQTL_all traitsV3.0_final",FALSE
"M01363","MQTL1A.7","1A","Grain Morphology",NA,"Morphological","51.9–52.5",51.9,52.5,"cM","all values < 1000 -> cM",NA,"https://link.springer.com/article/10.1007/S00122-021-04018-3/","MQTL_all traitsV3.0_final",FALSE
"M01364","MQTL1A.8","1A","Grain Morphology",NA,"Morphological","58.8–58.9",58.8,58.9,"cM","all values < 1000 -> cM",NA,"https://link.springer.com/article/10.1007/S00122-021-04018-3/","MQTL_all traitsV3.0_final",FALSE
"M01365","MQTL1B.2","1B","Grain Morphology",NA,"Morphological","48.2–50.1",48.2,50.1,"cM","all values < 1000 -> cM",NA,"https://link.springer.com/article/10.1007/S00122-021-04018-3/","MQTL_all traitsV3.0_final",FALSE
"M01366","MQTL1B.3","1B","Grain Morphology",NA,"Morphological","77.3–77.9",77.3,77.9,"cM","all values < 1000 -> cM",NA,"https://link.springer.com/article/10.1007/S00122-021-04018-3/","MQTL_all traitsV3.0_final",FALSE
"M01367","MQTL1B.4","1B","Grain Morphology",NA,"Morphological","88.9–89.6",88.9,89.6,"cM","all values < 1000 -> cM",NA,"https://link.springer.com/article/10.1007/S00122-021-04018-3/","MQTL_all traitsV3.0_final",FALSE
"M01368","MQTL1B.5","1B","Grain Morphology",NA,"Morphological","93.0–93.2",93,93.2,"cM","all values < 1000 -> cM",NA,"https://link.springer.com/article/10.1007/S00122-021-04018-3/","MQTL_all traitsV3.0_final",FALSE
"M01369","MQTL1B.6","1B","Grain Morphology",NA,"Morphological","95.7–96.1",95.7,96.1,"cM","all values < 1000 -> cM",NA,"https://link.springer.com/article/10.1007/S00122-021-04018-3/","MQTL_all traitsV3.0_final",FALSE
"M01370","MQTL1B.7","1B","Grain Morphology",NA,"Morphological","103.4–104.6",103.4,104.6,"cM","all values < 1000 -> cM",NA,"https://link.springer.com/article/10.1007/S00122-021-04018-3/","MQTL_all traitsV3.0_final",FALSE
"M01371","MQTL1B.8","1B","Grain Morphology",NA,"Morphological","114.3–114.5",114.3,114.5,"cM","all values < 1000 -> cM",NA,"https://link.springer.com/article/10.1007/S00122-021-04018-3/","MQTL_all traitsV3.0_final",FALSE
"M01372","MQTL1D.2","1D","Grain Morphology",NA,"Morphological","70.4–70.9",70.4,70.9,"cM","all values < 1000 -> cM",NA,"https://link.springer.com/article/10.1007/S00122-021-04018-3/","MQTL_all traitsV3.0_final",FALSE
"M01373","MQTL2A.1","2A","Grain Morphology",NA,"Morphological","122.3–123.2",122.3,123.2,"cM","all values < 1000 -> cM",NA,"https://link.springer.com/article/10.1007/S00122-021-04018-3/","MQTL_all traitsV3.0_final",FALSE
"M01374","MQTL2A.2","2A","Grain Morphology",NA,"Morphological","142.7–143.7",142.7,143.7,"cM","all values < 1000 -> cM",NA,"https://link.springer.com/article/10.1007/S00122-021-04018-3/","MQTL_all traitsV3.0_final",FALSE
"M01375","MQTL2A.3","2A","Grain Morphology",NA,"Morphological","151.1–153.0",151.1,153,"cM","all values < 1000 -> cM",NA,"https://link.springer.com/article/10.1007/S00122-021-04018-3/","MQTL_all traitsV3.0_final",FALSE
"M01376","MQTL2A.5","2A","Grain Morphology",NA,"Morphological","162.1–162.2",162.1,162.2,"cM","all values < 1000 -> cM",NA,"https://link.springer.com/article/10.1007/S00122-021-04018-3/","MQTL_all traitsV3.0_final",FALSE
"M01377","MQTL2A.6","2A","Grain Morphology",NA,"Morphological","162.6–163.1",162.6,163.1,"cM","all values < 1000 -> cM",NA,"https://link.springer.com/article/10.1007/S00122-021-04018-3/","MQTL_all traitsV3.0_final",FALSE
"M01378","MQTL2A.7","2A","Grain Morphology",NA,"Morphological","187.1–187.3",187.1,187.3,"cM","all values < 1000 -> cM",NA,"https://link.springer.com/article/10.1007/S00122-021-04018-3/","MQTL_all traitsV3.0_final",FALSE
"M01379","MQTL2B.1","2B","Grain Morphology",NA,"Morphological","72.5–73.4",72.5,73.4,"cM","all values < 1000 -> cM",NA,"https://link.springer.com/article/10.1007/S00122-021-04018-3/","MQTL_all traitsV3.0_final",FALSE
"M01380","MQTL2B.2","2B","Grain Morphology",NA,"Morphological","83.2–84.5",83.2,84.5,"cM","all values < 1000 -> cM",NA,"https://link.springer.com/article/10.1007/S00122-021-04018-3/","MQTL_all traitsV3.0_final",FALSE
"M01381","MQTL2B.3","2B","Grain Morphology",NA,"Morphological","102.6–",102.6,102.6,"cM","all values < 1000 -> cM",NA,"https://link.springer.com/article/10.1007/S00122-021-04018-3/","MQTL_all traitsV3.0_final",FALSE
"M01382","MQTL2B.4","2B","Grain Morphology",NA,"Morphological","114.4–114.9",114.4,114.9,"cM","all values < 1000 -> cM",NA,"https://link.springer.com/article/10.1007/S00122-021-04018-3/","MQTL_all traitsV3.0_final",FALSE
"M01383","MQTL2B.5","2B","Grain Morphology",NA,"Morphological","118.1–118.3",118.1,118.3,"cM","all values < 1000 -> cM",NA,"https://link.springer.com/article/10.1007/S00122-021-04018-3/","MQTL_all traitsV3.0_final",FALSE
"M01384","MQTL2B.6","2B","Grain Morphology",NA,"Morphological","126.6–127.3",126.6,127.3,"cM","all values < 1000 -> cM",NA,"https://link.springer.com/article/10.1007/S00122-021-04018-3/","MQTL_all traitsV3.0_final",FALSE
"M01385","MQTL2D.2","2D","Grain Morphology",NA,"Morphological","6.8–7.4",6.8,7.4,"cM","all values < 1000 -> cM",NA,"https://link.springer.com/article/10.1007/S00122-021-04018-3/","MQTL_all traitsV3.0_final",FALSE
"M01386","MQTL2D.4","2D","Grain Morphology",NA,"Morphological","59.5–61.3",59.5,61.3,"cM","all values < 1000 -> cM",NA,"https://link.springer.com/article/10.1007/S00122-021-04018-3/","MQTL_all traitsV3.0_final",FALSE
"M01387","MQTL2D.5","2D","Grain Morphology",NA,"Morphological","67.7–68.1",67.7,68.1,"cM","all values < 1000 -> cM",NA,"https://link.springer.com/article/10.1007/S00122-021-04018-3/","MQTL_all traitsV3.0_final",FALSE
"M01388","MQTL2D.6","2D","Grain Morphology",NA,"Morphological","76.4–76.8",76.4,76.8,"cM","all values < 1000 -> cM",NA,"https://link.springer.com/article/10.1007/S00122-021-04018-3/","MQTL_all traitsV3.0_final",FALSE
"M01389","MQTL2D.7","2D","Grain Morphology",NA,"Morphological","89.8–90.6",89.8,90.6,"cM","all values < 1000 -> cM",NA,"https://link.springer.com/article/10.1007/S00122-021-04018-3/","MQTL_all traitsV3.0_final",FALSE
"M01390","MQTL2D.8","2D","Grain Morphology",NA,"Morphological","100.1–100.1",100.1,100.1,"cM","all values < 1000 -> cM",NA,"https://link.springer.com/article/10.1007/S00122-021-04018-3/","MQTL_all traitsV3.0_final",FALSE
"M01391","MQTL3A.1","3A","Grain Morphology",NA,"Morphological","40.1–40.5",40.1,40.5,"cM","all values < 1000 -> cM",NA,"https://link.springer.com/article/10.1007/S00122-021-04018-3/","MQTL_all traitsV3.0_final",FALSE
"M01392","MQTL3A.3","3A","Grain Morphology",NA,"Morphological","52.6–54.9",52.6,54.9,"cM","all values < 1000 -> cM",NA,"https://link.springer.com/article/10.1007/S00122-021-04018-3/","MQTL_all traitsV3.0_final",FALSE
"M01393","MQTL3A.4","3A","Grain Morphology",NA,"Morphological","68.2–68.7",68.2,68.7,"cM","all values < 1000 -> cM",NA,"https://link.springer.com/article/10.1007/S00122-021-04018-3/","MQTL_all traitsV3.0_final",FALSE
"M01394","MQTL3A.5","3A","Grain Morphology",NA,"Morphological","71.8–72.4",71.8,72.4,"cM","all values < 1000 -> cM",NA,"https://link.springer.com/article/10.1007/S00122-021-04018-3/","MQTL_all traitsV3.0_final",FALSE
"M01395","MQTL3A.6","3A","Grain Morphology",NA,"Morphological","78.1–79.6",78.1,79.6,"cM","all values < 1000 -> cM",NA,"https://link.springer.com/article/10.1007/S00122-021-04018-3/","MQTL_all traitsV3.0_final",FALSE
"M01396","MQTL3A.7","3A","Grain Morphology",NA,"Morphological","89.7–90.4",89.7,90.4,"cM","all values < 1000 -> cM",NA,"https://link.springer.com/article/10.1007/S00122-021-04018-3/","MQTL_all traitsV3.0_final",FALSE
"M01397","MQTL3B.1","3B","Grain Morphology",NA,"Morphological","82.9–83.3",82.9,83.3,"cM","all values < 1000 -> cM",NA,"https://link.springer.com/article/10.1007/S00122-021-04018-3/","MQTL_all traitsV3.0_final",FALSE
"M01398","MQTL3B.2","3B","Grain Morphology",NA,"Morphological","90.0–91.1",90,91.1,"cM","all values < 1000 -> cM",NA,"https://link.springer.com/article/10.1007/S00122-021-04018-3/","MQTL_all traitsV3.0_final",FALSE
"M01399","MQTL3B.3","3B","Grain Morphology",NA,"Morphological","96.3–98.4",96.3,98.4,"cM","all values < 1000 -> cM",NA,"https://link.springer.com/article/10.1007/S00122-021-04018-3/","MQTL_all traitsV3.0_final",FALSE
"M01400","MQTL3B.4","3B","Grain Morphology",NA,"Morphological","105.7–106.5",105.7,106.5,"cM","all values < 1000 -> cM",NA,"https://link.springer.com/article/10.1007/S00122-021-04018-3/","MQTL_all traitsV3.0_final",FALSE
"M01401","MQTL3B.5","3B","Grain Morphology",NA,"Morphological","115.0–115.2",115,115.2,"cM","all values < 1000 -> cM",NA,"https://link.springer.com/article/10.1007/S00122-021-04018-3/","MQTL_all traitsV3.0_final",FALSE
"M01402","MQTL3B.6","3B","Grain Morphology",NA,"Morphological","119.9–",119.9,119.9,"cM","all values < 1000 -> cM",NA,"https://link.springer.com/article/10.1007/S00122-021-04018-3/","MQTL_all traitsV3.0_final",FALSE
"M01403","MQTL3D.1","3D","Grain Morphology",NA,"Morphological","1.3–2.2",1.3,2.2,"cM","all values < 1000 -> cM",NA,"https://link.springer.com/article/10.1007/S00122-021-04018-3/","MQTL_all traitsV3.0_final",FALSE
"M01404","MQTL4A.1","4A","Grain Morphology",NA,"Morphological","73.7–74.5",73.7,74.5,"cM","all values < 1000 -> cM",NA,"https://link.springer.com/article/10.1007/S00122-021-04018-3/","MQTL_all traitsV3.0_final",FALSE
"M01405","MQTL4A.3","4A","Grain Morphology",NA,"Morphological","201.9–202.2",201.9,202.2,"cM","all values < 1000 -> cM",NA,"https://link.springer.com/article/10.1007/S00122-021-04018-3/","MQTL_all traitsV3.0_final",FALSE
"M01406","MQTL4A.4","4A","Grain Morphology",NA,"Morphological","208.5–209.3",208.5,209.3,"cM","all values < 1000 -> cM",NA,"https://link.springer.com/article/10.1007/S00122-021-04018-3/","MQTL_all traitsV3.0_final",FALSE
"M01407","MQTL4A.5","4A","Grain Morphology",NA,"Morphological","221.6–221.7",221.6,221.7,"cM","all values < 1000 -> cM",NA,"https://link.springer.com/article/10.1007/S00122-021-04018-3/","MQTL_all traitsV3.0_final",FALSE
"M01408","MQTL4B.1","4B","Grain Morphology",NA,"Morphological","23.1–23.5",23.1,23.5,"cM","all values < 1000 -> cM",NA,"https://link.springer.com/article/10.1007/S00122-021-04018-3/","MQTL_all traitsV3.0_final",FALSE
"M01409","MQTL4B.2","4B","Grain Morphology",NA,"Morphological","34.4–35.2",34.4,35.2,"cM","all values < 1000 -> cM",NA,"https://link.springer.com/article/10.1007/S00122-021-04018-3/","MQTL_all traitsV3.0_final",FALSE
"M01410","MQTL4B.6","4B","Grain Morphology",NA,"Morphological","56.4–56.6",56.4,56.6,"cM","all values < 1000 -> cM",NA,"https://link.springer.com/article/10.1007/S00122-021-04018-3/","MQTL_all traitsV3.0_final",FALSE
"M01411","MQTL4B.8","4B","Grain Morphology",NA,"Morphological","74.5–74.5",74.5,74.5,"cM","all values < 1000 -> cM",NA,"https://link.springer.com/article/10.1007/S00122-021-04018-3/","MQTL_all traitsV3.0_final",FALSE
"M01412","MQTL4D.2","4D","Grain Morphology",NA,"Morphological","27.6–28.9",27.6,28.9,"cM","all values < 1000 -> cM",NA,"https://link.springer.com/article/10.1007/S00122-021-04018-3/","MQTL_all traitsV3.0_final",FALSE
"M01413","MQTL4D.6","4D","Grain Morphology",NA,"Morphological","84.17–84.51",84.17,84.51,"cM","all values < 1000 -> cM",NA,"https://link.springer.com/article/10.1007/S00122-021-04018-3/","MQTL_all traitsV3.0_final",FALSE
"M01414","MQTL4D.7","4D","Grain Morphology",NA,"Morphological","92.4–93.1",92.4,93.1,"cM","all values < 1000 -> cM",NA,"https://link.springer.com/article/10.1007/S00122-021-04018-3/","MQTL_all traitsV3.0_final",FALSE
"M01415","MQTL4D.9","4D","Grain Morphology",NA,"Morphological","102.9–104.2",102.9,104.2,"cM","all values < 1000 -> cM",NA,"https://link.springer.com/article/10.1007/S00122-021-04018-3/","MQTL_all traitsV3.0_final",FALSE
"M01416","MQTL5A.1","5A","Grain Morphology",NA,"Morphological","61.4–62.1",61.4,62.1,"cM","all values < 1000 -> cM",NA,"https://link.springer.com/article/10.1007/S00122-021-04018-3/","MQTL_all traitsV3.0_final",FALSE
"M01417","MQTL5A.2","5A","Grain Morphology",NA,"Morphological","110.9–111.4",110.9,111.4,"cM","all values < 1000 -> cM",NA,"https://link.springer.com/article/10.1007/S00122-021-04018-3/","MQTL_all traitsV3.0_final",FALSE
"M01418","MQTL5A.3","5A","Grain Morphology",NA,"Morphological","135.0–135.8",135,135.8,"cM","all values < 1000 -> cM",NA,"https://link.springer.com/article/10.1007/S00122-021-04018-3/","MQTL_all traitsV3.0_final",FALSE
"M01419","MQTL5A.4","5A","Grain Morphology",NA,"Morphological","175.5–176.1",175.5,176.1,"cM","all values < 1000 -> cM",NA,"https://link.springer.com/article/10.1007/S00122-021-04018-3/","MQTL_all traitsV3.0_final",FALSE
"M01420","MQTL5B.1","5B","Grain Morphology",NA,"Morphological","34.5–36.6",34.5,36.6,"cM","all values < 1000 -> cM",NA,"https://link.springer.com/article/10.1007/S00122-021-04018-3/","MQTL_all traitsV3.0_final",FALSE
"M01421","MQTL5B.2","5B","Grain Morphology",NA,"Morphological","82.1–82.5",82.1,82.5,"cM","all values < 1000 -> cM",NA,"https://link.springer.com/article/10.1007/S00122-021-04018-3/","MQTL_all traitsV3.0_final",FALSE
"M01422","MQTL5B.4","5B","Grain Morphology",NA,"Morphological","93.7–93.9",93.7,93.9,"cM","all values < 1000 -> cM",NA,"https://link.springer.com/article/10.1007/S00122-021-04018-3/","MQTL_all traitsV3.0_final",FALSE
"M01423","MQTL5B.5","5B","Grain Morphology",NA,"Morphological","97.9–98.4",97.9,98.4,"cM","all values < 1000 -> cM",NA,"https://link.springer.com/article/10.1007/S00122-021-04018-3/","MQTL_all traitsV3.0_final",FALSE
"M01424","MQTL5B.6","5B","Grain Morphology",NA,"Morphological","100.6–",100.6,100.6,"cM","all values < 1000 -> cM",NA,"https://link.springer.com/article/10.1007/S00122-021-04018-3/","MQTL_all traitsV3.0_final",FALSE
"M01425","MQTL5B.7","5B","Grain Morphology",NA,"Morphological","106.5–107.3",106.5,107.3,"cM","all values < 1000 -> cM",NA,"https://link.springer.com/article/10.1007/S00122-021-04018-3/","MQTL_all traitsV3.0_final",FALSE
"M01426","MQTL5B.8","5B","Grain Morphology",NA,"Morphological","134.0–134.3",134,134.3,"cM","all values < 1000 -> cM",NA,"https://link.springer.com/article/10.1007/S00122-021-04018-3/","MQTL_all traitsV3.0_final",FALSE
"M01429","MQTL6A.1","6A","Grain Morphology",NA,"Morphological","98.3–98.8",98.3,98.8,"cM","all values < 1000 -> cM",NA,"https://link.springer.com/article/10.1007/S00122-021-04018-3/","MQTL_all traitsV3.0_final",FALSE
"M01430","MQTL6A.2","6A","Grain Morphology",NA,"Morphological","108.9–109.7",108.9,109.7,"cM","all values < 1000 -> cM",NA,"https://link.springer.com/article/10.1007/S00122-021-04018-3/","MQTL_all traitsV3.0_final",FALSE
"M01431","MQTL6A.3","6A","Grain Morphology",NA,"Morphological","150.2–151.5",150.2,151.5,"cM","all values < 1000 -> cM",NA,"https://link.springer.com/article/10.1007/S00122-021-04018-3/","MQTL_all traitsV3.0_final",FALSE
"M01432","MQTL6B.2","6B","Grain Morphology",NA,"Morphological","99.4–100.7",99.4,100.7,"cM","all values < 1000 -> cM",NA,"https://link.springer.com/article/10.1007/S00122-021-04018-3/","MQTL_all traitsV3.0_final",FALSE
"M01433","MQTL6B.3","6B","Grain Morphology",NA,"Morphological","105.2–107.0",105.2,107,"cM","all values < 1000 -> cM",NA,"https://link.springer.com/article/10.1007/S00122-021-04018-3/","MQTL_all traitsV3.0_final",FALSE
"M01434","MQTL6B.4","6B","Grain Morphology",NA,"Morphological","112.6–115.4",112.6,115.4,"cM","all values < 1000 -> cM",NA,"https://link.springer.com/article/10.1007/S00122-021-04018-3/","MQTL_all traitsV3.0_final",FALSE
"M01435","MQTL6B.7","6B","Grain Morphology",NA,"Morphological","121.4-121.7",121.4,121.7,"cM","all values < 1000 -> cM",NA,"https://link.springer.com/article/10.1007/S00122-021-04018-3/","MQTL_all traitsV3.0_final",FALSE
"M01436","MQTL6B.8","6B","Grain Morphology",NA,"Morphological","123.2–123.7",123.2,123.7,"cM","all values < 1000 -> cM",NA,"https://link.springer.com/article/10.1007/S00122-021-04018-3/","MQTL_all traitsV3.0_final",FALSE
"M01437","MQTL6B.9","6B","Grain Morphology",NA,"Morphological","128.3–128.5",128.3,128.5,"cM","all values < 1000 -> cM",NA,"https://link.springer.com/article/10.1007/S00122-021-04018-3/","MQTL_all traitsV3.0_final",FALSE
"M01438","MQTL6B.10","6B","Grain Morphology",NA,"Morphological","151.6–202.3",151.6,202.3,"cM","all values < 1000 -> cM",NA,"https://link.springer.com/article/10.1007/S00122-021-04018-3/","MQTL_all traitsV3.0_final",FALSE
"M01439","MQTL7A.1","7A","Grain Morphology",NA,"Morphological","108.1–109.6",108.1,109.6,"cM","all values < 1000 -> cM",NA,"https://link.springer.com/article/10.1007/S00122-021-04018-3/","MQTL_all traitsV3.0_final",FALSE
"M01440","MQTL7A.2","7A","Grain Morphology",NA,"Morphological","125.8–126.9",125.8,126.9,"cM","all values < 1000 -> cM",NA,"https://link.springer.com/article/10.1007/S00122-021-04018-3/","MQTL_all traitsV3.0_final",FALSE
"M01441","MQTL7A.3","7A","Grain Morphology",NA,"Morphological","155.2–155.2",155.2,155.2,"cM","all values < 1000 -> cM",NA,"https://link.springer.com/article/10.1007/S00122-021-04018-3/","MQTL_all traitsV3.0_final",FALSE
"M01442","MQTL7B.2","7B","Grain Morphology",NA,"Morphological","57.4–58.2",57.4,58.2,"cM","all values < 1000 -> cM",NA,"https://link.springer.com/article/10.1007/S00122-021-04018-3/","MQTL_all traitsV3.0_final",FALSE
"M01443","MQTL7B.4","7B","Grain Morphology",NA,"Morphological","76.7–77.7",76.7,77.7,"cM","all values < 1000 -> cM",NA,"https://link.springer.com/article/10.1007/S00122-021-04018-3/","MQTL_all traitsV3.0_final",FALSE
"M01444","MQTL7B.5","7B","Grain Morphology",NA,"Morphological","106.1–107.9",106.1,107.9,"cM","all values < 1000 -> cM",NA,"https://link.springer.com/article/10.1007/S00122-021-04018-3/","MQTL_all traitsV3.0_final",FALSE
"M01445","MQTL7D.2","7D","Grain Morphology",NA,"Morphological","75.2–76.8",75.2,76.8,"cM","all values < 1000 -> cM",NA,"https://link.springer.com/article/10.1007/S00122-021-04018-3/","MQTL_all traitsV3.0_final",FALSE
"M01446","MQTL7D.3","7D","Grain Morphology",NA,"Morphological","82.6–85.6",82.6,85.6,"cM","all values < 1000 -> cM",NA,"https://link.springer.com/article/10.1007/S00122-021-04018-3/","MQTL_all traitsV3.0_final",FALSE
"M01447","MQTL7D.4","7D","Grain Morphology",NA,"Morphological","96.6–100.1",96.6,100.1,"cM","all values < 1000 -> cM",NA,"https://link.springer.com/article/10.1007/S00122-021-04018-3/","MQTL_all traitsV3.0_final",FALSE
"M01448","MQTL7D.5","7D","Grain Morphology",NA,"Morphological","139.1–143.7",139.1,143.7,"cM","all values < 1000 -> cM",NA,"https://link.springer.com/article/10.1007/S00122-021-04018-3/","MQTL_all traitsV3.0_final",FALSE
"M01449","MQTL1B.1","1B","Grain Morphology",NA,"Morphological","73363725-654027223",73363725,654027223,"bp","contains value >= 1000 -> bp",NA,"https://pmc.ncbi.nlm.nih.gov/articles/PMC9784057/","MQTL_all traitsV3.0_final",FALSE
"M01450","MQTL1B.2","1B","Grain Morphology",NA,"Morphological","32775998-100146119",32775998,100146119,"bp","contains value >= 1000 -> bp",NA,"https://pmc.ncbi.nlm.nih.gov/articles/PMC9784057/","MQTL_all traitsV3.0_final",FALSE
"M01451","MQTL1B.3","1B","Grain Morphology",NA,"Morphological","61668141-94831794",61668141,94831794,"bp","contains value >= 1000 -> bp",NA,"https://pmc.ncbi.nlm.nih.gov/articles/PMC9784057/","MQTL_all traitsV3.0_final",FALSE
"M01452","MQTL1B.4","1B","Grain Morphology",NA,"Morphological","548723003-586306031",548723003,586306031,"bp","contains value >= 1000 -> bp",NA,"https://pmc.ncbi.nlm.nih.gov/articles/PMC9784057/","MQTL_all traitsV3.0_final",FALSE
"M01453","MQTL1B.5","1B","Grain Morphology",NA,"Morphological","336205666-381721249",336205666,381721249,"bp","contains value >= 1000 -> bp",NA,"https://pmc.ncbi.nlm.nih.gov/articles/PMC9784057/","MQTL_all traitsV3.0_final",FALSE
"M01454","MQTL1B.6","1B","Grain Morphology",NA,"Morphological","535706984-576219705",535706984,576219705,"bp","contains value >= 1000 -> bp",NA,"https://pmc.ncbi.nlm.nih.gov/articles/PMC9784057/","MQTL_all traitsV3.0_final",FALSE
"M01455","MQTL1B.7","1B","Grain Morphology",NA,"Morphological","328936587-632911927",328936587,632911927,"bp","contains value >= 1000 -> bp",NA,"https://pmc.ncbi.nlm.nih.gov/articles/PMC9784057/","MQTL_all traitsV3.0_final",FALSE
"M01456","MQTL1D.1","1D","Grain Morphology",NA,"Morphological","122540828-270393594",122540828,270393594,"bp","contains value >= 1000 -> bp",NA,"https://pmc.ncbi.nlm.nih.gov/articles/PMC9784057/","MQTL_all traitsV3.0_final",FALSE
"M01457","MQTL1D.2","1D","Grain Morphology",NA,"Morphological","2224692-4151748",2224692,4151748,"bp","contains value >= 1000 -> bp",NA,"https://pmc.ncbi.nlm.nih.gov/articles/PMC9784057/","MQTL_all traitsV3.0_final",FALSE
"M01458","MQTL1D.3","1D","Grain Morphology",NA,"Morphological","15414921-122620975",15414921,122620975,"bp","contains value >= 1000 -> bp",NA,"https://pmc.ncbi.nlm.nih.gov/articles/PMC9784057/","MQTL_all traitsV3.0_final",FALSE
"M01459","MQTL1D.4","1D","Grain Morphology",NA,"Morphological","329723603-411703609",329723603,411703609,"bp","contains value >= 1000 -> bp",NA,"https://pmc.ncbi.nlm.nih.gov/articles/PMC9784057/","MQTL_all traitsV3.0_final",FALSE
"M01460","MQTL1D.5","1D","Grain Morphology",NA,"Morphological","70526261-435928256",70526261,435928256,"bp","contains value >= 1000 -> bp",NA,"https://pmc.ncbi.nlm.nih.gov/articles/PMC9784057/","MQTL_all traitsV3.0_final",FALSE
"M01461","MQTL1D.6","1D","Grain Morphology",NA,"Morphological","5549705-391676713",5549705,391676713,"bp","contains value >= 1000 -> bp",NA,"https://pmc.ncbi.nlm.nih.gov/articles/PMC9784057/","MQTL_all traitsV3.0_final",FALSE
"M01462","MQTL2A.1","2A","Grain Morphology",NA,"Morphological","118368909-203868417",118368909,203868417,"bp","contains value >= 1000 -> bp",NA,"https://pmc.ncbi.nlm.nih.gov/articles/PMC9784057/","MQTL_all traitsV3.0_final",FALSE
"M01463","MQTL2A.2","2A","Grain Morphology",NA,"Morphological","31920612-45120272",31920612,45120272,"bp","contains value >= 1000 -> bp",NA,"https://pmc.ncbi.nlm.nih.gov/articles/PMC9784057/","MQTL_all traitsV3.0_final",FALSE
"M01464","MQTL2A.3","2A","Grain Morphology",NA,"Morphological","72382644-500029547",72382644,500029547,"bp","contains value >= 1000 -> bp",NA,"https://pmc.ncbi.nlm.nih.gov/articles/PMC9784057/","MQTL_all traitsV3.0_final",FALSE
"M01465","MQTL2A.4","2A","Grain Morphology",NA,"Morphological","675441124-767944487",675441124,767944487,"bp","contains value >= 1000 -> bp",NA,"https://pmc.ncbi.nlm.nih.gov/articles/PMC9784057/","MQTL_all traitsV3.0_final",FALSE
"M01466","MQTL2A.5","2A","Grain Morphology",NA,"Morphological","58994359-189626457",58994359,189626457,"bp","contains value >= 1000 -> bp",NA,"https://pmc.ncbi.nlm.nih.gov/articles/PMC9784057/","MQTL_all traitsV3.0_final",FALSE
"M01467","MQTL3D.1","3D","Grain Morphology",NA,"Morphological","7317671-13169186",7317671,13169186,"bp","contains value >= 1000 -> bp",NA,"https://pmc.ncbi.nlm.nih.gov/articles/PMC9784057/","MQTL_all traitsV3.0_final",FALSE
"M01468","MQTL3D.2","3D","Grain Morphology",NA,"Morphological","512971491-562384422",512971491,562384422,"bp","contains value >= 1000 -> bp",NA,"https://pmc.ncbi.nlm.nih.gov/articles/PMC9784057/","MQTL_all traitsV3.0_final",FALSE
"M01469","MQTL4A.1","4A","Grain Morphology",NA,"Morphological","115570013-148758152",115570013,148758152,"bp","contains value >= 1000 -> bp",NA,"https://pmc.ncbi.nlm.nih.gov/articles/PMC9784057/","MQTL_all traitsV3.0_final",FALSE
"M01470","MQTL4A.2","4A","Grain Morphology",NA,"Morphological","603066946-605659570",603066946,605659570,"bp","contains value >= 1000 -> bp",NA,"https://pmc.ncbi.nlm.nih.gov/articles/PMC9784057/","MQTL_all traitsV3.0_final",FALSE
"M01471","MQTL4A.3","4A","Grain Morphology",NA,"Morphological","544891604-610725861",544891604,610725861,"bp","contains value >= 1000 -> bp",NA,"https://pmc.ncbi.nlm.nih.gov/articles/PMC9784057/","MQTL_all traitsV3.0_final",FALSE
"M01472","MQTL4A.4","4A","Grain Morphology",NA,"Morphological","625546045-666151017",625546045,666151017,"bp","contains value >= 1000 -> bp",NA,"https://pmc.ncbi.nlm.nih.gov/articles/PMC9784057/","MQTL_all traitsV3.0_final",FALSE
"M01473","MQTL4A.5","4A","Grain Morphology",NA,"Morphological","647212815-702039471",647212815,702039471,"bp","contains value >= 1000 -> bp",NA,"https://pmc.ncbi.nlm.nih.gov/articles/PMC9784057/","MQTL_all traitsV3.0_final",FALSE
"M01474","MQTL4A.6","4A","Grain Morphology",NA,"Morphological","710051063-713522136",710051063,713522136,"bp","contains value >= 1000 -> bp",NA,"https://pmc.ncbi.nlm.nih.gov/articles/PMC9784057/","MQTL_all traitsV3.0_final",FALSE
"M01475","MQTL4A.7","4A","Grain Morphology",NA,"Morphological","559211863-743139194",559211863,743139194,"bp","contains value >= 1000 -> bp",NA,"https://pmc.ncbi.nlm.nih.gov/articles/PMC9784057/","MQTL_all traitsV3.0_final",FALSE
"M01476","MQTL5B.1","5B","Grain Morphology",NA,"Morphological","44979855-580686304",44979855,580686304,"bp","contains value >= 1000 -> bp",NA,"https://pmc.ncbi.nlm.nih.gov/articles/PMC9784057/","MQTL_all traitsV3.0_final",FALSE
"M01477","MQTL5B.2","5B","Grain Morphology",NA,"Morphological","58563916-173006641",58563916,173006641,"bp","contains value >= 1000 -> bp",NA,"https://pmc.ncbi.nlm.nih.gov/articles/PMC9784057/","MQTL_all traitsV3.0_final",FALSE
"M01478","MQTL5B.3","5B","Grain Morphology",NA,"Morphological","148498156-622061579",148498156,622061579,"bp","contains value >= 1000 -> bp",NA,"https://pmc.ncbi.nlm.nih.gov/articles/PMC9784057/","MQTL_all traitsV3.0_final",FALSE
"M01479","MQTL5B.4","5B","Grain Morphology",NA,"Morphological","65137790-246286813",65137790,246286813,"bp","contains value >= 1000 -> bp",NA,"https://pmc.ncbi.nlm.nih.gov/articles/PMC9784057/","MQTL_all traitsV3.0_final",FALSE
"M01480","MQTL5B.5","5B","Grain Morphology",NA,"Morphological","536680977-642835869",536680977,642835869,"bp","contains value >= 1000 -> bp",NA,"https://pmc.ncbi.nlm.nih.gov/articles/PMC9784057/","MQTL_all traitsV3.0_final",FALSE
"M01481","MQTL5B.6","5B","Grain Morphology",NA,"Morphological","170059262-663916481",170059262,663916481,"bp","contains value >= 1000 -> bp",NA,"https://pmc.ncbi.nlm.nih.gov/articles/PMC9784057/","MQTL_all traitsV3.0_final",FALSE
"M01482","MQTL5D.1","5D","Grain Morphology",NA,"Morphological","8746873-136349377",8746873,136349377,"bp","contains value >= 1000 -> bp",NA,"https://pmc.ncbi.nlm.nih.gov/articles/PMC9784057/","MQTL_all traitsV3.0_final",FALSE
"M01483","MQTL5D.2","5D","Grain Morphology",NA,"Morphological","78505880-396417785",78505880,396417785,"bp","contains value >= 1000 -> bp",NA,"https://pmc.ncbi.nlm.nih.gov/articles/PMC9784057/","MQTL_all traitsV3.0_final",FALSE
"M01484","MQTL6B.1","6B","Grain Morphology",NA,"Morphological","34217980-504586282",34217980,504586282,"bp","contains value >= 1000 -> bp",NA,"https://pmc.ncbi.nlm.nih.gov/articles/PMC9784057/","MQTL_all traitsV3.0_final",FALSE
"M01485","MQTL6B.2","6B","Grain Morphology",NA,"Morphological","556488376-680310576",556488376,680310576,"bp","contains value >= 1000 -> bp",NA,"https://pmc.ncbi.nlm.nih.gov/articles/PMC9784057/","MQTL_all traitsV3.0_final",FALSE
"M01486","MQTL6B.3","6B","Grain Morphology",NA,"Morphological","29126257-646241567",29126257,646241567,"bp","contains value >= 1000 -> bp",NA,"https://pmc.ncbi.nlm.nih.gov/articles/PMC9784057/","MQTL_all traitsV3.0_final",FALSE
"M01487","MQTL6B.4","6B","Grain Morphology",NA,"Morphological","656193549-690730616",656193549,690730616,"bp","contains value >= 1000 -> bp",NA,"https://pmc.ncbi.nlm.nih.gov/articles/PMC9784057/","MQTL_all traitsV3.0_final",FALSE
"M01488","MQTL6B.5","6B","Grain Morphology",NA,"Morphological","699887346-705757553",699887346,705757553,"bp","contains value >= 1000 -> bp",NA,"https://pmc.ncbi.nlm.nih.gov/articles/PMC9784057/","MQTL_all traitsV3.0_final",FALSE
"M01489","MQTL7A.1","7A","Grain Morphology",NA,"Morphological","180374458-311919876",180374458,311919876,"bp","contains value >= 1000 -> bp",NA,"https://pmc.ncbi.nlm.nih.gov/articles/PMC9784057/","MQTL_all traitsV3.0_final",FALSE
"M01490","MQTL7A.2","7A","Grain Morphology",NA,"Morphological","264847349-672031983",264847349,672031983,"bp","contains value >= 1000 -> bp",NA,"https://pmc.ncbi.nlm.nih.gov/articles/PMC9784057/","MQTL_all traitsV3.0_final",FALSE
"M01491","MQTL7A.3","7A","Grain Morphology",NA,"Morphological","92892096-670278986",92892096,670278986,"bp","contains value >= 1000 -> bp",NA,"https://pmc.ncbi.nlm.nih.gov/articles/PMC9784057/","MQTL_all traitsV3.0_final",FALSE
"M01492","MQTL7A.4","7A","Grain Morphology",NA,"Morphological","260031272-452063113",260031272,452063113,"bp","contains value >= 1000 -> bp",NA,"https://pmc.ncbi.nlm.nih.gov/articles/PMC9784057/","MQTL_all traitsV3.0_final",FALSE
"M01493","MQTL7A.5","7A","Grain Morphology",NA,"Morphological","83245709-692345812",83245709,692345812,"bp","contains value >= 1000 -> bp",NA,"https://pmc.ncbi.nlm.nih.gov/articles/PMC9784057/","MQTL_all traitsV3.0_final",FALSE
"M01494","MQTL7A.6","7A","Grain Morphology",NA,"Morphological","705127000-734070631",705127000,734070631,"bp","contains value >= 1000 -> bp",NA,"https://pmc.ncbi.nlm.nih.gov/articles/PMC9784057/","MQTL_all traitsV3.0_final",FALSE
"M01495","MQTL7B.1","7B","Grain Morphology",NA,"Morphological","831011-3336782",831011,3336782,"bp","contains value >= 1000 -> bp",NA,"https://pmc.ncbi.nlm.nih.gov/articles/PMC9784057/","MQTL_all traitsV3.0_final",FALSE
"M01496","MQTL7B.2","7B","Grain Morphology",NA,"Morphological","141847674-393314447",141847674,393314447,"bp","contains value >= 1000 -> bp",NA,"https://pmc.ncbi.nlm.nih.gov/articles/PMC9784057/","MQTL_all traitsV3.0_final",FALSE
"M01497","MQTL7B.3","7B","Grain Morphology",NA,"Morphological","630174229-644299892",630174229,644299892,"bp","contains value >= 1000 -> bp",NA,"https://pmc.ncbi.nlm.nih.gov/articles/PMC9784057/","MQTL_all traitsV3.0_final",FALSE
"M01498","MQTL7B.4","7B","Grain Morphology",NA,"Morphological","632490355-632491898",632490355,632491898,"bp","contains value >= 1000 -> bp",NA,"https://pmc.ncbi.nlm.nih.gov/articles/PMC9784057/","MQTL_all traitsV3.0_final",FALSE
"M01499","MQTL7B.5","7B","Grain Morphology",NA,"Morphological","678363979-678635351",678363979,678635351,"bp","contains value >= 1000 -> bp",NA,"https://pmc.ncbi.nlm.nih.gov/articles/PMC9784057/","MQTL_all traitsV3.0_final",FALSE
"M01500","MQTL7B.6","7B","Grain Morphology",NA,"Morphological","702455024-702528934",702455024,702528934,"bp","contains value >= 1000 -> bp",NA,"https://pmc.ncbi.nlm.nih.gov/articles/PMC9784057/","MQTL_all traitsV3.0_final",FALSE
"M01501","MQTL7B.7","7B","Grain Morphology",NA,"Morphological","708469063-741999849",708469063,741999849,"bp","contains value >= 1000 -> bp",NA,"https://pmc.ncbi.nlm.nih.gov/articles/PMC9784057/","MQTL_all traitsV3.0_final",FALSE
"M01502","MQTL7D.1","7D","Grain Morphology",NA,"Morphological","3905260-90621206",3905260,90621206,"bp","contains value >= 1000 -> bp",NA,"https://pmc.ncbi.nlm.nih.gov/articles/PMC9784057/","MQTL_all traitsV3.0_final",FALSE
"M01503","MQTL7D.2","7D","Grain Morphology",NA,"Morphological","96468569-104352616",96468569,104352616,"bp","contains value >= 1000 -> bp",NA,"https://pmc.ncbi.nlm.nih.gov/articles/PMC9784057/","MQTL_all traitsV3.0_final",FALSE
"M01504","MQTL7D.3","7D","Grain Morphology",NA,"Morphological","112117668-139099735",112117668,139099735,"bp","contains value >= 1000 -> bp",NA,"https://pmc.ncbi.nlm.nih.gov/articles/PMC9784057/","MQTL_all traitsV3.0_final",FALSE
"M01505","MQTL7D.4","7D","Grain Morphology",NA,"Morphological","149994144-229499085",149994144,229499085,"bp","contains value >= 1000 -> bp",NA,"https://pmc.ncbi.nlm.nih.gov/articles/PMC9784057/","MQTL_all traitsV3.0_final",FALSE
"M01506","MQTL7D.5","7D","Grain Morphology",NA,"Morphological","75017574-562445884",75017574,562445884,"bp","contains value >= 1000 -> bp",NA,"https://pmc.ncbi.nlm.nih.gov/articles/PMC9784057/","MQTL_all traitsV3.0_final",FALSE
"M01507","MQTL1A.1","1A","Quality traits","Quality traits","Quality traits","14.7-15.06",14.7,15.06,"cM","all values < 1000 -> cM",NA,"https://link.springer.com/article/10.1007/s00425-022-03904-4","MQTL_all traitsV3.0_final",FALSE
"M01508","MQTL1A.2","1A","Quality traits","Quality traits","Quality traits","22.255-22.685",22.255,22.685,"cM","all values < 1000 -> cM",NA,"https://link.springer.com/article/10.1007/s00425-022-03904-4","MQTL_all traitsV3.0_final",FALSE
"M01509","MQTL1A.3","1A","Quality traits","Quality traits","Quality traits","36.14-36.44",36.14,36.44,"cM","all values < 1000 -> cM",NA,"https://link.springer.com/article/10.1007/s00425-022-03904-4","MQTL_all traitsV3.0_final",FALSE
"M01510","MQTL1A.4","1A","Quality traits","Quality traits","Quality traits","42.58-43.1",42.58,43.1,"cM","all values < 1000 -> cM",NA,"https://link.springer.com/article/10.1007/s00425-022-03904-4","MQTL_all traitsV3.0_final",FALSE
"M01511","MQTL1A.5","1A","Quality traits","Quality traits","Quality traits","68.585-69.135",68.585,69.135,"cM","all values < 1000 -> cM",NA,"https://link.springer.com/article/10.1007/s00425-022-03904-4","MQTL_all traitsV3.0_final",FALSE
"M01512","MQTL1A.6","1A","Quality traits","Quality traits","Quality traits","85.525-87.755",85.525,87.755,"cM","all values < 1000 -> cM",NA,"https://link.springer.com/article/10.1007/s00425-022-03904-4","MQTL_all traitsV3.0_final",FALSE
"M01513","MQTL1A.7","1A","Quality traits","Quality traits","Quality traits","92.935-94.845",92.935,94.845,"cM","all values < 1000 -> cM",NA,"https://link.springer.com/article/10.1007/s00425-022-03904-4","MQTL_all traitsV3.0_final",FALSE
"M01514","MQTL1A.8","1A","Quality traits","Quality traits","Quality traits","118.43-123.05",118.43,123.05,"cM","all values < 1000 -> cM",NA,"https://link.springer.com/article/10.1007/s00425-022-03904-4","MQTL_all traitsV3.0_final",FALSE
"M01515","MQTL1A.9","1A","Quality traits","Quality traits","Quality traits","156.605-156.875",156.605,156.875,"cM","all values < 1000 -> cM",NA,"https://link.springer.com/article/10.1007/s00425-022-03904-4","MQTL_all traitsV3.0_final",FALSE
"M01516","MQTL1B.1","1B","Quality traits","Quality traits","Quality traits","41.215-41.445",41.215,41.445,"cM","all values < 1000 -> cM",NA,"https://link.springer.com/article/10.1007/s00425-022-03904-4","MQTL_all traitsV3.0_final",FALSE
"M01517","MQTL1B.2","1B","Quality traits","Quality traits","Quality traits","66.295-66.805",66.295,66.805,"cM","all values < 1000 -> cM",NA,"https://link.springer.com/article/10.1007/s00425-022-03904-4","MQTL_all traitsV3.0_final",FALSE
"M01518","MQTL1B.3","1B","Quality traits","Quality traits","Quality traits","77.02-77.6",77.02,77.6,"cM","all values < 1000 -> cM",NA,"https://link.springer.com/article/10.1007/s00425-022-03904-4","MQTL_all traitsV3.0_final",FALSE
"M01519","MQTL1B.4","1B","Quality traits","Quality traits","Quality traits","109.975-111.725",109.975,111.725,"cM","all values < 1000 -> cM",NA,"https://link.springer.com/article/10.1007/s00425-022-03904-4","MQTL_all traitsV3.0_final",FALSE
"M01520","MQTL1B.5","1B","Quality traits","Quality traits","Quality traits","195.485-197.295",195.485,197.295,"cM","all values < 1000 -> cM",NA,"https://link.springer.com/article/10.1007/s00425-022-03904-4","MQTL_all traitsV3.0_final",FALSE
"M01521","MQTL1B.6","1B","Quality traits","Quality traits","Quality traits","428.335-439.345",428.335,439.345,"cM","all values < 1000 -> cM",NA,"https://link.springer.com/article/10.1007/s00425-022-03904-4","MQTL_all traitsV3.0_final",FALSE
"M01522","MQTL1D.1","1D","Quality traits","Quality traits","Quality traits","43.59-43.87",43.59,43.87,"cM","all values < 1000 -> cM",NA,"https://link.springer.com/article/10.1007/s00425-022-03904-4","MQTL_all traitsV3.0_final",FALSE
"M01523","MQTL1D.2","1D","Quality traits","Quality traits","Quality traits","47.215-47.565",47.215,47.565,"cM","all values < 1000 -> cM",NA,"https://link.springer.com/article/10.1007/s00425-022-03904-4","MQTL_all traitsV3.0_final",FALSE
"M01524","MQTL1D.3","1D","Quality traits","Quality traits","Quality traits","60.125-60.655",60.125,60.655,"cM","all values < 1000 -> cM",NA,"https://link.springer.com/article/10.1007/s00425-022-03904-4","MQTL_all traitsV3.0_final",FALSE
"M01525","MQTL1D.4","1D","Quality traits","Quality traits","Quality traits","75.955-76.005",75.955,76.005,"cM","all values < 1000 -> cM",NA,"https://link.springer.com/article/10.1007/s00425-022-03904-4","MQTL_all traitsV3.0_final",FALSE
"M01526","MQTL1D.5","1D","Quality traits","Quality traits","Quality traits","77.015-77.025",77.015,77.025,"cM","all values < 1000 -> cM",NA,"https://link.springer.com/article/10.1007/s00425-022-03904-4","MQTL_all traitsV3.0_final",FALSE
"M01527","MQTL1D.6","1D","Quality traits","Quality traits","Quality traits","109.42-110.64",109.42,110.64,"cM","all values < 1000 -> cM",NA,"https://link.springer.com/article/10.1007/s00425-022-03904-4","MQTL_all traitsV3.0_final",FALSE
"M01528","MQTL1D.7","1D","Quality traits","Quality traits","Quality traits","156.945-158.335",156.945,158.335,"cM","all values < 1000 -> cM",NA,"https://link.springer.com/article/10.1007/s00425-022-03904-4","MQTL_all traitsV3.0_final",FALSE
"M01529","MQTL2A.1","2A","Quality traits","Quality traits","Quality traits","8.11-11.85",8.11,11.85,"cM","all values < 1000 -> cM",NA,"https://link.springer.com/article/10.1007/s00425-022-03904-4","MQTL_all traitsV3.0_final",FALSE
"M01530","MQTL2A.2","2A","Quality traits","Quality traits","Quality traits","28.375-28.585",28.375,28.585,"cM","all values < 1000 -> cM",NA,"https://link.springer.com/article/10.1007/s00425-022-03904-4","MQTL_all traitsV3.0_final",FALSE
"M01531","MQTL2A.3","2A","Quality traits","Quality traits","Quality traits","81.17-82.31",81.17,82.31,"cM","all values < 1000 -> cM",NA,"https://link.springer.com/article/10.1007/s00425-022-03904-4","MQTL_all traitsV3.0_final",FALSE
"M01532","MQTL2A.4","2A","Quality traits","Quality traits","Quality traits","99.545-100.255",99.545,100.255,"cM","all values < 1000 -> cM",NA,"https://link.springer.com/article/10.1007/s00425-022-03904-4","MQTL_all traitsV3.0_final",FALSE
"M01533","MQTL2A.5","2A","Quality traits","Quality traits","Quality traits","248.24-260.82",248.24,260.82,"cM","all values < 1000 -> cM",NA,"https://link.springer.com/article/10.1007/s00425-022-03904-4","MQTL_all traitsV3.0_final",FALSE
"M01534","MQTL2A.6","2A","Quality traits","Quality traits","Quality traits","292.91-292.93",292.91,292.93,"cM","all values < 1000 -> cM",NA,"https://link.springer.com/article/10.1007/s00425-022-03904-4","MQTL_all traitsV3.0_final",FALSE
"M01535","MQTL2B.1","2B","Quality traits","Quality traits","Quality traits","0.675-0.885",0.675,0.885,"cM","all values < 1000 -> cM",NA,"https://link.springer.com/article/10.1007/s00425-022-03904-4","MQTL_all traitsV3.0_final",FALSE
"M01536","MQTL2B.2","2B","Quality traits","Quality traits","Quality traits","25.325-29.155",25.325,29.155,"cM","all values < 1000 -> cM",NA,"https://link.springer.com/article/10.1007/s00425-022-03904-4","MQTL_all traitsV3.0_final",FALSE
"M01537","MQTL2B.3","2B","Quality traits","Quality traits","Quality traits","49.85-50.25",49.85,50.25,"cM","all values < 1000 -> cM",NA,"https://link.springer.com/article/10.1007/s00425-022-03904-4","MQTL_all traitsV3.0_final",FALSE
"M01538","MQTL2B.4","2B","Quality traits","Quality traits","Quality traits","73.21-74.99",73.21,74.99,"cM","all values < 1000 -> cM",NA,"https://link.springer.com/article/10.1007/s00425-022-03904-4","MQTL_all traitsV3.0_final",FALSE
"M01539","MQTL2B.5","2B","Quality traits","Quality traits","Quality traits","93.925-95.175",93.925,95.175,"cM","all values < 1000 -> cM",NA,"https://link.springer.com/article/10.1007/s00425-022-03904-4","MQTL_all traitsV3.0_final",FALSE
"M01540","MQTL2B.6","2B","Quality traits","Quality traits","Quality traits","136.715-139.745",136.715,139.745,"cM","all values < 1000 -> cM",NA,"https://link.springer.com/article/10.1007/s00425-022-03904-4","MQTL_all traitsV3.0_final",FALSE
"M01541","MQTL2B.7","2B","Quality traits","Quality traits","Quality traits","228.745-230.015",228.745,230.015,"cM","all values < 1000 -> cM",NA,"https://link.springer.com/article/10.1007/s00425-022-03904-4","MQTL_all traitsV3.0_final",FALSE
"M01542","MQTL2D.1","2D","Quality traits","Quality traits","Quality traits","28.835-32.145",28.835,32.145,"cM","all values < 1000 -> cM",NA,"https://link.springer.com/article/10.1007/s00425-022-03904-4","MQTL_all traitsV3.0_final",FALSE
"M01543","MQTL2D.2","2D","Quality traits","Quality traits","Quality traits","63.655-65.825",63.655,65.825,"cM","all values < 1000 -> cM",NA,"https://link.springer.com/article/10.1007/s00425-022-03904-4","MQTL_all traitsV3.0_final",FALSE
"M01544","MQTL2D.3","2D","Quality traits","Quality traits","Quality traits","112.535-113.585",112.535,113.585,"cM","all values < 1000 -> cM",NA,"https://link.springer.com/article/10.1007/s00425-022-03904-4","MQTL_all traitsV3.0_final",FALSE
"M01545","MQTL2D.4","2D","Quality traits","Quality traits","Quality traits","139.97-140.13",139.97,140.13,"cM","all values < 1000 -> cM",NA,"https://link.springer.com/article/10.1007/s00425-022-03904-4","MQTL_all traitsV3.0_final",FALSE
"M01546","MQTL2D.5","2D","Quality traits","Quality traits","Quality traits","163.795-169.685",163.795,169.685,"cM","all values < 1000 -> cM",NA,"https://link.springer.com/article/10.1007/s00425-022-03904-4","MQTL_all traitsV3.0_final",FALSE
"M01547","MQTL2D.6","2D","Quality traits","Quality traits","Quality traits","337.26-530.5",337.26,530.5,"cM","all values < 1000 -> cM",NA,"https://link.springer.com/article/10.1007/s00425-022-03904-4","MQTL_all traitsV3.0_final",FALSE
"M01548","MQTL3A.1","3A","Quality traits","Quality traits","Quality traits","0-3.505",0,3.505,"cM","all values < 1000 -> cM",NA,"https://link.springer.com/article/10.1007/s00425-022-03904-4","MQTL_all traitsV3.0_final",FALSE
"M01549","MQTL3A.2","3A","Quality traits","Quality traits","Quality traits","25.525-25.575",25.525,25.575,"cM","all values < 1000 -> cM",NA,"https://link.springer.com/article/10.1007/s00425-022-03904-4","MQTL_all traitsV3.0_final",FALSE
"M01550","MQTL3A.3","3A","Quality traits","Quality traits","Quality traits","65.655-70.505",65.655,70.505,"cM","all values < 1000 -> cM",NA,"https://link.springer.com/article/10.1007/s00425-022-03904-4","MQTL_all traitsV3.0_final",FALSE
"M01551","MQTL3A.4","3A","Quality traits","Quality traits","Quality traits","110.515-111.005",110.515,111.005,"cM","all values < 1000 -> cM",NA,"https://link.springer.com/article/10.1007/s00425-022-03904-4","MQTL_all traitsV3.0_final",FALSE
"M01552","MQTL3B.1","3B","Quality traits","Quality traits","Quality traits","34.025-36.675",34.025,36.675,"cM","all values < 1000 -> cM",NA,"https://link.springer.com/article/10.1007/s00425-022-03904-4","MQTL_all traitsV3.0_final",FALSE
"M01553","MQTL3B.2","3B","Quality traits","Quality traits","Quality traits","72.37-73.67",72.37,73.67,"cM","all values < 1000 -> cM",NA,"https://link.springer.com/article/10.1007/s00425-022-03904-4","MQTL_all traitsV3.0_final",FALSE
"M01554","MQTL3B.3","3B","Quality traits","Quality traits","Quality traits","111.495-113.645",111.495,113.645,"cM","all values < 1000 -> cM",NA,"https://link.springer.com/article/10.1007/s00425-022-03904-4","MQTL_all traitsV3.0_final",FALSE
"M01555","MQTL3B.4","3B","Quality traits","Quality traits","Quality traits","173.9-174.38",173.9,174.38,"cM","all values < 1000 -> cM",NA,"https://link.springer.com/article/10.1007/s00425-022-03904-4","MQTL_all traitsV3.0_final",FALSE
"M01556","MQTL3D.1","3D","Quality traits","Quality traits","Quality traits","36.21-39.17",36.21,39.17,"cM","all values < 1000 -> cM",NA,"https://link.springer.com/article/10.1007/s00425-022-03904-4","MQTL_all traitsV3.0_final",FALSE
"M01557","MQTL3D.2","3D","Quality traits","Quality traits","Quality traits","67.175-69.165",67.175,69.165,"cM","all values < 1000 -> cM",NA,"https://link.springer.com/article/10.1007/s00425-022-03904-4","MQTL_all traitsV3.0_final",FALSE
"M01558","MQTL3D.3","3D","Quality traits","Quality traits","Quality traits","122.25-144.91",122.25,144.91,"cM","all values < 1000 -> cM",NA,"https://link.springer.com/article/10.1007/s00425-022-03904-4","MQTL_all traitsV3.0_final",FALSE
"M01559","MQTL3D.4","3D","Quality traits","Quality traits","Quality traits","189.14-238.9",189.14,238.9,"cM","all values < 1000 -> cM",NA,"https://link.springer.com/article/10.1007/s00425-022-03904-4","MQTL_all traitsV3.0_final",FALSE
"M01560","MQTL4A.1","4A","Quality traits","Quality traits","Quality traits","8.9-10.82",8.9,10.82,"cM","all values < 1000 -> cM",NA,"https://link.springer.com/article/10.1007/s00425-022-03904-4","MQTL_all traitsV3.0_final",FALSE
"M01561","MQTL4A.2","4A","Quality traits","Quality traits","Quality traits","34.68-38.8",34.68,38.8,"cM","all values < 1000 -> cM",NA,"https://link.springer.com/article/10.1007/s00425-022-03904-4","MQTL_all traitsV3.0_final",FALSE
"M01562","MQTL4A.3","4A","Quality traits","Quality traits","Quality traits","66.665-71.515",66.665,71.515,"cM","all values < 1000 -> cM",NA,"https://link.springer.com/article/10.1007/s00425-022-03904-4","MQTL_all traitsV3.0_final",FALSE
"M01563","MQTL4A.4","4A","Quality traits","Quality traits","Quality traits","113.235-115.285",113.235,115.285,"cM","all values < 1000 -> cM",NA,"https://link.springer.com/article/10.1007/s00425-022-03904-4","MQTL_all traitsV3.0_final",FALSE
"M01564","MQTL4A.5","4A","Quality traits","Quality traits","Quality traits","164.685-164.995",164.685,164.995,"cM","all values < 1000 -> cM",NA,"https://link.springer.com/article/10.1007/s00425-022-03904-4","MQTL_all traitsV3.0_final",FALSE
"M01565","MQTL4B.1","4B","Quality traits","Quality traits","Quality traits","12.335-12.485",12.335,12.485,"cM","all values < 1000 -> cM",NA,"https://link.springer.com/article/10.1007/s00425-022-03904-4","MQTL_all traitsV3.0_final",FALSE
"M01566","MQTL4B.2","4B","Quality traits","Quality traits","Quality traits","20.855-21.445",20.855,21.445,"cM","all values < 1000 -> cM",NA,"https://link.springer.com/article/10.1007/s00425-022-03904-4","MQTL_all traitsV3.0_final",FALSE
"M01567","MQTL4B.3","4B","Quality traits","Quality traits","Quality traits","44.94-45.16",44.94,45.16,"cM","all values < 1000 -> cM",NA,"https://link.springer.com/article/10.1007/s00425-022-03904-4","MQTL_all traitsV3.0_final",FALSE
"M01568","MQTL4B.4","4B","Quality traits","Quality traits","Quality traits","52.265-52.755",52.265,52.755,"cM","all values < 1000 -> cM",NA,"https://link.springer.com/article/10.1007/s00425-022-03904-4","MQTL_all traitsV3.0_final",FALSE
"M01569","MQTL4B.5","4B","Quality traits","Quality traits","Quality traits","89.275-92.325",89.275,92.325,"cM","all values < 1000 -> cM",NA,"https://link.springer.com/article/10.1007/s00425-022-03904-4","MQTL_all traitsV3.0_final",FALSE
"M01570","MQTL4B.6","4B","Quality traits","Quality traits","Quality traits","181.75-185.37",181.75,185.37,"cM","all values < 1000 -> cM",NA,"https://link.springer.com/article/10.1007/s00425-022-03904-4","MQTL_all traitsV3.0_final",FALSE
"M01571","MQTL4D.1","4D","Quality traits","Quality traits","Quality traits","0.65-1.61",0.65,1.61,"cM","all values < 1000 -> cM",NA,"https://link.springer.com/article/10.1007/s00425-022-03904-4","MQTL_all traitsV3.0_final",FALSE
"M01572","MQTL4D.2","4D","Quality traits","Quality traits","Quality traits","53.575-53.905",53.575,53.905,"cM","all values < 1000 -> cM",NA,"https://link.springer.com/article/10.1007/s00425-022-03904-4","MQTL_all traitsV3.0_final",FALSE
"M01573","MQTL4D.3","4D","Quality traits","Quality traits","Quality traits","78.7-80.36",78.7,80.36,"cM","all values < 1000 -> cM",NA,"https://link.springer.com/article/10.1007/s00425-022-03904-4","MQTL_all traitsV3.0_final",FALSE
"M01574","MQTL4D.4","4D","Quality traits","Quality traits","Quality traits","83.325-83.935",83.325,83.935,"cM","all values < 1000 -> cM",NA,"https://link.springer.com/article/10.1007/s00425-022-03904-4","MQTL_all traitsV3.0_final",FALSE
"M01575","MQTL4D.5","4D","Quality traits","Quality traits","Quality traits","85.955-86.665",85.955,86.665,"cM","all values < 1000 -> cM",NA,"https://link.springer.com/article/10.1007/s00425-022-03904-4","MQTL_all traitsV3.0_final",FALSE
"M01576","MQTL4D.6","4D","Quality traits","Quality traits","Quality traits","87.945-88.515",87.945,88.515,"cM","all values < 1000 -> cM",NA,"https://link.springer.com/article/10.1007/s00425-022-03904-4","MQTL_all traitsV3.0_final",FALSE
"M01577","MQTL4D.7","4D","Quality traits","Quality traits","Quality traits","93.91-94.45",93.91,94.45,"cM","all values < 1000 -> cM",NA,"https://link.springer.com/article/10.1007/s00425-022-03904-4","MQTL_all traitsV3.0_final",FALSE
"M01578","MQTL4D.8","4D","Quality traits","Quality traits","Quality traits","205.42-206",205.42,206,"cM","all values < 1000 -> cM",NA,"https://link.springer.com/article/10.1007/s00425-022-03904-4","MQTL_all traitsV3.0_final",FALSE
"M01579","MQTL5A.1","5A","Quality traits","Quality traits","Quality traits","8.8-9.54",8.8,9.54,"cM","all values < 1000 -> cM",NA,"https://link.springer.com/article/10.1007/s00425-022-03904-4","MQTL_all traitsV3.0_final",FALSE
"M01580","MQTL5A.2","5A","Quality traits","Quality traits","Quality traits","39-41.96",39,41.96,"cM","all values < 1000 -> cM",NA,"https://link.springer.com/article/10.1007/s00425-022-03904-4","MQTL_all traitsV3.0_final",FALSE
"M01581","MQTL5A.3","5A","Quality traits","Quality traits","Quality traits","103.455-103.825",103.455,103.825,"cM","all values < 1000 -> cM",NA,"https://link.springer.com/article/10.1007/s00425-022-03904-4","MQTL_all traitsV3.0_final",FALSE
"M01582","MQTL5B.1","5B","Quality traits","Quality traits","Quality traits","8.555-8.765",8.555,8.765,"cM","all values < 1000 -> cM",NA,"https://link.springer.com/article/10.1007/s00425-022-03904-4","MQTL_all traitsV3.0_final",FALSE
"M01583","MQTL5B.2","5B","Quality traits","Quality traits","Quality traits","42.72-43.98",42.72,43.98,"cM","all values < 1000 -> cM",NA,"https://link.springer.com/article/10.1007/s00425-022-03904-4","MQTL_all traitsV3.0_final",FALSE
"M01584","MQTL5D.1","5D","Quality traits","Quality traits","Quality traits","9.67-10.93",9.67,10.93,"cM","all values < 1000 -> cM",NA,"https://link.springer.com/article/10.1007/s00425-022-03904-4","MQTL_all traitsV3.0_final",FALSE
"M01585","MQTL5D.2","5D","Quality traits","Quality traits","Quality traits","28.13-28.25",28.13,28.25,"cM","all values < 1000 -> cM",NA,"https://link.springer.com/article/10.1007/s00425-022-03904-4","MQTL_all traitsV3.0_final",FALSE
"M01586","MQTL5D.3","5D","Quality traits","Quality traits","Quality traits","31.62-31.72",31.62,31.72,"cM","all values < 1000 -> cM",NA,"https://link.springer.com/article/10.1007/s00425-022-03904-4","MQTL_all traitsV3.0_final",FALSE
"M01587","MQTL5D.4","5D","Quality traits","Quality traits","Quality traits","72.22-72.32",72.22,72.32,"cM","all values < 1000 -> cM",NA,"https://link.springer.com/article/10.1007/s00425-022-03904-4","MQTL_all traitsV3.0_final",FALSE
"M01588","MQTL5D.5","5D","Quality traits","Quality traits","Quality traits","168.345-172.975",168.345,172.975,"cM","all values < 1000 -> cM",NA,"https://link.springer.com/article/10.1007/s00425-022-03904-4","MQTL_all traitsV3.0_final",FALSE
"M01589","MQTL5D.6","5D","Quality traits","Quality traits","Quality traits","418.14-432.64",418.14,432.64,"cM","all values < 1000 -> cM",NA,"https://link.springer.com/article/10.1007/s00425-022-03904-4","MQTL_all traitsV3.0_final",FALSE
"M01590","MQTL6A.1","6A","Quality traits","Quality traits","Quality traits","0-3.25",0,3.25,"cM","all values < 1000 -> cM",NA,"https://link.springer.com/article/10.1007/s00425-022-03904-4","MQTL_all traitsV3.0_final",FALSE
"M01591","MQTL6A.2","6A","Quality traits","Quality traits","Quality traits","9.375-18.185",9.375,18.185,"cM","all values < 1000 -> cM",NA,"https://link.springer.com/article/10.1007/s00425-022-03904-4","MQTL_all traitsV3.0_final",FALSE
"M01592","MQTL6A.3","6A","Quality traits","Quality traits","Quality traits","35.255-35.885",35.255,35.885,"cM","all values < 1000 -> cM",NA,"https://link.springer.com/article/10.1007/s00425-022-03904-4","MQTL_all traitsV3.0_final",FALSE
"M01593","MQTL6A.4","6A","Quality traits","Quality traits","Quality traits","40.41-46.29",40.41,46.29,"cM","all values < 1000 -> cM",NA,"https://link.springer.com/article/10.1007/s00425-022-03904-4","MQTL_all traitsV3.0_final",FALSE
"M01594","MQTL6A.5","6A","Quality traits","Quality traits","Quality traits","57.555-70.285",57.555,70.285,"cM","all values < 1000 -> cM",NA,"https://link.springer.com/article/10.1007/s00425-022-03904-4","MQTL_all traitsV3.0_final",FALSE
"M01595","MQTL6A.6","6A","Quality traits","Quality traits","Quality traits","201.955-235.725",201.955,235.725,"cM","all values < 1000 -> cM",NA,"https://link.springer.com/article/10.1007/s00425-022-03904-4","MQTL_all traitsV3.0_final",FALSE
"M01596","MQTL6A.7","6A","Quality traits","Quality traits","Quality traits","270.91-277.27",270.91,277.27,"cM","all values < 1000 -> cM",NA,"https://link.springer.com/article/10.1007/s00425-022-03904-4","MQTL_all traitsV3.0_final",FALSE
"M01597","MQTL6B.1","6B","Quality traits","Quality traits","Quality traits","26.995-28.745",26.995,28.745,"cM","all values < 1000 -> cM",NA,"https://link.springer.com/article/10.1007/s00425-022-03904-4","MQTL_all traitsV3.0_final",FALSE
"M01598","MQTL6B.2","6B","Quality traits","Quality traits","Quality traits","62.655-62.865",62.655,62.865,"cM","all values < 1000 -> cM",NA,"https://link.springer.com/article/10.1007/s00425-022-03904-4","MQTL_all traitsV3.0_final",FALSE
"M01599","MQTL6D.1","6D","Quality traits","Quality traits","Quality traits","33.725-38.195",33.725,38.195,"cM","all values < 1000 -> cM",NA,"https://link.springer.com/article/10.1007/s00425-022-03904-4","MQTL_all traitsV3.0_final",FALSE
"M01600","MQTL6D.2","6D","Quality traits","Quality traits","Quality traits","75.76-78.72",75.76,78.72,"cM","all values < 1000 -> cM",NA,"https://link.springer.com/article/10.1007/s00425-022-03904-4","MQTL_all traitsV3.0_final",FALSE
"M01601","MQTL6D.3","6D","Quality traits","Quality traits","Quality traits","116.54-121.72",116.54,121.72,"cM","all values < 1000 -> cM",NA,"https://link.springer.com/article/10.1007/s00425-022-03904-4","MQTL_all traitsV3.0_final",FALSE
"M01602","MQTL6D.4","6D","Quality traits","Quality traits","Quality traits","164.965-165.075",164.965,165.075,"cM","all values < 1000 -> cM",NA,"https://link.springer.com/article/10.1007/s00425-022-03904-4","MQTL_all traitsV3.0_final",FALSE
"M01603","MQTL7A.1","7A","Quality traits","Quality traits","Quality traits","57.08-80.58",57.08,80.58,"cM","all values < 1000 -> cM",NA,"https://link.springer.com/article/10.1007/s00425-022-03904-4","MQTL_all traitsV3.0_final",FALSE
"M01604","MQTL7A.2","7A","Quality traits","Quality traits","Quality traits","148.05-154.43",148.05,154.43,"cM","all values < 1000 -> cM",NA,"https://link.springer.com/article/10.1007/s00425-022-03904-4","MQTL_all traitsV3.0_final",FALSE
"M01605","MQTL7B.1","7B","Quality traits","Quality traits","Quality traits","1.105-1.295",1.105,1.295,"cM","all values < 1000 -> cM",NA,"https://link.springer.com/article/10.1007/s00425-022-03904-4","MQTL_all traitsV3.0_final",FALSE
"M01606","MQTL7B.2","7B","Quality traits","Quality traits","Quality traits","14.665-15.035",14.665,15.035,"cM","all values < 1000 -> cM",NA,"https://link.springer.com/article/10.1007/s00425-022-03904-4","MQTL_all traitsV3.0_final",FALSE
"M01607","MQTL7B.3","7B","Quality traits","Quality traits","Quality traits","46.835-50.385",46.835,50.385,"cM","all values < 1000 -> cM",NA,"https://link.springer.com/article/10.1007/s00425-022-03904-4","MQTL_all traitsV3.0_final",FALSE
"M01608","MQTL7B.4","7B","Quality traits","Quality traits","Quality traits","78.115-81.765",78.115,81.765,"cM","all values < 1000 -> cM",NA,"https://link.springer.com/article/10.1007/s00425-022-03904-4","MQTL_all traitsV3.0_final",FALSE
"M01609","MQTL7B.5","7B","Quality traits","Quality traits","Quality traits","92.32-95.8",92.32,95.8,"cM","all values < 1000 -> cM",NA,"https://link.springer.com/article/10.1007/s00425-022-03904-4","MQTL_all traitsV3.0_final",FALSE
"M01610","MQTL7B.6","7B","Quality traits","Quality traits","Quality traits","231.26-234.52",231.26,234.52,"cM","all values < 1000 -> cM",NA,"https://link.springer.com/article/10.1007/s00425-022-03904-4","MQTL_all traitsV3.0_final",FALSE
"M01611","MQTL7D.1","7D","Quality traits","Quality traits","Quality traits","12.67-20.15",12.67,20.15,"cM","all values < 1000 -> cM",NA,"https://link.springer.com/article/10.1007/s00425-022-03904-4","MQTL_all traitsV3.0_final",FALSE
"M01612","MQTL7D.2","7D","Quality traits","Quality traits","Quality traits","40.08-45.78",40.08,45.78,"cM","all values < 1000 -> cM",NA,"https://link.springer.com/article/10.1007/s00425-022-03904-4","MQTL_all traitsV3.0_final",FALSE
"M01613","MQTL7D.3","7D","Quality traits","Quality traits","Quality traits","55.265-64.215",55.265,64.215,"cM","all values < 1000 -> cM",NA,"https://link.springer.com/article/10.1007/s00425-022-03904-4","MQTL_all traitsV3.0_final",FALSE
"M01614","MQTL7D.4","7D","Quality traits","Quality traits","Quality traits","66.805-75.075",66.805,75.075,"cM","all values < 1000 -> cM",NA,"https://link.springer.com/article/10.1007/s00425-022-03904-4","MQTL_all traitsV3.0_final",FALSE
"M01615","MQTL7D.5","7D","Quality traits","Quality traits","Quality traits","114.92-121.22",114.92,121.22,"cM","all values < 1000 -> cM",NA,"https://link.springer.com/article/10.1007/s00425-022-03904-4","MQTL_all traitsV3.0_final",FALSE
"M01616","MQTL7D.6","7D","Quality traits","Quality traits","Quality traits","290.615-305.365",290.615,305.365,"cM","all values < 1000 -> cM",NA,"https://link.springer.com/article/10.1007/s00425-022-03904-4","MQTL_all traitsV3.0_final",FALSE
"M01617","dicoccoides_MQTL_1A.2","1A","Quality traits","Grain protein content,carbon isotope ratio","Quality traits","60.04",60.04,60.04,"cM","all values < 1000 -> cM",NA,"https://www.frontiersin.org/journals/plant-science/articles/10.3389/fpls.2024.1305196/full","MQTL_all traitsV3.0_final",FALSE
"M01618","dicoccoides_MQTL_1A.3","1A","Quality traits","Grain protein content,Harvest Index","Quality traits","86.88",86.88,86.88,"cM","all values < 1000 -> cM",NA,"https://www.frontiersin.org/journals/plant-science/articles/10.3389/fpls.2024.1305196/full","MQTL_all traitsV3.0_final",FALSE
"M01619","dicoccoides_MQTL_1B.1","1B","Quality traits","Harvest Index","Quality traits","28.16",28.16,28.16,"cM","all values < 1000 -> cM",NA,"https://www.frontiersin.org/journals/plant-science/articles/10.3389/fpls.2024.1305196/full","MQTL_all traitsV3.0_final",FALSE
"M01620","dicoccoides_MQTL_2A.2","2A","Quality traits","Grain protein content","Quality traits","114.57",114.57,114.57,"cM","all values < 1000 -> cM",NA,"https://www.frontiersin.org/journals/plant-science/articles/10.3389/fpls.2024.1305196/full","MQTL_all traitsV3.0_final",FALSE
"M01621","dicoccoides_MQTL_2B.1","2B","Quality traits","Harvest Index","Quality traits","50.99",50.99,50.99,"cM","all values < 1000 -> cM",NA,"https://www.frontiersin.org/journals/plant-science/articles/10.3389/fpls.2024.1305196/full","MQTL_all traitsV3.0_final",FALSE
"M01622","dicoccoides_MQTL_2B.2","2B","Quality traits","Grain protein content","Quality traits","123.8",123.8,123.8,"cM","all values < 1000 -> cM",NA,"https://www.frontiersin.org/journals/plant-science/articles/10.3389/fpls.2024.1305196/full","MQTL_all traitsV3.0_final",FALSE
"M01623","dicoccoides_MQTL_3A.2","3A","Quality traits","Grain protein content","Quality traits","74.35",74.35,74.35,"cM","all values < 1000 -> cM",NA,"https://www.frontiersin.org/journals/plant-science/articles/10.3389/fpls.2024.1305196/full","MQTL_all traitsV3.0_final",FALSE
"M01624","dicoccoides_MQTL_3A.3","3A","Quality traits","Carbon isotope ratio","Quality traits","100.25",100.25,100.25,"cM","all values < 1000 -> cM",NA,"https://www.frontiersin.org/journals/plant-science/articles/10.3389/fpls.2024.1305196/full","MQTL_all traitsV3.0_final",FALSE
"M01625","dicoccoides_MQTL_3B.1","3B","Quality traits","Grain protein content","Quality traits","85.86",85.86,85.86,"cM","all values < 1000 -> cM",NA,"https://www.frontiersin.org/journals/plant-science/articles/10.3389/fpls.2024.1305196/full","MQTL_all traitsV3.0_final",FALSE
"M01626","dicoccoides_MQTL_4A.1","4A","Quality traits","Grain protein content,Harvest index","Quality traits","38.36",38.36,38.36,"cM","all values < 1000 -> cM",NA,"https://www.frontiersin.org/journals/plant-science/articles/10.3389/fpls.2024.1305196/full","MQTL_all traitsV3.0_final",FALSE
"M01627","dicoccoides_MQTL_4A.2","4A","Quality traits","Grain protein content","Quality traits","131.23",131.23,131.23,"cM","all values < 1000 -> cM",NA,"https://www.frontiersin.org/journals/plant-science/articles/10.3389/fpls.2024.1305196/full","MQTL_all traitsV3.0_final",FALSE
"M01628","dicoccoides_MQTL_4B.1","4B","Quality traits","Grain protein content","Quality traits","16.38",16.38,16.38,"cM","all values < 1000 -> cM",NA,"https://www.frontiersin.org/journals/plant-science/articles/10.3389/fpls.2024.1305196/full","MQTL_all traitsV3.0_final",FALSE
"M01629","dicoccoides_MQTL_4B.2","4B","Quality traits","Grain protein content","Quality traits","78.98",78.98,78.98,"cM","all values < 1000 -> cM",NA,"https://www.frontiersin.org/journals/plant-science/articles/10.3389/fpls.2024.1305196/full","MQTL_all traitsV3.0_final",FALSE
"M01630","dicoccoides_MQTL_5A.1","5A","Quality traits","Grain protein content","Quality traits","35.99",35.99,35.99,"cM","all values < 1000 -> cM",NA,"https://www.frontiersin.org/journals/plant-science/articles/10.3389/fpls.2024.1305196/full","MQTL_all traitsV3.0_final",FALSE
"M01631","dicoccoides_MQTL_5A.3","5A","Quality traits","Carbon isotope ratio","Quality traits","106.33",106.33,106.33,"cM","all values < 1000 -> cM",NA,"https://www.frontiersin.org/journals/plant-science/articles/10.3389/fpls.2024.1305196/full","MQTL_all traitsV3.0_final",FALSE
"M01632","dicoccoides_MQTL_5A.4","5A","Quality traits","Grain protein content","Quality traits","142.55",142.55,142.55,"cM","all values < 1000 -> cM",NA,"https://www.frontiersin.org/journals/plant-science/articles/10.3389/fpls.2024.1305196/full","MQTL_all traitsV3.0_final",FALSE
"M01633","dicoccoides_MQTL_5B.1","5B","Quality traits","Grain protein content","Quality traits","52.54",52.54,52.54,"cM","all values < 1000 -> cM",NA,"https://www.frontiersin.org/journals/plant-science/articles/10.3389/fpls.2024.1305196/full","MQTL_all traitsV3.0_final",FALSE
"M01634","dicoccoides_MQTL_5B.2","5B","Quality traits","Harvest Index","Quality traits","123.74",123.74,123.74,"cM","all values < 1000 -> cM",NA,"https://www.frontiersin.org/journals/plant-science/articles/10.3389/fpls.2024.1305196/full","MQTL_all traitsV3.0_final",FALSE
"M01635","dicoccoides_MQTL_6A.2","6A","Quality traits","Grain protein content","Quality traits","84.95",84.95,84.95,"cM","all values < 1000 -> cM",NA,"https://www.frontiersin.org/journals/plant-science/articles/10.3389/fpls.2024.1305196/full","MQTL_all traitsV3.0_final",FALSE
"M01636","dicoccoides_MQTL_6B.1","6B","Quality traits","Grain protein content","Quality traits","52.19",52.19,52.19,"cM","all values < 1000 -> cM",NA,"https://www.frontiersin.org/journals/plant-science/articles/10.3389/fpls.2024.1305196/full","MQTL_all traitsV3.0_final",FALSE
"M01637","dicoccoides_MQTL_6B.2","6B","Quality traits","Grain protein content,Harvest index","Quality traits","74.40",74.4,74.4,"cM","all values < 1000 -> cM",NA,"https://www.frontiersin.org/journals/plant-science/articles/10.3389/fpls.2024.1305196/full","MQTL_all traitsV3.0_final",FALSE
"M01638","dicoccoides_MQTL_7A.2","7A","Quality traits","Grain protein content","Quality traits","132.57",132.57,132.57,"cM","all values < 1000 -> cM",NA,"https://www.frontiersin.org/journals/plant-science/articles/10.3389/fpls.2024.1305196/full","MQTL_all traitsV3.0_final",FALSE
"M01639","dicoccoides_MQTL_7A.3","7A","Quality traits","Grain protein content","Quality traits","170.72",170.72,170.72,"cM","all values < 1000 -> cM",NA,"https://www.frontiersin.org/journals/plant-science/articles/10.3389/fpls.2024.1305196/full","MQTL_all traitsV3.0_final",FALSE
"M01640","dicoccoides_MQTL_7B.1","7B","Quality traits","Harvest Index","Quality traits","8.5",8.5,8.5,"cM","all values < 1000 -> cM",NA,"https://www.frontiersin.org/journals/plant-science/articles/10.3389/fpls.2024.1305196/full","MQTL_all traitsV3.0_final",FALSE
"M01641","dicoccoides_MQTL_7B.3","7B","Quality traits","Grain protein content","Quality traits","129.11",129.11,129.11,"cM","all values < 1000 -> cM",NA,"https://www.frontiersin.org/journals/plant-science/articles/10.3389/fpls.2024.1305196/full","MQTL_all traitsV3.0_final",FALSE
"M01642","MQTL1A.1","1A","Quality traits","Grain protein content,flour protein content","Quality traits","150.52",150.52,150.52,"cM","all values < 1000 -> cM",NA,"https://pubmed.ncbi.nlm.nih.gov/37144681/","MQTL_all traitsV3.0_final",FALSE
"M01643","MQTL1A.2","1A","Quality traits","Grain protein content","Quality traits","219.04",219.04,219.04,"cM","all values < 1000 -> cM",NA,"https://pubmed.ncbi.nlm.nih.gov/37144681/","MQTL_all traitsV3.0_final",FALSE
"M01644","MQTL1A.3","1A","Quality traits","Grain protein content,flour protein content","Quality traits","228.46",228.46,228.46,"cM","all values < 1000 -> cM",NA,"https://pubmed.ncbi.nlm.nih.gov/37144681/","MQTL_all traitsV3.0_final",FALSE
"M01645","MQTL1B.1","1B","Quality traits","Grain protein content,flour protein content","Quality traits","154.99",154.99,154.99,"cM","all values < 1000 -> cM",NA,"https://pubmed.ncbi.nlm.nih.gov/37144681/","MQTL_all traitsV3.0_final",FALSE
"M01646","MQTL1B.2","1B","Quality traits","Grain protein content,test weight","Quality traits","164.02",164.02,164.02,"cM","all values < 1000 -> cM",NA,"https://pubmed.ncbi.nlm.nih.gov/37144681/","MQTL_all traitsV3.0_final",FALSE
"M01647","MQTL1B.3","1B","Quality traits","Grain protein content,test weight","Quality traits","168.95",168.95,168.95,"cM","all values < 1000 -> cM",NA,"https://pubmed.ncbi.nlm.nih.gov/37144681/","MQTL_all traitsV3.0_final",FALSE
"M01648","MQTL1B.4","1B","Quality traits","Grain protein content,test weight","Quality traits","179.62",179.62,179.62,"cM","all values < 1000 -> cM",NA,"https://pubmed.ncbi.nlm.nih.gov/37144681/","MQTL_all traitsV3.0_final",FALSE
"M01649","MQTL1D.1","1D","Quality traits","wet gluten content,test weight","Quality traits","97.86",97.86,97.86,"cM","all values < 1000 -> cM",NA,"https://pubmed.ncbi.nlm.nih.gov/37144681/","MQTL_all traitsV3.0_final",FALSE
"M01650","MQTL1D.2","1D","Quality traits","wet gluten content","Quality traits","115.27",115.27,115.27,"cM","all values < 1000 -> cM",NA,"https://pubmed.ncbi.nlm.nih.gov/37144681/","MQTL_all traitsV3.0_final",FALSE
"M01651","MQTL1D.3","1D","Quality traits","Grain protein content,test weight","Quality traits","126.1",126.1,126.1,"cM","all values < 1000 -> cM",NA,"https://pubmed.ncbi.nlm.nih.gov/37144681/","MQTL_all traitsV3.0_final",FALSE
"M01652","MQTL2A.1","2A","Quality traits","Grain protein content,protein conten","Quality traits","60.69",60.69,60.69,"cM","all values < 1000 -> cM",NA,"https://pubmed.ncbi.nlm.nih.gov/37144681/","MQTL_all traitsV3.0_final",FALSE
"M01653","MQTL2A.2","2A","Quality traits","Grain protein content,protein conten","Quality traits","84.38",84.38,84.38,"cM","all values < 1000 -> cM",NA,"https://pubmed.ncbi.nlm.nih.gov/37144681/","MQTL_all traitsV3.0_final",FALSE
"M01654","MQTL2A.3","2A","Quality traits","Grain protein content,protein conten","Quality traits","114.48",114.48,114.48,"cM","all values < 1000 -> cM",NA,"https://pubmed.ncbi.nlm.nih.gov/37144681/","MQTL_all traitsV3.0_final",FALSE
"M01655","MQTL2A.4","2A","Quality traits","Grain protein content,test weight","Quality traits","137.64",137.64,137.64,"cM","all values < 1000 -> cM",NA,"https://pubmed.ncbi.nlm.nih.gov/37144681/","MQTL_all traitsV3.0_final",FALSE
"M01656","MQTL2A.5","2A","Quality traits","Grain protein content, wet gluten content","Quality traits","173.82",173.82,173.82,"cM","all values < 1000 -> cM",NA,"https://pubmed.ncbi.nlm.nih.gov/37144681/","MQTL_all traitsV3.0_final",FALSE
"M01657","MQTL2B.1","2B","Quality traits","Grain protein content, wet gluten content","Quality traits","77.29",77.29,77.29,"cM","all values < 1000 -> cM",NA,"https://pubmed.ncbi.nlm.nih.gov/37144681/","MQTL_all traitsV3.0_final",FALSE
"M01658","MQTL2B.2","2B","Quality traits","Grain protein content, wet gluten content,test weight","Quality traits","87.35",87.35,87.35,"cM","all values < 1000 -> cM",NA,"https://pubmed.ncbi.nlm.nih.gov/37144681/","MQTL_all traitsV3.0_final",FALSE
"M01659","MQTL2B.3","2B","Quality traits","Grain protein content, wet gluten content","Quality traits","93.93",93.93,93.93,"cM","all values < 1000 -> cM",NA,"https://pubmed.ncbi.nlm.nih.gov/37144681/","MQTL_all traitsV3.0_final",FALSE
"M01660","MQTL2B.4","2B","Quality traits","Grain protein content,flour protein content","Quality traits","96.92",96.92,96.92,"cM","all values < 1000 -> cM",NA,"https://pubmed.ncbi.nlm.nih.gov/37144681/","MQTL_all traitsV3.0_final",FALSE
"M01661","MQTL2B.5","2B","Quality traits","Grain protein content,flour protein content ,wet gluten content","Quality traits","101.48",101.48,101.48,"cM","all values < 1000 -> cM",NA,"https://pubmed.ncbi.nlm.nih.gov/37144681/","MQTL_all traitsV3.0_final",FALSE
"M01662","MQTL2B.6","2B","Quality traits","Grain protein content","Quality traits","107.77",107.77,107.77,"cM","all values < 1000 -> cM",NA,"https://pubmed.ncbi.nlm.nih.gov/37144681/","MQTL_all traitsV3.0_final",FALSE
"M01663","MQTL2D.1","2D","Quality traits","flour protein content ,test weight","Quality traits","39.36",39.36,39.36,"cM","all values < 1000 -> cM",NA,"https://pubmed.ncbi.nlm.nih.gov/37144681/","MQTL_all traitsV3.0_final",FALSE
"M01664","MQTL2D.2","2D","Quality traits","Grain protein content","Quality traits","68.88",68.88,68.88,"cM","all values < 1000 -> cM",NA,"https://pubmed.ncbi.nlm.nih.gov/37144681/","MQTL_all traitsV3.0_final",FALSE
"M01665","MQTL2D.3","2D","Quality traits","Grain protein content,flour protein content","Quality traits","97.32",97.32,97.32,"cM","all values < 1000 -> cM",NA,"https://pubmed.ncbi.nlm.nih.gov/37144681/","MQTL_all traitsV3.0_final",FALSE
"M01666","MQTL2D.4","2D","Quality traits","Grain protein content,flour protein content,Protein content","Quality traits","109.45",109.45,109.45,"cM","all values < 1000 -> cM",NA,"https://pubmed.ncbi.nlm.nih.gov/37144681/","MQTL_all traitsV3.0_final",FALSE
"M01667","MQTL2D.5","2D","Quality traits","Grain protein content,,test weightGPC, protein content","Quality traits","152.7",152.7,152.7,"cM","all values < 1000 -> cM",NA,"https://pubmed.ncbi.nlm.nih.gov/37144681/","MQTL_all traitsV3.0_final",FALSE
"M01668","MQTL3A.1","3A","Quality traits","Grain protein content","Quality traits","51.91",51.91,51.91,"cM","all values < 1000 -> cM",NA,"https://pubmed.ncbi.nlm.nih.gov/37144681/","MQTL_all traitsV3.0_final",FALSE
"M01669","MQTL3A.2","3A","Quality traits","Grain protein content","Quality traits","61.66",61.66,61.66,"cM","all values < 1000 -> cM",NA,"https://pubmed.ncbi.nlm.nih.gov/37144681/","MQTL_all traitsV3.0_final",FALSE
"M01670","MQTL3A.3","3A","Quality traits","Grain protein content","Quality traits","72.35",72.35,72.35,"cM","all values < 1000 -> cM",NA,"https://pubmed.ncbi.nlm.nih.gov/37144681/","MQTL_all traitsV3.0_final",FALSE
"M01671","MQTL3A.4","3A","Quality traits","Grain protein content,flour protein content","Quality traits","85.73",85.73,85.73,"cM","all values < 1000 -> cM",NA,"https://pubmed.ncbi.nlm.nih.gov/37144681/","MQTL_all traitsV3.0_final",FALSE
"M01672","MQTL3A.5","3A","Quality traits","Grain protein content,flour protein content","Quality traits","95.6",95.6,95.6,"cM","all values < 1000 -> cM",NA,"https://pubmed.ncbi.nlm.nih.gov/37144681/","MQTL_all traitsV3.0_final",FALSE
"M01673","MQTL3B.1","3B","Quality traits","Grain protein content,test weight, protein content","Quality traits","208.4",208.4,208.4,"cM","all values < 1000 -> cM",NA,"https://pubmed.ncbi.nlm.nih.gov/37144681/","MQTL_all traitsV3.0_final",FALSE
"M01674","MQTL3B.2","3B","Quality traits","Grain protein content","Quality traits","214.62",214.62,214.62,"cM","all values < 1000 -> cM",NA,"https://pubmed.ncbi.nlm.nih.gov/37144681/","MQTL_all traitsV3.0_final",FALSE
"M01675","MQTL3B.3","3B","Quality traits","test weight, protein content","Quality traits","302.76",302.76,302.76,"cM","all values < 1000 -> cM",NA,"https://pubmed.ncbi.nlm.nih.gov/37144681/","MQTL_all traitsV3.0_final",FALSE
"M01676","MQTL3D.1","3D","Quality traits","flour protein content ,test weight","Quality traits","146.17",146.17,146.17,"cM","all values < 1000 -> cM",NA,"https://pubmed.ncbi.nlm.nih.gov/37144681/","MQTL_all traitsV3.0_final",FALSE
"M01677","MQTL4A.1","4A","Quality traits","Grain protein content,test weight","Quality traits","37.83",37.83,37.83,"cM","all values < 1000 -> cM",NA,"https://pubmed.ncbi.nlm.nih.gov/37144681/","MQTL_all traitsV3.0_final",FALSE
"M01678","MQTL4A.2","4A","Quality traits","Grain protein content,test weight","Quality traits","39.05",39.05,39.05,"cM","all values < 1000 -> cM",NA,"https://pubmed.ncbi.nlm.nih.gov/37144681/","MQTL_all traitsV3.0_final",FALSE
"M01679","MQTL4A.3","4A","Quality traits","Grain protein content","Quality traits","43.15",43.15,43.15,"cM","all values < 1000 -> cM",NA,"https://pubmed.ncbi.nlm.nih.gov/37144681/","MQTL_all traitsV3.0_final",FALSE
"M01680","MQTL4A.4","4A","Quality traits","Grain protein content","Quality traits","63.02",63.02,63.02,"cM","all values < 1000 -> cM",NA,"https://pubmed.ncbi.nlm.nih.gov/37144681/","MQTL_all traitsV3.0_final",FALSE
"M01681","MQTL4A.5","4A","Quality traits","Grain protein content","Quality traits","76.88",76.88,76.88,"cM","all values < 1000 -> cM",NA,"https://pubmed.ncbi.nlm.nih.gov/37144681/","MQTL_all traitsV3.0_final",FALSE
"M01682","MQTL4A.6","4A","Quality traits","Grain protein content,test weight","Quality traits","100.13",100.13,100.13,"cM","all values < 1000 -> cM",NA,"https://pubmed.ncbi.nlm.nih.gov/37144681/","MQTL_all traitsV3.0_final",FALSE
"M01683","MQTL4B.1","4B","Quality traits","Grain protein content,test weight, wet gluten content","Quality traits","119.62",119.62,119.62,"cM","all values < 1000 -> cM",NA,"https://pubmed.ncbi.nlm.nih.gov/37144681/","MQTL_all traitsV3.0_final",FALSE
"M01684","MQTL4B.2","4B","Quality traits","Grain protein content,test weight","Quality traits","126.9",126.9,126.9,"cM","all values < 1000 -> cM",NA,"https://pubmed.ncbi.nlm.nih.gov/37144681/","MQTL_all traitsV3.0_final",FALSE
"M01685","MQTL5A.1","5A","Quality traits","Grain protein content,test weight","Quality traits","71.77",71.77,71.77,"cM","all values < 1000 -> cM",NA,"https://pubmed.ncbi.nlm.nih.gov/37144681/","MQTL_all traitsV3.0_final",FALSE
"M01686","MQTL5A.2","5A","Quality traits","Grain protein content","Quality traits","81.13",81.13,81.13,"cM","all values < 1000 -> cM",NA,"https://pubmed.ncbi.nlm.nih.gov/37144681/","MQTL_all traitsV3.0_final",FALSE
"M01687","MQTL5B.1","5B","Quality traits","Grain protein content","Quality traits","151.9",151.9,151.9,"cM","all values < 1000 -> cM",NA,"https://pubmed.ncbi.nlm.nih.gov/37144681/","MQTL_all traitsV3.0_final",FALSE
"M01688","MQTL5B.2","5B","Quality traits","Grain protein content,test weight, wet gluten content","Quality traits","162.31",162.31,162.31,"cM","all values < 1000 -> cM",NA,"https://pubmed.ncbi.nlm.nih.gov/37144681/","MQTL_all traitsV3.0_final",FALSE
"M01689","MQTL5B.3","5B","Quality traits","Grain protein content,test weight, wet gluten content","Quality traits","169.27",169.27,169.27,"cM","all values < 1000 -> cM",NA,"https://pubmed.ncbi.nlm.nih.gov/37144681/","MQTL_all traitsV3.0_final",FALSE
"M01690","MQTL5B.4","5B","Quality traits","Grain protein content,test weight, wet gluten content","Quality traits","169.27",169.27,169.27,"cM","all values < 1000 -> cM",NA,"https://pubmed.ncbi.nlm.nih.gov/37144681/","MQTL_all traitsV3.0_final",FALSE
"M01691","MQTL5B.5","5B","Quality traits","Grain protein content,test weight, wet gluten content","Quality traits","173.52",173.52,173.52,"cM","all values < 1000 -> cM",NA,"https://pubmed.ncbi.nlm.nih.gov/37144681/","MQTL_all traitsV3.0_final",FALSE
"M01692","MQTL5B.6","5B","Quality traits","Grain protein content,Protein conten","Quality traits","193.95",193.95,193.95,"cM","all values < 1000 -> cM",NA,"https://pubmed.ncbi.nlm.nih.gov/37144681/","MQTL_all traitsV3.0_final",FALSE
"M01693","MQTL5B.7","5B","Quality traits","Grain protein content,Protein content,wet gluten content","Quality traits","205.39",205.39,205.39,"cM","all values < 1000 -> cM",NA,"https://pubmed.ncbi.nlm.nih.gov/37144681/","MQTL_all traitsV3.0_final",FALSE
"M01694","MQTL5D.1","5D","Quality traits","Grain protein content,wet gluten content","Quality traits","87.67",87.67,87.67,"cM","all values < 1000 -> cM",NA,"https://pubmed.ncbi.nlm.nih.gov/37144681/","MQTL_all traitsV3.0_final",FALSE
"M01695","MQTL5D.2","5D","Quality traits","Grain protein content","Quality traits","164.1",164.1,164.1,"cM","all values < 1000 -> cM",NA,"https://pubmed.ncbi.nlm.nih.gov/37144681/","MQTL_all traitsV3.0_final",FALSE
"M01696","MQTL6A.1","6A","Quality traits","Grain protein content","Quality traits","178.99",178.99,178.99,"cM","all values < 1000 -> cM",NA,"https://pubmed.ncbi.nlm.nih.gov/37144681/","MQTL_all traitsV3.0_final",FALSE
"M01697","MQTL6A.2","6A","Quality traits","Grain protein content,wet gluten content","Quality traits","236.4",236.4,236.4,"cM","all values < 1000 -> cM",NA,"https://pubmed.ncbi.nlm.nih.gov/37144681/","MQTL_all traitsV3.0_final",FALSE
"M01716","MQTL1A.1","1A","Nitrogen use efficiency","root system architecture","N-use efficiency","13.65-14.31",13.65,14.31,"cM","all values < 1000 -> cM",NA,"https://doi.org/10.1007/s12298-021-01085-0","MQTL_all traitsV3.0_final",FALSE
"M01717","MQTL1A.2","1A","Nitrogen use efficiency","root system architecture","N-use efficiency","18.855-19.505",18.855,19.505,"cM","all values < 1000 -> cM",NA,"https://doi.org/10.1007/s12298-021-01085-0","MQTL_all traitsV3.0_final",FALSE
"M01718","MQTL1A.3","1A","Nitrogen use efficiency","root system architecture","N-use efficiency","24.615-24.745",24.615,24.745,"cM","all values < 1000 -> cM",NA,"https://doi.org/10.1007/s12298-021-01085-0","MQTL_all traitsV3.0_final",FALSE
"M01719","MQTL1A.4","1A","Nitrogen use efficiency","root system architecture","N-use efficiency","35.45-36.41",35.45,36.41,"cM","all values < 1000 -> cM",NA,"https://doi.org/10.1007/s12298-021-01085-0","MQTL_all traitsV3.0_final",FALSE
"M01720","MQTL1A.5","1A","Nitrogen use efficiency","root system architecture","N-use efficiency","42.415-43.085",42.415,43.085,"cM","all values < 1000 -> cM",NA,"https://doi.org/10.1007/s12298-021-01085-0","MQTL_all traitsV3.0_final",FALSE
"M01721","MQTL1A.6","1A","Nitrogen use efficiency","root system architecture","N-use efficiency","54.275-55.925",54.275,55.925,"cM","all values < 1000 -> cM",NA,"https://doi.org/10.1007/s12298-021-01085-0","MQTL_all traitsV3.0_final",FALSE
"M01722","MQTL1B.1","1B","Nitrogen use efficiency","root system architecture","N-use efficiency","10.16-11.14",10.16,11.14,"cM","all values < 1000 -> cM",NA,"https://doi.org/10.1007/s12298-021-01085-0","MQTL_all traitsV3.0_final",FALSE
"M01723","MQTL1B.2","1B","Nitrogen use efficiency","root system architecture","N-use efficiency","28.545-29.515",28.545,29.515,"cM","all values < 1000 -> cM",NA,"https://doi.org/10.1007/s12298-021-01085-0","MQTL_all traitsV3.0_final",FALSE
"M01724","MQTL1B.3","1B","Nitrogen use efficiency","root system architecture","N-use efficiency","45.815-46.205",45.815,46.205,"cM","all values < 1000 -> cM",NA,"https://doi.org/10.1007/s12298-021-01085-0","MQTL_all traitsV3.0_final",FALSE
"M01725","MQTL1B.4","1B","Nitrogen use efficiency","root system architecture","N-use efficiency","49.22-50.32",49.22,50.32,"cM","all values < 1000 -> cM",NA,"https://doi.org/10.1007/s12298-021-01085-0","MQTL_all traitsV3.0_final",FALSE
"M01726","MQTL1B.5","1B","Nitrogen use efficiency","root system architecture","N-use efficiency","51.995-52.565",51.995,52.565,"cM","all values < 1000 -> cM",NA,"https://doi.org/10.1007/s12298-021-01085-0","MQTL_all traitsV3.0_final",FALSE
"M01727","MQTL1B.6","1B","Nitrogen use efficiency","root system architecture","N-use efficiency","54.225-55.035",54.225,55.035,"cM","all values < 1000 -> cM",NA,"https://doi.org/10.1007/s12298-021-01085-0","MQTL_all traitsV3.0_final",FALSE
"M01728","MQTL1B.7","1B","Nitrogen use efficiency","root system architecture","N-use efficiency","59.99-60.35",59.99,60.35,"cM","all values < 1000 -> cM",NA,"https://doi.org/10.1007/s12298-021-01085-0","MQTL_all traitsV3.0_final",FALSE
"M01729","MQTL1B.8","1B","Nitrogen use efficiency","root system architecture","N-use efficiency","73.955-74.045",73.955,74.045,"cM","all values < 1000 -> cM",NA,"https://doi.org/10.1007/s12298-021-01085-0","MQTL_all traitsV3.0_final",FALSE
"M01730","MQTL1D.1","1D","Nitrogen use efficiency","root system architecture","N-use efficiency","8.365-16.695",8.365,16.695,"cM","all values < 1000 -> cM",NA,"https://doi.org/10.1007/s12298-021-01085-0","MQTL_all traitsV3.0_final",FALSE
"M01731","MQTL1D.2","1D","Nitrogen use efficiency","root system architecture","N-use efficiency","43.435-51.545",43.435,51.545,"cM","all values < 1000 -> cM",NA,"https://doi.org/10.1007/s12298-021-01085-0","MQTL_all traitsV3.0_final",FALSE
"M01732","MQTL1D.3","1D","Nitrogen use efficiency","root system architecture","N-use efficiency","59.725-67.875",59.725,67.875,"cM","all values < 1000 -> cM",NA,"https://doi.org/10.1007/s12298-021-01085-0","MQTL_all traitsV3.0_final",FALSE
"M01733","MQTL1D.4","1D","Nitrogen use efficiency","root system architecture","N-use efficiency","71.735-76.045",71.735,76.045,"cM","all values < 1000 -> cM",NA,"https://doi.org/10.1007/s12298-021-01085-0","MQTL_all traitsV3.0_final",FALSE
"M01734","MQTL2A.1","2A","Nitrogen use efficiency","root system architecture","N-use efficiency","34.98-36.04",34.98,36.04,"cM","all values < 1000 -> cM",NA,"https://doi.org/10.1007/s12298-021-01085-0","MQTL_all traitsV3.0_final",FALSE
"M01735","MQTL2A.2","2A","Nitrogen use efficiency","root system architecture","N-use efficiency","42.585-43.255",42.585,43.255,"cM","all values < 1000 -> cM",NA,"https://doi.org/10.1007/s12298-021-01085-0","MQTL_all traitsV3.0_final",FALSE
"M01736","MQTL2A.3","2A","Nitrogen use efficiency","root system architecture","N-use efficiency","46.575-47.925",46.575,47.925,"cM","all values < 1000 -> cM",NA,"https://doi.org/10.1007/s12298-021-01085-0","MQTL_all traitsV3.0_final",FALSE
"M01737","MQTL2A.4","2A","Nitrogen use efficiency","root system architecture","N-use efficiency","52.45-52.49",52.45,52.49,"cM","all values < 1000 -> cM",NA,"https://doi.org/10.1007/s12298-021-01085-0","MQTL_all traitsV3.0_final",FALSE
"M01738","MQTL2A.5","2A","Nitrogen use efficiency","root system architecture","N-use efficiency","80.33-80.61",80.33,80.61,"cM","all values < 1000 -> cM",NA,"https://doi.org/10.1007/s12298-021-01085-0","MQTL_all traitsV3.0_final",FALSE
"M01739","MQTL2B.1","2B","Nitrogen use efficiency","root system architecture","N-use efficiency","3.745-4.115",3.745,4.115,"cM","all values < 1000 -> cM",NA,"https://doi.org/10.1007/s12298-021-01085-0","MQTL_all traitsV3.0_final",FALSE
"M01740","MQTL2B.2","2B","Nitrogen use efficiency","root system architecture","N-use efficiency","14.585-15.895",14.585,15.895,"cM","all values < 1000 -> cM",NA,"https://doi.org/10.1007/s12298-021-01085-0","MQTL_all traitsV3.0_final",FALSE
"M01741","MQTL2B.3","2B","Nitrogen use efficiency","root system architecture","N-use efficiency","33.27-34.43",33.27,34.43,"cM","all values < 1000 -> cM",NA,"https://doi.org/10.1007/s12298-021-01085-0","MQTL_all traitsV3.0_final",FALSE
"M01742","MQTL2B.4","2B","Nitrogen use efficiency","root system architecture","N-use efficiency","43.545-44.795",43.545,44.795,"cM","all values < 1000 -> cM",NA,"https://doi.org/10.1007/s12298-021-01085-0","MQTL_all traitsV3.0_final",FALSE
"M01743","MQTL2B.5","2B","Nitrogen use efficiency","root system architecture","N-use efficiency","47.81-49.87",47.81,49.87,"cM","all values < 1000 -> cM",NA,"https://doi.org/10.1007/s12298-021-01085-0","MQTL_all traitsV3.0_final",FALSE
"M01744","MQTL2B.6","2B","Nitrogen use efficiency","root system architecture","N-use efficiency","59.885-60.535",59.885,60.535,"cM","all values < 1000 -> cM",NA,"https://doi.org/10.1007/s12298-021-01085-0","MQTL_all traitsV3.0_final",FALSE
"M01745","MQTL2B.7","2B","Nitrogen use efficiency","root system architecture","N-use efficiency","78.145-78.935",78.145,78.935,"cM","all values < 1000 -> cM",NA,"https://doi.org/10.1007/s12298-021-01085-0","MQTL_all traitsV3.0_final",FALSE
"M01746","MQTL2B.8","2B","Nitrogen use efficiency","root system architecture","N-use efficiency","80.73-81.29",80.73,81.29,"cM","all values < 1000 -> cM",NA,"https://doi.org/10.1007/s12298-021-01085-0","MQTL_all traitsV3.0_final",FALSE
"M01747","MQTL2B.9","2B","Nitrogen use efficiency","root system architecture","N-use efficiency","97.06-97.06",97.06,97.06,"cM","all values < 1000 -> cM",NA,"https://doi.org/10.1007/s12298-021-01085-0","MQTL_all traitsV3.0_final",FALSE
"M01748","MQTL2D.1","2D","Nitrogen use efficiency","root system architecture","N-use efficiency","52.46-53.42",52.46,53.42,"cM","all values < 1000 -> cM",NA,"https://doi.org/10.1007/s12298-021-01085-0","MQTL_all traitsV3.0_final",FALSE
"M01749","MQTL2D.2","2D","Nitrogen use efficiency","root system architecture","N-use efficiency","67.665-68.035",67.665,68.035,"cM","all values < 1000 -> cM",NA,"https://doi.org/10.1007/s12298-021-01085-0","MQTL_all traitsV3.0_final",FALSE
"M01750","MQTL2D.3","2D","Nitrogen use efficiency","root system architecture","N-use efficiency","75.08-76.88",75.08,76.88,"cM","all values < 1000 -> cM",NA,"https://doi.org/10.1007/s12298-021-01085-0","MQTL_all traitsV3.0_final",FALSE
"M01751","MQTL2D.4","2D","Nitrogen use efficiency","root system architecture","N-use efficiency","82.175-82.745",82.175,82.745,"cM","all values < 1000 -> cM",NA,"https://doi.org/10.1007/s12298-021-01085-0","MQTL_all traitsV3.0_final",FALSE
"M01752","MQTL2D.5","2D","Nitrogen use efficiency","root system architecture","N-use efficiency","91.835-92.525",91.835,92.525,"cM","all values < 1000 -> cM",NA,"https://doi.org/10.1007/s12298-021-01085-0","MQTL_all traitsV3.0_final",FALSE
"M01753","MQTL2D.6","2D","Nitrogen use efficiency","root system architecture","N-use efficiency","98.47-101.75",98.47,101.75,"cM","all values < 1000 -> cM",NA,"https://doi.org/10.1007/s12298-021-01085-0","MQTL_all traitsV3.0_final",FALSE
"M01754","MQTL3A.1","3A","Nitrogen use efficiency","root system architecture","N-use efficiency","23.4-24.98",23.4,24.98,"cM","all values < 1000 -> cM",NA,"https://doi.org/10.1007/s12298-021-01085-0","MQTL_all traitsV3.0_final",FALSE
"M01755","MQTL3A.2","3A","Nitrogen use efficiency","root system architecture","N-use efficiency","47.485-49.435",47.485,49.435,"cM","all values < 1000 -> cM",NA,"https://doi.org/10.1007/s12298-021-01085-0","MQTL_all traitsV3.0_final",FALSE
"M01756","MQTL3A.3","3A","Nitrogen use efficiency","root system architecture","N-use efficiency","70.285-71.915",70.285,71.915,"cM","all values < 1000 -> cM",NA,"https://doi.org/10.1007/s12298-021-01085-0","MQTL_all traitsV3.0_final",FALSE
"M01757","MQTL3A.4","3A","Nitrogen use efficiency","root system architecture","N-use efficiency","118.48-120.56",118.48,120.56,"cM","all values < 1000 -> cM",NA,"https://doi.org/10.1007/s12298-021-01085-0","MQTL_all traitsV3.0_final",FALSE
"M01758","MQTL3A.5","3A","Nitrogen use efficiency","root system architecture","N-use efficiency","197.56-198.26",197.56,198.26,"cM","all values < 1000 -> cM",NA,"https://doi.org/10.1007/s12298-021-01085-0","MQTL_all traitsV3.0_final",FALSE
"M01759","MQTL3B.1","3B","Nitrogen use efficiency","root system architecture","N-use efficiency","22.115-22.685",22.115,22.685,"cM","all values < 1000 -> cM",NA,"https://doi.org/10.1007/s12298-021-01085-0","MQTL_all traitsV3.0_final",FALSE
"M01760","MQTL3B.2","3B","Nitrogen use efficiency","root system architecture","N-use efficiency","31.64-32.24",31.64,32.24,"cM","all values < 1000 -> cM",NA,"https://doi.org/10.1007/s12298-021-01085-0","MQTL_all traitsV3.0_final",FALSE
"M01761","MQTL3B.3","3B","Nitrogen use efficiency","root system architecture","N-use efficiency","39.455-40.965",39.455,40.965,"cM","all values < 1000 -> cM",NA,"https://doi.org/10.1007/s12298-021-01085-0","MQTL_all traitsV3.0_final",FALSE
"M01762","MQTL3B.4","3B","Nitrogen use efficiency","root system architecture","N-use efficiency","53.94-54.6",53.94,54.6,"cM","all values < 1000 -> cM",NA,"https://doi.org/10.1007/s12298-021-01085-0","MQTL_all traitsV3.0_final",FALSE
"M01763","MQTL3B.5","3B","Nitrogen use efficiency","root system architecture","N-use efficiency","61.395-62.205",61.395,62.205,"cM","all values < 1000 -> cM",NA,"https://doi.org/10.1007/s12298-021-01085-0","MQTL_all traitsV3.0_final",FALSE
"M01764","MQTL3B.6","3B","Nitrogen use efficiency","root system architecture","N-use efficiency","73.21-74.09",73.21,74.09,"cM","all values < 1000 -> cM",NA,"https://doi.org/10.1007/s12298-021-01085-0","MQTL_all traitsV3.0_final",FALSE
"M01765","MQTL3B.7","3B","Nitrogen use efficiency","root system architecture","N-use efficiency","77.535-78.485",77.535,78.485,"cM","all values < 1000 -> cM",NA,"https://doi.org/10.1007/s12298-021-01085-0","MQTL_all traitsV3.0_final",FALSE
"M01766","MQTL3B.8","3B","Nitrogen use efficiency","root system architecture","N-use efficiency","104.855-105.185",104.855,105.185,"cM","all values < 1000 -> cM",NA,"https://doi.org/10.1007/s12298-021-01085-0","MQTL_all traitsV3.0_final",FALSE
"M01767","MQTL3D.1","3D","Nitrogen use efficiency","root system architecture","N-use efficiency","15.87-17.19",15.87,17.19,"cM","all values < 1000 -> cM",NA,"https://doi.org/10.1007/s12298-021-01085-0","MQTL_all traitsV3.0_final",FALSE
"M01768","MQTL3D.2","3D","Nitrogen use efficiency","root system architecture","N-use efficiency","30.43-31.83",30.43,31.83,"cM","all values < 1000 -> cM",NA,"https://doi.org/10.1007/s12298-021-01085-0","MQTL_all traitsV3.0_final",FALSE
"M01769","MQTL3D.3","3D","Nitrogen use efficiency","root system architecture","N-use efficiency","40.725-40.915",40.725,40.915,"cM","all values < 1000 -> cM",NA,"https://doi.org/10.1007/s12298-021-01085-0","MQTL_all traitsV3.0_final",FALSE
"M01770","MQTL3D.4","3D","Nitrogen use efficiency","root system architecture","N-use efficiency","51.86-59.78",51.86,59.78,"cM","all values < 1000 -> cM",NA,"https://doi.org/10.1007/s12298-021-01085-0","MQTL_all traitsV3.0_final",FALSE
"M01771","MQTL3D.5","3D","Nitrogen use efficiency","root system architecture","N-use efficiency","69.11-70.41",69.11,70.41,"cM","all values < 1000 -> cM",NA,"https://doi.org/10.1007/s12298-021-01085-0","MQTL_all traitsV3.0_final",FALSE
"M01772","MQTL4A.1","4A","Nitrogen use efficiency","root system architecture","N-use efficiency","18.685-19.615",18.685,19.615,"cM","all values < 1000 -> cM",NA,"https://doi.org/10.1007/s12298-021-01085-0","MQTL_all traitsV3.0_final",FALSE
"M01773","MQTL4A.2","4A","Nitrogen use efficiency","root system architecture","N-use efficiency","33.64-33.88",33.64,33.88,"cM","all values < 1000 -> cM",NA,"https://doi.org/10.1007/s12298-021-01085-0","MQTL_all traitsV3.0_final",FALSE
"M01774","MQTL4A.3","4A","Nitrogen use efficiency","root system architecture","N-use efficiency","45.945-46.595",45.945,46.595,"cM","all values < 1000 -> cM",NA,"https://doi.org/10.1007/s12298-021-01085-0","MQTL_all traitsV3.0_final",FALSE
"M01775","MQTL4A.4","4A","Nitrogen use efficiency","root system architecture","N-use efficiency","56.585-57.495",56.585,57.495,"cM","all values < 1000 -> cM",NA,"https://doi.org/10.1007/s12298-021-01085-0","MQTL_all traitsV3.0_final",FALSE
"M01776","MQTL4A.5","4A","Nitrogen use efficiency","root system architecture","N-use efficiency","66.485-66.515",66.485,66.515,"cM","all values < 1000 -> cM",NA,"https://doi.org/10.1007/s12298-021-01085-0","MQTL_all traitsV3.0_final",FALSE
"M01777","MQTL4A.6","4A","Nitrogen use efficiency","root system architecture","N-use efficiency","69.96-69.96",69.96,69.96,"cM","all values < 1000 -> cM",NA,"https://doi.org/10.1007/s12298-021-01085-0","MQTL_all traitsV3.0_final",FALSE
"M01778","MQTL4B.1","4B","Nitrogen use efficiency","root system architecture","N-use efficiency","72.515-72.825",72.515,72.825,"cM","all values < 1000 -> cM",NA,"https://doi.org/10.1007/s12298-021-01085-0","MQTL_all traitsV3.0_final",FALSE
"M01779","MQTL4B.2","4B","Nitrogen use efficiency","root system architecture","N-use efficiency","81.275-81.425",81.275,81.425,"cM","all values < 1000 -> cM",NA,"https://doi.org/10.1007/s12298-021-01085-0","MQTL_all traitsV3.0_final",FALSE
"M01780","MQTL4B.3","4B","Nitrogen use efficiency","root system architecture","N-use efficiency","84.625-85.075",84.625,85.075,"cM","all values < 1000 -> cM",NA,"https://doi.org/10.1007/s12298-021-01085-0","MQTL_all traitsV3.0_final",FALSE
"M01781","MQTL4B.4","4B","Nitrogen use efficiency","root system architecture","N-use efficiency","87.18-87.18",87.18,87.18,"cM","all values < 1000 -> cM",NA,"https://doi.org/10.1007/s12298-021-01085-0","MQTL_all traitsV3.0_final",FALSE
"M01782","MQTL4D.1","4D","Nitrogen use efficiency","root system architecture","N-use efficiency","37.4-39.08",37.4,39.08,"cM","all values < 1000 -> cM",NA,"https://doi.org/10.1007/s12298-021-01085-0","MQTL_all traitsV3.0_final",FALSE
"M01783","MQTL4D.2","4D","Nitrogen use efficiency","root system architecture","N-use efficiency","75.76-76.18",75.76,76.18,"cM","all values < 1000 -> cM",NA,"https://doi.org/10.1007/s12298-021-01085-0","MQTL_all traitsV3.0_final",FALSE
"M01784","MQTL5A.1","5A","Nitrogen use efficiency","root system architecture","N-use efficiency","78.32-79.46",78.32,79.46,"cM","all values < 1000 -> cM",NA,"https://doi.org/10.1007/s12298-021-01085-0","MQTL_all traitsV3.0_final",FALSE
"M01785","MQTL5A.2","5A","Nitrogen use efficiency","root system architecture","N-use efficiency","85.99-85.99",85.99,85.99,"cM","all values < 1000 -> cM",NA,"https://doi.org/10.1007/s12298-021-01085-0","MQTL_all traitsV3.0_final",FALSE
"M01786","MQTL5B.1","5B","Nitrogen use efficiency","root system architecture","N-use efficiency","24.89-25.97",24.89,25.97,"cM","all values < 1000 -> cM",NA,"https://doi.org/10.1007/s12298-021-01085-0","MQTL_all traitsV3.0_final",FALSE
"M01787","MQTL5B.2","5B","Nitrogen use efficiency","root system architecture","N-use efficiency","32.91-33.25",32.91,33.25,"cM","all values < 1000 -> cM",NA,"https://doi.org/10.1007/s12298-021-01085-0","MQTL_all traitsV3.0_final",FALSE
"M01788","MQTL5B.3","5B","Nitrogen use efficiency","root system architecture","N-use efficiency","51.81-52.45",51.81,52.45,"cM","all values < 1000 -> cM",NA,"https://doi.org/10.1007/s12298-021-01085-0","MQTL_all traitsV3.0_final",FALSE
"M01789","MQTL5B.4","5B","Nitrogen use efficiency","root system architecture","N-use efficiency","55.64-56.06",55.64,56.06,"cM","all values < 1000 -> cM",NA,"https://doi.org/10.1007/s12298-021-01085-0","MQTL_all traitsV3.0_final",FALSE
"M01790","MQTL5B.5","5B","Nitrogen use efficiency","root system architecture","N-use efficiency","63.33-64.53",63.33,64.53,"cM","all values < 1000 -> cM",NA,"https://doi.org/10.1007/s12298-021-01085-0","MQTL_all traitsV3.0_final",FALSE
"M01791","MQTL5B.6","5B","Nitrogen use efficiency","root system architecture","N-use efficiency","73.225-73.555",73.225,73.555,"cM","all values < 1000 -> cM",NA,"https://doi.org/10.1007/s12298-021-01085-0","MQTL_all traitsV3.0_final",FALSE
"M01792","MQTL5B.7","5B","Nitrogen use efficiency","root system architecture","N-use efficiency","96.755-96.845",96.755,96.845,"cM","all values < 1000 -> cM",NA,"https://doi.org/10.1007/s12298-021-01085-0","MQTL_all traitsV3.0_final",FALSE
"M01793","MQTL5D.1","5D","Nitrogen use efficiency","root system architecture","N-use efficiency","11.435-11.985",11.435,11.985,"cM","all values < 1000 -> cM",NA,"https://doi.org/10.1007/s12298-021-01085-0","MQTL_all traitsV3.0_final",FALSE
"M01794","MQTL5D.2","5D","Nitrogen use efficiency","root system architecture","N-use efficiency","21.75-22.25",21.75,22.25,"cM","all values < 1000 -> cM",NA,"https://doi.org/10.1007/s12298-021-01085-0","MQTL_all traitsV3.0_final",FALSE
"M01795","MQTL5D.3","5D","Nitrogen use efficiency","root system architecture","N-use efficiency","26.34-27.22",26.34,27.22,"cM","all values < 1000 -> cM",NA,"https://doi.org/10.1007/s12298-021-01085-0","MQTL_all traitsV3.0_final",FALSE
"M01796","MQTL5D.4","5D","Nitrogen use efficiency","root system architecture","N-use efficiency","31.795-32.365",31.795,32.365,"cM","all values < 1000 -> cM",NA,"https://doi.org/10.1007/s12298-021-01085-0","MQTL_all traitsV3.0_final",FALSE
"M01797","MQTL5D.5","5D","Nitrogen use efficiency","root system architecture","N-use efficiency","46.165-46.395",46.165,46.395,"cM","all values < 1000 -> cM",NA,"https://doi.org/10.1007/s12298-021-01085-0","MQTL_all traitsV3.0_final",FALSE
"M01798","MQTL5D.6","5D","Nitrogen use efficiency","root system architecture","N-use efficiency","62.375-62.405",62.375,62.405,"cM","all values < 1000 -> cM",NA,"https://doi.org/10.1007/s12298-021-01085-0","MQTL_all traitsV3.0_final",FALSE
"M01799","MQTL6A.1","6A","Nitrogen use efficiency","root system architecture","N-use efficiency","45.825-48.815",45.825,48.815,"cM","all values < 1000 -> cM",NA,"https://doi.org/10.1007/s12298-021-01085-0","MQTL_all traitsV3.0_final",FALSE
"M01800","MQTL6A.2","6A","Nitrogen use efficiency","root system architecture","N-use efficiency","59.365-61.375",59.365,61.375,"cM","all values < 1000 -> cM",NA,"https://doi.org/10.1007/s12298-021-01085-0","MQTL_all traitsV3.0_final",FALSE
"M01801","MQTL6B.1","6B","Nitrogen use efficiency","root system architecture","N-use efficiency","3.89-6.01",3.89,6.01,"cM","all values < 1000 -> cM",NA,"https://doi.org/10.1007/s12298-021-01085-0","MQTL_all traitsV3.0_final",FALSE
"M01802","MQTL6B.2","6B","Nitrogen use efficiency","root system architecture","N-use efficiency","6.78-8.86",6.78,8.86,"cM","all values < 1000 -> cM",NA,"https://doi.org/10.1007/s12298-021-01085-0","MQTL_all traitsV3.0_final",FALSE
"M01803","MQTL6B.3","6B","Nitrogen use efficiency","root system architecture","N-use efficiency","21.285-23.415",21.285,23.415,"cM","all values < 1000 -> cM",NA,"https://doi.org/10.1007/s12298-021-01085-0","MQTL_all traitsV3.0_final",FALSE
"M01804","MQTL6B.4","6B","Nitrogen use efficiency","root system architecture","N-use efficiency","29.79-32.01",29.79,32.01,"cM","all values < 1000 -> cM",NA,"https://doi.org/10.1007/s12298-021-01085-0","MQTL_all traitsV3.0_final",FALSE
"M01805","MQTL6B.5","6B","Nitrogen use efficiency","root system architecture","N-use efficiency","40.725-41.915",40.725,41.915,"cM","all values < 1000 -> cM",NA,"https://doi.org/10.1007/s12298-021-01085-0","MQTL_all traitsV3.0_final",FALSE
"M01806","MQTL6B.6","6B","Nitrogen use efficiency","root system architecture","N-use efficiency","46.815-46.985",46.815,46.985,"cM","all values < 1000 -> cM",NA,"https://doi.org/10.1007/s12298-021-01085-0","MQTL_all traitsV3.0_final",FALSE
"M01807","MQTL6D.1","6D","Nitrogen use efficiency","root system architecture","N-use efficiency","-0.98",0.98,0.98,"cM","all values < 1000 -> cM",NA,"https://doi.org/10.1007/s12298-021-01085-0","MQTL_all traitsV3.0_final",FALSE
"M01808","MQTL6D.2","6D","Nitrogen use efficiency","root system architecture","N-use efficiency","10.375-11.885",10.375,11.885,"cM","all values < 1000 -> cM",NA,"https://doi.org/10.1007/s12298-021-01085-0","MQTL_all traitsV3.0_final",FALSE
"M01809","MQTL6D.3","6D","Nitrogen use efficiency","root system architecture","N-use efficiency","33.685-38.135",33.685,38.135,"cM","all values < 1000 -> cM",NA,"https://doi.org/10.1007/s12298-021-01085-0","MQTL_all traitsV3.0_final",FALSE
"M01810","MQTL6D.4","6D","Nitrogen use efficiency","root system architecture","N-use efficiency","50.405-53.035",50.405,53.035,"cM","all values < 1000 -> cM",NA,"https://doi.org/10.1007/s12298-021-01085-0","MQTL_all traitsV3.0_final",FALSE
"M01811","MQTL6D.5","6D","Nitrogen use efficiency","root system architecture","N-use efficiency","58.135-59.505",58.135,59.505,"cM","all values < 1000 -> cM",NA,"https://doi.org/10.1007/s12298-021-01085-0","MQTL_all traitsV3.0_final",FALSE
"M01812","MQTL6D.6","6D","Nitrogen use efficiency","root system architecture","N-use efficiency","63.685-64.255",63.685,64.255,"cM","all values < 1000 -> cM",NA,"https://doi.org/10.1007/s12298-021-01085-0","MQTL_all traitsV3.0_final",FALSE
"M01813","MQTL6D.7","6D","Nitrogen use efficiency","root system architecture","N-use efficiency","76.175-76.385",76.175,76.385,"cM","all values < 1000 -> cM",NA,"https://doi.org/10.1007/s12298-021-01085-0","MQTL_all traitsV3.0_final",FALSE
"M01814","MQTL7A.1","7A","Nitrogen use efficiency","root system architecture","N-use efficiency","12.44-13.56",12.44,13.56,"cM","all values < 1000 -> cM",NA,"https://doi.org/10.1007/s12298-021-01085-0","MQTL_all traitsV3.0_final",FALSE
"M01815","MQTL7A.2","7A","Nitrogen use efficiency","root system architecture","N-use efficiency","21.595-22.985",21.595,22.985,"cM","all values < 1000 -> cM",NA,"https://doi.org/10.1007/s12298-021-01085-0","MQTL_all traitsV3.0_final",FALSE
"M01816","MQTL7A.3","7A","Nitrogen use efficiency","root system architecture","N-use efficiency","30.405-31.155",30.405,31.155,"cM","all values < 1000 -> cM",NA,"https://doi.org/10.1007/s12298-021-01085-0","MQTL_all traitsV3.0_final",FALSE
"M01817","MQTL7A.4","7A","Nitrogen use efficiency","root system architecture","N-use efficiency","40.725-42.255",40.725,42.255,"cM","all values < 1000 -> cM",NA,"https://doi.org/10.1007/s12298-021-01085-0","MQTL_all traitsV3.0_final",FALSE
"M01818","MQTL7A.5","7A","Nitrogen use efficiency","root system architecture","N-use efficiency","45.495-46.325",45.495,46.325,"cM","all values < 1000 -> cM",NA,"https://doi.org/10.1007/s12298-021-01085-0","MQTL_all traitsV3.0_final",FALSE
"M01819","MQTL7A.6","7A","Nitrogen use efficiency","root system architecture","N-use efficiency","57.12-58.82",57.12,58.82,"cM","all values < 1000 -> cM",NA,"https://doi.org/10.1007/s12298-021-01085-0","MQTL_all traitsV3.0_final",FALSE
"M01820","MQTL7A.7","7A","Nitrogen use efficiency","root system architecture","N-use efficiency","63.745-64.275",63.745,64.275,"cM","all values < 1000 -> cM",NA,"https://doi.org/10.1007/s12298-021-01085-0","MQTL_all traitsV3.0_final",FALSE
"M01821","MQTL7A.8","7A","Nitrogen use efficiency","root system architecture","N-use efficiency","66.05-67.41",66.05,67.41,"cM","all values < 1000 -> cM",NA,"https://doi.org/10.1007/s12298-021-01085-0","MQTL_all traitsV3.0_final",FALSE
"M01822","MQTL7A.9","7A","Nitrogen use efficiency","root system architecture","N-use efficiency","74.795-75.305",74.795,75.305,"cM","all values < 1000 -> cM",NA,"https://doi.org/10.1007/s12298-021-01085-0","MQTL_all traitsV3.0_final",FALSE
"M01823","MQTL7A.10","7A","Nitrogen use efficiency","root system architecture","N-use efficiency","91.79-91.95",91.79,91.95,"cM","all values < 1000 -> cM",NA,"https://doi.org/10.1007/s12298-021-01085-0","MQTL_all traitsV3.0_final",FALSE
"M01824","MQTL7B.1","7B","Nitrogen use efficiency","root system architecture","N-use efficiency","58.395-58.865",58.395,58.865,"cM","all values < 1000 -> cM",NA,"https://doi.org/10.1007/s12298-021-01085-0","MQTL_all traitsV3.0_final",FALSE
"M01825","MQTL7B.2","7B","Nitrogen use efficiency","root system architecture","N-use efficiency","69.775-71.145",69.775,71.145,"cM","all values < 1000 -> cM",NA,"https://doi.org/10.1007/s12298-021-01085-0","MQTL_all traitsV3.0_final",FALSE
"M01826","MQTL7B.3","7B","Nitrogen use efficiency","root system architecture","N-use efficiency","88.29-88.31",88.29,88.31,"cM","all values < 1000 -> cM",NA,"https://doi.org/10.1007/s12298-021-01085-0","MQTL_all traitsV3.0_final",FALSE
"M01827","MQTL7D.1","7D","Nitrogen use efficiency","root system architecture","N-use efficiency","21.675-22.085",21.675,22.085,"cM","all values < 1000 -> cM",NA,"https://doi.org/10.1007/s12298-021-01085-0","MQTL_all traitsV3.0_final",FALSE
"M01828","MQTL7D.2","7D","Nitrogen use efficiency","root system architecture","N-use efficiency","31.6-33",31.6,33,"cM","all values < 1000 -> cM",NA,"https://doi.org/10.1007/s12298-021-01085-0","MQTL_all traitsV3.0_final",FALSE
"M01829","MQTL7D.3","7D","Nitrogen use efficiency","root system architecture","N-use efficiency","47.775-48.725",47.775,48.725,"cM","all values < 1000 -> cM",NA,"https://doi.org/10.1007/s12298-021-01085-0","MQTL_all traitsV3.0_final",FALSE
"M01830","MQTL7D.4","7D","Nitrogen use efficiency","root system architecture","N-use efficiency","60.14-60.82",60.14,60.82,"cM","all values < 1000 -> cM",NA,"https://doi.org/10.1007/s12298-021-01085-0","MQTL_all traitsV3.0_final",FALSE
"M01831","MQTL7D.5","7D","Nitrogen use efficiency","root system architecture","N-use efficiency","63.555-64.505",63.555,64.505,"cM","all values < 1000 -> cM",NA,"https://doi.org/10.1007/s12298-021-01085-0","MQTL_all traitsV3.0_final",FALSE
"M01832","MQTL7D.6","7D","Nitrogen use efficiency","root system architecture","N-use efficiency","67.185-68.035",67.185,68.035,"cM","all values < 1000 -> cM",NA,"https://doi.org/10.1007/s12298-021-01085-0","MQTL_all traitsV3.0_final",FALSE
"M01833","MQTL7D.7","7D","Nitrogen use efficiency","root system architecture","N-use efficiency","96.51-96.57",96.51,96.57,"cM","all values < 1000 -> cM",NA,"https://doi.org/10.1007/s12298-021-01085-0","MQTL_all traitsV3.0_final",FALSE
"M01880","MQTL-1","1A","Potassium use efficiency","Potassium use efficiency","N-use efficiency","23",23,23,"cM","all values < 1000 -> cM",NA,"https://www.frontiersin.org/articles/10.3389/fpls.2020.00070/full","MQTL_all traitsV3.0_final",FALSE
"M01881","MQTL-2","1B","Potassium use efficiency","Potassium use efficiency","N-use efficiency","40",40,40,"cM","all values < 1000 -> cM",NA,"https://www.frontiersin.org/articles/10.3389/fpls.2020.00070/full","MQTL_all traitsV3.0_final",FALSE
"M01882","MQTL-3","1D","Potassium use efficiency","Potassium use efficiency","N-use efficiency","40",40,40,"cM","all values < 1000 -> cM",NA,"https://www.frontiersin.org/articles/10.3389/fpls.2020.00070/full","MQTL_all traitsV3.0_final",FALSE
"M01883","MQTL-4","2A","Potassium use efficiency","Potassium use efficiency","N-use efficiency","149",149,149,"cM","all values < 1000 -> cM",NA,"https://www.frontiersin.org/articles/10.3389/fpls.2020.00070/full","MQTL_all traitsV3.0_final",FALSE
"M01884","MQTL-5","3A","Potassium use efficiency","Potassium use efficiency","N-use efficiency","60",60,60,"cM","all values < 1000 -> cM",NA,"https://www.frontiersin.org/articles/10.3389/fpls.2020.00070/full","MQTL_all traitsV3.0_final",FALSE
"M01885","MQTL-6","3B","Potassium use efficiency","Potassium use efficiency","N-use efficiency","19",19,19,"cM","all values < 1000 -> cM",NA,"https://www.frontiersin.org/articles/10.3389/fpls.2020.00070/full","MQTL_all traitsV3.0_final",FALSE
"M01886","MQTL-7","3B","Potassium use efficiency","Potassium use efficiency","N-use efficiency","63",63,63,"cM","all values < 1000 -> cM",NA,"https://www.frontiersin.org/articles/10.3389/fpls.2020.00070/full","MQTL_all traitsV3.0_final",FALSE
"M01887","MQTL-8","4A","Potassium use efficiency","Potassium use efficiency","N-use efficiency","103",103,103,"cM","all values < 1000 -> cM",NA,"https://www.frontiersin.org/articles/10.3389/fpls.2020.00070/full","MQTL_all traitsV3.0_final",FALSE
"M01888","MQTL-9","4A","Potassium use efficiency","Potassium use efficiency","N-use efficiency","140",140,140,"cM","all values < 1000 -> cM",NA,"https://www.frontiersin.org/articles/10.3389/fpls.2020.00070/full","MQTL_all traitsV3.0_final",FALSE
"M01889","MQTL-10","4B","Potassium use efficiency","Potassium use efficiency","N-use efficiency","80",80,80,"cM","all values < 1000 -> cM",NA,"https://www.frontiersin.org/articles/10.3389/fpls.2020.00070/full","MQTL_all traitsV3.0_final",FALSE
"M01890","MQTL-11","5B","Potassium use efficiency","Potassium use efficiency","N-use efficiency","96",96,96,"cM","all values < 1000 -> cM",NA,"https://www.frontiersin.org/articles/10.3389/fpls.2020.00070/full","MQTL_all traitsV3.0_final",FALSE
"M01891","MQTL-12","5B","Potassium use efficiency","Potassium use efficiency","N-use efficiency","176",176,176,"cM","all values < 1000 -> cM",NA,"https://www.frontiersin.org/articles/10.3389/fpls.2020.00070/full","MQTL_all traitsV3.0_final",FALSE
"M01892","MQTL-13","6A","Potassium use efficiency","Potassium use efficiency","N-use efficiency","146",146,146,"cM","all values < 1000 -> cM",NA,"https://www.frontiersin.org/articles/10.3389/fpls.2020.00070/full","MQTL_all traitsV3.0_final",FALSE
"M01893","MQTL-14","6B","Potassium use efficiency","Potassium use efficiency","N-use efficiency","30",30,30,"cM","all values < 1000 -> cM",NA,"https://www.frontiersin.org/articles/10.3389/fpls.2020.00070/full","MQTL_all traitsV3.0_final",FALSE
"M01894","MQTL-15","7A","Potassium use efficiency","Potassium use efficiency","N-use efficiency","42",42,42,"cM","all values < 1000 -> cM",NA,"https://www.frontiersin.org/articles/10.3389/fpls.2020.00070/full","MQTL_all traitsV3.0_final",FALSE
"M01895","MQTL-16","7B","Potassium use efficiency","Potassium use efficiency","N-use efficiency","178",178,178,"cM","all values < 1000 -> cM",NA,"https://www.frontiersin.org/articles/10.3389/fpls.2020.00070/full","MQTL_all traitsV3.0_final",FALSE
"M01919","MQTL8.6 A","6A","Zink content","Grain Zn content","Biofortification","694.77/",694.77,694.77,"cM","all values < 1000 -> cM",NA,"https://pmc.ncbi.nlm.nih.gov/articles/PMC8986950/","MQTL_all traitsV3.0_final",FALSE
"M01951","MQTL3.5A","5A","Bioforitifcation","GFeC","Other","160.61/538.66",160.61,538.66,"cM","all values < 1000 -> cM","https://pubmed.ncbi.nlm.nih.gov/35465199/",NA,"MQTL_all traitsV3.0_final",FALSE
"M01952","MQTL4.5B","5B","Bioforitifcation","GFeC","Other","71.4/643.66",71.4,643.66,"cM","all values < 1000 -> cM","https://pubmed.ncbi.nlm.nih.gov/35465199/",NA,"MQTL_all traitsV3.0_final",FALSE
"M01953","MQTL5.5B","5B","Bioforitifcation","GFeC","Other","111.25/533.86",111.25,533.86,"cM","all values < 1000 -> cM","https://pubmed.ncbi.nlm.nih.gov/35465199/",NA,"MQTL_all traitsV3.0_final",FALSE
"M01954","MQTL6.5B","5B","Bioforitifcation","GFeC","Other","180/287.30",180,287.3,"cM","all values < 1000 -> cM","https://pubmed.ncbi.nlm.nih.gov/35465199/",NA,"MQTL_all traitsV3.0_final",FALSE
"M01956","MQTL10.7A","7A","Bioforitifcation","GFeC","Other","17.78/477.47",17.78,477.47,"cM","all values < 1000 -> cM","https://pubmed.ncbi.nlm.nih.gov/35465199/",NA,"MQTL_all traitsV3.0_final",FALSE
"M01957","MQTL11.7A","7A","Bioforitifcation","GFeC","Other","178.06/169.04",169.04,178.06,"cM","all values < 1000 -> cM","https://pubmed.ncbi.nlm.nih.gov/35465199/",NA,"MQTL_all traitsV3.0_final",FALSE
"M01966","MQTL1A.1","1A","Fungal resistance","Stripe rust (Puccinia striiformis)","Fungal resistance","151.8",151.8,151.8,"cM","all values < 1000 -> cM",NA,"https://pubmed.ncbi.nlm.nih.gov/37173660/","MQTL_all traitsV3.0_final",FALSE
"M01967","MQTL1A.2","1A","Fungal resistance","Stripe rust (Puccinia striiformis)","Fungal resistance","154.7",154.7,154.7,"cM","all values < 1000 -> cM",NA,"https://pubmed.ncbi.nlm.nih.gov/37173660/","MQTL_all traitsV3.0_final",FALSE
"M01968","MQTL1A.3","1A","Fungal resistance","Stripe rust (Puccinia striiformis)","Fungal resistance","179.64",179.64,179.64,"cM","all values < 1000 -> cM",NA,"https://pubmed.ncbi.nlm.nih.gov/37173660/","MQTL_all traitsV3.0_final",FALSE
"M01969","MQTL1B.1","1B","Fungal resistance","Stripe rust (Puccinia striiformis)","Fungal resistance","94.84",94.84,94.84,"cM","all values < 1000 -> cM",NA,"https://pubmed.ncbi.nlm.nih.gov/37173660/","MQTL_all traitsV3.0_final",FALSE
"M01970","MQTL1B.2","1B","Fungal resistance","Stripe rust (Puccinia striiformis)","Fungal resistance","146.09",146.09,146.09,"cM","all values < 1000 -> cM",NA,"https://pubmed.ncbi.nlm.nih.gov/37173660/","MQTL_all traitsV3.0_final",FALSE
"M01971","MQTL1B.3","1B","Fungal resistance","Stripe rust (Puccinia striiformis)","Fungal resistance","154.42",154.42,154.42,"cM","all values < 1000 -> cM",NA,"https://pubmed.ncbi.nlm.nih.gov/37173660/","MQTL_all traitsV3.0_final",FALSE
"M01972","MQTL1B.4","1B","Fungal resistance","Stripe rust (Puccinia striiformis)","Fungal resistance","199.4",199.4,199.4,"cM","all values < 1000 -> cM",NA,"https://pubmed.ncbi.nlm.nih.gov/37173660/","MQTL_all traitsV3.0_final",FALSE
"M01973","MQTL1B.5","1B","Fungal resistance","Stripe rust (Puccinia striiformis)","Fungal resistance","234.4",234.4,234.4,"cM","all values < 1000 -> cM",NA,"https://pubmed.ncbi.nlm.nih.gov/37173660/","MQTL_all traitsV3.0_final",FALSE
"M01974","MQTL1D.1","1D","Fungal resistance","Stripe rust (Puccinia striiformis)","Fungal resistance","36.31",36.31,36.31,"cM","all values < 1000 -> cM",NA,"https://pubmed.ncbi.nlm.nih.gov/37173660/","MQTL_all traitsV3.0_final",FALSE
"M01975","MQTL1D.2","1D","Fungal resistance","Stripe rust (Puccinia striiformis)","Fungal resistance","72.4",72.4,72.4,"cM","all values < 1000 -> cM",NA,"https://pubmed.ncbi.nlm.nih.gov/37173660/","MQTL_all traitsV3.0_final",FALSE
"M01976","MQTL1D.3","1D","Fungal resistance","Stripe rust (Puccinia striiformis)","Fungal resistance","76.36",76.36,76.36,"cM","all values < 1000 -> cM",NA,"https://pubmed.ncbi.nlm.nih.gov/37173660/","MQTL_all traitsV3.0_final",FALSE
"M01977","MQTL2A.1","2A","Fungal resistance","Stripe rust (Puccinia striiformis)","Fungal resistance","185.46",185.46,185.46,"cM","all values < 1000 -> cM",NA,"https://pubmed.ncbi.nlm.nih.gov/37173660/","MQTL_all traitsV3.0_final",FALSE
"M01978","MQTL2A.2","2A","Fungal resistance","Stripe rust (Puccinia striiformis)","Fungal resistance","212.2",212.2,212.2,"cM","all values < 1000 -> cM",NA,"https://pubmed.ncbi.nlm.nih.gov/37173660/","MQTL_all traitsV3.0_final",FALSE
"M01979","MQTL2A.3","2A","Fungal resistance","Stripe rust (Puccinia striiformis)","Fungal resistance","282.79",282.79,282.79,"cM","all values < 1000 -> cM",NA,"https://pubmed.ncbi.nlm.nih.gov/37173660/","MQTL_all traitsV3.0_final",FALSE
"M01980","MQTL2A.4","2A","Fungal resistance","Stripe rust (Puccinia striiformis)","Fungal resistance","333.66",333.66,333.66,"cM","all values < 1000 -> cM",NA,"https://pubmed.ncbi.nlm.nih.gov/37173660/","MQTL_all traitsV3.0_final",FALSE
"M01981","MQTL2B.1","2B","Fungal resistance","Stripe rust (Puccinia striiformis)","Fungal resistance","31.36",31.36,31.36,"cM","all values < 1000 -> cM",NA,"https://pubmed.ncbi.nlm.nih.gov/37173660/","MQTL_all traitsV3.0_final",FALSE
"M01982","MQTL2B.2","2B","Fungal resistance","Stripe rust (Puccinia striiformis)","Fungal resistance","57.58",57.58,57.58,"cM","all values < 1000 -> cM",NA,"https://pubmed.ncbi.nlm.nih.gov/37173660/","MQTL_all traitsV3.0_final",FALSE
"M01983","MQTL2B.3","2B","Fungal resistance","Stripe rust (Puccinia striiformis)","Fungal resistance","62.2",62.2,62.2,"cM","all values < 1000 -> cM",NA,"https://pubmed.ncbi.nlm.nih.gov/37173660/","MQTL_all traitsV3.0_final",FALSE
"M01984","MQTL2B.4","2B","Fungal resistance","Stripe rust (Puccinia striiformis)","Fungal resistance","101.22",101.22,101.22,"cM","all values < 1000 -> cM",NA,"https://pubmed.ncbi.nlm.nih.gov/37173660/","MQTL_all traitsV3.0_final",FALSE
"M01985","MQTL2B.5","2B","Fungal resistance","Stripe rust (Puccinia striiformis)","Fungal resistance","103.2",103.2,103.2,"cM","all values < 1000 -> cM",NA,"https://pubmed.ncbi.nlm.nih.gov/37173660/","MQTL_all traitsV3.0_final",FALSE
"M01986","MQTL2B.6","2B","Fungal resistance","Stripe rust (Puccinia striiformis)","Fungal resistance","110.54",110.54,110.54,"cM","all values < 1000 -> cM",NA,"https://pubmed.ncbi.nlm.nih.gov/37173660/","MQTL_all traitsV3.0_final",FALSE
"M01987","MQTL2B.7","2B","Fungal resistance","Stripe rust (Puccinia striiformis)","Fungal resistance","121.46",121.46,121.46,"cM","all values < 1000 -> cM",NA,"https://pubmed.ncbi.nlm.nih.gov/37173660/","MQTL_all traitsV3.0_final",FALSE
"M01988","MQTL2B.8","2B","Fungal resistance","Stripe rust (Puccinia striiformis)","Fungal resistance","141.83",141.83,141.83,"cM","all values < 1000 -> cM",NA,"https://pubmed.ncbi.nlm.nih.gov/37173660/","MQTL_all traitsV3.0_final",FALSE
"M01989","MQTL2B.9","2B","Fungal resistance","Stripe rust (Puccinia striiformis)","Fungal resistance","200.51",200.51,200.51,"cM","all values < 1000 -> cM",NA,"https://pubmed.ncbi.nlm.nih.gov/37173660/","MQTL_all traitsV3.0_final",FALSE
"M01990","MQTL2D.1","2D","Fungal resistance","Stripe rust (Puccinia striiformis)","Fungal resistance","76.95",76.95,76.95,"cM","all values < 1000 -> cM",NA,"https://pubmed.ncbi.nlm.nih.gov/37173660/","MQTL_all traitsV3.0_final",FALSE
"M01991","MQTL2D.2","2D","Fungal resistance","Stripe rust (Puccinia striiformis)","Fungal resistance","98.83",98.83,98.83,"cM","all values < 1000 -> cM",NA,"https://pubmed.ncbi.nlm.nih.gov/37173660/","MQTL_all traitsV3.0_final",FALSE
"M01992","MQTL3A.1","3A","Fungal resistance","Stripe rust (Puccinia striiformis)","Fungal resistance","50.35",50.35,50.35,"cM","all values < 1000 -> cM",NA,"https://pubmed.ncbi.nlm.nih.gov/37173660/","MQTL_all traitsV3.0_final",FALSE
"M01993","MQTL3A.2","3A","Fungal resistance","Stripe rust (Puccinia striiformis)","Fungal resistance","127.44",127.44,127.44,"cM","all values < 1000 -> cM",NA,"https://pubmed.ncbi.nlm.nih.gov/37173660/","MQTL_all traitsV3.0_final",FALSE
"M01994","MQTL3A.3","3A","Fungal resistance","Stripe rust (Puccinia striiformis)","Fungal resistance","142.95",142.95,142.95,"cM","all values < 1000 -> cM",NA,"https://pubmed.ncbi.nlm.nih.gov/37173660/","MQTL_all traitsV3.0_final",FALSE
"M01995","MQTL3B.1","3B","Fungal resistance","Stripe rust (Puccinia striiformis)","Fungal resistance","17.6",17.6,17.6,"cM","all values < 1000 -> cM",NA,"https://pubmed.ncbi.nlm.nih.gov/37173660/","MQTL_all traitsV3.0_final",FALSE
"M01996","MQTL3B.2","3B","Fungal resistance","Stripe rust (Puccinia striiformis)","Fungal resistance","31.92",31.92,31.92,"cM","all values < 1000 -> cM",NA,"https://pubmed.ncbi.nlm.nih.gov/37173660/","MQTL_all traitsV3.0_final",FALSE
"M01997","MQTL3B.3","3B","Fungal resistance","Stripe rust (Puccinia striiformis)","Fungal resistance","74.03",74.03,74.03,"cM","all values < 1000 -> cM",NA,"https://pubmed.ncbi.nlm.nih.gov/37173660/","MQTL_all traitsV3.0_final",FALSE
"M01998","MQTL3B.4","3B","Fungal resistance","Stripe rust (Puccinia striiformis)","Fungal resistance","74.92",74.92,74.92,"cM","all values < 1000 -> cM",NA,"https://pubmed.ncbi.nlm.nih.gov/37173660/","MQTL_all traitsV3.0_final",FALSE
"M01999","MQTL3B.5","3B","Fungal resistance","Stripe rust (Puccinia striiformis)","Fungal resistance","92.82",92.82,92.82,"cM","all values < 1000 -> cM",NA,"https://pubmed.ncbi.nlm.nih.gov/37173660/","MQTL_all traitsV3.0_final",FALSE
"M02000","MQTL3D.1","3D","Fungal resistance","Stripe rust (Puccinia striiformis)","Fungal resistance","80.72",80.72,80.72,"cM","all values < 1000 -> cM",NA,"https://pubmed.ncbi.nlm.nih.gov/37173660/","MQTL_all traitsV3.0_final",FALSE
"M02001","MQTL3D.2","3D","Fungal resistance","Stripe rust (Puccinia striiformis)","Fungal resistance","118.26",118.26,118.26,"cM","all values < 1000 -> cM",NA,"https://pubmed.ncbi.nlm.nih.gov/37173660/","MQTL_all traitsV3.0_final",FALSE
"M02002","MQTL4A.1","4A","Fungal resistance","Stripe rust (Puccinia striiformis)","Fungal resistance","134.12",134.12,134.12,"cM","all values < 1000 -> cM",NA,"https://pubmed.ncbi.nlm.nih.gov/37173660/","MQTL_all traitsV3.0_final",FALSE
"M02003","MQTL4A.2","4A","Fungal resistance","Stripe rust (Puccinia striiformis)","Fungal resistance","182.02",182.02,182.02,"cM","all values < 1000 -> cM",NA,"https://pubmed.ncbi.nlm.nih.gov/37173660/","MQTL_all traitsV3.0_final",FALSE
"M02004","MQTL4B.1","4B","Fungal resistance","Stripe rust (Puccinia striiformis)","Fungal resistance","33.56",33.56,33.56,"cM","all values < 1000 -> cM",NA,"https://pubmed.ncbi.nlm.nih.gov/37173660/","MQTL_all traitsV3.0_final",FALSE
"M02005","MQTL4B.2","4B","Fungal resistance","Stripe rust (Puccinia striiformis)","Fungal resistance","53.19",53.19,53.19,"cM","all values < 1000 -> cM",NA,"https://pubmed.ncbi.nlm.nih.gov/37173660/","MQTL_all traitsV3.0_final",FALSE
"M02006","MQTL4B.3","4B","Fungal resistance","Stripe rust (Puccinia striiformis)","Fungal resistance","60.19",60.19,60.19,"cM","all values < 1000 -> cM",NA,"https://pubmed.ncbi.nlm.nih.gov/37173660/","MQTL_all traitsV3.0_final",FALSE
"M02007","MQTL4B.4","4B","Fungal resistance","Stripe rust (Puccinia striiformis)","Fungal resistance","63.35",63.35,63.35,"cM","all values < 1000 -> cM",NA,"https://pubmed.ncbi.nlm.nih.gov/37173660/","MQTL_all traitsV3.0_final",FALSE
"M02008","MQTL4B.5","4B","Fungal resistance","Stripe rust (Puccinia striiformis)","Fungal resistance","84.9",84.9,84.9,"cM","all values < 1000 -> cM",NA,"https://pubmed.ncbi.nlm.nih.gov/37173660/","MQTL_all traitsV3.0_final",FALSE
"M02009","MQTL4B.6","4B","Fungal resistance","Stripe rust (Puccinia striiformis)","Fungal resistance","105.27",105.27,105.27,"cM","all values < 1000 -> cM",NA,"https://pubmed.ncbi.nlm.nih.gov/37173660/","MQTL_all traitsV3.0_final",FALSE
"M02010","MQTL4B.7","4B","Fungal resistance","Stripe rust (Puccinia striiformis)","Fungal resistance","116.73",116.73,116.73,"cM","all values < 1000 -> cM",NA,"https://pubmed.ncbi.nlm.nih.gov/37173660/","MQTL_all traitsV3.0_final",FALSE
"M02011","MQTL4D","4D","Fungal resistance","Stripe rust (Puccinia striiformis)","Fungal resistance","93.5",93.5,93.5,"cM","all values < 1000 -> cM",NA,"https://pubmed.ncbi.nlm.nih.gov/37173660/","MQTL_all traitsV3.0_final",FALSE
"M02012","MQTL5A.1","5A","Fungal resistance","Stripe rust (Puccinia striiformis)","Fungal resistance","231.76",231.76,231.76,"cM","all values < 1000 -> cM",NA,"https://pubmed.ncbi.nlm.nih.gov/37173660/","MQTL_all traitsV3.0_final",FALSE
"M02013","MQTL5A.2","5A","Fungal resistance","Stripe rust (Puccinia striiformis)","Fungal resistance","243.43",243.43,243.43,"cM","all values < 1000 -> cM",NA,"https://pubmed.ncbi.nlm.nih.gov/37173660/","MQTL_all traitsV3.0_final",FALSE
"M02014","MQTL5A.3","5A","Fungal resistance","Stripe rust (Puccinia striiformis)","Fungal resistance","253.38",253.38,253.38,"cM","all values < 1000 -> cM",NA,"https://pubmed.ncbi.nlm.nih.gov/37173660/","MQTL_all traitsV3.0_final",FALSE
"M02015","MQTL5A.4","5A","Fungal resistance","Stripe rust (Puccinia striiformis)","Fungal resistance","262.91",262.91,262.91,"cM","all values < 1000 -> cM",NA,"https://pubmed.ncbi.nlm.nih.gov/37173660/","MQTL_all traitsV3.0_final",FALSE
"M02016","MQTL5A.5","5A","Fungal resistance","Stripe rust (Puccinia striiformis)","Fungal resistance","315.8",315.8,315.8,"cM","all values < 1000 -> cM",NA,"https://pubmed.ncbi.nlm.nih.gov/37173660/","MQTL_all traitsV3.0_final",FALSE
"M02017","MQTL5A.6","5A","Fungal resistance","Stripe rust (Puccinia striiformis)","Fungal resistance","372.75",372.75,372.75,"cM","all values < 1000 -> cM",NA,"https://pubmed.ncbi.nlm.nih.gov/37173660/","MQTL_all traitsV3.0_final",FALSE
"M02018","MQTL5B.1","5B","Fungal resistance","Stripe rust (Puccinia striiformis)","Fungal resistance","4.27",4.27,4.27,"cM","all values < 1000 -> cM",NA,"https://pubmed.ncbi.nlm.nih.gov/37173660/","MQTL_all traitsV3.0_final",FALSE
"M02019","MQTL5B.2","5B","Fungal resistance","Stripe rust (Puccinia striiformis)","Fungal resistance","47.38",47.38,47.38,"cM","all values < 1000 -> cM",NA,"https://pubmed.ncbi.nlm.nih.gov/37173660/","MQTL_all traitsV3.0_final",FALSE
"M02020","MQTL5B.3","5B","Fungal resistance","Stripe rust (Puccinia striiformis)","Fungal resistance","107.24",107.24,107.24,"cM","all values < 1000 -> cM",NA,"https://pubmed.ncbi.nlm.nih.gov/37173660/","MQTL_all traitsV3.0_final",FALSE
"M02021","MQTL5B.4","5B","Fungal resistance","Stripe rust (Puccinia striiformis)","Fungal resistance","138.82",138.82,138.82,"cM","all values < 1000 -> cM",NA,"https://pubmed.ncbi.nlm.nih.gov/37173660/","MQTL_all traitsV3.0_final",FALSE
"M02022","MQTL5D","5D","Fungal resistance","Stripe rust (Puccinia striiformis)","Fungal resistance","302.66",302.66,302.66,"cM","all values < 1000 -> cM",NA,"https://pubmed.ncbi.nlm.nih.gov/37173660/","MQTL_all traitsV3.0_final",FALSE
"M02023","MQTL6A.1","6A","Fungal resistance","Stripe rust (Puccinia striiformis)","Fungal resistance","177.25",177.25,177.25,"cM","all values < 1000 -> cM",NA,"https://pubmed.ncbi.nlm.nih.gov/37173660/","MQTL_all traitsV3.0_final",FALSE
"M02024","MQTL6A.2","6A","Fungal resistance","Stripe rust (Puccinia striiformis)","Fungal resistance","187.38",187.38,187.38,"cM","all values < 1000 -> cM",NA,"https://pubmed.ncbi.nlm.nih.gov/37173660/","MQTL_all traitsV3.0_final",FALSE
"M02025","MQTL6A.3","6A","Fungal resistance","Stripe rust (Puccinia striiformis)","Fungal resistance","199.61",199.61,199.61,"cM","all values < 1000 -> cM",NA,"https://pubmed.ncbi.nlm.nih.gov/37173660/","MQTL_all traitsV3.0_final",FALSE
"M02026","MQTL6A.4","6A","Fungal resistance","Stripe rust (Puccinia striiformis)","Fungal resistance","220.73",220.73,220.73,"cM","all values < 1000 -> cM",NA,"https://pubmed.ncbi.nlm.nih.gov/37173660/","MQTL_all traitsV3.0_final",FALSE
"M02027","MQTL6B","6B","Fungal resistance","Stripe rust (Puccinia striiformis)","Fungal resistance","106.76",106.76,106.76,"cM","all values < 1000 -> cM",NA,"https://pubmed.ncbi.nlm.nih.gov/37173660/","MQTL_all traitsV3.0_final",FALSE
"M02028","MQTL6D","6D","Fungal resistance","Stripe rust (Puccinia striiformis)","Fungal resistance","170.1",170.1,170.1,"cM","all values < 1000 -> cM",NA,"https://pubmed.ncbi.nlm.nih.gov/37173660/","MQTL_all traitsV3.0_final",FALSE
"M02029","MQTL7B.1","7B","Fungal resistance","Stripe rust (Puccinia striiformis)","Fungal resistance","118.21",118.21,118.21,"cM","all values < 1000 -> cM",NA,"https://pubmed.ncbi.nlm.nih.gov/37173660/","MQTL_all traitsV3.0_final",FALSE
"M02030","MQTL7B.2","7B","Fungal resistance","Stripe rust (Puccinia striiformis)","Fungal resistance","140",140,140,"cM","all values < 1000 -> cM",NA,"https://pubmed.ncbi.nlm.nih.gov/37173660/","MQTL_all traitsV3.0_final",FALSE
"M02031","MQTL7D.1","7D","Fungal resistance","Stripe rust (Puccinia striiformis)","Fungal resistance","56.11",56.11,56.11,"cM","all values < 1000 -> cM",NA,"https://pubmed.ncbi.nlm.nih.gov/37173660/","MQTL_all traitsV3.0_final",FALSE
"M02032","MQTL7D.2","7D","Fungal resistance","Stripe rust (Puccinia striiformis)","Fungal resistance","67.71",67.71,67.71,"cM","all values < 1000 -> cM",NA,"https://pubmed.ncbi.nlm.nih.gov/37173660/","MQTL_all traitsV3.0_final",FALSE
"M02033","MQTL1","1A","Fungal resistance","Leaf rust (Puccinia triticina)","Fungal resistance","27.64",27.64,27.64,"cM","all values < 1000 -> cM",NA,"https://doi.org/10.1094/PHYTO-05-15-0130-R","MQTL_all traitsV3.0_final",FALSE
"M02034","MQTL2","1B","Fungal resistance","Leaf rust (Puccinia triticina)","Fungal resistance","55.57",55.57,55.57,"cM","all values < 1000 -> cM",NA,"https://doi.org/10.1094/PHYTO-05-15-0130-R","MQTL_all traitsV3.0_final",FALSE
"M02035","MQTL3","1B","Fungal resistance","Leaf rust (Puccinia triticina)","Fungal resistance","88.5",88.5,88.5,"cM","all values < 1000 -> cM",NA,"https://doi.org/10.1094/PHYTO-05-15-0130-R","MQTL_all traitsV3.0_final",FALSE
"M02036","MQTL4","1B","Fungal resistance","Leaf rust (Puccinia triticina)","Fungal resistance","110.39",110.39,110.39,"cM","all values < 1000 -> cM",NA,"https://doi.org/10.1094/PHYTO-05-15-0130-R","MQTL_all traitsV3.0_final",FALSE
"M02037","MQTL5","1B","Fungal resistance","Leaf rust (Puccinia triticina)","Fungal resistance","113.52",113.52,113.52,"cM","all values < 1000 -> cM",NA,"https://doi.org/10.1094/PHYTO-05-15-0130-R","MQTL_all traitsV3.0_final",FALSE
"M02038","MQTL6","2A","Fungal resistance","Leaf rust (Puccinia triticina)","Fungal resistance","69.11",69.11,69.11,"cM","all values < 1000 -> cM",NA,"https://doi.org/10.1094/PHYTO-05-15-0130-R","MQTL_all traitsV3.0_final",FALSE
"M02039","MQTL7","2B","Fungal resistance","Leaf rust (Puccinia triticina)","Fungal resistance","58.12",58.12,58.12,"cM","all values < 1000 -> cM",NA,"https://doi.org/10.1094/PHYTO-05-15-0130-R","MQTL_all traitsV3.0_final",FALSE
"M02040","MQTL8","2B","Fungal resistance","Leaf rust (Puccinia triticina)","Fungal resistance","86.05",86.05,86.05,"cM","all values < 1000 -> cM",NA,"https://doi.org/10.1094/PHYTO-05-15-0130-R","MQTL_all traitsV3.0_final",FALSE
"M02041","MQTL9","2D","Fungal resistance","Leaf rust (Puccinia triticina)","Fungal resistance","30.1",30.1,30.1,"cM","all values < 1000 -> cM",NA,"https://doi.org/10.1094/PHYTO-05-15-0130-R","MQTL_all traitsV3.0_final",FALSE
"M02042","MQTL10","2D","Fungal resistance","Leaf rust (Puccinia triticina)","Fungal resistance","56.42",56.42,56.42,"cM","all values < 1000 -> cM",NA,"https://doi.org/10.1094/PHYTO-05-15-0130-R","MQTL_all traitsV3.0_final",FALSE
"M02043","MQTL11","2D","Fungal resistance","Leaf rust (Puccinia triticina)","Fungal resistance","93.17",93.17,93.17,"cM","all values < 1000 -> cM",NA,"https://doi.org/10.1094/PHYTO-05-15-0130-R","MQTL_all traitsV3.0_final",FALSE
"M02044","MQTL12","3A","Fungal resistance","Leaf rust (Puccinia triticina)","Fungal resistance","68.25",68.25,68.25,"cM","all values < 1000 -> cM",NA,"https://doi.org/10.1094/PHYTO-05-15-0130-R","MQTL_all traitsV3.0_final",FALSE
"M02045","MQTL13","3A","Fungal resistance","Leaf rust (Puccinia triticina)","Fungal resistance","112.58",112.58,112.58,"cM","all values < 1000 -> cM",NA,"https://doi.org/10.1094/PHYTO-05-15-0130-R","MQTL_all traitsV3.0_final",FALSE
"M02046","MQTL14","3A","Fungal resistance","Leaf rust (Puccinia triticina)","Fungal resistance","130.93",130.93,130.93,"cM","all values < 1000 -> cM",NA,"https://doi.org/10.1094/PHYTO-05-15-0130-R","MQTL_all traitsV3.0_final",FALSE
"M02047","MQTL15","3B","Fungal resistance","Leaf rust (Puccinia triticina)","Fungal resistance","12.34",12.34,12.34,"cM","all values < 1000 -> cM",NA,"https://doi.org/10.1094/PHYTO-05-15-0130-R","MQTL_all traitsV3.0_final",FALSE
"M02048","MQTL16","3B","Fungal resistance","Leaf rust (Puccinia triticina)","Fungal resistance","49.26",49.26,49.26,"cM","all values < 1000 -> cM",NA,"https://doi.org/10.1094/PHYTO-05-15-0130-R","MQTL_all traitsV3.0_final",FALSE
"M02049","MQTL17","4A","Fungal resistance","Leaf rust (Puccinia triticina)","Fungal resistance","54.67",54.67,54.67,"cM","all values < 1000 -> cM",NA,"https://doi.org/10.1094/PHYTO-05-15-0130-R","MQTL_all traitsV3.0_final",FALSE
"M02050","MQTL18","4B","Fungal resistance","Leaf rust (Puccinia triticina)","Fungal resistance","19.22",19.22,19.22,"cM","all values < 1000 -> cM",NA,"https://doi.org/10.1094/PHYTO-05-15-0130-R","MQTL_all traitsV3.0_final",FALSE
"M02051","MQTL19","4B","Fungal resistance","Leaf rust (Puccinia triticina)","Fungal resistance","60.69",60.69,60.69,"cM","all values < 1000 -> cM",NA,"https://doi.org/10.1094/PHYTO-05-15-0130-R","MQTL_all traitsV3.0_final",FALSE
"M02052","MQTL20","4D","Fungal resistance","Leaf rust (Puccinia triticina)","Fungal resistance","66.18",66.18,66.18,"cM","all values < 1000 -> cM",NA,"https://doi.org/10.1094/PHYTO-05-15-0130-R","MQTL_all traitsV3.0_final",FALSE
"M02053","MQTL21","4D","Fungal resistance","Leaf rust (Puccinia triticina)","Fungal resistance","93.01",93.01,93.01,"cM","all values < 1000 -> cM",NA,"https://doi.org/10.1094/PHYTO-05-15-0130-R","MQTL_all traitsV3.0_final",FALSE
"M02054","MQTL22","5B","Fungal resistance","Leaf rust (Puccinia triticina)","Fungal resistance","47.66",47.66,47.66,"cM","all values < 1000 -> cM",NA,"https://doi.org/10.1094/PHYTO-05-15-0130-R","MQTL_all traitsV3.0_final",FALSE
"M02055","MQTL23","5B","Fungal resistance","Leaf rust (Puccinia triticina)","Fungal resistance","140.81",140.81,140.81,"cM","all values < 1000 -> cM",NA,"https://doi.org/10.1094/PHYTO-05-15-0130-R","MQTL_all traitsV3.0_final",FALSE
"M02056","MQTL24","6A","Fungal resistance","Leaf rust (Puccinia triticina)","Fungal resistance","39.98",39.98,39.98,"cM","all values < 1000 -> cM",NA,"https://doi.org/10.1094/PHYTO-05-15-0130-R","MQTL_all traitsV3.0_final",FALSE
"M02057","MQTL25","6B","Fungal resistance","Leaf rust (Puccinia triticina)","Fungal resistance","51.5",51.5,51.5,"cM","all values < 1000 -> cM",NA,"https://doi.org/10.1094/PHYTO-05-15-0130-R","MQTL_all traitsV3.0_final",FALSE
"M02058","MQTL26","6B","Fungal resistance","Leaf rust (Puccinia triticina)","Fungal resistance","92",92,92,"cM","all values < 1000 -> cM",NA,"https://doi.org/10.1094/PHYTO-05-15-0130-R","MQTL_all traitsV3.0_final",FALSE
"M02059","MQTL27","6B","Fungal resistance","Leaf rust (Puccinia triticina)","Fungal resistance","134.25",134.25,134.25,"cM","all values < 1000 -> cM",NA,"https://doi.org/10.1094/PHYTO-05-15-0130-R","MQTL_all traitsV3.0_final",FALSE
"M02060","MQTL28","6B","Fungal resistance","Leaf rust (Puccinia triticina)","Fungal resistance","158",158,158,"cM","all values < 1000 -> cM",NA,"https://doi.org/10.1094/PHYTO-05-15-0130-R","MQTL_all traitsV3.0_final",FALSE
"M02061","MQTL29","7A","Fungal resistance","Leaf rust (Puccinia triticina)","Fungal resistance","77",77,77,"cM","all values < 1000 -> cM",NA,"https://doi.org/10.1094/PHYTO-05-15-0130-R","MQTL_all traitsV3.0_final",FALSE
"M02062","MQTL30","7B","Fungal resistance","Leaf rust (Puccinia triticina)","Fungal resistance","30.06",30.06,30.06,"cM","all values < 1000 -> cM",NA,"https://doi.org/10.1094/PHYTO-05-15-0130-R","MQTL_all traitsV3.0_final",FALSE
"M02063","MQTL31","7B","Fungal resistance","Leaf rust (Puccinia triticina)","Fungal resistance","62.59",62.59,62.59,"cM","all values < 1000 -> cM",NA,"https://doi.org/10.1094/PHYTO-05-15-0130-R","MQTL_all traitsV3.0_final",FALSE
"M02064","MQTL32","7B","Fungal resistance","Leaf rust (Puccinia triticina)","Fungal resistance","91.92",91.92,91.92,"cM","all values < 1000 -> cM",NA,"https://doi.org/10.1094/PHYTO-05-15-0130-R","MQTL_all traitsV3.0_final",FALSE
"M02065","MQTL33","7B","Fungal resistance","Leaf rust (Puccinia triticina)","Fungal resistance","105.53",105.53,105.53,"cM","all values < 1000 -> cM",NA,"https://doi.org/10.1094/PHYTO-05-15-0130-R","MQTL_all traitsV3.0_final",FALSE
"M02066","MQTL34","7D","Fungal resistance","Leaf rust (Puccinia triticina)","Fungal resistance","73.73",73.73,73.73,"cM","all values < 1000 -> cM",NA,"https://doi.org/10.1094/PHYTO-05-15-0130-R","MQTL_all traitsV3.0_final",FALSE
"M02067","MQTL35","7D","Fungal resistance","Leaf rust (Puccinia triticina)","Fungal resistance","110",110,110,"cM","all values < 1000 -> cM",NA,"https://doi.org/10.1094/PHYTO-05-15-0130-R","MQTL_all traitsV3.0_final",FALSE
"M02068","MQTL1A.1","1A","Fungal resistance","Leaf rust (Puccinia triticina)","Fungal resistance","0.0–8.8",0,8.8,"cM","all values < 1000 -> cM",NA,"https://acsess.onlinelibrary.wiley.com/doi/full/10.1002/tpg2.20185","MQTL_all traitsV3.0_final",FALSE
"M02069","MQTL1A.2","1A","Fungal resistance","Leaf rust (Puccinia triticina)","Fungal resistance","24.2–26.3",24.2,26.3,"cM","all values < 1000 -> cM",NA,"https://acsess.onlinelibrary.wiley.com/doi/full/10.1002/tpg2.20185","MQTL_all traitsV3.0_final",FALSE
"M02070","MQTL1A.3","1A","Fungal resistance","Leaf rust (Puccinia triticina)","Fungal resistance","55.7–59.8",55.7,59.8,"cM","all values < 1000 -> cM",NA,"https://acsess.onlinelibrary.wiley.com/doi/full/10.1002/tpg2.20185","MQTL_all traitsV3.0_final",FALSE
"M02071","MQTL1A.4","1A","Fungal resistance","Leaf rust (Puccinia triticina)","Fungal resistance","122.6–128.6",122.6,128.6,"cM","all values < 1000 -> cM",NA,"https://acsess.onlinelibrary.wiley.com/doi/full/10.1002/tpg2.20185","MQTL_all traitsV3.0_final",FALSE
"M02072","MQTL1B.1","1B","Fungal resistance","Leaf rust (Puccinia triticina)","Fungal resistance","35.4–37.3",35.4,37.3,"cM","all values < 1000 -> cM",NA,"https://acsess.onlinelibrary.wiley.com/doi/full/10.1002/tpg2.20185","MQTL_all traitsV3.0_final",FALSE
"M02073","MQTL1B.2","1B","Fungal resistance","Leaf rust (Puccinia triticina)","Fungal resistance","35.4–37.4",35.4,37.4,"cM","all values < 1000 -> cM",NA,"https://acsess.onlinelibrary.wiley.com/doi/full/10.1002/tpg2.20185","MQTL_all traitsV3.0_final",FALSE
"M02074","MQTL1B.2","1B","Fungal resistance","Leaf rust (Puccinia triticina)","Fungal resistance","67.5–73.2",67.5,73.2,"cM","all values < 1000 -> cM",NA,"https://acsess.onlinelibrary.wiley.com/doi/full/10.1002/tpg2.20185","MQTL_all traitsV3.0_final",FALSE
"M02075","MQTL1B.3","1B","Fungal resistance","Leaf rust (Puccinia triticina)","Fungal resistance","78.5–80.4",78.5,80.4,"cM","all values < 1000 -> cM",NA,"https://acsess.onlinelibrary.wiley.com/doi/full/10.1002/tpg2.20185","MQTL_all traitsV3.0_final",FALSE
"M02076","MQTL1B.4","1B","Fungal resistance","Leaf rust (Puccinia triticina)","Fungal resistance","90.6–91.8",90.6,91.8,"cM","all values < 1000 -> cM",NA,"https://acsess.onlinelibrary.wiley.com/doi/full/10.1002/tpg2.20185","MQTL_all traitsV3.0_final",FALSE
"M02077","MQTL1B.5","1B","Fungal resistance","Leaf rust (Puccinia triticina)","Fungal resistance","95.1–98.8",95.1,98.8,"cM","all values < 1000 -> cM",NA,"https://acsess.onlinelibrary.wiley.com/doi/full/10.1002/tpg2.20185","MQTL_all traitsV3.0_final",FALSE
"M02078","MQTL1B.6","1B","Fungal resistance","Leaf rust (Puccinia triticina)","Fungal resistance","106.0–106.92",106,106.92,"cM","all values < 1000 -> cM",NA,"https://acsess.onlinelibrary.wiley.com/doi/full/10.1002/tpg2.20185","MQTL_all traitsV3.0_final",FALSE
"M02079","MQTL1D.1","1D","Fungal resistance","Leaf rust (Puccinia triticina)","Fungal resistance","1.5–3.8",1.5,3.8,"cM","all values < 1000 -> cM",NA,"https://acsess.onlinelibrary.wiley.com/doi/full/10.1002/tpg2.20185","MQTL_all traitsV3.0_final",FALSE
"M02080","MQTL1D.2","1D","Fungal resistance","Leaf rust (Puccinia triticina)","Fungal resistance","22.7–25.0",22.7,25,"cM","all values < 1000 -> cM",NA,"https://acsess.onlinelibrary.wiley.com/doi/full/10.1002/tpg2.20185","MQTL_all traitsV3.0_final",FALSE
"M02081","MQTL1D.3","1D","Fungal resistance","Leaf rust (Puccinia triticina)","Fungal resistance","48.3–53.3",48.3,53.3,"cM","all values < 1000 -> cM",NA,"https://acsess.onlinelibrary.wiley.com/doi/full/10.1002/tpg2.20185","MQTL_all traitsV3.0_final",FALSE
"M02082","MQTL1D.4","1D","Fungal resistance","Leaf rust (Puccinia triticina)","Fungal resistance","72.8–79.3",72.8,79.3,"cM","all values < 1000 -> cM",NA,"https://acsess.onlinelibrary.wiley.com/doi/full/10.1002/tpg2.20185","MQTL_all traitsV3.0_final",FALSE
"M02083","MQTL2A.1","2A","Fungal resistance","Leaf rust (Puccinia triticina)","Fungal resistance","13.5–17.7",13.5,17.7,"cM","all values < 1000 -> cM",NA,"https://acsess.onlinelibrary.wiley.com/doi/full/10.1002/tpg2.20185","MQTL_all traitsV3.0_final",FALSE
"M02084","MQTL2A.2","2A","Fungal resistance","Leaf rust (Puccinia triticina)","Fungal resistance","33.2–38.8",33.2,38.8,"cM","all values < 1000 -> cM",NA,"https://acsess.onlinelibrary.wiley.com/doi/full/10.1002/tpg2.20185","MQTL_all traitsV3.0_final",FALSE
"M02085","MQTL2A.3","2A","Fungal resistance","Leaf rust (Puccinia triticina)","Fungal resistance","89.7–90.1",89.7,90.1,"cM","all values < 1000 -> cM",NA,"https://acsess.onlinelibrary.wiley.com/doi/full/10.1002/tpg2.20185","MQTL_all traitsV3.0_final",FALSE
"M02086","MQTL2B.1","2B","Fungal resistance","Leaf rust (Puccinia triticina)","Fungal resistance","50.2–51.6",50.2,51.6,"cM","all values < 1000 -> cM",NA,"https://acsess.onlinelibrary.wiley.com/doi/full/10.1002/tpg2.20185","MQTL_all traitsV3.0_final",FALSE
"M02087","MQTL2B.2","2B","Fungal resistance","Leaf rust (Puccinia triticina)","Fungal resistance","59.7–62.4",59.7,62.4,"cM","all values < 1000 -> cM",NA,"https://acsess.onlinelibrary.wiley.com/doi/full/10.1002/tpg2.20185","MQTL_all traitsV3.0_final",FALSE
"M02088","MQTL2B.3","2B","Fungal resistance","Leaf rust (Puccinia triticina)","Fungal resistance","69.4–76.0",69.4,76,"cM","all values < 1000 -> cM",NA,"https://acsess.onlinelibrary.wiley.com/doi/full/10.1002/tpg2.20185","MQTL_all traitsV3.0_final",FALSE
"M02089","MQTL2B.4","2B","Fungal resistance","Leaf rust (Puccinia triticina)","Fungal resistance","94.9–98.9",94.9,98.9,"cM","all values < 1000 -> cM",NA,"https://acsess.onlinelibrary.wiley.com/doi/full/10.1002/tpg2.20185","MQTL_all traitsV3.0_final",FALSE
"M02090","MQTL2B.5","2B","Fungal resistance","Leaf rust (Puccinia triticina)","Fungal resistance","106.2–107.7",106.2,107.7,"cM","all values < 1000 -> cM",NA,"https://acsess.onlinelibrary.wiley.com/doi/full/10.1002/tpg2.20185","MQTL_all traitsV3.0_final",FALSE
"M02091","MQTL2B.6","2B","Fungal resistance","Leaf rust (Puccinia triticina)","Fungal resistance","111.7–116.4",111.7,116.4,"cM","all values < 1000 -> cM",NA,"https://acsess.onlinelibrary.wiley.com/doi/full/10.1002/tpg2.20185","MQTL_all traitsV3.0_final",FALSE
"M02092","MQTL2B.7","2B","Fungal resistance","Leaf rust (Puccinia triticina)","Fungal resistance","126.2–130.1",126.2,130.1,"cM","all values < 1000 -> cM",NA,"https://acsess.onlinelibrary.wiley.com/doi/full/10.1002/tpg2.20185","MQTL_all traitsV3.0_final",FALSE
"M02093","MQTL2D.1","2D","Fungal resistance","Leaf rust (Puccinia triticina)","Fungal resistance","1.0–4.4",1,4.4,"cM","all values < 1000 -> cM",NA,"https://acsess.onlinelibrary.wiley.com/doi/full/10.1002/tpg2.20185","MQTL_all traitsV3.0_final",FALSE
"M02094","MQTL2D.2","2D","Fungal resistance","Leaf rust (Puccinia triticina)","Fungal resistance","31.6–35.3",31.6,35.3,"cM","all values < 1000 -> cM",NA,"https://acsess.onlinelibrary.wiley.com/doi/full/10.1002/tpg2.20185","MQTL_all traitsV3.0_final",FALSE
"M02095","MQTL2D.3","2D","Fungal resistance","Leaf rust (Puccinia triticina)","Fungal resistance","48.8–52.4",48.8,52.4,"cM","all values < 1000 -> cM",NA,"https://acsess.onlinelibrary.wiley.com/doi/full/10.1002/tpg2.20185","MQTL_all traitsV3.0_final",FALSE
"M02096","MQTL2D.4","2D","Fungal resistance","Leaf rust (Puccinia triticina)","Fungal resistance","69.7–74.3",69.7,74.3,"cM","all values < 1000 -> cM",NA,"https://acsess.onlinelibrary.wiley.com/doi/full/10.1002/tpg2.20185","MQTL_all traitsV3.0_final",FALSE
"M02097","MQTL3A.1","3A","Fungal resistance","Leaf rust (Puccinia triticina)","Fungal resistance","8.3–15.1",8.3,15.1,"cM","all values < 1000 -> cM",NA,"https://acsess.onlinelibrary.wiley.com/doi/full/10.1002/tpg2.20185","MQTL_all traitsV3.0_final",FALSE
"M02098","MQTL3A.2","3A","Fungal resistance","Leaf rust (Puccinia triticina)","Fungal resistance","21.5–26.4",21.5,26.4,"cM","all values < 1000 -> cM",NA,"https://acsess.onlinelibrary.wiley.com/doi/full/10.1002/tpg2.20185","MQTL_all traitsV3.0_final",FALSE
"M02099","MQTL3A.3","3A","Fungal resistance","Leaf rust (Puccinia triticina)","Fungal resistance","70.6–71.0",70.6,71,"cM","all values < 1000 -> cM",NA,"https://acsess.onlinelibrary.wiley.com/doi/full/10.1002/tpg2.20185","MQTL_all traitsV3.0_final",FALSE
"M02100","MQTL3B.1","3B","Fungal resistance","Leaf rust (Puccinia triticina)","Fungal resistance","10.7–12.7",10.7,12.7,"cM","all values < 1000 -> cM",NA,"https://acsess.onlinelibrary.wiley.com/doi/full/10.1002/tpg2.20185","MQTL_all traitsV3.0_final",FALSE
"M02101","MQTL3B.2","3B","Fungal resistance","Leaf rust (Puccinia triticina)","Fungal resistance","24.6–29.7",24.6,29.7,"cM","all values < 1000 -> cM",NA,"https://acsess.onlinelibrary.wiley.com/doi/full/10.1002/tpg2.20185","MQTL_all traitsV3.0_final",FALSE
"M02102","MQTL3B.3","3B","Fungal resistance","Leaf rust (Puccinia triticina)","Fungal resistance","69.3–71.0",69.3,71,"cM","all values < 1000 -> cM",NA,"https://acsess.onlinelibrary.wiley.com/doi/full/10.1002/tpg2.20185","MQTL_all traitsV3.0_final",FALSE
"M02103","MQTL3D.1","3D","Fungal resistance","Leaf rust (Puccinia triticina)","Fungal resistance","6.7–12.2",6.7,12.2,"cM","all values < 1000 -> cM",NA,"https://acsess.onlinelibrary.wiley.com/doi/full/10.1002/tpg2.20185","MQTL_all traitsV3.0_final",FALSE
"M02104","MQTL3D.2","3D","Fungal resistance","Leaf rust (Puccinia triticina)","Fungal resistance","11.8–30.9",11.8,30.9,"cM","all values < 1000 -> cM",NA,"https://acsess.onlinelibrary.wiley.com/doi/full/10.1002/tpg2.20185","MQTL_all traitsV3.0_final",FALSE
"M02105","MQTL4A.1","4A","Fungal resistance","Leaf rust (Puccinia triticina)","Fungal resistance","21.6–32.7",21.6,32.7,"cM","all values < 1000 -> cM",NA,"https://acsess.onlinelibrary.wiley.com/doi/full/10.1002/tpg2.20185","MQTL_all traitsV3.0_final",FALSE
"M02106","MQTL4A.2","4A","Fungal resistance","Leaf rust (Puccinia triticina)","Fungal resistance","35.5–41.6",35.5,41.6,"cM","all values < 1000 -> cM",NA,"https://acsess.onlinelibrary.wiley.com/doi/full/10.1002/tpg2.20185","MQTL_all traitsV3.0_final",FALSE
"M02107","MQTL4A.3","4A","Fungal resistance","Leaf rust (Puccinia triticina)","Fungal resistance","50.9–58.2",50.9,58.2,"cM","all values < 1000 -> cM",NA,"https://acsess.onlinelibrary.wiley.com/doi/full/10.1002/tpg2.20185","MQTL_all traitsV3.0_final",FALSE
"M02108","MQTL4B.1","4B","Fungal resistance","Leaf rust (Puccinia triticina)","Fungal resistance","32.4–35.7",32.4,35.7,"cM","all values < 1000 -> cM",NA,"https://acsess.onlinelibrary.wiley.com/doi/full/10.1002/tpg2.20185","MQTL_all traitsV3.0_final",FALSE
"M02109","MQTL4B.2","4B","Fungal resistance","Leaf rust (Puccinia triticina)","Fungal resistance","48.6–52.4",48.6,52.4,"cM","all values < 1000 -> cM",NA,"https://acsess.onlinelibrary.wiley.com/doi/full/10.1002/tpg2.20185","MQTL_all traitsV3.0_final",FALSE
"M02110","MQTL4B.3","4B","Fungal resistance","Leaf rust (Puccinia triticina)","Fungal resistance","96.1–102.9",96.1,102.9,"cM","all values < 1000 -> cM",NA,"https://acsess.onlinelibrary.wiley.com/doi/full/10.1002/tpg2.20185","MQTL_all traitsV3.0_final",FALSE
"M02111","MQTL4D.1","4D","Fungal resistance","Leaf rust (Puccinia triticina)","Fungal resistance","35.4–37.9",35.4,37.9,"cM","all values < 1000 -> cM",NA,"https://acsess.onlinelibrary.wiley.com/doi/full/10.1002/tpg2.20185","MQTL_all traitsV3.0_final",FALSE
"M02112","MQTL4D.2","4D","Fungal resistance","Leaf rust (Puccinia triticina)","Fungal resistance","72.8–84.1",72.8,84.1,"cM","all values < 1000 -> cM",NA,"https://acsess.onlinelibrary.wiley.com/doi/full/10.1002/tpg2.20185","MQTL_all traitsV3.0_final",FALSE
"M02113","MQTL5A.1","5A","Fungal resistance","Leaf rust (Puccinia triticina)","Fungal resistance","27.4–33.1",27.4,33.1,"cM","all values < 1000 -> cM",NA,"https://acsess.onlinelibrary.wiley.com/doi/full/10.1002/tpg2.20185","MQTL_all traitsV3.0_final",FALSE
"M02114","MQTL5A.2","5A","Fungal resistance","Leaf rust (Puccinia triticina)","Fungal resistance","39.1–43.5",39.1,43.5,"cM","all values < 1000 -> cM",NA,"https://acsess.onlinelibrary.wiley.com/doi/full/10.1002/tpg2.20185","MQTL_all traitsV3.0_final",FALSE
"M02115","MQTL5A.3","5A","Fungal resistance","Leaf rust (Puccinia triticina)","Fungal resistance","52.2–57.8",52.2,57.8,"cM","all values < 1000 -> cM",NA,"https://acsess.onlinelibrary.wiley.com/doi/full/10.1002/tpg2.20185","MQTL_all traitsV3.0_final",FALSE
"M02116","MQTL5A.4","5A","Fungal resistance","Leaf rust (Puccinia triticina)","Fungal resistance","124.1–137.4",124.1,137.4,"cM","all values < 1000 -> cM",NA,"https://acsess.onlinelibrary.wiley.com/doi/full/10.1002/tpg2.20185","MQTL_all traitsV3.0_final",FALSE
"M02117","MQTL5B.1","5B","Fungal resistance","Leaf rust (Puccinia triticina)","Fungal resistance","15.2–22.6",15.2,22.6,"cM","all values < 1000 -> cM",NA,"https://acsess.onlinelibrary.wiley.com/doi/full/10.1002/tpg2.20185","MQTL_all traitsV3.0_final",FALSE
"M02118","MQTL5B.2","5B","Fungal resistance","Leaf rust (Puccinia triticina)","Fungal resistance","44.1–48.2",44.1,48.2,"cM","all values < 1000 -> cM",NA,"https://acsess.onlinelibrary.wiley.com/doi/full/10.1002/tpg2.20185","MQTL_all traitsV3.0_final",FALSE
"M02119","MQTL5B.3","5B","Fungal resistance","Leaf rust (Puccinia triticina)","Fungal resistance","66.4–72.0",66.4,72,"cM","all values < 1000 -> cM",NA,"https://acsess.onlinelibrary.wiley.com/doi/full/10.1002/tpg2.20185","MQTL_all traitsV3.0_final",FALSE
"M02120","MQTL5B.4","5B","Fungal resistance","Leaf rust (Puccinia triticina)","Fungal resistance","135.9–148.4",135.9,148.4,"cM","all values < 1000 -> cM",NA,"https://acsess.onlinelibrary.wiley.com/doi/full/10.1002/tpg2.20185","MQTL_all traitsV3.0_final",FALSE
"M02121","MQTL5D.1","5D","Fungal resistance","Leaf rust (Puccinia triticina)","Fungal resistance","0.0–25.2",0,25.2,"cM","all values < 1000 -> cM",NA,"https://acsess.onlinelibrary.wiley.com/doi/full/10.1002/tpg2.20185","MQTL_all traitsV3.0_final",FALSE
"M02122","MQTL5D.2","5D","Fungal resistance","Leaf rust (Puccinia triticina)","Fungal resistance","41.8–44.9",41.8,44.9,"cM","all values < 1000 -> cM",NA,"https://acsess.onlinelibrary.wiley.com/doi/full/10.1002/tpg2.20185","MQTL_all traitsV3.0_final",FALSE
"M02123","MQTL6A.1","6A","Fungal resistance","Leaf rust (Puccinia triticina)","Fungal resistance","13.3–17.8",13.3,17.8,"cM","all values < 1000 -> cM",NA,"https://acsess.onlinelibrary.wiley.com/doi/full/10.1002/tpg2.20185","MQTL_all traitsV3.0_final",FALSE
"M02124","MQTL6A.2","6A","Fungal resistance","Leaf rust (Puccinia triticina)","Fungal resistance","30.9–36.1",30.9,36.1,"cM","all values < 1000 -> cM",NA,"https://acsess.onlinelibrary.wiley.com/doi/full/10.1002/tpg2.20185","MQTL_all traitsV3.0_final",FALSE
"M02125","MQTL6A.3","6A","Fungal resistance","Leaf rust (Puccinia triticina)","Fungal resistance","44.2–52.1",44.2,52.1,"cM","all values < 1000 -> cM",NA,"https://acsess.onlinelibrary.wiley.com/doi/full/10.1002/tpg2.20185","MQTL_all traitsV3.0_final",FALSE
"M02126","MQTL6B.1","6B","Fungal resistance","Leaf rust (Puccinia triticina)","Fungal resistance","6.3–7.1",6.3,7.1,"cM","all values < 1000 -> cM",NA,"https://acsess.onlinelibrary.wiley.com/doi/full/10.1002/tpg2.20185","MQTL_all traitsV3.0_final",FALSE
"M02127","MQTL6B.2","6B","Fungal resistance","Leaf rust (Puccinia triticina)","Fungal resistance","14.2–25.1",14.2,25.1,"cM","all values < 1000 -> cM",NA,"https://acsess.onlinelibrary.wiley.com/doi/full/10.1002/tpg2.20185","MQTL_all traitsV3.0_final",FALSE
"M02128","MQTL6B.3","6B","Fungal resistance","Leaf rust (Puccinia triticina)","Fungal resistance","40.5–48.5",40.5,48.5,"cM","all values < 1000 -> cM",NA,"https://acsess.onlinelibrary.wiley.com/doi/full/10.1002/tpg2.20185","MQTL_all traitsV3.0_final",FALSE
"M02129","MQTL6B.4","6B","Fungal resistance","Leaf rust (Puccinia triticina)","Fungal resistance","70.3–72.2",70.3,72.2,"cM","all values < 1000 -> cM",NA,"https://acsess.onlinelibrary.wiley.com/doi/full/10.1002/tpg2.20185","MQTL_all traitsV3.0_final",FALSE
"M02130","MQTL6B.5","6B","Fungal resistance","Leaf rust (Puccinia triticina)","Fungal resistance","81.2–84.4",81.2,84.4,"cM","all values < 1000 -> cM",NA,"https://acsess.onlinelibrary.wiley.com/doi/full/10.1002/tpg2.20185","MQTL_all traitsV3.0_final",FALSE
"M02131","MQTL6B.6","6B","Fungal resistance","Leaf rust (Puccinia triticina)","Fungal resistance","105.9–106.4",105.9,106.4,"cM","all values < 1000 -> cM",NA,"https://acsess.onlinelibrary.wiley.com/doi/full/10.1002/tpg2.20185","MQTL_all traitsV3.0_final",FALSE
"M02132","MQTL7A.1","7A","Fungal resistance","Leaf rust (Puccinia triticina)","Fungal resistance","73.8–74.9",73.8,74.9,"cM","all values < 1000 -> cM",NA,"https://acsess.onlinelibrary.wiley.com/doi/full/10.1002/tpg2.20185","MQTL_all traitsV3.0_final",FALSE
"M02133","MQTL7A.2","7A","Fungal resistance","Leaf rust (Puccinia triticina)","Fungal resistance","80.0–93.9",80,93.9,"cM","all values < 1000 -> cM",NA,"https://acsess.onlinelibrary.wiley.com/doi/full/10.1002/tpg2.20185","MQTL_all traitsV3.0_final",FALSE
"M02134","MQTL7A.3","7A","Fungal resistance","Leaf rust (Puccinia triticina)","Fungal resistance","107.7–126.3",107.7,126.3,"cM","all values < 1000 -> cM",NA,"https://acsess.onlinelibrary.wiley.com/doi/full/10.1002/tpg2.20185","MQTL_all traitsV3.0_final",FALSE
"M02135","MQTL7B.1","7B","Fungal resistance","Leaf rust (Puccinia triticina)","Fungal resistance","73.0–76.8",73,76.8,"cM","all values < 1000 -> cM",NA,"https://acsess.onlinelibrary.wiley.com/doi/full/10.1002/tpg2.20185","MQTL_all traitsV3.0_final",FALSE
"M02136","MQTL7B.3","7B","Fungal resistance","Leaf rust (Puccinia triticina)","Fungal resistance","120.4–124.3",120.4,124.3,"cM","all values < 1000 -> cM",NA,"https://acsess.onlinelibrary.wiley.com/doi/full/10.1002/tpg2.20185","MQTL_all traitsV3.0_final",FALSE
"M02137","MQTL7D.1","7D","Fungal resistance","Leaf rust (Puccinia triticina)","Fungal resistance","25.4–26.2",25.4,26.2,"cM","all values < 1000 -> cM",NA,"https://acsess.onlinelibrary.wiley.com/doi/full/10.1002/tpg2.20185","MQTL_all traitsV3.0_final",FALSE
"M02138","MQTL7D.3","7D","Fungal resistance","Leaf rust (Puccinia triticina)","Fungal resistance","57.9–59.1",57.9,59.1,"cM","all values < 1000 -> cM",NA,"https://acsess.onlinelibrary.wiley.com/doi/full/10.1002/tpg2.20185","MQTL_all traitsV3.0_final",FALSE
"M02139","MQTL7D.4","7D","Fungal resistance","Leaf rust (Puccinia triticina)","Fungal resistance","137.7–159.5",137.7,159.5,"cM","all values < 1000 -> cM",NA,"https://acsess.onlinelibrary.wiley.com/doi/full/10.1002/tpg2.20185","MQTL_all traitsV3.0_final",FALSE
"M02140","MQTL1A.1","1A","Fungal resistance","Leaf rust (Puccinia triticina)","Fungal resistance","59.93–61.88",59.93,61.88,"cM","all values < 1000 -> cM",NA,"https://link.springer.com/article/10.1007/s00122-022-04119-7","MQTL_all traitsV3.0_final",FALSE
"M02141","MQTL1B.1","1B","Fungal resistance","Leaf rust (Puccinia triticina)","Fungal resistance","1.72–2.59",1.72,2.59,"cM","all values < 1000 -> cM",NA,"https://link.springer.com/article/10.1007/s00122-022-04119-7","MQTL_all traitsV3.0_final",FALSE
"M02142","MQTL1D.2","1D","Fungal resistance","Leaf rust (Puccinia triticina)","Fungal resistance","22.00–22.93",22,22.93,"cM","all values < 1000 -> cM",NA,"https://link.springer.com/article/10.1007/s00122-022-04119-7","MQTL_all traitsV3.0_final",FALSE
"M02143","MQTL1D.6","1D","Fungal resistance","Leaf rust (Puccinia triticina)","Fungal resistance","72.15–72.21",72.15,72.21,"cM","all values < 1000 -> cM",NA,"https://link.springer.com/article/10.1007/s00122-022-04119-7","MQTL_all traitsV3.0_final",FALSE
"M02144","MQTL2A.3","2A","Fungal resistance","Leaf rust (Puccinia triticina)","Fungal resistance","84.99–85.72",84.99,85.72,"cM","all values < 1000 -> cM",NA,"https://link.springer.com/article/10.1007/s00122-022-04119-7","MQTL_all traitsV3.0_final",FALSE
"M02145","MQTL2A.4","2A","Fungal resistance","Leaf rust (Puccinia triticina)","Fungal resistance","88.71–89.52",88.71,89.52,"cM","all values < 1000 -> cM",NA,"https://link.springer.com/article/10.1007/s00122-022-04119-7","MQTL_all traitsV3.0_final",FALSE
"M02146","MQTL2A.5","2A","Fungal resistance","Leaf rust (Puccinia triticina)","Fungal resistance","96.43–97.32",96.43,97.32,"cM","all values < 1000 -> cM",NA,"https://link.springer.com/article/10.1007/s00122-022-04119-7","MQTL_all traitsV3.0_final",FALSE
"M02147","MQTL2B.1","2B","Fungal resistance","Leaf rust (Puccinia triticina)","Fungal resistance","37.76–38.97",37.76,38.97,"cM","all values < 1000 -> cM",NA,"https://link.springer.com/article/10.1007/s00122-022-04119-7","MQTL_all traitsV3.0_final",FALSE
"M02148","MQTL2B.2","2B","Fungal resistance","Leaf rust (Puccinia triticina)","Fungal resistance","77.74–78.71",77.74,78.71,"cM","all values < 1000 -> cM",NA,"https://link.springer.com/article/10.1007/s00122-022-04119-7","MQTL_all traitsV3.0_final",FALSE
"M02149","MQTL2B.3","2B","Fungal resistance","Leaf rust (Puccinia triticina)","Fungal resistance","88.64–88.68",88.64,88.68,"cM","all values < 1000 -> cM",NA,"https://link.springer.com/article/10.1007/s00122-022-04119-7","MQTL_all traitsV3.0_final",FALSE
"M02150","MQTL2D.1","2D","Fungal resistance","Leaf rust (Puccinia triticina)","Fungal resistance","9.13–11.03",9.13,11.03,"cM","all values < 1000 -> cM",NA,"https://link.springer.com/article/10.1007/s00122-022-04119-7","MQTL_all traitsV3.0_final",FALSE
"M02151","MQTL2D.2","2D","Fungal resistance","Leaf rust (Puccinia triticina)","Fungal resistance","32.54–34.78",32.54,34.78,"cM","all values < 1000 -> cM",NA,"https://link.springer.com/article/10.1007/s00122-022-04119-7","MQTL_all traitsV3.0_final",FALSE
"M02152","MQTL3A.1","3A","Fungal resistance","Leaf rust (Puccinia triticina)","Fungal resistance","21.06–21.76",21.06,21.76,"cM","all values < 1000 -> cM",NA,"https://link.springer.com/article/10.1007/s00122-022-04119-7","MQTL_all traitsV3.0_final",FALSE
"M02153","MQTL3B.1","3B","Fungal resistance","Leaf rust (Puccinia triticina)","Fungal resistance","12.86–13.06",12.86,13.06,"cM","all values < 1000 -> cM",NA,"https://link.springer.com/article/10.1007/s00122-022-04119-7","MQTL_all traitsV3.0_final",FALSE
"M02154","MQTL3D.1","3D","Fungal resistance","Leaf rust (Puccinia triticina)","Fungal resistance","5.21–7.93",5.21,7.93,"cM","all values < 1000 -> cM",NA,"https://link.springer.com/article/10.1007/s00122-022-04119-7","MQTL_all traitsV3.0_final",FALSE
"M02155","MQTL4A.1","4A","Fungal resistance","Leaf rust (Puccinia triticina)","Fungal resistance","18.02–19.62",18.02,19.62,"cM","all values < 1000 -> cM",NA,"https://link.springer.com/article/10.1007/s00122-022-04119-7","MQTL_all traitsV3.0_final",FALSE
"M02156","MQTL4A.2","4A","Fungal resistance","Leaf rust (Puccinia triticina)","Fungal resistance","45.06–45.80",45.06,45.8,"cM","all values < 1000 -> cM",NA,"https://link.springer.com/article/10.1007/s00122-022-04119-7","MQTL_all traitsV3.0_final",FALSE
"M02157","MQTL5B.1","5B","Fungal resistance","Leaf rust (Puccinia triticina)","Fungal resistance","64.30–66.33",64.3,66.33,"cM","all values < 1000 -> cM",NA,"https://link.springer.com/article/10.1007/s00122-022-04119-7","MQTL_all traitsV3.0_final",FALSE
"M02158","MQTL5B.5","5B","Fungal resistance","Leaf rust (Puccinia triticina)","Fungal resistance","157.42–162.48",157.42,162.48,"cM","all values < 1000 -> cM",NA,"https://link.springer.com/article/10.1007/s00122-022-04119-7","MQTL_all traitsV3.0_final",FALSE
"M02159","MQTL5D.1","5D","Fungal resistance","Leaf rust (Puccinia triticina)","Fungal resistance","18.20–20.68",18.2,20.68,"cM","all values < 1000 -> cM",NA,"https://link.springer.com/article/10.1007/s00122-022-04119-7","MQTL_all traitsV3.0_final",FALSE
"M02160","MQTL5D.2","5D","Fungal resistance","Leaf rust (Puccinia triticina)","Fungal resistance","34.73–36.80",34.73,36.8,"cM","all values < 1000 -> cM",NA,"https://link.springer.com/article/10.1007/s00122-022-04119-7","MQTL_all traitsV3.0_final",FALSE
"M02161","MQTL6A.1","6A","Fungal resistance","Leaf rust (Puccinia triticina)","Fungal resistance","7.63–7.93",7.63,7.93,"cM","all values < 1000 -> cM",NA,"https://link.springer.com/article/10.1007/s00122-022-04119-7","MQTL_all traitsV3.0_final",FALSE
"M02162","MQTL6A.7","6A","Fungal resistance","Leaf rust (Puccinia triticina)","Fungal resistance","88.37–88.94",88.37,88.94,"cM","all values < 1000 -> cM",NA,"https://link.springer.com/article/10.1007/s00122-022-04119-7","MQTL_all traitsV3.0_final",FALSE
"M02163","MQTL6B.1","6B","Fungal resistance","Leaf rust (Puccinia triticina)","Fungal resistance","74.04–74.93",74.04,74.93,"cM","all values < 1000 -> cM",NA,"https://link.springer.com/article/10.1007/s00122-022-04119-7","MQTL_all traitsV3.0_final",FALSE
"M02164","MQTL7A.1","7A","Fungal resistance","Leaf rust (Puccinia triticina)","Fungal resistance","87.18–89.89",87.18,89.89,"cM","all values < 1000 -> cM",NA,"https://link.springer.com/article/10.1007/s00122-022-04119-7","MQTL_all traitsV3.0_final",FALSE
"M02165","MQTL7B.2","7B","Fungal resistance","Leaf rust (Puccinia triticina)","Fungal resistance","53.57–54.31",53.57,54.31,"cM","all values < 1000 -> cM",NA,"https://link.springer.com/article/10.1007/s00122-022-04119-7","MQTL_all traitsV3.0_final",FALSE
"M02166","MQTL7D.1","7D","Fungal resistance","Leaf rust (Puccinia triticina)","Fungal resistance","49.34–51.88",49.34,51.88,"cM","all values < 1000 -> cM",NA,"https://link.springer.com/article/10.1007/s00122-022-04119-7","MQTL_all traitsV3.0_final",FALSE
"M02167","MQTL7D.2","7D","Fungal resistance","Leaf rust (Puccinia triticina)","Fungal resistance","122.25–122.53",122.25,122.53,"cM","all values < 1000 -> cM",NA,"https://link.springer.com/article/10.1007/s00122-022-04119-7","MQTL_all traitsV3.0_final",FALSE
"M02168","MQTL1B.3","1B","Fungal resistance","Leaf rust (Puccinia triticina)","Fungal resistance","45.58–46.21",45.58,46.21,"cM","all values < 1000 -> cM",NA,"https://link.springer.com/article/10.1007/s00122-022-04119-7","MQTL_all traitsV3.0_final",FALSE
"M02169","MQTL1B.4","1B","Fungal resistance","Leaf rust (Puccinia triticina)","Fungal resistance","80.57–83.64",80.57,83.64,"cM","all values < 1000 -> cM",NA,"https://link.springer.com/article/10.1007/s00122-022-04119-7","MQTL_all traitsV3.0_final",FALSE
"M02172","MQTL2D.3","2D","Fungal resistance","Leaf rust (Puccinia triticina)","Fungal resistance","47.86–48.34",47.86,48.34,"cM","all values < 1000 -> cM",NA,"https://link.springer.com/article/10.1007/s00122-022-04119-7","MQTL_all traitsV3.0_final",FALSE
"M02173","MQTL3A.3","3A","Fungal resistance","Leaf rust (Puccinia triticina)","Fungal resistance","89.72–90.21",89.72,90.21,"cM","all values < 1000 -> cM",NA,"https://link.springer.com/article/10.1007/s00122-022-04119-7","MQTL_all traitsV3.0_final",FALSE
"M02174","MQTL3D.2","3D","Fungal resistance","Leaf rust (Puccinia triticina)","Fungal resistance","49.98–50.21",49.98,50.21,"cM","all values < 1000 -> cM",NA,"https://link.springer.com/article/10.1007/s00122-022-04119-7","MQTL_all traitsV3.0_final",FALSE
"M02175","MQTL4B.1","4B","Fungal resistance","Leaf rust (Puccinia triticina)","Fungal resistance","30.55–32.29",30.55,32.29,"cM","all values < 1000 -> cM",NA,"https://link.springer.com/article/10.1007/s00122-022-04119-7","MQTL_all traitsV3.0_final",FALSE
"M02176","MQTL4B.2","4B","Fungal resistance","Leaf rust (Puccinia triticina)","Fungal resistance","38.96–39.60",38.96,39.6,"cM","all values < 1000 -> cM",NA,"https://link.springer.com/article/10.1007/s00122-022-04119-7","MQTL_all traitsV3.0_final",FALSE
"M02177","MQTL5B.3","5B","Fungal resistance","Leaf rust (Puccinia triticina)","Fungal resistance","101.08–103.06",101.08,103.06,"cM","all values < 1000 -> cM",NA,"https://link.springer.com/article/10.1007/s00122-022-04119-7","MQTL_all traitsV3.0_final",FALSE
"M02178","MQTL 5B.4","5B","Fungal resistance","Leaf rust (Puccinia triticina)","Fungal resistance","129.34–130.98",129.34,130.98,"cM","all values < 1000 -> cM",NA,"https://link.springer.com/article/10.1007/s00122-022-04119-7","MQTL_all traitsV3.0_final",FALSE
"M02179","MQTL 5B.6","5B","Fungal resistance","Leaf rust (Puccinia triticina)","Fungal resistance","197.53–198.09",197.53,198.09,"cM","all values < 1000 -> cM",NA,"https://link.springer.com/article/10.1007/s00122-022-04119-7","MQTL_all traitsV3.0_final",FALSE
"M02180","MQTL6B.2","6B","Fungal resistance","Leaf rust (Puccinia triticina)","Fungal resistance","287.60–287.64",287.6,287.64,"cM","all values < 1000 -> cM",NA,"https://link.springer.com/article/10.1007/s00122-022-04119-7","MQTL_all traitsV3.0_final",FALSE
"M02181","MQTL7B.3","7B","Fungal resistance","Leaf rust (Puccinia triticina)","Fungal resistance","70.00–71.53",70,71.53,"cM","all values < 1000 -> cM",NA,"https://link.springer.com/article/10.1007/s00122-022-04119-7","MQTL_all traitsV3.0_final",FALSE
"M02182","MQTL1D.1","1D","Fungal resistance","Leaf rust (Puccinia triticina)","Fungal resistance","7.16–8.09",7.16,8.09,"cM","all values < 1000 -> cM",NA,"https://link.springer.com/article/10.1007/s00122-022-04119-7","MQTL_all traitsV3.0_final",FALSE
"M02183","MQTL1D.3","1D","Fungal resistance","Leaf rust (Puccinia triticina)","Fungal resistance","25.80–25.84",25.8,25.84,"cM","all values < 1000 -> cM",NA,"https://link.springer.com/article/10.1007/s00122-022-04119-7","MQTL_all traitsV3.0_final",FALSE
"M02184","MQTL1D.5","1D","Fungal resistance","Leaf rust (Puccinia triticina)","Fungal resistance","46.10–47.46",46.1,47.46,"cM","all values < 1000 -> cM",NA,"https://link.springer.com/article/10.1007/s00122-022-04119-7","MQTL_all traitsV3.0_final",FALSE
"M02185","MQTL3A.2","3A","Fungal resistance","Leaf rust (Puccinia triticina)","Fungal resistance","68.62–69.56",68.62,69.56,"cM","all values < 1000 -> cM",NA,"https://link.springer.com/article/10.1007/s00122-022-04119-7","MQTL_all traitsV3.0_final",FALSE
"M02186","MQTL4B.5","4B","Fungal resistance","Leaf rust (Puccinia triticina)","Fungal resistance","67.24–67.72",67.24,67.72,"cM","all values < 1000 -> cM",NA,"https://link.springer.com/article/10.1007/s00122-022-04119-7","MQTL_all traitsV3.0_final",FALSE
"M02187","MQTL5A.1","5A","Fungal resistance","Leaf rust (Puccinia triticina)","Fungal resistance","69.56–71.38",69.56,71.38,"cM","all values < 1000 -> cM",NA,"https://link.springer.com/article/10.1007/s00122-022-04119-7","MQTL_all traitsV3.0_final",FALSE
"M02188","MQTL5D.3","5D","Fungal resistance","Leaf rust (Puccinia triticina)","Fungal resistance","93.03–99.12",93.03,99.12,"cM","all values < 1000 -> cM",NA,"https://link.springer.com/article/10.1007/s00122-022-04119-7","MQTL_all traitsV3.0_final",FALSE
"M02189","MQTL7A.2","7A","Fungal resistance","Leaf rust (Puccinia triticina)","Fungal resistance","109.84–111.93",109.84,111.93,"cM","all values < 1000 -> cM",NA,"https://link.springer.com/article/10.1007/s00122-022-04119-7","MQTL_all traitsV3.0_final",FALSE
"M02190","MQTL1A.2","1A","Fungal resistance","Stem rust (Puccinia graminis)","Fungal resistance","78.79–79.24",78.79,79.24,"cM","all values < 1000 -> cM",NA,"https://link.springer.com/article/10.1007/s00122-022-04119-7","MQTL_all traitsV3.0_final",FALSE
"M02191","MQTL 1A.4","1A","Fungal resistance","Stem rust (Puccinia graminis)","Fungal resistance","151.43–151.91",151.43,151.91,"cM","all values < 1000 -> cM",NA,"https://link.springer.com/article/10.1007/s00122-022-04119-7","MQTL_all traitsV3.0_final",FALSE
"M02192","MQTL1B.2","1B","Fungal resistance","Stem rust (Puccinia graminis)","Fungal resistance","31.19–32.10",31.19,32.1,"cM","all values < 1000 -> cM",NA,"https://link.springer.com/article/10.1007/s00122-022-04119-7","MQTL_all traitsV3.0_final",FALSE
"M02193","MQTL2A.2","2A","Fungal resistance","Stem rust (Puccinia graminis)","Fungal resistance","58.97–59.63",58.97,59.63,"cM","all values < 1000 -> cM",NA,"https://link.springer.com/article/10.1007/s00122-022-04119-7","MQTL_all traitsV3.0_final",FALSE
"M02194","MQTL2A.6","2A","Fungal resistance","Stem rust (Puccinia graminis)","Fungal resistance","114.15–114.78",114.15,114.78,"cM","all values < 1000 -> cM",NA,"https://link.springer.com/article/10.1007/s00122-022-04119-7","MQTL_all traitsV3.0_final",FALSE
"M02195","MQTL2B.4","2B","Fungal resistance","Stem rust (Puccinia graminis)","Fungal resistance","103.74–104.30",103.74,104.3,"cM","all values < 1000 -> cM",NA,"https://link.springer.com/article/10.1007/s00122-022-04119-7","MQTL_all traitsV3.0_final",FALSE
"M02196","MQTL2B.5","2B","Fungal resistance","Stem rust (Puccinia graminis)","Fungal resistance","156.51–156.65",156.51,156.65,"cM","all values < 1000 -> cM",NA,"https://link.springer.com/article/10.1007/s00122-022-04119-7","MQTL_all traitsV3.0_final",FALSE
"M02197","MQTL3B.2","3B","Fungal resistance","Stem rust (Puccinia graminis)","Fungal resistance","31.59–32.53",31.59,32.53,"cM","all values < 1000 -> cM",NA,"https://link.springer.com/article/10.1007/s00122-022-04119-7","MQTL_all traitsV3.0_final",FALSE
"M02198","MQTL3B.3","3B","Fungal resistance","Stem rust (Puccinia graminis)","Fungal resistance","41.10–42.01",41.1,42.01,"cM","all values < 1000 -> cM",NA,"https://link.springer.com/article/10.1007/s00122-022-04119-7","MQTL_all traitsV3.0_final",FALSE
"M02199","MQTL4A.3","4A","Fungal resistance","Stem rust (Puccinia graminis)","Fungal resistance","145.29–146.34",145.29,146.34,"cM","all values < 1000 -> cM",NA,"https://link.springer.com/article/10.1007/s00122-022-04119-7","MQTL_all traitsV3.0_final",FALSE
"M02200","MQTL4B.4","4B","Fungal resistance","Stem rust (Puccinia graminis)","Fungal resistance","54.62–56.53",54.62,56.53,"cM","all values < 1000 -> cM",NA,"https://link.springer.com/article/10.1007/s00122-022-04119-7","MQTL_all traitsV3.0_final",FALSE
"M02201","MQTL4B.8","4B","Fungal resistance","Stem rust (Puccinia graminis)","Fungal resistance","110.18–112.18",110.18,112.18,"cM","all values < 1000 -> cM",NA,"https://link.springer.com/article/10.1007/s00122-022-04119-7","MQTL_all traitsV3.0_final",FALSE
"M02202","MQTL4D.1","4D","Fungal resistance","Stem rust (Puccinia graminis)","Fungal resistance","0.03–0.05",0.03,0.05,"cM","all values < 1000 -> cM",NA,"https://link.springer.com/article/10.1007/s00122-022-04119-7","MQTL_all traitsV3.0_final",FALSE
"M02203","MQTL5B.2","5B","Fungal resistance","Stem rust (Puccinia graminis)","Fungal resistance","72.67–74.58",72.67,74.58,"cM","all values < 1000 -> cM",NA,"https://link.springer.com/article/10.1007/s00122-022-04119-7","MQTL_all traitsV3.0_final",FALSE
"M02204","MQTL6A.3","6A","Fungal resistance","Stem rust (Puccinia graminis)","Fungal resistance","11.14–11.76",11.14,11.76,"cM","all values < 1000 -> cM",NA,"https://link.springer.com/article/10.1007/s00122-022-04119-7","MQTL_all traitsV3.0_final",FALSE
"M02205","MQTL6A.4","6A","Fungal resistance","Stem rust (Puccinia graminis)","Fungal resistance","23.33–24.19",23.33,24.19,"cM","all values < 1000 -> cM",NA,"https://link.springer.com/article/10.1007/s00122-022-04119-7","MQTL_all traitsV3.0_final",FALSE
"M02206","MQTL6A.5","6A","Fungal resistance","Stem rust (Puccinia graminis)","Fungal resistance","36.545–37.09",36.545,37.09,"cM","all values < 1000 -> cM",NA,"https://link.springer.com/article/10.1007/s00122-022-04119-7","MQTL_all traitsV3.0_final",FALSE
"M02207","MQTL6A.6","6A","Fungal resistance","Stem rust (Puccinia graminis)","Fungal resistance","47.76–48.67",47.76,48.67,"cM","all values < 1000 -> cM",NA,"https://link.springer.com/article/10.1007/s00122-022-04119-7","MQTL_all traitsV3.0_final",FALSE
"M02208","MQTL6A.8","6A","Fungal resistance","Stem rust (Puccinia graminis)","Fungal resistance","116.48–118.32",116.48,118.32,"cM","all values < 1000 -> cM",NA,"https://link.springer.com/article/10.1007/s00122-022-04119-7","MQTL_all traitsV3.0_final",FALSE
"M02209","MQTL7B.1","7B","Fungal resistance","Stem rust (Puccinia graminis)","Fungal resistance","44.85–44.22",44.22,44.85,"cM","all values < 1000 -> cM",NA,"https://link.springer.com/article/10.1007/s00122-022-04119-7","MQTL_all traitsV3.0_final",FALSE
"M02210","MQTL7B.4","7B","Fungal resistance","Stem rust (Puccinia graminis)","Fungal resistance","138.35–152.65",138.35,152.65,"cM","all values < 1000 -> cM",NA,"https://link.springer.com/article/10.1007/s00122-022-04119-7","MQTL_all traitsV3.0_final",FALSE
"M02211","MQTL1-1A/2","1A","Fungal resistance","Spot blotch resistance (Bipolaris sorokiniana)","Fungal resistance","73.8/57.8",57.8,73.8,"cM","all values < 1000 -> cM",NA,"https://www.nature.com/articles/s41598-024-63924-w","MQTL_all traitsV3.0_final",FALSE
"M02212","MQTL2-1B/2","1B","Fungal resistance","Spot blotch resistance (Bipolaris sorokiniana)","Fungal resistance","1.2/1.5",1.2,1.5,"cM","all values < 1000 -> cM",NA,"https://www.nature.com/articles/s41598-024-63924-w","MQTL_all traitsV3.0_final",FALSE
"M02213","MQTL3-1B/17","1B","Fungal resistance","Spot blotch resistance (Bipolaris sorokiniana)","Fungal resistance","97.2/10.0",10,97.2,"cM","all values < 1000 -> cM",NA,"https://www.nature.com/articles/s41598-024-63924-w","MQTL_all traitsV3.0_final",FALSE
"M02214","MQTL5-2A/8","2A","Fungal resistance","Spot blotch resistance (Bipolaris sorokiniana)","Fungal resistance","52.3/2.4",2.4,52.3,"cM","all values < 1000 -> cM",NA,"https://www.nature.com/articles/s41598-024-63924-w","MQTL_all traitsV3.0_final",FALSE
"M02215","MQTL6-2D/3","2D","Fungal resistance","Spot blotch resistance (Bipolaris sorokiniana)","Fungal resistance","85.5/8.3",8.3,85.5,"cM","all values < 1000 -> cM",NA,"https://www.nature.com/articles/s41598-024-63924-w","MQTL_all traitsV3.0_final",FALSE
"M02216","MQTL7-4B/5","4B","Fungal resistance","Spot blotch resistance (Bipolaris sorokiniana)","Fungal resistance","71.8/4.6",4.6,71.8,"cM","all values < 1000 -> cM",NA,"https://www.nature.com/articles/s41598-024-63924-w","MQTL_all traitsV3.0_final",FALSE
"M02217","MQTL8-5A/8","5A","Fungal resistance","Spot blotch resistance (Bipolaris sorokiniana)","Fungal resistance","86.8/3.6",3.6,86.8,"cM","all values < 1000 -> cM",NA,"https://www.nature.com/articles/s41598-024-63924-w","MQTL_all traitsV3.0_final",FALSE
"M02218","MQTL11-5B/2","5B","Fungal resistance","Spot blotch resistance (Bipolaris sorokiniana)","Fungal resistance","303.3/20.7",20.7,303.3,"cM","all values < 1000 -> cM",NA,"https://www.nature.com/articles/s41598-024-63924-w","MQTL_all traitsV3.0_final",FALSE
"M02219","MQTL12-6A/2","6A","Fungal resistance","Spot blotch resistance (Bipolaris sorokiniana)","Fungal resistance","22.7/10.3",10.3,22.7,"cM","all values < 1000 -> cM",NA,"https://www.nature.com/articles/s41598-024-63924-w","MQTL_all traitsV3.0_final",FALSE
"M02220","MQTL13-6A/2","6A","Fungal resistance","Spot blotch resistance (Bipolaris sorokiniana)","Fungal resistance","61.5/36.1",36.1,61.5,"cM","all values < 1000 -> cM",NA,"https://www.nature.com/articles/s41598-024-63924-w","MQTL_all traitsV3.0_final",FALSE
"M02221","MQTL15-7B/2","7B","Fungal resistance","Spot blotch resistance (Bipolaris sorokiniana)","Fungal resistance","43.2/1.8",1.8,43.2,"cM","all values < 1000 -> cM",NA,"https://www.nature.com/articles/s41598-024-63924-w","MQTL_all traitsV3.0_final",FALSE
"M02222","MQTL16-7D/2","7D","Fungal resistance","Spot blotch resistance (Bipolaris sorokiniana)","Fungal resistance","37.9/38.7",37.9,38.7,"cM","all values < 1000 -> cM",NA,"https://www.nature.com/articles/s41598-024-63924-w","MQTL_all traitsV3.0_final",FALSE
"M02223","MQTL7B.1","7B","Fungal resistance","Spot blotch resistance (Bipolaris sorokiniana)","Fungal resistance","19.7-19.74",19.7,19.74,"cM","all values < 1000 -> cM",NA,"https://link.springer.com/article/10.1007/s11032-022-01282-z","MQTL_all traitsV3.0_final",FALSE
"M02224","MQTL4B.4","4B","Fungal resistance","Spot blotch resistance (Bipolaris sorokiniana)","Fungal resistance","141.19-141.35",141.19,141.35,"cM","all values < 1000 -> cM",NA,"https://link.springer.com/article/10.1007/s11032-022-01282-z","MQTL_all traitsV3.0_final",FALSE
"M02225","MQTL2B.3","2B","Water logging","Root number (RN), Plant height (PH), Maximum root length (MRL), Root fresh weight (RFW), Lodging (LDG)","Abiotic stress","58.535-58.585",58.535,58.585,"cM","all values < 1000 -> cM","https://doi.org/10.1016/j.eja.2023.127073",NA,"MQTL_all traitsV3.0_final",FALSE
"M02226","MQTL2D.3","2D","Water logging","Plant height (PH), Total root volume (TVB), Shoot dry weight (SD), Root diameter (RD), Maximum root length (MRL), Total root surface area (TRSA)","Abiotic stress","18.37-20.51",18.37,20.51,"cM","all values < 1000 -> cM","https://doi.org/10.1016/j.eja.2023.127073",NA,"MQTL_all traitsV3.0_final",FALSE
"M02227","MQTL2D.4","2D","Water logging","RDW, Total root volume (TRV), Shoot area of surface architecture (SASA), Total root surface area (TRSA), Shoot area volume (SAVol), Plant height (PH), Specific root area (SRA)","Abiotic stress","28.025-31.355",28.025,31.355,"cM","all values < 1000 -> cM","https://doi.org/10.1016/j.eja.2023.127073",NA,"MQTL_all traitsV3.0_final",FALSE
"M02228","MQTL3D.1","3D","Water logging","SDW, Plant height (PH)","Abiotic stress","36.665-36.975",36.665,36.975,"cM","all values < 1000 -> cM","https://doi.org/10.1016/j.eja.2023.127073",NA,"MQTL_all traitsV3.0_final",FALSE
"M02229","MQTL4B.1","4B","Water logging","Plant height (PH), Total root volume (TRV), Upper internode length (UIL), Lodging (LDG)","Abiotic stress","10.625-10.995",10.625,10.995,"cM","all values < 1000 -> cM","https://doi.org/10.1016/j.eja.2023.127073",NA,"MQTL_all traitsV3.0_final",FALSE
"M02230","MQTL4B.3","4B","Water logging","Root number (RN), Plant height (PH), Lodging (LDG), SDW","Abiotic stress","33.22-33.22",33.22,33.22,"cM","all values < 1000 -> cM","https://doi.org/10.1016/j.eja.2023.127073",NA,"MQTL_all traitsV3.0_final",FALSE
"M02231","MQTL4D.2","4D","Water logging","Plant height (PH), RDW, Lodging (LDG), Shoot area of surface architecture (SASA), Total root surface area (TRSA), Total root volume (TRV), Internode length below spike (ILBS), Total root length (TRL), Root tip number (RTN), Root/shoot ratio (R/S), SDW, Shoot area length (SAL), Root system size (RRS)","Abiotic stress","52.825-52.955",52.825,52.955,"cM","all values < 1000 -> cM","https://doi.org/10.1016/j.eja.2023.127073",NA,"MQTL_all traitsV3.0_final",FALSE
"M02232","MQTL4D.3","4D","Water logging","Lodging (LDG), Plant height (PH), Maximum root length (MRL), Total root volume (TRV), Root tip number (RTN), Total root surface area (TRSA), Total root length (TRL)","Abiotic stress","76.245-76.775",76.245,76.775,"cM","all values < 1000 -> cM","https://doi.org/10.1016/j.eja.2023.127073",NA,"MQTL_all traitsV3.0_final",FALSE
"M02233","MQTL5A.2","5A","Water logging","Plant height (PH), Total root length (TRL), Upper internode length (UIL), Flag leaf length (FLL), Flag leaf area (FLA), Flag leaf width (FLW)","Abiotic stress","20.125-20.215",20.125,20.215,"cM","all values < 1000 -> cM","https://doi.org/10.1016/j.eja.2023.127073",NA,"MQTL_all traitsV3.0_final",FALSE
"M02234","MQTL5B.2","5B","Water logging","Total root volume (TRV), Maximum root length (MRL), Plant height (PH), Total root surface area (TRSA), RDW, Total root length (TRL), Shoot fresh weight (SFW)","Abiotic stress","14.77-14.93",14.77,14.93,"cM","all values < 1000 -> cM","https://doi.org/10.1016/j.eja.2023.127073",NA,"MQTL_all traitsV3.0_final",FALSE
"M02235","MQTL5B.5","5B","Water logging","Plant height (PH), Spikelet volume (SLVol), Specific root area (SRA), Spikelet length (SLL), Total root length (TRL), Spikelet surface area (SLSA), Root diameter (RD)","Abiotic stress","56.03-56.79",56.03,56.79,"cM","all values < 1000 -> cM","https://doi.org/10.1016/j.eja.2023.127073",NA,"MQTL_all traitsV3.0_final",FALSE
"M02236","MQTL5D.1","5D","Water logging","Total root volume (TVB), Leaf vascular bundle (LVB), Plant height (PH), Total root length (TRL), Spike vascular bundle (SVB)","Abiotic stress","61.675-64.385",61.675,64.385,"cM","all values < 1000 -> cM","https://doi.org/10.1016/j.eja.2023.127073",NA,"MQTL_all traitsV3.0_final",FALSE
"M02237","MQTL1A.1","1A","Fungal resistance","Powdery mildew resistance","Fungal resistance","22.98–31.79",22.98,31.79,"cM","all values < 1000 -> cM",NA,"https://www.frontiersin.org/journals/plant-science/articles/10.3389/fpls.2024.1386494/full","MQTL_all traitsV3.0_final",FALSE
"M02238","MQTL1A.2","1A","Fungal resistance","Powdery mildew resistance","Fungal resistance","34.78–36.40",34.78,36.4,"cM","all values < 1000 -> cM",NA,"https://www.frontiersin.org/journals/plant-science/articles/10.3389/fpls.2024.1386494/full","MQTL_all traitsV3.0_final",FALSE
"M02239","MQTL1A.3","1A","Fungal resistance","Powdery mildew resistance","Fungal resistance","47.98–48.48",47.98,48.48,"cM","all values < 1000 -> cM",NA,"https://www.frontiersin.org/journals/plant-science/articles/10.3389/fpls.2024.1386494/full","MQTL_all traitsV3.0_final",FALSE
"M02240","MQTL1A.4","1A","Fungal resistance","Powdery mildew resistance","Fungal resistance","52.52–52.95",52.52,52.95,"cM","all values < 1000 -> cM",NA,"https://www.frontiersin.org/journals/plant-science/articles/10.3389/fpls.2024.1386494/full","MQTL_all traitsV3.0_final",FALSE
"M02241","MQTL1B.3","1B","Fungal resistance","Powdery mildew resistance","Fungal resistance","453.80–457.71",453.8,457.71,"cM","all values < 1000 -> cM",NA,"https://www.frontiersin.org/journals/plant-science/articles/10.3389/fpls.2024.1386494/full","MQTL_all traitsV3.0_final",FALSE
"M02242","MQTL2A.1","2A","Fungal resistance","Powdery mildew resistance","Fungal resistance","48.58–49.92",48.58,49.92,"cM","all values < 1000 -> cM",NA,"https://www.frontiersin.org/journals/plant-science/articles/10.3389/fpls.2024.1386494/full","MQTL_all traitsV3.0_final",FALSE
"M02243","MQTL2A.2","2A","Fungal resistance","Powdery mildew resistance","Fungal resistance","99.84–127.98",99.84,127.98,"cM","all values < 1000 -> cM",NA,"https://www.frontiersin.org/journals/plant-science/articles/10.3389/fpls.2024.1386494/full","MQTL_all traitsV3.0_final",FALSE
"M02244","MQTL2A.3","2A","Fungal resistance","Powdery mildew resistance","Fungal resistance","123.95–125.73",123.95,125.73,"cM","all values < 1000 -> cM",NA,"https://www.frontiersin.org/journals/plant-science/articles/10.3389/fpls.2024.1386494/full","MQTL_all traitsV3.0_final",FALSE
"M02245","MQTL2B.1","2B","Fungal resistance","Powdery mildew resistance","Fungal resistance","60.15–60.64",60.15,60.64,"cM","all values < 1000 -> cM",NA,"https://www.frontiersin.org/journals/plant-science/articles/10.3389/fpls.2024.1386494/full","MQTL_all traitsV3.0_final",FALSE
"M02246","MQTL2B.2","2B","Fungal resistance","Powdery mildew resistance","Fungal resistance","75.00–76.60",75,76.6,"cM","all values < 1000 -> cM",NA,"https://www.frontiersin.org/journals/plant-science/articles/10.3389/fpls.2024.1386494/full","MQTL_all traitsV3.0_final",FALSE
"M02247","MQTL2D.1","2D","Fungal resistance","Powdery mildew resistance","Fungal resistance","36.69–36.99",36.69,36.99,"cM","all values < 1000 -> cM",NA,"https://www.frontiersin.org/journals/plant-science/articles/10.3389/fpls.2024.1386494/full","MQTL_all traitsV3.0_final",FALSE
"M02248","MQTL2D.2","2D","Fungal resistance","Powdery mildew resistance","Fungal resistance","59.33–72.83",59.33,72.83,"cM","all values < 1000 -> cM",NA,"https://www.frontiersin.org/journals/plant-science/articles/10.3389/fpls.2024.1386494/full","MQTL_all traitsV3.0_final",FALSE
"M02249","MQTL3A.1","3A","Fungal resistance","Powdery mildew resistance","Fungal resistance","81.10–82.26",81.1,82.26,"cM","all values < 1000 -> cM",NA,"https://www.frontiersin.org/journals/plant-science/articles/10.3389/fpls.2024.1386494/full","MQTL_all traitsV3.0_final",FALSE
"M02250","MQTL3B.1","3B","Fungal resistance","Powdery mildew resistance","Fungal resistance","135.66–141.90",135.66,141.9,"cM","all values < 1000 -> cM",NA,"https://www.frontiersin.org/journals/plant-science/articles/10.3389/fpls.2024.1386494/full","MQTL_all traitsV3.0_final",FALSE
"M02251","MQTL3B.2","3B","Fungal resistance","Powdery mildew resistance","Fungal resistance","151.83–164.03",151.83,164.03,"cM","all values < 1000 -> cM",NA,"https://www.frontiersin.org/journals/plant-science/articles/10.3389/fpls.2024.1386494/full","MQTL_all traitsV3.0_final",FALSE
"M02252","MQTL4A.1","4A","Fungal resistance","Powdery mildew resistance","Fungal resistance","61.37–64.45",61.37,64.45,"cM","all values < 1000 -> cM",NA,"https://www.frontiersin.org/journals/plant-science/articles/10.3389/fpls.2024.1386494/full","MQTL_all traitsV3.0_final",FALSE
"M02253","MQTL4A.2","4A","Fungal resistance","Powdery mildew resistance","Fungal resistance","94.16–97.93",94.16,97.93,"cM","all values < 1000 -> cM",NA,"https://www.frontiersin.org/journals/plant-science/articles/10.3389/fpls.2024.1386494/full","MQTL_all traitsV3.0_final",FALSE
"M02254","MQTL4A.3","4A","Fungal resistance","Powdery mildew resistance","Fungal resistance","105.34–115.46",105.34,115.46,"cM","all values < 1000 -> cM",NA,"https://www.frontiersin.org/journals/plant-science/articles/10.3389/fpls.2024.1386494/full","MQTL_all traitsV3.0_final",FALSE
"M02255","MQTL4D.1","4D","Fungal resistance","Powdery mildew resistance","Fungal resistance","70.41–71.53",70.41,71.53,"cM","all values < 1000 -> cM",NA,"https://www.frontiersin.org/journals/plant-science/articles/10.3389/fpls.2024.1386494/full","MQTL_all traitsV3.0_final",FALSE
"M02256","MQTL4D.2","4D","Fungal resistance","Powdery mildew resistance","Fungal resistance","71.20–84.14",71.2,84.14,"cM","all values < 1000 -> cM",NA,"https://www.frontiersin.org/journals/plant-science/articles/10.3389/fpls.2024.1386494/full","MQTL_all traitsV3.0_final",FALSE
"M02257","MQTL5A.1","5A","Fungal resistance","Powdery mildew resistance","Fungal resistance","480.00–483.36",480,483.36,"cM","all values < 1000 -> cM",NA,"https://www.frontiersin.org/journals/plant-science/articles/10.3389/fpls.2024.1386494/full","MQTL_all traitsV3.0_final",FALSE
"M02258","MQTL5A.2","5A","Fungal resistance","Powdery mildew resistance","Fungal resistance","492.41–499.97",492.41,499.97,"cM","all values < 1000 -> cM",NA,"https://www.frontiersin.org/journals/plant-science/articles/10.3389/fpls.2024.1386494/full","MQTL_all traitsV3.0_final",FALSE
"M02259","MQTL5B.1","5B","Fungal resistance","Powdery mildew resistance","Fungal resistance","35.23–37.58",35.23,37.58,"cM","all values < 1000 -> cM",NA,"https://www.frontiersin.org/journals/plant-science/articles/10.3389/fpls.2024.1386494/full","MQTL_all traitsV3.0_final",FALSE
"M02260","MQTL5B.2","5B","Fungal resistance","Powdery mildew resistance","Fungal resistance","44.17–44.56",44.17,44.56,"cM","all values < 1000 -> cM",NA,"https://www.frontiersin.org/journals/plant-science/articles/10.3389/fpls.2024.1386494/full","MQTL_all traitsV3.0_final",FALSE
"M02261","MQTL5D.1","5D","Fungal resistance","Powdery mildew resistance","Fungal resistance","32.86–49.95",32.86,49.95,"cM","all values < 1000 -> cM",NA,"https://www.frontiersin.org/journals/plant-science/articles/10.3389/fpls.2024.1386494/full","MQTL_all traitsV3.0_final",FALSE
"M02262","MQTL5D.2","5D","Fungal resistance","Powdery mildew resistance","Fungal resistance","60.92–62.68",60.92,62.68,"cM","all values < 1000 -> cM",NA,"https://www.frontiersin.org/journals/plant-science/articles/10.3389/fpls.2024.1386494/full","MQTL_all traitsV3.0_final",FALSE
"M02263","MQTL5D.3","5D","Fungal resistance","Powdery mildew resistance","Fungal resistance","63.03–64.55",63.03,64.55,"cM","all values < 1000 -> cM",NA,"https://www.frontiersin.org/journals/plant-science/articles/10.3389/fpls.2024.1386494/full","MQTL_all traitsV3.0_final",FALSE
"M02264","MQTL5D.4","5D","Fungal resistance","Powdery mildew resistance","Fungal resistance","67.63–67.69",67.63,67.69,"cM","all values < 1000 -> cM",NA,"https://www.frontiersin.org/journals/plant-science/articles/10.3389/fpls.2024.1386494/full","MQTL_all traitsV3.0_final",FALSE
"M02265","MQTL6A.1","6A","Fungal resistance","Powdery mildew resistance","Fungal resistance","84.49–88.52",84.49,88.52,"cM","all values < 1000 -> cM",NA,"https://www.frontiersin.org/journals/plant-science/articles/10.3389/fpls.2024.1386494/full","MQTL_all traitsV3.0_final",FALSE
"M02266","MQTL6A.2","6A","Fungal resistance","Powdery mildew resistance","Fungal resistance","180.11–184.49",180.11,184.49,"cM","all values < 1000 -> cM",NA,"https://www.frontiersin.org/journals/plant-science/articles/10.3389/fpls.2024.1386494/full","MQTL_all traitsV3.0_final",FALSE
"M02267","MQTL7A.1","7A","Fungal resistance","Powdery mildew resistance","Fungal resistance","464.72–472.43",464.72,472.43,"cM","all values < 1000 -> cM",NA,"https://www.frontiersin.org/journals/plant-science/articles/10.3389/fpls.2024.1386494/full","MQTL_all traitsV3.0_final",FALSE
"M02268","MQTL7A.2","7A","Fungal resistance","Powdery mildew resistance","Fungal resistance","476.97–480.91",476.97,480.91,"cM","all values < 1000 -> cM",NA,"https://www.frontiersin.org/journals/plant-science/articles/10.3389/fpls.2024.1386494/full","MQTL_all traitsV3.0_final",FALSE
"M02269","MQTL7A.3","7A","Fungal resistance","Powdery mildew resistance","Fungal resistance","483.13–484.00",483.13,484,"cM","all values < 1000 -> cM",NA,"https://www.frontiersin.org/journals/plant-science/articles/10.3389/fpls.2024.1386494/full","MQTL_all traitsV3.0_final",FALSE
"M02270","MQTL7B.1","7B","Fungal resistance","Powdery mildew resistance","Fungal resistance","136.90–137.95",136.9,137.95,"cM","all values < 1000 -> cM",NA,"https://www.frontiersin.org/journals/plant-science/articles/10.3389/fpls.2024.1386494/full","MQTL_all traitsV3.0_final",FALSE
"M02271","MQTL7B.2","7B","Fungal resistance","Powdery mildew resistance","Fungal resistance","177.03–179.95",177.03,179.95,"cM","all values < 1000 -> cM",NA,"https://www.frontiersin.org/journals/plant-science/articles/10.3389/fpls.2024.1386494/full","MQTL_all traitsV3.0_final",FALSE
"M02272","MQTL7D.1","7D","Fungal resistance","Powdery mildew resistance","Fungal resistance","19.39–29.83",19.39,29.83,"cM","all values < 1000 -> cM",NA,"https://www.frontiersin.org/journals/plant-science/articles/10.3389/fpls.2024.1386494/full","MQTL_all traitsV3.0_final",FALSE
"M02273","MQTL7D.2","7D","Fungal resistance","Powdery mildew resistance","Fungal resistance","41.02–41.93",41.02,41.93,"cM","all values < 1000 -> cM",NA,"https://www.frontiersin.org/journals/plant-science/articles/10.3389/fpls.2024.1386494/full","MQTL_all traitsV3.0_final",FALSE
"M02274","MQTL7D.3","7D","Fungal resistance","Powdery mildew resistance","Fungal resistance","55.57–57.52",55.57,57.52,"cM","all values < 1000 -> cM",NA,"https://www.frontiersin.org/journals/plant-science/articles/10.3389/fpls.2024.1386494/full","MQTL_all traitsV3.0_final",FALSE
"M02275","MQTL7D.4","7D","Fungal resistance","Powdery mildew resistance","Fungal resistance","65.11–75.13",65.11,75.13,"cM","all values < 1000 -> cM",NA,"https://www.frontiersin.org/journals/plant-science/articles/10.3389/fpls.2024.1386494/full","MQTL_all traitsV3.0_final",FALSE
"M02276","Root_MQTL_1","1A","Root Dry Weight, Primary Root Volume,Lateral Root Length, Root Volume",NA,"Other","48",48,48,"cM","all values < 1000 -> cM",NA,"https://www.nature.com/articles/s41598-019-47038-2","MQTL_all traitsV3.0_final",FALSE
"M02277","Root_MQTL_2","1A","Total Root Length, Root Hair Length, Specific Root Area, Total Number of Root Tips, Lateral Root Length or Number, Root Volume, Maximum Root Length",NA,"Other","66.3",66.3,66.3,"cM","all values < 1000 -> cM",NA,"https://www.nature.com/articles/s41598-019-47038-2","MQTL_all traitsV3.0_final",FALSE
"M02278","Root_MQTL_3","1A","Root Dry Weight, Root Fresh Weight, Crown Root Number, Total Root Length",NA,"Other","89.2",89.2,89.2,"cM","all values < 1000 -> cM",NA,"https://www.nature.com/articles/s41598-019-47038-2","MQTL_all traitsV3.0_final",FALSE
"M02279","Root_MQTL_4","1A","Root Dry Weight, Total Root Length",NA,"Other","99.2",99.2,99.2,"cM","all values < 1000 -> cM",NA,"https://www.nature.com/articles/s41598-019-47038-2","MQTL_all traitsV3.0_final",FALSE
"M02280","Root_MQTL_5","1A","Root Average Height, Number of Crown Roots, Root-to-Shoot Ratio, Lateral Root Length, Root Volume, Root Dry Weight, Total Root Length",NA,"Other","106.2",106.2,106.2,"cM","all values < 1000 -> cM",NA,"https://www.nature.com/articles/s41598-019-47038-2","MQTL_all traitsV3.0_final",FALSE
"M02281","Root_MQTL_6","1A","Total Root Length",NA,"Other","121.3",121.3,121.3,"cM","all values < 1000 -> cM",NA,"https://www.nature.com/articles/s41598-019-47038-2","MQTL_all traitsV3.0_final",FALSE
"M02282","Root_MQTL_7","1B","Root Volume, Root-to-Shoot Ratio, Total Root Length, Biomass Weight Shoot + Dry Weight, Total Number of Root Tips, Specific Root Area, Aboveground Shoot Dry Weight, Root Dry Weight",NA,"Other","27.2",27.2,27.2,"cM","all values < 1000 -> cM",NA,"https://www.nature.com/articles/s41598-019-47038-2","MQTL_all traitsV3.0_final",FALSE
"M02283","Root_MQTL_8","1B","Average Crown Root Thickness Total Root Length, Specific Root Area, Average Root Number, Root Phosphorus Use Efficiency, Root Phosphorus Content, Root Nitrogen Content, Root-to-Shoot Ratio, Root Potassium Content, Root Potassium Use Efficiency, Root Volume, Total Root Number",NA,"N-use efficiency","51.1",51.1,51.1,"cM","all values < 1000 -> cM",NA,"https://www.nature.com/articles/s41598-019-47038-2","MQTL_all traitsV3.0_final",FALSE
"M02284","Root_MQTL_9","1B","Root Dry Weight, Total Root Length, Total Number of Root Tips, Maximum Root Length",NA,"Other","73.8",73.8,73.8,"cM","all values < 1000 -> cM",NA,"https://www.nature.com/articles/s41598-019-47038-2","MQTL_all traitsV3.0_final",FALSE
"M02285","Root_MQTL_10","1B","Total Root Length, Average Root Length, Lateral Root Length, Root Dry Weight, Root Volume",NA,"Other","84.2",84.2,84.2,"cM","all values < 1000 -> cM",NA,"https://www.nature.com/articles/s41598-019-47038-2","MQTL_all traitsV3.0_final",FALSE
"M02286","Root_MQTL_11","1B","Lateral Root Length",NA,"Other","99.3",99.3,99.3,"cM","all values < 1000 -> cM",NA,"https://www.nature.com/articles/s41598-019-47038-2","MQTL_all traitsV3.0_final",FALSE
"M02287","Root_MQTL_12","1B","Deep Root Ratio, Total Root Length",NA,"Other","147.4",147.4,147.4,"cM","all values < 1000 -> cM",NA,"https://www.nature.com/articles/s41598-019-47038-2","MQTL_all traitsV3.0_final",FALSE
"M02288","Root_MQTL_13","1B","Total Root Branches, Root-to-Shoot Ratio",NA,"Other","187.1",187.1,187.1,"cM","all values < 1000 -> cM",NA,"https://www.nature.com/articles/s41598-019-47038-2","MQTL_all traitsV3.0_final",FALSE
"M02289","Root_MQTL_14","1D","Aboveground Shoot Dry Weight, Specific Root Area, Root Fresh Weight",NA,"Other","50",50,50,"cM","all values < 1000 -> cM",NA,"https://www.nature.com/articles/s41598-019-47038-2","MQTL_all traitsV3.0_final",FALSE
"M02290","Root_MQTL_15","1D","Root Dry Weight, Root-to-Shoot Ratio, Biomass Weight Shoot + Dry Weight",NA,"Other","87.7",87.7,87.7,"cM","all values < 1000 -> cM",NA,"https://www.nature.com/articles/s41598-019-47038-2","MQTL_all traitsV3.0_final",FALSE
"M02291","Root_MQTL_16","1D","Fine Root Kernel, Root Fresh Weight",NA,"Other","100.8",100.8,100.8,"cM","all values < 1000 -> cM",NA,"https://www.nature.com/articles/s41598-019-47038-2","MQTL_all traitsV3.0_final",FALSE
"M02292","Root_MQTL_17","2A","Total Root Number, Lateral Root Number, Lateral Root Length, Total Root Length, Total Number of Root Tips, Root Dry Weight, Root Surface Area",NA,"Other","47",47,47,"cM","all values < 1000 -> cM",NA,"https://www.nature.com/articles/s41598-019-47038-2","MQTL_all traitsV3.0_final",FALSE
"M02293","Root_MQTL_18","2A","Maximum Root Width, Root-to-Shoot Ratio, Root Volume, Total Root Length, Root-to-Plant Ratio, Specific Root Area, Total Number of Root Tips, Specific Root Weight, Root Thickness at 6 cm depth",NA,"Other","91.7",91.7,91.7,"cM","all values < 1000 -> cM",NA,"https://www.nature.com/articles/s41598-019-47038-2","MQTL_all traitsV3.0_final",FALSE
"M02294","Root_MQTL_19","2A","Total Root Length, Root Hair Length, Root Volume, Shoot-Root Number Ratio,Mean Root Length, Total Root Number",NA,"Other","99.6",99.6,99.6,"cM","all values < 1000 -> cM",NA,"https://www.nature.com/articles/s41598-019-47038-2","MQTL_all traitsV3.0_final",FALSE
"M02295","Root_MQTL_20","2A","Lateral Root Number, Root Volume, Root Dry Weight",NA,"Other","144.4",144.4,144.4,"cM","all values < 1000 -> cM",NA,"https://www.nature.com/articles/s41598-019-47038-2","MQTL_all traitsV3.0_final",FALSE
"M02296","Root_MQTL_21","2B","Total Root Number",NA,"Other","1.2",1.2,1.2,"cM","all values < 1000 -> cM",NA,"https://www.nature.com/articles/s41598-019-47038-2","MQTL_all traitsV3.0_final",FALSE
"M02297","Root_MQTL_22","2B","Root Average Height, Maximum Root Length, Primary Root Length, Root-to-Shoot Ratio, Total Root Length, Lateral Root Length, Root Fresh Weight, Primary Root Extension, Lateral Root Length or Number",NA,"Other","22.3",22.3,22.3,"cM","all values < 1000 -> cM",NA,"https://www.nature.com/articles/s41598-019-47038-2","MQTL_all traitsV3.0_final",FALSE
"M02298","Root_MQTL_23","2B","Total Root Length, Specific Root Area, Primary Root Length, Average Root Length",NA,"Other","30",30,30,"cM","all values < 1000 -> cM",NA,"https://www.nature.com/articles/s41598-019-47038-2","MQTL_all traitsV3.0_final",FALSE
"M02299","Root_MQTL_24","2B","Total Root Length, Shoot-Root Number Ratio",NA,"Other","97.5",97.5,97.5,"cM","all values < 1000 -> cM",NA,"https://www.nature.com/articles/s41598-019-47038-2","MQTL_all traitsV3.0_final",FALSE
"M02300","Root_MQTL_25","2B","Root Dry Weight, Root Growth Angle, Biomass Weight Shoot + Dry Weight, Primary Root Angle, Specific Root Area, Total Root Length, Total Root Number",NA,"Other","116.5",116.5,116.5,"cM","all values < 1000 -> cM",NA,"https://www.nature.com/articles/s41598-019-47038-2","MQTL_all traitsV3.0_final",FALSE
"M02301","Root_MQTL_26","2B","Root Growth Angle, Root Hair Length, Root Fresh Weight, Root Dry Weight, Root Thickness at 6 cm depth, Average Root Length, Primary Root Length, Crown Root Spread, Primary Root Diameter, Total Root Number, Specific Root Area",NA,"Other","154.3",154.3,154.3,"cM","all values < 1000 -> cM",NA,"https://www.nature.com/articles/s41598-019-47038-2","MQTL_all traitsV3.0_final",FALSE
"M02302","Root_MQTL_27","2D","Surface Area of Root, Root Surface Area, Root Dry Weight, Surface Area Volume Ratio, Root Volume",NA,"Other","29.2",29.2,29.2,"cM","all values < 1000 -> cM",NA,"https://www.nature.com/articles/s41598-019-47038-2","MQTL_all traitsV3.0_final",FALSE
"M02303","Root_MQTL_28","2D","Maximum Root Length, Root-to-Shoot Ratio, Total Root Branches, Total Root Length",NA,"Other","49.2",49.2,49.2,"cM","all values < 1000 -> cM",NA,"https://www.nature.com/articles/s41598-019-47038-2","MQTL_all traitsV3.0_final",FALSE
"M02304","Root_MQTL_29","2D","Root Dry Weight, Root-to-Shoot Ratio",NA,"Other","75.2",75.2,75.2,"cM","all values < 1000 -> cM",NA,"https://www.nature.com/articles/s41598-019-47038-2","MQTL_all traitsV3.0_final",FALSE
"M02305","Root_MQTL_30","2D","Root-to-Shoot Ratio, Total Root Number, Root Dry Weight",NA,"Other","100.5",100.5,100.5,"cM","all values < 1000 -> cM",NA,"https://www.nature.com/articles/s41598-019-47038-2","MQTL_all traitsV3.0_final",FALSE
"M02306","Root_MQTL_31","3A","Total Root Diameter, Root Dry Weight, Primary Root Diameter",NA,"Other","37.7",37.7,37.7,"cM","all values < 1000 -> cM",NA,"https://www.nature.com/articles/s41598-019-47038-2","MQTL_all traitsV3.0_final",FALSE
"M02307","Root_MQTL_32","3A","Total Root Length, Maximum Root Diameter, Total Root Diameter, Root Surface Area, SRL, Total Number of Root Tips",NA,"Other","72.3",72.3,72.3,"cM","all values < 1000 -> cM",NA,"https://www.nature.com/articles/s41598-019-47038-2","MQTL_all traitsV3.0_final",FALSE
"M02308","Root_MQTL_33","3A","Root Surface Area, Total Root Length, Secondary Lateral Length, Secondary Lateral Volume, Secondary Lateral Surface Area, Total Number of Root Tips",NA,"Other","90.7",90.7,90.7,"cM","all values < 1000 -> cM",NA,"https://www.nature.com/articles/s41598-019-47038-2","MQTL_all traitsV3.0_final",FALSE
"M02309","Root_MQTL_34","3A","Total Number of Root Tips, Specific Root Area, Total Root Number, Primary Root Extension, Root Volume, Total Root Length",NA,"Other","99.2",99.2,99.2,"cM","all values < 1000 -> cM",NA,"https://www.nature.com/articles/s41598-019-47038-2","MQTL_all traitsV3.0_final",FALSE
"M02310","Root_MQTL_35","3A","Root Dry Weight, Root Volume, Total Root Length, Specific Root Area",NA,"Other","113.8",113.8,113.8,"cM","all values < 1000 -> cM",NA,"https://www.nature.com/articles/s41598-019-47038-2","MQTL_all traitsV3.0_final",FALSE
"M02311","Root_MQTL_36","3A","Root Dry Weight, Root-to-Shoot Ratio",NA,"Other","146.7",146.7,146.7,"cM","all values < 1000 -> cM",NA,"https://www.nature.com/articles/s41598-019-47038-2","MQTL_all traitsV3.0_final",FALSE
"M02312","Root_MQTL_37","3A","Lateral Root Length, Total Root Number, Root Thickness at 6 cm depth, Total Root Length",NA,"Other","169.6",169.6,169.6,"cM","all values < 1000 -> cM",NA,"https://www.nature.com/articles/s41598-019-47038-2","MQTL_all traitsV3.0_final",FALSE
"M02313","Root_MQTL_38","3B","Root-to-Shoot Ratio, Root Dry Weight, Total Root Diameter, Average Root Diameter, Lateral Root Length, Primary Root Shoot ratio, Root Volume",NA,"Other","35.3",35.3,35.3,"cM","all values < 1000 -> cM",NA,"https://www.nature.com/articles/s41598-019-47038-2","MQTL_all traitsV3.0_final",FALSE
"M02314","Root_MQTL_39","3B","Maximum Root Diameter, Total Root Length, Root-to-Shoot Ratio",NA,"Other","68.3",68.3,68.3,"cM","all values < 1000 -> cM",NA,"https://www.nature.com/articles/s41598-019-47038-2","MQTL_all traitsV3.0_final",FALSE
"M02315","Root_MQTL_40","3B","Shoot-Root Number Ratio, Total Root Length, Specific Root Area, Primary Root Angle",NA,"Other","82.6",82.6,82.6,"cM","all values < 1000 -> cM",NA,"https://www.nature.com/articles/s41598-019-47038-2","MQTL_all traitsV3.0_final",FALSE
"M02316","Root_MQTL_41","3B","Total Root Length, Mean Root Length",NA,"Other","92.4",92.4,92.4,"cM","all values < 1000 -> cM",NA,"https://www.nature.com/articles/s41598-019-47038-2","MQTL_all traitsV3.0_final",FALSE
"M02317","Root_MQTL_42","3B","Aboveground Shoot Dry Weight, Biomass Weight Shoot + Dry Weight, Root Growth Angle, Total Root Diameter, Root-to-Shoot Ratio, Root Dry Weight, Total Root Number",NA,"Other","109.7",109.7,109.7,"cM","all values < 1000 -> cM",NA,"https://www.nature.com/articles/s41598-019-47038-2","MQTL_all traitsV3.0_final",FALSE
"M02318","Root_MQTL_43","3B","Lateral Root Number, Root Dry Weight, Total Root Number",NA,"Other","158",158,158,"cM","all values < 1000 -> cM",NA,"https://www.nature.com/articles/s41598-019-47038-2","MQTL_all traitsV3.0_final",FALSE
"M02319","Root_MQTL_44","4A","Root Volume, Total Number of Root Tips, Total Root Length, Primary Root Angle, Specific Root Area, Lateral Root Length",NA,"Other","40.7",40.7,40.7,"cM","all values < 1000 -> cM",NA,"https://www.nature.com/articles/s41598-019-47038-2","MQTL_all traitsV3.0_final",FALSE
"M02320","Root_MQTL_45","4A","Shoot-Root Number Ratio, Maximum Root Diameter, Total Root Length",NA,"Other","94.5",94.5,94.5,"cM","all values < 1000 -> cM",NA,"https://www.nature.com/articles/s41598-019-47038-2","MQTL_all traitsV3.0_final",FALSE
"M02321","Root_MQTL_46","4A","Maximum Root Width, Total Root Length, Shoot-Root Number Ratio, Root Dry Weight, Root Nitrogen Content",NA,"N-use efficiency","130.6",130.6,130.6,"cM","all values < 1000 -> cM",NA,"https://www.nature.com/articles/s41598-019-47038-2","MQTL_all traitsV3.0_final",FALSE
"M02322","Root_MQTL_47","4A","Root Phosphorus Content, Root Potassium Content, Root-to-Shoot Ratio",NA,"Biofortification","136.2",136.2,136.2,"cM","all values < 1000 -> cM",NA,"https://www.nature.com/articles/s41598-019-47038-2","MQTL_all traitsV3.0_final",FALSE
"M02323","Root_MQTL_48","4A","Root Fresh Weight, Kernel Crown Root, Root Dry Weight",NA,"Other","160.2",160.2,160.2,"cM","all values < 1000 -> cM",NA,"https://www.nature.com/articles/s41598-019-47038-2","MQTL_all traitsV3.0_final",FALSE
"M02324","Root_MQTL_49","4A","Total Root Number, Biomass Weight Shoot + Dry Weight, Root Dry Weight, Lateral Root Length",NA,"Other","187.6",187.6,187.6,"cM","all values < 1000 -> cM",NA,"https://www.nature.com/articles/s41598-019-47038-2","MQTL_all traitsV3.0_final",FALSE
"M02325","Root_MQTL_50","4A","Total Root Number, Root Dry Weight, Root-to-Shoot Ratio, Crown Root Number, Kernel Crown Root",NA,"Other","229.5",229.5,229.5,"cM","all values < 1000 -> cM",NA,"https://www.nature.com/articles/s41598-019-47038-2","MQTL_all traitsV3.0_final",FALSE
"M02326","Root_MQTL_51","4B","Total Root Length, Lateral Root Length, Lateral Root Number",NA,"Other","114.8",114.8,114.8,"cM","all values < 1000 -> cM",NA,"https://www.nature.com/articles/s41598-019-47038-2","MQTL_all traitsV3.0_final",FALSE
"M02327","Root_MQTL_52","4B","Total Number of Root Tips, Root Dry Weight, Maximum Root Length, Lateral Root Length, Root Biomass under 30 days, Average Crown Root Thickness Total Root Branches, Root-to-Shoot Ratio, Root Volume, Average Root Number, Root Biomass Bulk 30 days, Total Root Length",NA,"Other","133",133,133,"cM","all values < 1000 -> cM",NA,"https://www.nature.com/articles/s41598-019-47038-2","MQTL_all traitsV3.0_final",FALSE
"M02328","Root_MQTL_53","4B","Root Volume, Total Root Length, Lateral Root Length, Specific Root Area, Root Thickness at 6 cm depth, Primary Root Angle, Primary Root Shoot ratio, Primary Root Length, Root Thickness at 6 cm depth, Root Dry Weight, Total Root Number, Root Growth Angle, Lateral Root Number",NA,"Other","153.4",153.4,153.4,"cM","all values < 1000 -> cM",NA,"https://www.nature.com/articles/s41598-019-47038-2","MQTL_all traitsV3.0_final",FALSE
"M02329","Root_MQTL_54","4D","Shoot Area Length, Total Number of Root Tips, Root Surface Area, Surface Area of Root, Root Dry Weight, Root-to-Shoot Ratio, Root Shoot Volume, Root Volume, Total Root Length, Mean Root Length",NA,"Other","16.3",16.3,16.3,"cM","all values < 1000 -> cM",NA,"https://www.nature.com/articles/s41598-019-47038-2","MQTL_all traitsV3.0_final",FALSE
"M02330","Root_MQTL_55","5A","Maximum Root Diameter, Total Root Length, Maximum Root Width, Shoot-Root Number Ratio",NA,"Other","48.5",48.5,48.5,"cM","all values < 1000 -> cM",NA,"https://www.nature.com/articles/s41598-019-47038-2","MQTL_all traitsV3.0_final",FALSE
"M02331","Root_MQTL_56","5A","Mean Root Length, Maximum Root Length, Total Root Length, Shoot-Root Number Ratio",NA,"Other","84.3",84.3,84.3,"cM","all values < 1000 -> cM",NA,"https://www.nature.com/articles/s41598-019-47038-2","MQTL_all traitsV3.0_final",FALSE
"M02332","Root_MQTL_57","5A","Surface Area Volume Ratio, Total Root Number, Aboveground Shoot Dry Weight, Total Root Number, Shoot-Root Number Ratio, Root Thickness at 6 cm depth, Primary Root Length",NA,"Other","103.9",103.9,103.9,"cM","all values < 1000 -> cM",NA,"https://www.nature.com/articles/s41598-019-47038-2","MQTL_all traitsV3.0_final",FALSE
"M02333","Root_MQTL_58","5A","RRGI, Total Root Length, Maximum Root Length, Root Surface Area",NA,"Other","123.6",123.6,123.6,"cM","all values < 1000 -> cM",NA,"https://www.nature.com/articles/s41598-019-47038-2","MQTL_all traitsV3.0_final",FALSE
"M02334","Root_MQTL_59","5A","Mean Root Length, Root Dry Weight, Total Root Length, Root-to-Shoot Ratio, Lateral Root Number",NA,"Other","141.7",141.7,141.7,"cM","all values < 1000 -> cM",NA,"https://www.nature.com/articles/s41598-019-47038-2","MQTL_all traitsV3.0_final",FALSE
"M02335","Root_MQTL_60","5B","Total Root Number, Average Root Length, Root Growth Angle",NA,"Other","80.6",80.6,80.6,"cM","all values < 1000 -> cM",NA,"https://www.nature.com/articles/s41598-019-47038-2","MQTL_all traitsV3.0_final",FALSE
"M02336","Root_MQTL_61","5B","Total Root Length, Secondary Lateral Volume, Root Volume, Secondary Lateral Length, Root Dry Weight, Specific Root Area, Maximum Root Length, Secondary Lateral Surface Area, Mean Root Length",NA,"Other","122.4",122.4,122.4,"cM","all values < 1000 -> cM",NA,"https://www.nature.com/articles/s41598-019-47038-2","MQTL_all traitsV3.0_final",FALSE
"M02337","Root_MQTL_62","5B","Root Volume, Parenchyma Count, Total Root Length, Average Root Diameter, Maximum Root Diameter, Total Root Number, Lateral Root Length",NA,"Other","211.9",211.9,211.9,"cM","all values < 1000 -> cM",NA,"https://www.nature.com/articles/s41598-019-47038-2","MQTL_all traitsV3.0_final",FALSE
"M02338","Root_MQTL_63","5D","Maximum Root Length",NA,"Other","35.7",35.7,35.7,"cM","all values < 1000 -> cM",NA,"https://www.nature.com/articles/s41598-019-47038-2","MQTL_all traitsV3.0_final",FALSE
"M02339","Root_MQTL_64","5D","Total Root Length, Root Elongation Rate",NA,"Other","47.2",47.2,47.2,"cM","all values < 1000 -> cM",NA,"https://www.nature.com/articles/s41598-019-47038-2","MQTL_all traitsV3.0_final",FALSE
"M02340","Root_MQTL_65","5D","Total Root Length, Root-to-Shoot Ratio, Root Dry Weight",NA,"Other","73.2",73.2,73.2,"cM","all values < 1000 -> cM",NA,"https://www.nature.com/articles/s41598-019-47038-2","MQTL_all traitsV3.0_final",FALSE
"M02341","Root_MQTL_66","5D","Root Volume, Crown Root Number, Root Dry Weight",NA,"Other","121.6",121.6,121.6,"cM","all values < 1000 -> cM",NA,"https://www.nature.com/articles/s41598-019-47038-2","MQTL_all traitsV3.0_final",FALSE
"M02342","Root_MQTL_67","6A","Root Growth Angle, Root Dry Weight",NA,"Other","35.2",35.2,35.2,"cM","all values < 1000 -> cM",NA,"https://www.nature.com/articles/s41598-019-47038-2","MQTL_all traitsV3.0_final",FALSE
"M02343","Root_MQTL_68","6A","Total Root Number, Number of Crown Roots, Root Dry Weight",NA,"Other","55.9",55.9,55.9,"cM","all values < 1000 -> cM",NA,"https://www.nature.com/articles/s41598-019-47038-2","MQTL_all traitsV3.0_final",FALSE
"M02344","Root_MQTL_69","6A","Total Root Length, Root Fresh Weight, Root Hair Length, Specific Root Area, Root Volume, Root Thickness at 6 cm depth",NA,"Other","100.1",100.1,100.1,"cM","all values < 1000 -> cM",NA,"https://www.nature.com/articles/s41598-019-47038-2","MQTL_all traitsV3.0_final",FALSE
"M02345","Root_MQTL_70","6A","Total Number of Root Tips, Mean Root Length",NA,"Other","110",110,110,"cM","all values < 1000 -> cM",NA,"https://www.nature.com/articles/s41598-019-47038-2","MQTL_all traitsV3.0_final",FALSE
"M02346","Root_MQTL_71","6A","Total Root Length, Shoot Area Length, Secondary Lateral Volume",NA,"Other","128.4",128.4,128.4,"cM","all values < 1000 -> cM",NA,"https://www.nature.com/articles/s41598-019-47038-2","MQTL_all traitsV3.0_final",FALSE
"M02347","Root_MQTL_72","6A","Root Dry Weight, Total Root Length Lateral Root Length or Number, Total Number of Root Tips",NA,"Other","157.5",157.5,157.5,"cM","all values < 1000 -> cM",NA,"https://www.nature.com/articles/s41598-019-47038-2","MQTL_all traitsV3.0_final",FALSE
"M02348","Root_MQTL_73","6A","Primary Root Volume, Root Dry Weight, Total Root Length, Specific Root Area, Average Root Length",NA,"Other","180.7",180.7,180.7,"cM","all values < 1000 -> cM",NA,"https://www.nature.com/articles/s41598-019-47038-2","MQTL_all traitsV3.0_final",FALSE
"M02349","Root_MQTL_74","6A","Total Root Length, Primary Root Length, Root Penetration, Primary Root Shoot ratio, Root Growth Angle",NA,"Other","195.7",195.7,195.7,"cM","all values < 1000 -> cM",NA,"https://www.nature.com/articles/s41598-019-47038-2","MQTL_all traitsV3.0_final",FALSE
"M02350","Root_MQTL_75","6B","Lateral Root Number, Total Root Length",NA,"Other","66.7",66.7,66.7,"cM","all values < 1000 -> cM",NA,"https://www.nature.com/articles/s41598-019-47038-2","MQTL_all traitsV3.0_final",FALSE
"M02351","Root_MQTL_76","6B","Total Number of Root Tips, Lateral Root Length or Number",NA,"Other","97.7",97.7,97.7,"cM","all values < 1000 -> cM",NA,"https://www.nature.com/articles/s41598-019-47038-2","MQTL_all traitsV3.0_final",FALSE
"M02352","Root_MQTL_77","6B","Total Root Number, Average Root Length, Root Thickness at 6 cm depth, Root Dry Weight",NA,"Other","141.8",141.8,141.8,"cM","all values < 1000 -> cM",NA,"https://www.nature.com/articles/s41598-019-47038-2","MQTL_all traitsV3.0_final",FALSE
"M02353","Root_MQTL_78","6B","Primary Root Shoot ratio, Total Root Diameter, Primary Root Length",NA,"Other","153.8",153.8,153.8,"cM","all values < 1000 -> cM",NA,"https://www.nature.com/articles/s41598-019-47038-2","MQTL_all traitsV3.0_final",FALSE
"M02354","Root_MQTL_79","6B","Total Root Number, Maximum Root Length, Primary Root Length",NA,"Other","170.4",170.4,170.4,"cM","all values < 1000 -> cM",NA,"https://www.nature.com/articles/s41598-019-47038-2","MQTL_all traitsV3.0_final",FALSE
"M02355","Root_MQTL_80","6B","Total Number of Root Tips, Total Root Length, Root Dry Weight",NA,"Other","193.8",193.8,193.8,"cM","all values < 1000 -> cM",NA,"https://www.nature.com/articles/s41598-019-47038-2","MQTL_all traitsV3.0_final",FALSE
"M02356","Root_MQTL_81","6D","Root Surface Area, Total Root Length",NA,"Other","42.9",42.9,42.9,"cM","all values < 1000 -> cM",NA,"https://www.nature.com/articles/s41598-019-47038-2","MQTL_all traitsV3.0_final",FALSE
"M02357","Root_MQTL_82","6D","Total Root Length",NA,"Other","108.7",108.7,108.7,"cM","all values < 1000 -> cM",NA,"https://www.nature.com/articles/s41598-019-47038-2","MQTL_all traitsV3.0_final",FALSE
"M02358","Root_MQTL_83","7A","Average Root Number, Root-to-Shoot Ratio",NA,"Other","82.5",82.5,82.5,"cM","all values < 1000 -> cM",NA,"https://www.nature.com/articles/s41598-019-47038-2","MQTL_all traitsV3.0_final",FALSE
"M02359","Root_MQTL_84","7A","Primary Root Volume, Specific Root Area, Primary Root Diameter",NA,"Other","135",135,135,"cM","all values < 1000 -> cM",NA,"https://www.nature.com/articles/s41598-019-47038-2","MQTL_all traitsV3.0_final",FALSE
"M02360","Root_MQTL_85","7A","Root Dry Weight, Root-to-Shoot Ratio",NA,"Other","159.9",159.9,159.9,"cM","all values < 1000 -> cM",NA,"https://www.nature.com/articles/s41598-019-47038-2","MQTL_all traitsV3.0_final",FALSE
"M02361","Root_MQTL_86","7A","Root Growth Angle, Shoot-Root Number Ratio, Root Dry Weight",NA,"Other","175.2",175.2,175.2,"cM","all values < 1000 -> cM",NA,"https://www.nature.com/articles/s41598-019-47038-2","MQTL_all traitsV3.0_final",FALSE
"M02362","Root_MQTL_87","7A","Root Dry Weight, Total Root Number",NA,"Other","206.4",206.4,206.4,"cM","all values < 1000 -> cM",NA,"https://www.nature.com/articles/s41598-019-47038-2","MQTL_all traitsV3.0_final",FALSE
"M02363","Root_MQTL_88","7B","Lateral Root Length, Total Root Diameter",NA,"Other","51",51,51,"cM","all values < 1000 -> cM",NA,"https://www.nature.com/articles/s41598-019-47038-2","MQTL_all traitsV3.0_final",FALSE
"M02364","Root_MQTL_89","7B","Lateral Root Length, Root Thickness at 6 cm depth, Total Root Number, Total Root Length, Primary Root Length, Maximum Root Length",NA,"Other","95.7",95.7,95.7,"cM","all values < 1000 -> cM",NA,"https://www.nature.com/articles/s41598-019-47038-2","MQTL_all traitsV3.0_final",FALSE
"M02365","Root_MQTL_90","7B","Average Root Diameter, Maximum Root Length",NA,"Other","160.5",160.5,160.5,"cM","all values < 1000 -> cM",NA,"https://www.nature.com/articles/s41598-019-47038-2","MQTL_all traitsV3.0_final",FALSE
"M02366","Root_MQTL_91","7B","Average Root Diameter, Root-to-Shoot Ratio, Total Root Length, Kernel Crown Root, Maximum Crown Root, Shoot-Root Number Ratio, Maximum Root Width",NA,"Other","173.3",173.3,173.3,"cM","all values < 1000 -> cM",NA,"https://www.nature.com/articles/s41598-019-47038-2","MQTL_all traitsV3.0_final",FALSE
"M02367","Root_MQTL_92","7B","Specific Root Area, Average Root Length, Primary Root Length, Total Root Length, Total Root Number, Primary Root Shoot ratio, Lateral Root Length",NA,"Other","196.1",196.1,196.1,"cM","all values < 1000 -> cM",NA,"https://www.nature.com/articles/s41598-019-47038-2","MQTL_all traitsV3.0_final",FALSE
"M02368","Root_MQTL_93","7D","Total Root Length, Specific Root Area, Primary Root Angle",NA,"Other","102.9",102.9,102.9,"cM","all values < 1000 -> cM",NA,"https://www.nature.com/articles/s41598-019-47038-2","MQTL_all traitsV3.0_final",FALSE
"M02369","Root_MQTL_94","7D","Root Dry Weight",NA,"Other","176.8",176.8,176.8,"cM","all values < 1000 -> cM",NA,"https://www.nature.com/articles/s41598-019-47038-2","MQTL_all traitsV3.0_final",FALSE
"M02370","MQTL5-2A/8","2A","Fungal resistance","Black point (Bipolaris sorokiniana)","Fungal resistance","52.3/2.4",2.4,52.3,"cM","all values < 1000 -> cM",NA,"https://www.nature.com/articles/s41598-024-63924-w","MQTL_all traitsV3.0_final",FALSE
"M02371","MQTL6-2D/3","2D","Fungal resistance","Black point (Bipolaris sorokiniana)","Fungal resistance","85.5/8.3",8.3,85.5,"cM","all values < 1000 -> cM",NA,"https://www.nature.com/articles/s41598-024-63924-w","MQTL_all traitsV3.0_final",FALSE
"M02372","STB","1B","Fungal resistance","Septoria tritici blotch (Mycosphaerella graminicola)","Fungal resistance","2.51",2.51,2.51,"cM","all values < 1000 -> cM",NA,"https://link.springer.com/article/10.1007/S11032-022-01282-Z","MQTL_all traitsV3.0_final",FALSE
"M02373","STB","1B","Fungal resistance","Septoria tritici blotch (Mycosphaerella graminicola)","Fungal resistance","6.39",6.39,6.39,"cM","all values < 1000 -> cM",NA,"https://link.springer.com/article/10.1007/S11032-022-01282-Z","MQTL_all traitsV3.0_final",FALSE
"M02374","STB","2B","Fungal resistance","Septoria tritici blotch (Mycosphaerella graminicola)","Fungal resistance","100.39",100.39,100.39,"cM","all values < 1000 -> cM",NA,"https://link.springer.com/article/10.1007/S11032-022-01282-Z","MQTL_all traitsV3.0_final",FALSE
"M02375","STB","2B","Fungal resistance","Septoria tritici blotch (Mycosphaerella graminicola)","Fungal resistance","125.85",125.85,125.85,"cM","all values < 1000 -> cM",NA,"https://link.springer.com/article/10.1007/S11032-022-01282-Z","MQTL_all traitsV3.0_final",FALSE
"M02376","STB","2D","Fungal resistance","Septoria tritici blotch (Mycosphaerella graminicola)","Fungal resistance","23.83",23.83,23.83,"cM","all values < 1000 -> cM",NA,"https://link.springer.com/article/10.1007/S11032-022-01282-Z","MQTL_all traitsV3.0_final",FALSE
"M02377","STB","4B","Fungal resistance","Septoria tritici blotch (Mycosphaerella graminicola)","Fungal resistance","99.18",99.18,99.18,"cM","all values < 1000 -> cM",NA,"https://link.springer.com/article/10.1007/S11032-022-01282-Z","MQTL_all traitsV3.0_final",FALSE
"M02378","STB","4D","Fungal resistance","Septoria tritici blotch (Mycosphaerella graminicola)","Fungal resistance","2.28",2.28,2.28,"cM","all values < 1000 -> cM",NA,"https://link.springer.com/article/10.1007/S11032-022-01282-Z","MQTL_all traitsV3.0_final",FALSE
"M02379","STB","5A","Fungal resistance","Septoria tritici blotch (Mycosphaerella graminicola)","Fungal resistance","11.91",11.91,11.91,"cM","all values < 1000 -> cM",NA,"https://link.springer.com/article/10.1007/S11032-022-01282-Z","MQTL_all traitsV3.0_final",FALSE
"M02380","STB","5A","Fungal resistance","Septoria tritici blotch (Mycosphaerella graminicola)","Fungal resistance","98.7",98.7,98.7,"cM","all values < 1000 -> cM",NA,"https://link.springer.com/article/10.1007/S11032-022-01282-Z","MQTL_all traitsV3.0_final",FALSE
"M02381","STB","5A","Fungal resistance","Septoria tritici blotch (Mycosphaerella graminicola)","Fungal resistance","127.7",127.7,127.7,"cM","all values < 1000 -> cM",NA,"https://link.springer.com/article/10.1007/S11032-022-01282-Z","MQTL_all traitsV3.0_final",FALSE
"M02382","STB","5B","Fungal resistance","Septoria tritici blotch (Mycosphaerella graminicola)","Fungal resistance","19.45",19.45,19.45,"cM","all values < 1000 -> cM",NA,"https://link.springer.com/article/10.1007/S11032-022-01282-Z","MQTL_all traitsV3.0_final",FALSE
"M02383","STB","5B","Fungal resistance","Septoria tritici blotch (Mycosphaerella graminicola)","Fungal resistance","46.55",46.55,46.55,"cM","all values < 1000 -> cM",NA,"https://link.springer.com/article/10.1007/S11032-022-01282-Z","MQTL_all traitsV3.0_final",FALSE
"M02384","STB","5D","Fungal resistance","Septoria tritici blotch (Mycosphaerella graminicola)","Fungal resistance","33.67",33.67,33.67,"cM","all values < 1000 -> cM",NA,"https://link.springer.com/article/10.1007/S11032-022-01282-Z","MQTL_all traitsV3.0_final",FALSE
"M02385","STB","6B","Fungal resistance","Septoria tritici blotch (Mycosphaerella graminicola)","Fungal resistance","28.16",28.16,28.16,"cM","all values < 1000 -> cM",NA,"https://link.springer.com/article/10.1007/S11032-022-01282-Z","MQTL_all traitsV3.0_final",FALSE
"M02386","STB","7A","Fungal resistance","Septoria tritici blotch (Mycosphaerella graminicola)","Fungal resistance","1.98",1.98,1.98,"cM","all values < 1000 -> cM",NA,"https://link.springer.com/article/10.1007/S11032-022-01282-Z","MQTL_all traitsV3.0_final",FALSE
"M02387","STB","7B","Fungal resistance","Septoria tritici blotch (Mycosphaerella graminicola)","Fungal resistance","19.72",19.72,19.72,"cM","all values < 1000 -> cM",NA,"https://link.springer.com/article/10.1007/S11032-022-01282-Z","MQTL_all traitsV3.0_final",FALSE
"M02388","STB","7B","Fungal resistance","Septoria tritici blotch (Mycosphaerella graminicola)","Fungal resistance","49.61",49.61,49.61,"cM","all values < 1000 -> cM",NA,"https://link.springer.com/article/10.1007/S11032-022-01282-Z","MQTL_all traitsV3.0_final",FALSE
"M02389","STB","7B","Fungal resistance","Septoria tritici blotch (Mycosphaerella graminicola)","Fungal resistance","123.94",123.94,123.94,"cM","all values < 1000 -> cM",NA,"https://link.springer.com/article/10.1007/S11032-022-01282-Z","MQTL_all traitsV3.0_final",FALSE
"M02390","STB","7D","Fungal resistance","Septoria tritici blotch (Mycosphaerella graminicola)","Fungal resistance","80.14",80.14,80.14,"cM","all values < 1000 -> cM",NA,"https://link.springer.com/article/10.1007/S11032-022-01282-Z","MQTL_all traitsV3.0_final",FALSE
"M02391","STB","1D","Fungal resistance","Septoria tritici blotch (Mycosphaerella graminicola)","Fungal resistance","54.09",54.09,54.09,"cM","all values < 1000 -> cM",NA,"https://link.springer.com/article/10.1007/S11032-022-01282-Z","MQTL_all traitsV3.0_final",FALSE
"M02392","STB","3D","Fungal resistance","Septoria tritici blotch (Mycosphaerella graminicola)","Fungal resistance","15.09",15.09,15.09,"cM","all values < 1000 -> cM",NA,"https://link.springer.com/article/10.1007/S11032-022-01282-Z","MQTL_all traitsV3.0_final",FALSE
"M02393","STB","6D","Fungal resistance","Septoria tritici blotch (Mycosphaerella graminicola)","Fungal resistance","95.68",95.68,95.68,"cM","all values < 1000 -> cM",NA,"https://link.springer.com/article/10.1007/S11032-022-01282-Z","MQTL_all traitsV3.0_final",FALSE
"M02394","hcmQTL-1","1A","Fungal resistance","Fusarium head blight resistance","Fungal resistance","28–38",28,38,"cM","all values < 1000 -> cM",NA,"https://www.sciencedirect.com/science/article/pii/S221451412030177X#s0055/","MQTL_all traitsV3.0_final",FALSE
"M02395","hcmQTL-2","1A","Fungal resistance","Fusarium head blight resistance","Fungal resistance","345–364",345,364,"cM","all values < 1000 -> cM",NA,"https://www.sciencedirect.com/science/article/pii/S221451412030177X#s0055/","MQTL_all traitsV3.0_final",FALSE
"M02396","hcmQTL-3","1A","Fungal resistance","Fusarium head blight resistance","Fungal resistance","550–570",550,570,"cM","all values < 1000 -> cM",NA,"https://www.sciencedirect.com/science/article/pii/S221451412030177X#s0055/","MQTL_all traitsV3.0_final",FALSE
"M02397","hcmQTL-4","1A","Fungal resistance","Fusarium head blight resistance","Fungal resistance","577–584",577,584,"cM","all values < 1000 -> cM",NA,"https://www.sciencedirect.com/science/article/pii/S221451412030177X#s0055/","MQTL_all traitsV3.0_final",FALSE
"M02398","hcmQTL-5","1B","Fungal resistance","Fusarium head blight resistance","Fungal resistance","208–223",208,223,"cM","all values < 1000 -> cM",NA,"https://www.sciencedirect.com/science/article/pii/S221451412030177X#s0055/","MQTL_all traitsV3.0_final",FALSE
"M02399","hcmQTL-6","1B","Fungal resistance","Fusarium head blight resistance","Fungal resistance","530–546",530,546,"cM","all values < 1000 -> cM",NA,"https://www.sciencedirect.com/science/article/pii/S221451412030177X#s0055/","MQTL_all traitsV3.0_final",FALSE
"M02400","hcmQTL-7","1B","Fungal resistance","Fusarium head blight resistance","Fungal resistance","562–572",562,572,"cM","all values < 1000 -> cM",NA,"https://www.sciencedirect.com/science/article/pii/S221451412030177X#s0055/","MQTL_all traitsV3.0_final",FALSE
"M02401","hcmQTL-8","1B","Fungal resistance","Fusarium head blight resistance","Fungal resistance","637–642",637,642,"cM","all values < 1000 -> cM",NA,"https://www.sciencedirect.com/science/article/pii/S221451412030177X#s0055/","MQTL_all traitsV3.0_final",FALSE
"M02402","hcmQTL-9","2A","Fungal resistance","Fusarium head blight resistance","Fungal resistance","1–8",1,8,"cM","all values < 1000 -> cM",NA,"https://www.sciencedirect.com/science/article/pii/S221451412030177X#s0055/","MQTL_all traitsV3.0_final",FALSE
"M02403","hcmQTL-10","2A","Fungal resistance","Fusarium head blight resistance","Fungal resistance","112–131",112,131,"cM","all values < 1000 -> cM",NA,"https://www.sciencedirect.com/science/article/pii/S221451412030177X#s0055/","MQTL_all traitsV3.0_final",FALSE
"M02404","hcmQTL-11","2A","Fungal resistance","Fusarium head blight resistance","Fungal resistance","603–613",603,613,"cM","all values < 1000 -> cM",NA,"https://www.sciencedirect.com/science/article/pii/S221451412030177X#s0055/","MQTL_all traitsV3.0_final",FALSE
"M02405","hcmQTL-12","2A","Fungal resistance","Fusarium head blight resistance","Fungal resistance","715–719",715,719,"cM","all values < 1000 -> cM",NA,"https://www.sciencedirect.com/science/article/pii/S221451412030177X#s0055/","MQTL_all traitsV3.0_final",FALSE
"M02406","hcmQTL-13","2A","Fungal resistance","Fusarium head blight resistance","Fungal resistance","763–771",763,771,"cM","all values < 1000 -> cM",NA,"https://www.sciencedirect.com/science/article/pii/S221451412030177X#s0055/","MQTL_all traitsV3.0_final",FALSE
"M02407","hcmQTL-14","2B","Fungal resistance","Fusarium head blight resistance","Fungal resistance","40–48",40,48,"cM","all values < 1000 -> cM",NA,"https://www.sciencedirect.com/science/article/pii/S221451412030177X#s0055/","MQTL_all traitsV3.0_final",FALSE
"M02408","hcmQTL-15","2B","Fungal resistance","Fusarium head blight resistance","Fungal resistance","415–424",415,424,"cM","all values < 1000 -> cM",NA,"https://www.sciencedirect.com/science/article/pii/S221451412030177X#s0055/","MQTL_all traitsV3.0_final",FALSE
"M02409","hcmQTL-16","2B","Fungal resistance","Fusarium head blight resistance","Fungal resistance","616–636",616,636,"cM","all values < 1000 -> cM",NA,"https://www.sciencedirect.com/science/article/pii/S221451412030177X#s0055/","MQTL_all traitsV3.0_final",FALSE
"M02410","hcmQTL-17","2B","Fungal resistance","Fusarium head blight resistance","Fungal resistance","689–704",689,704,"cM","all values < 1000 -> cM",NA,"https://www.sciencedirect.com/science/article/pii/S221451412030177X#s0055/","MQTL_all traitsV3.0_final",FALSE
"M02411","hcmQTL-18","2D","Fungal resistance","Fusarium head blight resistance","Fungal resistance","17–23",17,23,"cM","all values < 1000 -> cM",NA,"https://www.sciencedirect.com/science/article/pii/S221451412030177X#s0055/","MQTL_all traitsV3.0_final",FALSE
"M02412","hcmQTL-19","2D","Fungal resistance","Fusarium head blight resistance","Fungal resistance","26–36",26,36,"cM","all values < 1000 -> cM",NA,"https://www.sciencedirect.com/science/article/pii/S221451412030177X#s0055/","MQTL_all traitsV3.0_final",FALSE
"M02413","hcmQTL-20","2D","Fungal resistance","Fusarium head blight resistance","Fungal resistance","32–49",32,49,"cM","all values < 1000 -> cM",NA,"https://www.sciencedirect.com/science/article/pii/S221451412030177X#s0055/","MQTL_all traitsV3.0_final",FALSE
"M02414","hcmQTL-21","2D","Fungal resistance","Fusarium head blight resistance","Fungal resistance","592–608",592,608,"cM","all values < 1000 -> cM",NA,"https://www.sciencedirect.com/science/article/pii/S221451412030177X#s0055/","MQTL_all traitsV3.0_final",FALSE
"M02415","hcmQTL-22","2D","Fungal resistance","Fusarium head blight resistance","Fungal resistance","638–646",638,646,"cM","all values < 1000 -> cM",NA,"https://www.sciencedirect.com/science/article/pii/S221451412030177X#s0055/","MQTL_all traitsV3.0_final",FALSE
"M02416","hcmQTL-23","3A","Fungal resistance","Fusarium head blight resistance","Fungal resistance","15–21",15,21,"cM","all values < 1000 -> cM",NA,"https://www.sciencedirect.com/science/article/pii/S221451412030177X#s0055/","MQTL_all traitsV3.0_final",FALSE
"M02417","hcmQTL-24","3A","Fungal resistance","Fusarium head blight resistance","Fungal resistance","22–25",22,25,"cM","all values < 1000 -> cM",NA,"https://www.sciencedirect.com/science/article/pii/S221451412030177X#s0055/","MQTL_all traitsV3.0_final",FALSE
"M02418","hcmQTL-25","3A","Fungal resistance","Fusarium head blight resistance","Fungal resistance","36–44",36,44,"cM","all values < 1000 -> cM",NA,"https://www.sciencedirect.com/science/article/pii/S221451412030177X#s0055/","MQTL_all traitsV3.0_final",FALSE
"M02419","hcmQTL-26","3A","Fungal resistance","Fusarium head blight resistance","Fungal resistance","50–61",50,61,"cM","all values < 1000 -> cM",NA,"https://www.sciencedirect.com/science/article/pii/S221451412030177X#s0055/","MQTL_all traitsV3.0_final",FALSE
"M02420","hcmQTL-27","3A","Fungal resistance","Fusarium head blight resistance","Fungal resistance","61–78",61,78,"cM","all values < 1000 -> cM",NA,"https://www.sciencedirect.com/science/article/pii/S221451412030177X#s0055/","MQTL_all traitsV3.0_final",FALSE
"M02421","hcmQTL-28","3A","Fungal resistance","Fusarium head blight resistance","Fungal resistance","466–485",466,485,"cM","all values < 1000 -> cM",NA,"https://www.sciencedirect.com/science/article/pii/S221451412030177X#s0055/","MQTL_all traitsV3.0_final",FALSE
"M02422","hcmQTL-29","3B","Fungal resistance","Fusarium head blight resistance","Fungal resistance","3–8",3,8,"cM","all values < 1000 -> cM",NA,"https://www.sciencedirect.com/science/article/pii/S221451412030177X#s0055/","MQTL_all traitsV3.0_final",FALSE
"M02423","hcmQTL-30","3B","Fungal resistance","Fusarium head blight resistance","Fungal resistance","7–9",7,9,"cM","all values < 1000 -> cM",NA,"https://www.sciencedirect.com/science/article/pii/S221451412030177X#s0055/","MQTL_all traitsV3.0_final",FALSE
"M02424","hcmQTL-31","3B","Fungal resistance","Fusarium head blight resistance","Fungal resistance","248–258",248,258,"cM","all values < 1000 -> cM",NA,"https://www.sciencedirect.com/science/article/pii/S221451412030177X#s0055/","MQTL_all traitsV3.0_final",FALSE
"M02425","hcmQTL-32","3B","Fungal resistance","Fusarium head blight resistance","Fungal resistance","573–583",573,583,"cM","all values < 1000 -> cM",NA,"https://www.sciencedirect.com/science/article/pii/S221451412030177X#s0055/","MQTL_all traitsV3.0_final",FALSE
"M02426","hcmQTL-33","4A","Fungal resistance","Fusarium head blight resistance","Fungal resistance","583–587",583,587,"cM","all values < 1000 -> cM",NA,"https://www.sciencedirect.com/science/article/pii/S221451412030177X#s0055/","MQTL_all traitsV3.0_final",FALSE
"M02427","hcmQTL-34","4A","Fungal resistance","Fusarium head blight resistance","Fungal resistance","594–613",594,613,"cM","all values < 1000 -> cM",NA,"https://www.sciencedirect.com/science/article/pii/S221451412030177X#s0055/","MQTL_all traitsV3.0_final",FALSE
"M02428","hcmQTL-35","4A","Fungal resistance","Fusarium head blight resistance","Fungal resistance","660–676",660,676,"cM","all values < 1000 -> cM",NA,"https://www.sciencedirect.com/science/article/pii/S221451412030177X#s0055/","MQTL_all traitsV3.0_final",FALSE
"M02429","hcmQTL-36","4A","Fungal resistance","Fusarium head blight resistance","Fungal resistance","712–720",712,720,"cM","all values < 1000 -> cM",NA,"https://www.sciencedirect.com/science/article/pii/S221451412030177X#s0055/","MQTL_all traitsV3.0_final",FALSE
"M02430","hcmQTL-37","4A","Fungal resistance","Fusarium head blight resistance","Fungal resistance","728–743",728,743,"cM","all values < 1000 -> cM",NA,"https://www.sciencedirect.com/science/article/pii/S221451412030177X#s0055/","MQTL_all traitsV3.0_final",FALSE
"M02431","hcmQTL-38","4B","Fungal resistance","Fusarium head blight resistance","Fungal resistance","28–37",28,37,"cM","all values < 1000 -> cM",NA,"https://www.sciencedirect.com/science/article/pii/S221451412030177X#s0055/","MQTL_all traitsV3.0_final",FALSE
"M02432","hcmQTL-39","4B","Fungal resistance","Fusarium head blight resistance","Fungal resistance","75–95",75,95,"cM","all values < 1000 -> cM",NA,"https://www.sciencedirect.com/science/article/pii/S221451412030177X#s0055/","MQTL_all traitsV3.0_final",FALSE
"M02433","hcmQTL-40","4B","Fungal resistance","Fusarium head blight resistance","Fungal resistance","479–496",479,496,"cM","all values < 1000 -> cM",NA,"https://www.sciencedirect.com/science/article/pii/S221451412030177X#s0055/","MQTL_all traitsV3.0_final",FALSE
"M02434","hcmQTL-41","4D","Fungal resistance","Fusarium head blight resistance","Fungal resistance","6–8",6,8,"cM","all values < 1000 -> cM",NA,"https://www.sciencedirect.com/science/article/pii/S221451412030177X#s0055/","MQTL_all traitsV3.0_final",FALSE
"M02435","hcmQTL-42","4D","Fungal resistance","Fusarium head blight resistance","Fungal resistance","336–350",336,350,"cM","all values < 1000 -> cM",NA,"https://www.sciencedirect.com/science/article/pii/S221451412030177X#s0055/","MQTL_all traitsV3.0_final",FALSE
"M02436","hcmQTL-43","4D","Fungal resistance","Fusarium head blight resistance","Fungal resistance","438–456",438,456,"cM","all values < 1000 -> cM",NA,"https://www.sciencedirect.com/science/article/pii/S221451412030177X#s0055/","MQTL_all traitsV3.0_final",FALSE
"M02437","hcmQTL-44","5A","Fungal resistance","Fusarium head blight resistance","Fungal resistance","78–86",78,86,"cM","all values < 1000 -> cM",NA,"https://www.sciencedirect.com/science/article/pii/S221451412030177X#s0055/","MQTL_all traitsV3.0_final",FALSE
"M02438","hcmQTL-45","5A","Fungal resistance","Fusarium head blight resistance","Fungal resistance","440–454",440,454,"cM","all values < 1000 -> cM",NA,"https://www.sciencedirect.com/science/article/pii/S221451412030177X#s0055/","MQTL_all traitsV3.0_final",FALSE
"M02439","hcmQTL-46","5A","Fungal resistance","Fusarium head blight resistance","Fungal resistance","464–472",464,472,"cM","all values < 1000 -> cM",NA,"https://www.sciencedirect.com/science/article/pii/S221451412030177X#s0055/","MQTL_all traitsV3.0_final",FALSE
"M02440","hcmQTL-47","5A","Fungal resistance","Fusarium head blight resistance","Fungal resistance","644–662",644,662,"cM","all values < 1000 -> cM",NA,"https://www.sciencedirect.com/science/article/pii/S221451412030177X#s0055/","MQTL_all traitsV3.0_final",FALSE
"M02441","hcmQTL-48","5A","Fungal resistance","Fusarium head blight resistance","Fungal resistance","681–694",681,694,"cM","all values < 1000 -> cM",NA,"https://www.sciencedirect.com/science/article/pii/S221451412030177X#s0055/","MQTL_all traitsV3.0_final",FALSE
"M02442","hcmQTL-49","5B","Fungal resistance","Fusarium head blight resistance","Fungal resistance","21–27",21,27,"cM","all values < 1000 -> cM",NA,"https://www.sciencedirect.com/science/article/pii/S221451412030177X#s0055/","MQTL_all traitsV3.0_final",FALSE
"M02443","hcmQTL-50","5B","Fungal resistance","Fusarium head blight resistance","Fungal resistance","438–448",438,448,"cM","all values < 1000 -> cM",NA,"https://www.sciencedirect.com/science/article/pii/S221451412030177X#s0055/","MQTL_all traitsV3.0_final",FALSE
"M02444","hcmQTL-51","5B","Fungal resistance","Fusarium head blight resistance","Fungal resistance","550–570",550,570,"cM","all values < 1000 -> cM",NA,"https://www.sciencedirect.com/science/article/pii/S221451412030177X#s0055/","MQTL_all traitsV3.0_final",FALSE
"M02445","hcmQTL-52","5B","Fungal resistance","Fusarium head blight resistance","Fungal resistance","584–594",584,594,"cM","all values < 1000 -> cM",NA,"https://www.sciencedirect.com/science/article/pii/S221451412030177X#s0055/","MQTL_all traitsV3.0_final",FALSE
"M02446","hcmQTL-53","5B","Fungal resistance","Fusarium head blight resistance","Fungal resistance","610–623",610,623,"cM","all values < 1000 -> cM",NA,"https://www.sciencedirect.com/science/article/pii/S221451412030177X#s0055/","MQTL_all traitsV3.0_final",FALSE
"M02447","hcmQTL-54","5B","Fungal resistance","Fusarium head blight resistance","Fungal resistance","678–680",678,680,"cM","all values < 1000 -> cM",NA,"https://www.sciencedirect.com/science/article/pii/S221451412030177X#s0055/","MQTL_all traitsV3.0_final",FALSE
"M02448","hcmQTL-55","5D","Fungal resistance","Fusarium head blight resistance","Fungal resistance","444–454",444,454,"cM","all values < 1000 -> cM",NA,"https://www.sciencedirect.com/science/article/pii/S221451412030177X#s0055/","MQTL_all traitsV3.0_final",FALSE
"M02449","hcmQTL-56","5D","Fungal resistance","Fusarium head blight resistance","Fungal resistance","468–476",468,476,"cM","all values < 1000 -> cM",NA,"https://www.sciencedirect.com/science/article/pii/S221451412030177X#s0055/","MQTL_all traitsV3.0_final",FALSE
"M02450","hcmQTL-57","6A","Fungal resistance","Fusarium head blight resistance","Fungal resistance","6–13",6,13,"cM","all values < 1000 -> cM",NA,"https://www.sciencedirect.com/science/article/pii/S221451412030177X#s0055/","MQTL_all traitsV3.0_final",FALSE
"M02451","hcmQTL-58","6A","Fungal resistance","Fusarium head blight resistance","Fungal resistance","26–35",26,35,"cM","all values < 1000 -> cM",NA,"https://www.sciencedirect.com/science/article/pii/S221451412030177X#s0055/","MQTL_all traitsV3.0_final",FALSE
"M02452","hcmQTL-59","6A","Fungal resistance","Fusarium head blight resistance","Fungal resistance","103–117",103,117,"cM","all values < 1000 -> cM",NA,"https://www.sciencedirect.com/science/article/pii/S221451412030177X#s0055/","MQTL_all traitsV3.0_final",FALSE
"M02453","hcmQTL-60","6A","Fungal resistance","Fusarium head blight resistance","Fungal resistance","447–456",447,456,"cM","all values < 1000 -> cM",NA,"https://www.sciencedirect.com/science/article/pii/S221451412030177X#s0055/","MQTL_all traitsV3.0_final",FALSE
"M02454","hcmQTL-61","6B","Fungal resistance","Fusarium head blight resistance","Fungal resistance","47–65",47,65,"cM","all values < 1000 -> cM",NA,"https://www.sciencedirect.com/science/article/pii/S221451412030177X#s0055/","MQTL_all traitsV3.0_final",FALSE
"M02455","hcmQTL-62","6B","Fungal resistance","Fusarium head blight resistance","Fungal resistance","147–154",147,154,"cM","all values < 1000 -> cM",NA,"https://www.sciencedirect.com/science/article/pii/S221451412030177X#s0055/","MQTL_all traitsV3.0_final",FALSE
"M02456","hcmQTL-63","6B","Fungal resistance","Fusarium head blight resistance","Fungal resistance","470–482",470,482,"cM","all values < 1000 -> cM",NA,"https://www.sciencedirect.com/science/article/pii/S221451412030177X#s0055/","MQTL_all traitsV3.0_final",FALSE
"M02457","hcmQTL-64","6B","Fungal resistance","Fusarium head blight resistance","Fungal resistance","577–596",577,596,"cM","all values < 1000 -> cM",NA,"https://www.sciencedirect.com/science/article/pii/S221451412030177X#s0055/","MQTL_all traitsV3.0_final",FALSE
"M02458","hcmQTL-65","6B","Fungal resistance","Fusarium head blight resistance","Fungal resistance","662–682",662,682,"cM","all values < 1000 -> cM",NA,"https://www.sciencedirect.com/science/article/pii/S221451412030177X#s0055/","MQTL_all traitsV3.0_final",FALSE
"M02459","hcmQTL-66","7A","Fungal resistance","Fusarium head blight resistance","Fungal resistance","37–49",37,49,"cM","all values < 1000 -> cM",NA,"https://www.sciencedirect.com/science/article/pii/S221451412030177X#s0055/","MQTL_all traitsV3.0_final",FALSE
"M02460","hcmQTL-67","7A","Fungal resistance","Fusarium head blight resistance","Fungal resistance","109–129",109,129,"cM","all values < 1000 -> cM",NA,"https://www.sciencedirect.com/science/article/pii/S221451412030177X#s0055/","MQTL_all traitsV3.0_final",FALSE
"M02461","hcmQTL-68","7A","Fungal resistance","Fusarium head blight resistance","Fungal resistance","611–629",611,629,"cM","all values < 1000 -> cM",NA,"https://www.sciencedirect.com/science/article/pii/S221451412030177X#s0055/","MQTL_all traitsV3.0_final",FALSE
"M02462","hcmQTL-69","7A","Fungal resistance","Fusarium head blight resistance","Fungal resistance","652–670",652,670,"cM","all values < 1000 -> cM",NA,"https://www.sciencedirect.com/science/article/pii/S221451412030177X#s0055/","MQTL_all traitsV3.0_final",FALSE
"M02463","hcmQTL-70","7A","Fungal resistance","Fusarium head blight resistance","Fungal resistance","686–692",686,692,"cM","all values < 1000 -> cM",NA,"https://www.sciencedirect.com/science/article/pii/S221451412030177X#s0055/","MQTL_all traitsV3.0_final",FALSE
"M02464","hcmQTL-71","7B","Fungal resistance","Fusarium head blight resistance","Fungal resistance","33–37",33,37,"cM","all values < 1000 -> cM",NA,"https://www.sciencedirect.com/science/article/pii/S221451412030177X#s0055/","MQTL_all traitsV3.0_final",FALSE
"M02465","hcmQTL-72","7B","Fungal resistance","Fusarium head blight resistance","Fungal resistance","44–54",44,54,"cM","all values < 1000 -> cM",NA,"https://www.sciencedirect.com/science/article/pii/S221451412030177X#s0055/","MQTL_all traitsV3.0_final",FALSE
"M02466","hcmQTL-73","7B","Fungal resistance","Fusarium head blight resistance","Fungal resistance","143–163",143,163,"cM","all values < 1000 -> cM",NA,"https://www.sciencedirect.com/science/article/pii/S221451412030177X#s0055/","MQTL_all traitsV3.0_final",FALSE
"M02467","hcmQTL-74","7B","Fungal resistance","Fusarium head blight resistance","Fungal resistance","709–728",709,728,"cM","all values < 1000 -> cM",NA,"https://www.sciencedirect.com/science/article/pii/S221451412030177X#s0055/","MQTL_all traitsV3.0_final",FALSE
"M02468","hcmQTL-75","7B","Fungal resistance","Fusarium head blight resistance","Fungal resistance","730–733",730,733,"cM","all values < 1000 -> cM",NA,"https://www.sciencedirect.com/science/article/pii/S221451412030177X#s0055/","MQTL_all traitsV3.0_final",FALSE
"M02469","hcmQTL-76","7D","Fungal resistance","Fusarium head blight resistance","Fungal resistance","124–144",124,144,"cM","all values < 1000 -> cM",NA,"https://www.sciencedirect.com/science/article/pii/S221451412030177X#s0055/","MQTL_all traitsV3.0_final",FALSE
"M02470","hcmQTL-77","7D","Fungal resistance","Fusarium head blight resistance","Fungal resistance","506–518",506,518,"cM","all values < 1000 -> cM",NA,"https://www.sciencedirect.com/science/article/pii/S221451412030177X#s0055/","MQTL_all traitsV3.0_final",FALSE
"M02471","MQTL2B.2","2B","Fungal resistance","Fusarium head blight resistance","Fungal resistance","57.59–58.48",57.59,58.48,"cM","all values < 1000 -> cM",NA,"https://link.springer.com/article/10.1007/s11032-022-01282-z#Tab2/","MQTL_all traitsV3.0_final",FALSE
"M02472","MQTL3B.1","3B","Fungal resistance","Fusarium head blight resistance","Fungal resistance","2.22–3",2.22,3,"cM","all values < 1000 -> cM",NA,"https://link.springer.com/article/10.1007/s11032-022-01282-z#Tab2/","MQTL_all traitsV3.0_final",FALSE
"M02473","MQTL3B.2","3B","Fungal resistance","Fusarium head blight resistance","Fungal resistance","14.79–15.07",14.79,15.07,"cM","all values < 1000 -> cM",NA,"https://link.springer.com/article/10.1007/s11032-022-01282-z#Tab2/","MQTL_all traitsV3.0_final",FALSE
"M02474","MQTL1A.1","1A","Fungal resistance","Fusarium head blight resistance","Fungal resistance","32.98–37.6",32.98,37.6,"cM","all values < 1000 -> cM",NA,"https://link.springer.com/article/10.1007/s11032-022-01282-z#Tab2/","MQTL_all traitsV3.0_final",FALSE
"M02475","MQTL1B.4","1B","Fungal resistance","Fusarium head blight resistance","Fungal resistance","66.86–68.86",66.86,68.86,"cM","all values < 1000 -> cM",NA,"https://link.springer.com/article/10.1007/s11032-022-01282-z#Tab2/","MQTL_all traitsV3.0_final",FALSE
"M02476","MQTL2A.1","2A","Fungal resistance","Fusarium head blight resistance","Fungal resistance","5.67–13.19",5.67,13.19,"cM","all values < 1000 -> cM",NA,"https://link.springer.com/article/10.1007/s11032-022-01282-z#Tab2/","MQTL_all traitsV3.0_final",FALSE
"M02477","MQTL2D.3","2D","Fungal resistance","Fusarium head blight resistance","Fungal resistance","39.55–39.85",39.55,39.85,"cM","all values < 1000 -> cM",NA,"https://link.springer.com/article/10.1007/s11032-022-01282-z#Tab2/","MQTL_all traitsV3.0_final",FALSE
"M02478","MQTL3B.3","3B","Fungal resistance","Fusarium head blight resistance","Fungal resistance","61.18–76.49",61.18,76.49,"cM","all values < 1000 -> cM",NA,"https://link.springer.com/article/10.1007/s11032-022-01282-z#Tab2/","MQTL_all traitsV3.0_final",FALSE
"M02479","MQTL4A.1","4A","Fungal resistance","Fusarium head blight resistance","Fungal resistance","1.08–3.07",1.08,3.07,"cM","all values < 1000 -> cM",NA,"https://link.springer.com/article/10.1007/s11032-022-01282-z#Tab2/","MQTL_all traitsV3.0_final",FALSE
"M02480","MQTL4B.3","4B","Fungal resistance","Fusarium head blight resistance","Fungal resistance","111.89–115.45",111.89,115.45,"cM","all values < 1000 -> cM",NA,"https://link.springer.com/article/10.1007/s11032-022-01282-z#Tab2/","MQTL_all traitsV3.0_final",FALSE
"M02481","MQTL5B.3","5B","Fungal resistance","Fusarium head blight resistance","Fungal resistance","54.06–55.86",54.06,55.86,"cM","all values < 1000 -> cM",NA,"https://link.springer.com/article/10.1007/s11032-022-01282-z#Tab2/","MQTL_all traitsV3.0_final",FALSE
"M02482","MQTL1.2A","2A","Nematode Resistance","Heterodera avenae","Nematode resistance","3.1",3.1,3.1,"cM","all values < 1000 -> cM",NA,"https://doi.org/10.1186/s12870-023-04526-y/","MQTL_all traitsV3.0_final",FALSE
"M02483","MQTL2.2A","2A","Nematode Resistance","Heterodera avenae","Nematode resistance","6.5",6.5,6.5,"cM","all values < 1000 -> cM",NA,"https://doi.org/10.1186/s12870-023-04526-y/","MQTL_all traitsV3.0_final",FALSE
"M02484","MQTL2","1A","Drought stress tolerance","Drought stress tolerance","Abiotic stress","60",60,60,"cM","all values < 1000 -> cM","Acuña‐Galindo, M. A., Mason, R. E., Subramanian, N. K., & Hays, D. B. (2015). Meta‐analysis of wheat QTL regions associated with adaptation to drought and heat stress. Crop Science, 55(2), 477-492.","https://acsess.onlinelibrary.wiley.com/doi/10.2135/cropsci2013.11.0793","MQTL_all traitsV3.0_final",FALSE
"M02485","MQTL3","1A","Drought stress tolerance","Drought stress tolerance","Abiotic stress","89",89,89,"cM","all values < 1000 -> cM","Acuña‐Galindo, M. A., Mason, R. E., Subramanian, N. K., & Hays, D. B. (2015). Meta‐analysis of wheat QTL regions associated with adaptation to drought and heat stress. Crop Science, 55(2), 477-492.","https://acsess.onlinelibrary.wiley.com/doi/10.2135/cropsci2013.11.0793","MQTL_all traitsV3.0_final",FALSE
"M02486","MQTL11","2A","Drought stress tolerance","Drought stress tolerance","Abiotic stress","56",56,56,"cM","all values < 1000 -> cM","Acuña‐Galindo, M. A., Mason, R. E., Subramanian, N. K., & Hays, D. B. (2015). Meta‐analysis of wheat QTL regions associated with adaptation to drought and heat stress. Crop Science, 55(2), 477-492.","https://acsess.onlinelibrary.wiley.com/doi/10.2135/cropsci2013.11.0793","MQTL_all traitsV3.0_final",FALSE
"M02487","MQTL14","2B","Drought stress tolerance","Drought stress tolerance","Abiotic stress","10",10,10,"cM","all values < 1000 -> cM","Acuña‐Galindo, M. A., Mason, R. E., Subramanian, N. K., & Hays, D. B. (2015). Meta‐analysis of wheat QTL regions associated with adaptation to drought and heat stress. Crop Science, 55(2), 477-492.","https://acsess.onlinelibrary.wiley.com/doi/10.2135/cropsci2013.11.0793","MQTL_all traitsV3.0_final",FALSE
"M02488","MQTL16","2B","Drought stress tolerance","Drought stress tolerance","Abiotic stress","49",49,49,"cM","all values < 1000 -> cM","Acuña‐Galindo, M. A., Mason, R. E., Subramanian, N. K., & Hays, D. B. (2015). Meta‐analysis of wheat QTL regions associated with adaptation to drought and heat stress. Crop Science, 55(2), 477-492.","https://acsess.onlinelibrary.wiley.com/doi/10.2135/cropsci2013.11.0793","MQTL_all traitsV3.0_final",FALSE
"M02489","MQTL18","2B","Drought stress tolerance","Drought stress tolerance","Abiotic stress","101",101,101,"cM","all values < 1000 -> cM","Acuña‐Galindo, M. A., Mason, R. E., Subramanian, N. K., & Hays, D. B. (2015). Meta‐analysis of wheat QTL regions associated with adaptation to drought and heat stress. Crop Science, 55(2), 477-492.","https://acsess.onlinelibrary.wiley.com/doi/10.2135/cropsci2013.11.0793","MQTL_all traitsV3.0_final",FALSE
"M02490","MQTL21","2D","Drought stress tolerance","Drought stress tolerance","Abiotic stress","64",64,64,"cM","all values < 1000 -> cM","Acuña‐Galindo, M. A., Mason, R. E., Subramanian, N. K., & Hays, D. B. (2015). Meta‐analysis of wheat QTL regions associated with adaptation to drought and heat stress. Crop Science, 55(2), 477-492.","https://acsess.onlinelibrary.wiley.com/doi/10.2135/cropsci2013.11.0793","MQTL_all traitsV3.0_final",FALSE
"M02491","MQTL22","2D","Drought stress tolerance","Drought stress tolerance","Abiotic stress","91",91,91,"cM","all values < 1000 -> cM","Acuña‐Galindo, M. A., Mason, R. E., Subramanian, N. K., & Hays, D. B. (2015). Meta‐analysis of wheat QTL regions associated with adaptation to drought and heat stress. Crop Science, 55(2), 477-492.","https://acsess.onlinelibrary.wiley.com/doi/10.2135/cropsci2013.11.0793","MQTL_all traitsV3.0_final",FALSE
"M02492","MQTL23","3A","Drought stress tolerance","Drought stress tolerance","Abiotic stress","1",1,1,"cM","all values < 1000 -> cM","Acuña‐Galindo, M. A., Mason, R. E., Subramanian, N. K., & Hays, D. B. (2015). Meta‐analysis of wheat QTL regions associated with adaptation to drought and heat stress. Crop Science, 55(2), 477-492.","https://acsess.onlinelibrary.wiley.com/doi/10.2135/cropsci2013.11.0793","MQTL_all traitsV3.0_final",FALSE
"M02493","MQTL29","3D","Drought stress tolerance","Drought stress tolerance","Abiotic stress","26",26,26,"cM","all values < 1000 -> cM","Acuña‐Galindo, M. A., Mason, R. E., Subramanian, N. K., & Hays, D. B. (2015). Meta‐analysis of wheat QTL regions associated with adaptation to drought and heat stress. Crop Science, 55(2), 477-492.","https://acsess.onlinelibrary.wiley.com/doi/10.2135/cropsci2013.11.0793","MQTL_all traitsV3.0_final",FALSE
"M02494","MQTL42","5B","Drought stress tolerance","Drought stress tolerance","Abiotic stress","57",57,57,"cM","all values < 1000 -> cM","Acuña‐Galindo, M. A., Mason, R. E., Subramanian, N. K., & Hays, D. B. (2015). Meta‐analysis of wheat QTL regions associated with adaptation to drought and heat stress. Crop Science, 55(2), 477-492.","https://acsess.onlinelibrary.wiley.com/doi/10.2135/cropsci2013.11.0793","MQTL_all traitsV3.0_final",FALSE
"M02495","MQTL46","5D","Drought stress tolerance","Drought stress tolerance","Abiotic stress","26",26,26,"cM","all values < 1000 -> cM","Acuña‐Galindo, M. A., Mason, R. E., Subramanian, N. K., & Hays, D. B. (2015). Meta‐analysis of wheat QTL regions associated with adaptation to drought and heat stress. Crop Science, 55(2), 477-492.","https://acsess.onlinelibrary.wiley.com/doi/10.2135/cropsci2013.11.0793","MQTL_all traitsV3.0_final",FALSE
"M02496","MQTL50","6A","Drought stress tolerance","Drought stress tolerance","Abiotic stress","93",93,93,"cM","all values < 1000 -> cM","Acuña‐Galindo, M. A., Mason, R. E., Subramanian, N. K., & Hays, D. B. (2015). Meta‐analysis of wheat QTL regions associated with adaptation to drought and heat stress. Crop Science, 55(2), 477-492.","https://acsess.onlinelibrary.wiley.com/doi/10.2135/cropsci2013.11.0793","MQTL_all traitsV3.0_final",FALSE
"M02497","MQTL51","6B","Drought stress tolerance","Drought stress tolerance","Abiotic stress","27",27,27,"cM","all values < 1000 -> cM","Acuña‐Galindo, M. A., Mason, R. E., Subramanian, N. K., & Hays, D. B. (2015). Meta‐analysis of wheat QTL regions associated with adaptation to drought and heat stress. Crop Science, 55(2), 477-492.","https://acsess.onlinelibrary.wiley.com/doi/10.2135/cropsci2013.11.0793","MQTL_all traitsV3.0_final",FALSE
"M02498","MQTL53","6B","Drought stress tolerance","Drought stress tolerance","Abiotic stress","60",60,60,"cM","all values < 1000 -> cM","Acuña‐Galindo, M. A., Mason, R. E., Subramanian, N. K., & Hays, D. B. (2015). Meta‐analysis of wheat QTL regions associated with adaptation to drought and heat stress. Crop Science, 55(2), 477-492.","https://acsess.onlinelibrary.wiley.com/doi/10.2135/cropsci2013.11.0793","MQTL_all traitsV3.0_final",FALSE
"M02499","MQTL56","6D","Drought stress tolerance","Drought stress tolerance","Abiotic stress","110",110,110,"cM","all values < 1000 -> cM","Acuña‐Galindo, M. A., Mason, R. E., Subramanian, N. K., & Hays, D. B. (2015). Meta‐analysis of wheat QTL regions associated with adaptation to drought and heat stress. Crop Science, 55(2), 477-492.","https://acsess.onlinelibrary.wiley.com/doi/10.2135/cropsci2013.11.0793","MQTL_all traitsV3.0_final",FALSE
"M02500","MQTL61","7B","Drought stress tolerance","Drought stress tolerance","Abiotic stress","35",35,35,"cM","all values < 1000 -> cM","Acuña‐Galindo, M. A., Mason, R. E., Subramanian, N. K., & Hays, D. B. (2015). Meta‐analysis of wheat QTL regions associated with adaptation to drought and heat stress. Crop Science, 55(2), 477-492.","https://acsess.onlinelibrary.wiley.com/doi/10.2135/cropsci2013.11.0793","MQTL_all traitsV3.0_final",FALSE
"M02501","MQTL64","7D","Drought stress tolerance","Drought stress tolerance","Abiotic stress","51",51,51,"cM","all values < 1000 -> cM","Acuña‐Galindo, M. A., Mason, R. E., Subramanian, N. K., & Hays, D. B. (2015). Meta‐analysis of wheat QTL regions associated with adaptation to drought and heat stress. Crop Science, 55(2), 477-492.","https://acsess.onlinelibrary.wiley.com/doi/10.2135/cropsci2013.11.0793","MQTL_all traitsV3.0_final",FALSE
"M02502","MQTL66","7D","Drought stress tolerance","Drought stress tolerance","Abiotic stress","141",141,141,"cM","all values < 1000 -> cM","Acuña‐Galindo, M. A., Mason, R. E., Subramanian, N. K., & Hays, D. B. (2015). Meta‐analysis of wheat QTL regions associated with adaptation to drought and heat stress. Crop Science, 55(2), 477-492.","https://acsess.onlinelibrary.wiley.com/doi/10.2135/cropsci2013.11.0793","MQTL_all traitsV3.0_final",FALSE
"M02503","MQTL1","1D","Drought stress tolerance","Drought stress tolerance","Abiotic stress","36.3",36.3,36.3,"cM","all values < 1000 -> cM","Kumar, A., Saripalli, G., Jan, I., Kumar, K., Sharma, P. K., Balyan, H. S., & Gupta, P. K. (2020). Meta-QTL analysis and identification of candidate genes for drought tolerance in bread wheat (Triticum aestivum L.). Physiology and Molecular Biology of Plants, 26(8), 1713-1725.","https://link.springer.com/article/10.1007/s12298-020-00847-6","MQTL_all traitsV3.0_final",FALSE
"M02504","MQTL2","1D","Drought stress tolerance","Drought stress tolerance","Abiotic stress","55.1",55.1,55.1,"cM","all values < 1000 -> cM","Kumar, A., Saripalli, G., Jan, I., Kumar, K., Sharma, P. K., Balyan, H. S., & Gupta, P. K. (2020). Meta-QTL analysis and identification of candidate genes for drought tolerance in bread wheat (Triticum aestivum L.). Physiology and Molecular Biology of Plants, 26(8), 1713-1725.","https://link.springer.com/article/10.1007/s12298-020-00847-6","MQTL_all traitsV3.0_final",FALSE
"M02505","MQTL3","3B","Drought stress tolerance","Drought stress tolerance","Abiotic stress","47.9",47.9,47.9,"cM","all values < 1000 -> cM","Kumar, A., Saripalli, G., Jan, I., Kumar, K., Sharma, P. K., Balyan, H. S., & Gupta, P. K. (2020). Meta-QTL analysis and identification of candidate genes for drought tolerance in bread wheat (Triticum aestivum L.). Physiology and Molecular Biology of Plants, 26(8), 1713-1725.","https://link.springer.com/article/10.1007/s12298-020-00847-6","MQTL_all traitsV3.0_final",FALSE
"M02506","MQTL4","5A","Drought stress tolerance","Drought stress tolerance","Abiotic stress","46.5",46.5,46.5,"cM","all values < 1000 -> cM","Kumar, A., Saripalli, G., Jan, I., Kumar, K., Sharma, P. K., Balyan, H. S., & Gupta, P. K. (2020). Meta-QTL analysis and identification of candidate genes for drought tolerance in bread wheat (Triticum aestivum L.). Physiology and Molecular Biology of Plants, 26(8), 1713-1725.","https://link.springer.com/article/10.1007/s12298-020-00847-6","MQTL_all traitsV3.0_final",FALSE
"M02507","MQTL5","5A","Drought stress tolerance","Drought stress tolerance","Abiotic stress","62.5",62.5,62.5,"cM","all values < 1000 -> cM","Kumar, A., Saripalli, G., Jan, I., Kumar, K., Sharma, P. K., Balyan, H. S., & Gupta, P. K. (2020). Meta-QTL analysis and identification of candidate genes for drought tolerance in bread wheat (Triticum aestivum L.). Physiology and Molecular Biology of Plants, 26(8), 1713-1725.","https://link.springer.com/article/10.1007/s12298-020-00847-6","MQTL_all traitsV3.0_final",FALSE
"M02508","MQTL6","5A","Drought stress tolerance","Drought stress tolerance","Abiotic stress","98.4",98.4,98.4,"cM","all values < 1000 -> cM","Kumar, A., Saripalli, G., Jan, I., Kumar, K., Sharma, P. K., Balyan, H. S., & Gupta, P. K. (2020). Meta-QTL analysis and identification of candidate genes for drought tolerance in bread wheat (Triticum aestivum L.). Physiology and Molecular Biology of Plants, 26(8), 1713-1725.","https://link.springer.com/article/10.1007/s12298-020-00847-6","MQTL_all traitsV3.0_final",FALSE
"M02509","MQTL7","5A","Drought stress tolerance","Drought stress tolerance","Abiotic stress","148.4",148.4,148.4,"cM","all values < 1000 -> cM","Kumar, A., Saripalli, G., Jan, I., Kumar, K., Sharma, P. K., Balyan, H. S., & Gupta, P. K. (2020). Meta-QTL analysis and identification of candidate genes for drought tolerance in bread wheat (Triticum aestivum L.). Physiology and Molecular Biology of Plants, 26(8), 1713-1725.","https://link.springer.com/article/10.1007/s12298-020-00847-6","MQTL_all traitsV3.0_final",FALSE
"M02510","MQTL8","6D","Drought stress tolerance","Drought stress tolerance","Abiotic stress","108.8",108.8,108.8,"cM","all values < 1000 -> cM","Kumar, A., Saripalli, G., Jan, I., Kumar, K., Sharma, P. K., Balyan, H. S., & Gupta, P. K. (2020). Meta-QTL analysis and identification of candidate genes for drought tolerance in bread wheat (Triticum aestivum L.). Physiology and Molecular Biology of Plants, 26(8), 1713-1725.","https://link.springer.com/article/10.1007/s12298-020-00847-6","MQTL_all traitsV3.0_final",FALSE
"M02511","MQTL9","7A","Drought stress tolerance","Drought stress tolerance","Abiotic stress","42.7",42.7,42.7,"cM","all values < 1000 -> cM","Kumar, A., Saripalli, G., Jan, I., Kumar, K., Sharma, P. K., Balyan, H. S., & Gupta, P. K. (2020). Meta-QTL analysis and identification of candidate genes for drought tolerance in bread wheat (Triticum aestivum L.). Physiology and Molecular Biology of Plants, 26(8), 1713-1725.","https://link.springer.com/article/10.1007/s12298-020-00847-6","MQTL_all traitsV3.0_final",FALSE
"M02512","MQTL10","7A","Drought stress tolerance","Drought stress tolerance","Abiotic stress","97.4",97.4,97.4,"cM","all values < 1000 -> cM","Kumar, A., Saripalli, G., Jan, I., Kumar, K., Sharma, P. K., Balyan, H. S., & Gupta, P. K. (2020). Meta-QTL analysis and identification of candidate genes for drought tolerance in bread wheat (Triticum aestivum L.). Physiology and Molecular Biology of Plants, 26(8), 1713-1725.","https://link.springer.com/article/10.1007/s12298-020-00847-6","MQTL_all traitsV3.0_final",FALSE
"M02513","MQTL11","7A","Drought stress tolerance","Drought stress tolerance","Abiotic stress","140.3",140.3,140.3,"cM","all values < 1000 -> cM","Kumar, A., Saripalli, G., Jan, I., Kumar, K., Sharma, P. K., Balyan, H. S., & Gupta, P. K. (2020). Meta-QTL analysis and identification of candidate genes for drought tolerance in bread wheat (Triticum aestivum L.). Physiology and Molecular Biology of Plants, 26(8), 1713-1725.","https://link.springer.com/article/10.1007/s12298-020-00847-6","MQTL_all traitsV3.0_final",FALSE
"M02514","MQTL12","7D","Drought stress tolerance","Drought stress tolerance","Abiotic stress","128.7",128.7,128.7,"cM","all values < 1000 -> cM","Kumar, A., Saripalli, G., Jan, I., Kumar, K., Sharma, P. K., Balyan, H. S., & Gupta, P. K. (2020). Meta-QTL analysis and identification of candidate genes for drought tolerance in bread wheat (Triticum aestivum L.). Physiology and Molecular Biology of Plants, 26(8), 1713-1725.","https://link.springer.com/article/10.1007/s12298-020-00847-6","MQTL_all traitsV3.0_final",FALSE
"M02515","MQTL13","7D","Drought stress tolerance","Drought stress tolerance","Abiotic stress","149.5",149.5,149.5,"cM","all values < 1000 -> cM","Kumar, A., Saripalli, G., Jan, I., Kumar, K., Sharma, P. K., Balyan, H. S., & Gupta, P. K. (2020). Meta-QTL analysis and identification of candidate genes for drought tolerance in bread wheat (Triticum aestivum L.). Physiology and Molecular Biology of Plants, 26(8), 1713-1725.","https://link.springer.com/article/10.1007/s12298-020-00847-6","MQTL_all traitsV3.0_final",FALSE
"M02516","MQTL1","1A","Heat stress tolerence","Heat stress tolerence","Abiotic stress","35",35,35,"cM","all values < 1000 -> cM","Acuña‐Galindo, M. A., Mason, R. E., Subramanian, N. K., & Hays, D. B. (2015). Meta‐analysis of wheat QTL regions associated with adaptation to drought and heat stress. Crop Science, 55(2), 477-492.","https://acsess.onlinelibrary.wiley.com/doi/10.2135/cropsci2013.11.0793","MQTL_all traitsV3.0_final",FALSE
"M02517","MQTL4","1B","Heat stress tolerence","Heat stress tolerence","Abiotic stress","24",24,24,"cM","all values < 1000 -> cM","Acuña‐Galindo, M. A., Mason, R. E., Subramanian, N. K., & Hays, D. B. (2015). Meta‐analysis of wheat QTL regions associated with adaptation to drought and heat stress. Crop Science, 55(2), 477-492.","https://acsess.onlinelibrary.wiley.com/doi/10.2135/cropsci2013.11.0793","MQTL_all traitsV3.0_final",FALSE
"M02518","MQTL5","1B","Heat stress tolerence","Heat stress tolerence","Abiotic stress","34",34,34,"cM","all values < 1000 -> cM","Acuña‐Galindo, M. A., Mason, R. E., Subramanian, N. K., & Hays, D. B. (2015). Meta‐analysis of wheat QTL regions associated with adaptation to drought and heat stress. Crop Science, 55(2), 477-492.","https://acsess.onlinelibrary.wiley.com/doi/10.2135/cropsci2013.11.0793","MQTL_all traitsV3.0_final",FALSE
"M02519","MQTL6","1B","Heat stress tolerence","Heat stress tolerence","Abiotic stress","63",63,63,"cM","all values < 1000 -> cM","Acuña‐Galindo, M. A., Mason, R. E., Subramanian, N. K., & Hays, D. B. (2015). Meta‐analysis of wheat QTL regions associated with adaptation to drought and heat stress. Crop Science, 55(2), 477-492.","https://acsess.onlinelibrary.wiley.com/doi/10.2135/cropsci2013.11.0793","MQTL_all traitsV3.0_final",FALSE
"M02520","MQTL8","1D","Heat stress tolerence","Heat stress tolerence","Abiotic stress","30",30,30,"cM","all values < 1000 -> cM","Acuña‐Galindo, M. A., Mason, R. E., Subramanian, N. K., & Hays, D. B. (2015). Meta‐analysis of wheat QTL regions associated with adaptation to drought and heat stress. Crop Science, 55(2), 477-492.","https://acsess.onlinelibrary.wiley.com/doi/10.2135/cropsci2013.11.0793","MQTL_all traitsV3.0_final",FALSE
"M02521","MQTL9","1D","Heat stress tolerence","Heat stress tolerence","Abiotic stress","57",57,57,"cM","all values < 1000 -> cM","Acuña‐Galindo, M. A., Mason, R. E., Subramanian, N. K., & Hays, D. B. (2015). Meta‐analysis of wheat QTL regions associated with adaptation to drought and heat stress. Crop Science, 55(2), 477-492.","https://acsess.onlinelibrary.wiley.com/doi/10.2135/cropsci2013.11.0793","MQTL_all traitsV3.0_final",FALSE
"M02522","MQTL10","2A","Heat stress tolerence","Heat stress tolerence","Abiotic stress","9",9,9,"cM","all values < 1000 -> cM","Acuña‐Galindo, M. A., Mason, R. E., Subramanian, N. K., & Hays, D. B. (2015). Meta‐analysis of wheat QTL regions associated with adaptation to drought and heat stress. Crop Science, 55(2), 477-492.","https://acsess.onlinelibrary.wiley.com/doi/10.2135/cropsci2013.11.0793","MQTL_all traitsV3.0_final",FALSE
"M02523","MQTL12","2A","Heat stress tolerence","Heat stress tolerence","Abiotic stress","70",70,70,"cM","all values < 1000 -> cM","Acuña‐Galindo, M. A., Mason, R. E., Subramanian, N. K., & Hays, D. B. (2015). Meta‐analysis of wheat QTL regions associated with adaptation to drought and heat stress. Crop Science, 55(2), 477-492.","https://acsess.onlinelibrary.wiley.com/doi/10.2135/cropsci2013.11.0793","MQTL_all traitsV3.0_final",FALSE
"M02524","MQTL13","2A","Heat stress tolerence","Heat stress tolerence","Abiotic stress","126",126,126,"cM","all values < 1000 -> cM","Acuña‐Galindo, M. A., Mason, R. E., Subramanian, N. K., & Hays, D. B. (2015). Meta‐analysis of wheat QTL regions associated with adaptation to drought and heat stress. Crop Science, 55(2), 477-492.","https://acsess.onlinelibrary.wiley.com/doi/10.2135/cropsci2013.11.0793","MQTL_all traitsV3.0_final",FALSE
"M02525","MQTL15","2B","Heat stress tolerence","Heat stress tolerence","Abiotic stress","38",38,38,"cM","all values < 1000 -> cM","Acuña‐Galindo, M. A., Mason, R. E., Subramanian, N. K., & Hays, D. B. (2015). Meta‐analysis of wheat QTL regions associated with adaptation to drought and heat stress. Crop Science, 55(2), 477-492.","https://acsess.onlinelibrary.wiley.com/doi/10.2135/cropsci2013.11.0793","MQTL_all traitsV3.0_final",FALSE
"M02526","MQTL17","2B","Heat stress tolerence","Heat stress tolerence","Abiotic stress","68",68,68,"cM","all values < 1000 -> cM","Acuña‐Galindo, M. A., Mason, R. E., Subramanian, N. K., & Hays, D. B. (2015). Meta‐analysis of wheat QTL regions associated with adaptation to drought and heat stress. Crop Science, 55(2), 477-492.","https://acsess.onlinelibrary.wiley.com/doi/10.2135/cropsci2013.11.0793","MQTL_all traitsV3.0_final",FALSE
"M02527","MQTL19","2D","Heat stress tolerence","Heat stress tolerence","Abiotic stress","41",41,41,"cM","all values < 1000 -> cM","Acuña‐Galindo, M. A., Mason, R. E., Subramanian, N. K., & Hays, D. B. (2015). Meta‐analysis of wheat QTL regions associated with adaptation to drought and heat stress. Crop Science, 55(2), 477-492.","https://acsess.onlinelibrary.wiley.com/doi/10.2135/cropsci2013.11.0793","MQTL_all traitsV3.0_final",FALSE
"M02528","MQTL20","2D","Heat stress tolerence","Heat stress tolerence","Abiotic stress","48",48,48,"cM","all values < 1000 -> cM","Acuña‐Galindo, M. A., Mason, R. E., Subramanian, N. K., & Hays, D. B. (2015). Meta‐analysis of wheat QTL regions associated with adaptation to drought and heat stress. Crop Science, 55(2), 477-492.","https://acsess.onlinelibrary.wiley.com/doi/10.2135/cropsci2013.11.0793","MQTL_all traitsV3.0_final",FALSE
"M02529","MQTL24","3A","Heat stress tolerence","Heat stress tolerence","Abiotic stress","45",45,45,"cM","all values < 1000 -> cM","Acuña‐Galindo, M. A., Mason, R. E., Subramanian, N. K., & Hays, D. B. (2015). Meta‐analysis of wheat QTL regions associated with adaptation to drought and heat stress. Crop Science, 55(2), 477-492.","https://acsess.onlinelibrary.wiley.com/doi/10.2135/cropsci2013.11.0793","MQTL_all traitsV3.0_final",FALSE
"M02530","MQTL25","3B","Heat stress tolerence","Heat stress tolerence","Abiotic stress","6",6,6,"cM","all values < 1000 -> cM","Acuña‐Galindo, M. A., Mason, R. E., Subramanian, N. K., & Hays, D. B. (2015). Meta‐analysis of wheat QTL regions associated with adaptation to drought and heat stress. Crop Science, 55(2), 477-492.","https://acsess.onlinelibrary.wiley.com/doi/10.2135/cropsci2013.11.0793","MQTL_all traitsV3.0_final",FALSE
"M02531","MQTL26","3B","Heat stress tolerence","Heat stress tolerence","Abiotic stress","69",69,69,"cM","all values < 1000 -> cM","Acuña‐Galindo, M. A., Mason, R. E., Subramanian, N. K., & Hays, D. B. (2015). Meta‐analysis of wheat QTL regions associated with adaptation to drought and heat stress. Crop Science, 55(2), 477-492.","https://acsess.onlinelibrary.wiley.com/doi/10.2135/cropsci2013.11.0793","MQTL_all traitsV3.0_final",FALSE
"M02532","MQTL27","3B","Heat stress tolerence","Heat stress tolerence","Abiotic stress","94",94,94,"cM","all values < 1000 -> cM","Acuña‐Galindo, M. A., Mason, R. E., Subramanian, N. K., & Hays, D. B. (2015). Meta‐analysis of wheat QTL regions associated with adaptation to drought and heat stress. Crop Science, 55(2), 477-492.","https://acsess.onlinelibrary.wiley.com/doi/10.2135/cropsci2013.11.0793","MQTL_all traitsV3.0_final",FALSE
"M02533","MQTL28","3B","Heat stress tolerence","Heat stress tolerence","Abiotic stress","139",139,139,"cM","all values < 1000 -> cM","Acuña‐Galindo, M. A., Mason, R. E., Subramanian, N. K., & Hays, D. B. (2015). Meta‐analysis of wheat QTL regions associated with adaptation to drought and heat stress. Crop Science, 55(2), 477-492.","https://acsess.onlinelibrary.wiley.com/doi/10.2135/cropsci2013.11.0793","MQTL_all traitsV3.0_final",FALSE
"M02534","MQTL30","4A","Heat stress tolerence","Heat stress tolerence","Abiotic stress","8",8,8,"cM","all values < 1000 -> cM","Acuña‐Galindo, M. A., Mason, R. E., Subramanian, N. K., & Hays, D. B. (2015). Meta‐analysis of wheat QTL regions associated with adaptation to drought and heat stress. Crop Science, 55(2), 477-492.","https://acsess.onlinelibrary.wiley.com/doi/10.2135/cropsci2013.11.0793","MQTL_all traitsV3.0_final",FALSE
"M02535","MQTL31","4A","Heat stress tolerence","Heat stress tolerence","Abiotic stress","36",36,36,"cM","all values < 1000 -> cM","Acuña‐Galindo, M. A., Mason, R. E., Subramanian, N. K., & Hays, D. B. (2015). Meta‐analysis of wheat QTL regions associated with adaptation to drought and heat stress. Crop Science, 55(2), 477-492.","https://acsess.onlinelibrary.wiley.com/doi/10.2135/cropsci2013.11.0793","MQTL_all traitsV3.0_final",FALSE
"M02536","MQTL32","4A","Heat stress tolerence","Heat stress tolerence","Abiotic stress","61",61,61,"cM","all values < 1000 -> cM","Acuña‐Galindo, M. A., Mason, R. E., Subramanian, N. K., & Hays, D. B. (2015). Meta‐analysis of wheat QTL regions associated with adaptation to drought and heat stress. Crop Science, 55(2), 477-492.","https://acsess.onlinelibrary.wiley.com/doi/10.2135/cropsci2013.11.0793","MQTL_all traitsV3.0_final",FALSE
"M02537","MQTL33","4A","Heat stress tolerence","Heat stress tolerence","Abiotic stress","75",75,75,"cM","all values < 1000 -> cM","Acuña‐Galindo, M. A., Mason, R. E., Subramanian, N. K., & Hays, D. B. (2015). Meta‐analysis of wheat QTL regions associated with adaptation to drought and heat stress. Crop Science, 55(2), 477-492.","https://acsess.onlinelibrary.wiley.com/doi/10.2135/cropsci2013.11.0793","MQTL_all traitsV3.0_final",FALSE
"M02538","MQTL34","4B","Heat stress tolerence","Heat stress tolerence","Abiotic stress","25",25,25,"cM","all values < 1000 -> cM","Acuña‐Galindo, M. A., Mason, R. E., Subramanian, N. K., & Hays, D. B. (2015). Meta‐analysis of wheat QTL regions associated with adaptation to drought and heat stress. Crop Science, 55(2), 477-492.","https://acsess.onlinelibrary.wiley.com/doi/10.2135/cropsci2013.11.0793","MQTL_all traitsV3.0_final",FALSE
"M02539","MQTL35","4D","Heat stress tolerence","Heat stress tolerence","Abiotic stress","33",33,33,"cM","all values < 1000 -> cM","Acuña‐Galindo, M. A., Mason, R. E., Subramanian, N. K., & Hays, D. B. (2015). Meta‐analysis of wheat QTL regions associated with adaptation to drought and heat stress. Crop Science, 55(2), 477-492.","https://acsess.onlinelibrary.wiley.com/doi/10.2135/cropsci2013.11.0793","MQTL_all traitsV3.0_final",FALSE
"M02540","MQTL37","5A","Heat stress tolerence","Heat stress tolerence","Abiotic stress","32",32,32,"cM","all values < 1000 -> cM","Acuña‐Galindo, M. A., Mason, R. E., Subramanian, N. K., & Hays, D. B. (2015). Meta‐analysis of wheat QTL regions associated with adaptation to drought and heat stress. Crop Science, 55(2), 477-492.","https://acsess.onlinelibrary.wiley.com/doi/10.2135/cropsci2013.11.0793","MQTL_all traitsV3.0_final",FALSE
"M02541","MQTL38","5A","Heat stress tolerence","Heat stress tolerence","Abiotic stress","57",57,57,"cM","all values < 1000 -> cM","Acuña‐Galindo, M. A., Mason, R. E., Subramanian, N. K., & Hays, D. B. (2015). Meta‐analysis of wheat QTL regions associated with adaptation to drought and heat stress. Crop Science, 55(2), 477-492.","https://acsess.onlinelibrary.wiley.com/doi/10.2135/cropsci2013.11.0793","MQTL_all traitsV3.0_final",FALSE
"M02542","MQTL39","5A","Heat stress tolerence","Heat stress tolerence","Abiotic stress","73",73,73,"cM","all values < 1000 -> cM","Acuña‐Galindo, M. A., Mason, R. E., Subramanian, N. K., & Hays, D. B. (2015). Meta‐analysis of wheat QTL regions associated with adaptation to drought and heat stress. Crop Science, 55(2), 477-492.","https://acsess.onlinelibrary.wiley.com/doi/10.2135/cropsci2013.11.0793","MQTL_all traitsV3.0_final",FALSE
"M02543","MQTL40","5A","Heat stress tolerence","Heat stress tolerence","Abiotic stress","140",140,140,"cM","all values < 1000 -> cM","Acuña‐Galindo, M. A., Mason, R. E., Subramanian, N. K., & Hays, D. B. (2015). Meta‐analysis of wheat QTL regions associated with adaptation to drought and heat stress. Crop Science, 55(2), 477-492.","https://acsess.onlinelibrary.wiley.com/doi/10.2135/cropsci2013.11.0793","MQTL_all traitsV3.0_final",FALSE
"M02544","MQTL41","5A","Heat stress tolerence","Heat stress tolerence","Abiotic stress","166",166,166,"cM","all values < 1000 -> cM","Acuña‐Galindo, M. A., Mason, R. E., Subramanian, N. K., & Hays, D. B. (2015). Meta‐analysis of wheat QTL regions associated with adaptation to drought and heat stress. Crop Science, 55(2), 477-492.","https://acsess.onlinelibrary.wiley.com/doi/10.2135/cropsci2013.11.0793","MQTL_all traitsV3.0_final",FALSE
"M02545","MQTL43","5B","Heat stress tolerence","Heat stress tolerence","Abiotic stress","67",67,67,"cM","all values < 1000 -> cM","Acuña‐Galindo, M. A., Mason, R. E., Subramanian, N. K., & Hays, D. B. (2015). Meta‐analysis of wheat QTL regions associated with adaptation to drought and heat stress. Crop Science, 55(2), 477-492.","https://acsess.onlinelibrary.wiley.com/doi/10.2135/cropsci2013.11.0793","MQTL_all traitsV3.0_final",FALSE
"M02546","MQTL44","5B","Heat stress tolerence","Heat stress tolerence","Abiotic stress","117",117,117,"cM","all values < 1000 -> cM","Acuña‐Galindo, M. A., Mason, R. E., Subramanian, N. K., & Hays, D. B. (2015). Meta‐analysis of wheat QTL regions associated with adaptation to drought and heat stress. Crop Science, 55(2), 477-492.","https://acsess.onlinelibrary.wiley.com/doi/10.2135/cropsci2013.11.0793","MQTL_all traitsV3.0_final",FALSE
"M02547","MQTL45","5B","Heat stress tolerence","Heat stress tolerence","Abiotic stress","135",135,135,"cM","all values < 1000 -> cM","Acuña‐Galindo, M. A., Mason, R. E., Subramanian, N. K., & Hays, D. B. (2015). Meta‐analysis of wheat QTL regions associated with adaptation to drought and heat stress. Crop Science, 55(2), 477-492.","https://acsess.onlinelibrary.wiley.com/doi/10.2135/cropsci2013.11.0793","MQTL_all traitsV3.0_final",FALSE
"M02548","MQTL47","5D","Heat stress tolerence","Heat stress tolerence","Abiotic stress","64",64,64,"cM","all values < 1000 -> cM","Acuña‐Galindo, M. A., Mason, R. E., Subramanian, N. K., & Hays, D. B. (2015). Meta‐analysis of wheat QTL regions associated with adaptation to drought and heat stress. Crop Science, 55(2), 477-492.","https://acsess.onlinelibrary.wiley.com/doi/10.2135/cropsci2013.11.0793","MQTL_all traitsV3.0_final",FALSE
"M02549","MQTL48","6A","Heat stress tolerence","Heat stress tolerence","Abiotic stress","2",2,2,"cM","all values < 1000 -> cM","Acuña‐Galindo, M. A., Mason, R. E., Subramanian, N. K., & Hays, D. B. (2015). Meta‐analysis of wheat QTL regions associated with adaptation to drought and heat stress. Crop Science, 55(2), 477-492.","https://acsess.onlinelibrary.wiley.com/doi/10.2135/cropsci2013.11.0793","MQTL_all traitsV3.0_final",FALSE
"M02550","MQTL49","6A","Heat stress tolerence","Heat stress tolerence","Abiotic stress","84",84,84,"cM","all values < 1000 -> cM","Acuña‐Galindo, M. A., Mason, R. E., Subramanian, N. K., & Hays, D. B. (2015). Meta‐analysis of wheat QTL regions associated with adaptation to drought and heat stress. Crop Science, 55(2), 477-492.","https://acsess.onlinelibrary.wiley.com/doi/10.2135/cropsci2013.11.0793","MQTL_all traitsV3.0_final",FALSE
"M02551","MQTL52","6B","Heat stress tolerence","Heat stress tolerence","Abiotic stress","42",42,42,"cM","all values < 1000 -> cM","Acuña‐Galindo, M. A., Mason, R. E., Subramanian, N. K., & Hays, D. B. (2015). Meta‐analysis of wheat QTL regions associated with adaptation to drought and heat stress. Crop Science, 55(2), 477-492.","https://acsess.onlinelibrary.wiley.com/doi/10.2135/cropsci2013.11.0793","MQTL_all traitsV3.0_final",FALSE
"M02552","MQTL54","6D","Heat stress tolerence","Heat stress tolerence","Abiotic stress","23",23,23,"cM","all values < 1000 -> cM","Acuña‐Galindo, M. A., Mason, R. E., Subramanian, N. K., & Hays, D. B. (2015). Meta‐analysis of wheat QTL regions associated with adaptation to drought and heat stress. Crop Science, 55(2), 477-492.","https://acsess.onlinelibrary.wiley.com/doi/10.2135/cropsci2013.11.0793","MQTL_all traitsV3.0_final",FALSE
"M02553","MQTL55","6D","Heat stress tolerence","Heat stress tolerence","Abiotic stress","53",53,53,"cM","all values < 1000 -> cM","Acuña‐Galindo, M. A., Mason, R. E., Subramanian, N. K., & Hays, D. B. (2015). Meta‐analysis of wheat QTL regions associated with adaptation to drought and heat stress. Crop Science, 55(2), 477-492.","https://acsess.onlinelibrary.wiley.com/doi/10.2135/cropsci2013.11.0793","MQTL_all traitsV3.0_final",FALSE
"M02554","MQTL58","7A","Heat stress tolerence","Heat stress tolerence","Abiotic stress","30",30,30,"cM","all values < 1000 -> cM","Acuña‐Galindo, M. A., Mason, R. E., Subramanian, N. K., & Hays, D. B. (2015). Meta‐analysis of wheat QTL regions associated with adaptation to drought and heat stress. Crop Science, 55(2), 477-492.","https://acsess.onlinelibrary.wiley.com/doi/10.2135/cropsci2013.11.0793","MQTL_all traitsV3.0_final",FALSE
"M02555","MQTL59","7A","Heat stress tolerence","Heat stress tolerence","Abiotic stress","5",5,5,"cM","all values < 1000 -> cM","Acuña‐Galindo, M. A., Mason, R. E., Subramanian, N. K., & Hays, D. B. (2015). Meta‐analysis of wheat QTL regions associated with adaptation to drought and heat stress. Crop Science, 55(2), 477-492.","https://acsess.onlinelibrary.wiley.com/doi/10.2135/cropsci2013.11.0793","MQTL_all traitsV3.0_final",FALSE
"M02556","MQTL60","7A","Heat stress tolerence","Heat stress tolerence","Abiotic stress","100",100,100,"cM","all values < 1000 -> cM","Acuña‐Galindo, M. A., Mason, R. E., Subramanian, N. K., & Hays, D. B. (2015). Meta‐analysis of wheat QTL regions associated with adaptation to drought and heat stress. Crop Science, 55(2), 477-492.","https://acsess.onlinelibrary.wiley.com/doi/10.2135/cropsci2013.11.0793","MQTL_all traitsV3.0_final",FALSE
"M02557","MQTL62","7B","Heat stress tolerence","Heat stress tolerence","Abiotic stress","57",57,57,"cM","all values < 1000 -> cM","Acuña‐Galindo, M. A., Mason, R. E., Subramanian, N. K., & Hays, D. B. (2015). Meta‐analysis of wheat QTL regions associated with adaptation to drought and heat stress. Crop Science, 55(2), 477-492.","https://acsess.onlinelibrary.wiley.com/doi/10.2135/cropsci2013.11.0793","MQTL_all traitsV3.0_final",FALSE
"M02558","MQTL63","7B","Heat stress tolerence","Heat stress tolerence","Abiotic stress","138",138,138,"cM","all values < 1000 -> cM","Acuña‐Galindo, M. A., Mason, R. E., Subramanian, N. K., & Hays, D. B. (2015). Meta‐analysis of wheat QTL regions associated with adaptation to drought and heat stress. Crop Science, 55(2), 477-492.","https://acsess.onlinelibrary.wiley.com/doi/10.2135/cropsci2013.11.0793","MQTL_all traitsV3.0_final",FALSE
"M02559","MQTL65","7D","Heat stress tolerence","Heat stress tolerence","Abiotic stress","85",85,85,"cM","all values < 1000 -> cM","Acuña‐Galindo, M. A., Mason, R. E., Subramanian, N. K., & Hays, D. B. (2015). Meta‐analysis of wheat QTL regions associated with adaptation to drought and heat stress. Crop Science, 55(2), 477-492.","https://acsess.onlinelibrary.wiley.com/doi/10.2135/cropsci2013.11.0793","MQTL_all traitsV3.0_final",FALSE
"M02560","MQTL36","4D","Heat stress tolerence","Heat stress tolerence","Abiotic stress","82",82,82,"cM","all values < 1000 -> cM","Acuña‐Galindo, M. A., Mason, R. E., Subramanian, N. K., & Hays, D. B. (2015). Meta‐analysis of wheat QTL regions associated with adaptation to drought and heat stress. Crop Science, 55(2), 477-492.","https://acsess.onlinelibrary.wiley.com/doi/10.2135/cropsci2013.11.0793","MQTL_all traitsV3.0_final",FALSE
"M02561","MQTL57","7A","Heat stress tolerence","Heat stress tolerence","Abiotic stress","5",5,5,"cM","all values < 1000 -> cM","Acuña‐Galindo, M. A., Mason, R. E., Subramanian, N. K., & Hays, D. B. (2015). Meta‐analysis of wheat QTL regions associated with adaptation to drought and heat stress. Crop Science, 55(2), 477-492.","https://acsess.onlinelibrary.wiley.com/doi/10.2135/cropsci2013.11.0793","MQTL_all traitsV3.0_final",FALSE
"M02562","MQTL5B.2","5B","Heat stress tolerence","Acquired thermotolerance, days to maturity","Abiotic stress","200.295 - 202.185",200.295,202.185,"cM","all values < 1000 -> cM","Kumar, S., Singh, V. P., Saini, D. K., Sharma, H., Saripalli, G., Kumar, S., ... & Gupta, P. K. (2021). Meta-QTLs, ortho-MQTLs, and candidate genes for thermotolerance in wheat (Triticum aestivum L.). Molecular Breeding, 41(11), 69.","https://doi.org/10.1007/s11032-021-01264-7","MQTL_all traitsV3.0_final",FALSE
"M02563","MQTL3A.4","3A","Heat stress tolerence","Acquired thermotolerance, Heat susceptibility, Stay green","Abiotic stress","189.75 - 190.07",189.75,190.07,"cM","all values < 1000 -> cM","Kumar, S., Singh, V. P., Saini, D. K., Sharma, H., Saripalli, G., Kumar, S., ... & Gupta, P. K. (2021). Meta-QTLs, ortho-MQTLs, and candidate genes for thermotolerance in wheat (Triticum aestivum L.). Molecular Breeding, 41(11), 69.","https://doi.org/10.1007/s11032-021-01264-7","MQTL_all traitsV3.0_final",FALSE
"M02564","MQTL6B.2","6B","Heat stress tolerence","Ash content, grain number m2","Abiotic stress","158.995 - 162.805",158.995,162.805,"cM","all values < 1000 -> cM","Kumar, S., Singh, V. P., Saini, D. K., Sharma, H., Saripalli, G., Kumar, S., ... & Gupta, P. K. (2021). Meta-QTLs, ortho-MQTLs, and candidate genes for thermotolerance in wheat (Triticum aestivum L.). Molecular Breeding, 41(11), 69.","https://doi.org/10.1007/s11032-021-01264-7","MQTL_all traitsV3.0_final",FALSE
"M02565","MQTL4D.1","4D","Heat stress tolerence","bread break shard, bread specifc loaf volume","Abiotic stress","0 - 7.31",0,7.31,"cM","all values < 1000 -> cM","Kumar, S., Singh, V. P., Saini, D. K., Sharma, H., Saripalli, G., Kumar, S., ... & Gupta, P. K. (2021). Meta-QTLs, ortho-MQTLs, and candidate genes for thermotolerance in wheat (Triticum aestivum L.). Molecular Breeding, 41(11), 69.","https://doi.org/10.1007/s11032-021-01264-7","MQTL_all traitsV3.0_final",FALSE
"M02566","MQTL2B.3","2B","Heat stress tolerence","bread break shard, bread symmetry, bread specifc loaf volume, bread loaf weight, bread crust color, normalised difference vegetation index, Plasma membrane damage_7, Yield, Grain weight per spike, Maximum efficiency of photosystem II (Fv/Fm), Cytoplasmic membrane stability, Falling number","Yield","140.66 - 145.92",140.66,145.92,"cM","all values < 1000 -> cM","Kumar, S., Singh, V. P., Saini, D. K., Sharma, H., Saripalli, G., Kumar, S., ... & Gupta, P. K. (2021). Meta-QTLs, ortho-MQTLs, and candidate genes for thermotolerance in wheat (Triticum aestivum L.). Molecular Breeding, 41(11), 69.","https://doi.org/10.1007/s11032-021-01264-7","MQTL_all traitsV3.0_final",FALSE
"M02567","MQTL2A.4","2A","Heat stress tolerence","bread symmetry, bread crust color, bread specifc loaf volume, Thousand grain weight, bread loaf weight, thousand-grain weight, plant height","Yield","95.705 - 96.395",95.705,96.395,"cM","all values < 1000 -> cM","Kumar, S., Singh, V. P., Saini, D. K., Sharma, H., Saripalli, G., Kumar, S., ... & Gupta, P. K. (2021). Meta-QTLs, ortho-MQTLs, and candidate genes for thermotolerance in wheat (Triticum aestivum L.). Molecular Breeding, 41(11), 69.","https://doi.org/10.1007/s11032-021-01264-7","MQTL_all traitsV3.0_final",FALSE
"M02568","MQTL3B.1","3B","Heat stress tolerence","canopy temperature at vegetative stage, Mixograph peak time, bread loaf weight, Flag leaf length, HSI kernel number, Stay green, bread specifc loaf volume, bread break shard, bread crust color, Flour moisture","Fungal resistance","57.32 - 60.04",57.32,60.04,"cM","all values < 1000 -> cM","Kumar, S., Singh, V. P., Saini, D. K., Sharma, H., Saripalli, G., Kumar, S., ... & Gupta, P. K. (2021). Meta-QTLs, ortho-MQTLs, and candidate genes for thermotolerance in wheat (Triticum aestivum L.). Molecular Breeding, 41(11), 69.","https://doi.org/10.1007/s11032-021-01264-7","MQTL_all traitsV3.0_final",FALSE
"M02569","MQTL2B.4","2B","Heat stress tolerence","Chlorophyll content (SPAD value), Yield, Grain Yield","Yield","158.08 - 163.68",158.08,163.68,"cM","all values < 1000 -> cM","Kumar, S., Singh, V. P., Saini, D. K., Sharma, H., Saripalli, G., Kumar, S., ... & Gupta, P. K. (2021). Meta-QTLs, ortho-MQTLs, and candidate genes for thermotolerance in wheat (Triticum aestivum L.). Molecular Breeding, 41(11), 69.","https://doi.org/10.1007/s11032-021-01264-7","MQTL_all traitsV3.0_final",FALSE
"M02570","MQTL7A.4","7A","Heat stress tolerence","Cytoplasmic membrane stability, Grain number per spike, Grain weight per spike","Yield","110.64 - 111.92",110.64,111.92,"cM","all values < 1000 -> cM","Kumar, S., Singh, V. P., Saini, D. K., Sharma, H., Saripalli, G., Kumar, S., ... & Gupta, P. K. (2021). Meta-QTLs, ortho-MQTLs, and candidate genes for thermotolerance in wheat (Triticum aestivum L.). Molecular Breeding, 41(11), 69.","https://doi.org/10.1007/s11032-021-01264-7","MQTL_all traitsV3.0_final",FALSE
"M02571","MQTL7B.2","7B","Heat stress tolerence","Cytoplasmic membrane stability, Maximum efficiency of photosystem II (Fv/Fm)","Abiotic stress","101.425 - 104.115",101.425,104.115,"cM","all values < 1000 -> cM","Kumar, S., Singh, V. P., Saini, D. K., Sharma, H., Saripalli, G., Kumar, S., ... & Gupta, P. K. (2021). Meta-QTLs, ortho-MQTLs, and candidate genes for thermotolerance in wheat (Triticum aestivum L.). Molecular Breeding, 41(11), 69.","https://doi.org/10.1007/s11032-021-01264-7","MQTL_all traitsV3.0_final",FALSE
"M02572","MQTL7A.6","7A","Heat stress tolerence","Days to Heading, Fm maximum fuorescence, Plasma membrane damage_7, Fv/Fm chlorophyll fuorescence, SPAD chlorophyll content_4, Thylakoid membrane damage_4, Kernel number per spike","Abiotic stress","122.045 - 124.515",122.045,124.515,"cM","all values < 1000 -> cM","Kumar, S., Singh, V. P., Saini, D. K., Sharma, H., Saripalli, G., Kumar, S., ... & Gupta, P. K. (2021). Meta-QTLs, ortho-MQTLs, and candidate genes for thermotolerance in wheat (Triticum aestivum L.). Molecular Breeding, 41(11), 69.","https://doi.org/10.1007/s11032-021-01264-7","MQTL_all traitsV3.0_final",FALSE
"M02573","MQTL7D.5","7D","Heat stress tolerence","days to heading, plant height, leaf waxiness","Abiotic stress","354.14 - 354.8",354.14,354.8,"cM","all values < 1000 -> cM","Kumar, S., Singh, V. P., Saini, D. K., Sharma, H., Saripalli, G., Kumar, S., ... & Gupta, P. K. (2021). Meta-QTLs, ortho-MQTLs, and candidate genes for thermotolerance in wheat (Triticum aestivum L.). Molecular Breeding, 41(11), 69.","https://doi.org/10.1007/s11032-021-01264-7","MQTL_all traitsV3.0_final",FALSE
"M02574","MQTL4B.4","4B","Heat stress tolerence","days to heading, Spikes per plant, Plant height, Heat susceptibility index for thousand grain weight, Cytoplasmic membrane stability, Kernel number per spike, Thousand grain weight","Yield","134.705 - 136.315",134.705,136.315,"cM","all values < 1000 -> cM","Kumar, S., Singh, V. P., Saini, D. K., Sharma, H., Saripalli, G., Kumar, S., ... & Gupta, P. K. (2021). Meta-QTLs, ortho-MQTLs, and candidate genes for thermotolerance in wheat (Triticum aestivum L.). Molecular Breeding, 41(11), 69.","https://doi.org/10.1007/s11032-021-01264-7","MQTL_all traitsV3.0_final",FALSE
"M02575","MQTL5D.1","5D","Heat stress tolerence","days to heading, Test weight, Gluten index","Quality traits","27.865 - 28.855",27.865,28.855,"cM","all values < 1000 -> cM","Kumar, S., Singh, V. P., Saini, D. K., Sharma, H., Saripalli, G., Kumar, S., ... & Gupta, P. K. (2021). Meta-QTLs, ortho-MQTLs, and candidate genes for thermotolerance in wheat (Triticum aestivum L.). Molecular Breeding, 41(11), 69.","https://doi.org/10.1007/s11032-021-01264-7","MQTL_all traitsV3.0_final",FALSE
"M02576","MQTL4B.6","4B","Heat stress tolerence","days to maturity, grain-filling duration, days from anthesis to 95 % flag leaf senescence, grain weight spike?1, grain number spike?1, shoot dry weight, rate of chlorophyll change based on the linear regression of the measurements at 27, plant height","Yield","157.055 - 159.445",157.055,159.445,"cM","all values < 1000 -> cM","Kumar, S., Singh, V. P., Saini, D. K., Sharma, H., Saripalli, G., Kumar, S., ... & Gupta, P. K. (2021). Meta-QTLs, ortho-MQTLs, and candidate genes for thermotolerance in wheat (Triticum aestivum L.). Molecular Breeding, 41(11), 69.","https://doi.org/10.1007/s11032-021-01264-7","MQTL_all traitsV3.0_final",FALSE
"M02577","MQTL7D.6","7D","Heat stress tolerence","days to maturity, normalized difference vegetation index at vegetative","Abiotic stress","377.125 - 383.395",377.125,383.395,"cM","all values < 1000 -> cM","Kumar, S., Singh, V. P., Saini, D. K., Sharma, H., Saripalli, G., Kumar, S., ... & Gupta, P. K. (2021). Meta-QTLs, ortho-MQTLs, and candidate genes for thermotolerance in wheat (Triticum aestivum L.). Molecular Breeding, 41(11), 69.","https://doi.org/10.1007/s11032-021-01264-7","MQTL_all traitsV3.0_final",FALSE
"M02578","MQTL2B.1","2B","Heat stress tolerence","days to maturity, normalized difference vegetation index at vegetative, Farinograph tolerance index, Grain number per spike, Farinograph dough stability time, canopy temperature at vegetative stage, grain number m?2","Quality traits","73.8 - 75.18",73.8,75.18,"cM","all values < 1000 -> cM","Kumar, S., Singh, V. P., Saini, D. K., Sharma, H., Saripalli, G., Kumar, S., ... & Gupta, P. K. (2021). Meta-QTLs, ortho-MQTLs, and candidate genes for thermotolerance in wheat (Triticum aestivum L.). Molecular Breeding, 41(11), 69.","https://doi.org/10.1007/s11032-021-01264-7","MQTL_all traitsV3.0_final",FALSE
"M02579","MQTL2A.2","2A","Heat stress tolerence","days to maturity, plant height, normalised difference vegetation index","Abiotic stress","55.955 - 65.265",55.955,65.265,"cM","all values < 1000 -> cM","Kumar, S., Singh, V. P., Saini, D. K., Sharma, H., Saripalli, G., Kumar, S., ... & Gupta, P. K. (2021). Meta-QTLs, ortho-MQTLs, and candidate genes for thermotolerance in wheat (Triticum aestivum L.). Molecular Breeding, 41(11), 69.","https://doi.org/10.1007/s11032-021-01264-7","MQTL_all traitsV3.0_final",FALSE
"M02580","MQTL7B.3","7B","Heat stress tolerence","Dry gluten content, Heat susceptibility index for thousand grain weight, Plant height, Mixograph peak height, Mixograph peak time, Mixograph height curve at 8 min, Heat susceptibility index for grain yield, Chlorophyll content, Wet gluten content, stress susceptibility index, Flour protein content, Canopy temperature depression, Heat susceptibility index for grain yield","Yield","120.82 - 122.44",120.82,122.44,"cM","all values < 1000 -> cM","Kumar, S., Singh, V. P., Saini, D. K., Sharma, H., Saripalli, G., Kumar, S., ... & Gupta, P. K. (2021). Meta-QTLs, ortho-MQTLs, and candidate genes for thermotolerance in wheat (Triticum aestivum L.). Molecular Breeding, 41(11), 69.","https://doi.org/10.1007/s11032-021-01264-7","MQTL_all traitsV3.0_final",FALSE
"M02581","MQTL4D.2","4D","Heat stress tolerence","Dry gluten content, Wet gluten content","Quality traits","30.105 - 38.955",30.105,38.955,"cM","all values < 1000 -> cM","Kumar, S., Singh, V. P., Saini, D. K., Sharma, H., Saripalli, G., Kumar, S., ... & Gupta, P. K. (2021). Meta-QTLs, ortho-MQTLs, and candidate genes for thermotolerance in wheat (Triticum aestivum L.). Molecular Breeding, 41(11), 69.","https://doi.org/10.1007/s11032-021-01264-7","MQTL_all traitsV3.0_final",FALSE
"M02582","MQTL4B.2","4B","Heat stress tolerence","Falling number, days to maturity, grain filling duration, grain weight spike?1, single grain weight, shoot dry weight, plant height, harvest index","Yield","100.08 - 106.1",100.08,106.1,"cM","all values < 1000 -> cM","Kumar, S., Singh, V. P., Saini, D. K., Sharma, H., Saripalli, G., Kumar, S., ... & Gupta, P. K. (2021). Meta-QTLs, ortho-MQTLs, and candidate genes for thermotolerance in wheat (Triticum aestivum L.). Molecular Breeding, 41(11), 69.","https://doi.org/10.1007/s11032-021-01264-7","MQTL_all traitsV3.0_final",FALSE
"M02583","MQTL1D.1","1D","Heat stress tolerence","Falling number, Flour moisture","Abiotic stress","117.43 - 134.57",117.43,134.57,"cM","all values < 1000 -> cM","Kumar, S., Singh, V. P., Saini, D. K., Sharma, H., Saripalli, G., Kumar, S., ... & Gupta, P. K. (2021). Meta-QTLs, ortho-MQTLs, and candidate genes for thermotolerance in wheat (Triticum aestivum L.). Molecular Breeding, 41(11), 69.","https://doi.org/10.1007/s11032-021-01264-7","MQTL_all traitsV3.0_final",FALSE
"M02584","MQTL2D.2","2D","Heat stress tolerence","Falling number, Yield, Yield, canopy temperature at grain-filling stage, Dry gluten content, Kernel diameter, Days to maturity, Kernel hardness, Single kernel weight, Kernel weight per spike, Days to flowering, Yield, Yield, Days to Heading, Harvest indext, Flag leaf width, Thousand kernel weight, Flag leaf length, Heat susceptibility index, bread symmetry, bread loaf weight, normalized difference vegetation index at vegetative","Yield","124.255 - 128.645",124.255,128.645,"cM","all values < 1000 -> cM","Kumar, S., Singh, V. P., Saini, D. K., Sharma, H., Saripalli, G., Kumar, S., ... & Gupta, P. K. (2021). Meta-QTLs, ortho-MQTLs, and candidate genes for thermotolerance in wheat (Triticum aestivum L.). Molecular Breeding, 41(11), 69.","https://doi.org/10.1007/s11032-021-01264-7","MQTL_all traitsV3.0_final",FALSE
"M02585","MQTL4A.3","4A","Heat stress tolerence","Farinograph dough stability time, Falling number, Dry gluten content, HSI_Single kernel weight main spike, Test weight, Wet gluten content, HSI_Single kernel weight main spike","Quality traits","676.51 - 681.93",676.51,681.93,"cM","all values < 1000 -> cM","Kumar, S., Singh, V. P., Saini, D. K., Sharma, H., Saripalli, G., Kumar, S., ... & Gupta, P. K. (2021). Meta-QTLs, ortho-MQTLs, and candidate genes for thermotolerance in wheat (Triticum aestivum L.). Molecular Breeding, 41(11), 69.","https://doi.org/10.1007/s11032-021-01264-7","MQTL_all traitsV3.0_final",FALSE
"M02586","MQTL1B.4","1B","Heat stress tolerence","Farinograph water absorption, HSI_Kernel weight of main spike, bread break shard, Acquired thermotolerance, Productive tiller, Mixograph height curve at 8 min, Stay green, single grain weight, Heat susceptibility","Yield","120.815 - 120.925",120.815,120.925,"cM","all values < 1000 -> cM","Kumar, S., Singh, V. P., Saini, D. K., Sharma, H., Saripalli, G., Kumar, S., ... & Gupta, P. K. (2021). Meta-QTLs, ortho-MQTLs, and candidate genes for thermotolerance in wheat (Triticum aestivum L.). Molecular Breeding, 41(11), 69.","https://doi.org/10.1007/s11032-021-01264-7","MQTL_all traitsV3.0_final",FALSE
"M02587","MQTL5B.1","5B","Heat stress tolerence","Flag leaf length, Days to flowering, Test weight","Quality traits","105.77 - 112.49",105.77,112.49,"cM","all values < 1000 -> cM","Kumar, S., Singh, V. P., Saini, D. K., Sharma, H., Saripalli, G., Kumar, S., ... & Gupta, P. K. (2021). Meta-QTLs, ortho-MQTLs, and candidate genes for thermotolerance in wheat (Triticum aestivum L.). Molecular Breeding, 41(11), 69.","https://doi.org/10.1007/s11032-021-01264-7","MQTL_all traitsV3.0_final",FALSE
"M02588","MQTL1B.3","1B","Heat stress tolerence","Flag leaf length, Grain filling duration","Abiotic stress","105.395 - 111.705",105.395,111.705,"cM","all values < 1000 -> cM","Kumar, S., Singh, V. P., Saini, D. K., Sharma, H., Saripalli, G., Kumar, S., ... & Gupta, P. K. (2021). Meta-QTLs, ortho-MQTLs, and candidate genes for thermotolerance in wheat (Triticum aestivum L.). Molecular Breeding, 41(11), 69.","https://doi.org/10.1007/s11032-021-01264-7","MQTL_all traitsV3.0_final",FALSE
"M02589","MQTL1D.3","1D","Heat stress tolerence","Flag leaf width, Yield","Yield","224.52 - 247.98",224.52,247.98,"cM","all values < 1000 -> cM","Kumar, S., Singh, V. P., Saini, D. K., Sharma, H., Saripalli, G., Kumar, S., ... & Gupta, P. K. (2021). Meta-QTLs, ortho-MQTLs, and candidate genes for thermotolerance in wheat (Triticum aestivum L.). Molecular Breeding, 41(11), 69.","https://doi.org/10.1007/s11032-021-01264-7","MQTL_all traitsV3.0_final",FALSE
"M02590","MQTL7A.3","7A","Heat stress tolerence","Flag leaf width, Yield, Yield","Yield","104.05 - 108.41",104.05,108.41,"cM","all values < 1000 -> cM","Kumar, S., Singh, V. P., Saini, D. K., Sharma, H., Saripalli, G., Kumar, S., ... & Gupta, P. K. (2021). Meta-QTLs, ortho-MQTLs, and candidate genes for thermotolerance in wheat (Triticum aestivum L.). Molecular Breeding, 41(11), 69.","https://doi.org/10.1007/s11032-021-01264-7","MQTL_all traitsV3.0_final",FALSE
"M02591","MQTL3A.1","3A","Heat stress tolerence","Flour moisture, Mixograph peak time","Abiotic stress","82.63 - 117.53",82.63,117.53,"cM","all values < 1000 -> cM","Kumar, S., Singh, V. P., Saini, D. K., Sharma, H., Saripalli, G., Kumar, S., ... & Gupta, P. K. (2021). Meta-QTLs, ortho-MQTLs, and candidate genes for thermotolerance in wheat (Triticum aestivum L.). Molecular Breeding, 41(11), 69.","https://doi.org/10.1007/s11032-021-01264-7","MQTL_all traitsV3.0_final",FALSE
"M02592","MQTL6A.1","6A","Heat stress tolerence","Flour protein content, single grain weight, Heat susceptibility index for thousand grain weight","Yield","444.49 - 446.99",444.49,446.99,"cM","all values < 1000 -> cM","Kumar, S., Singh, V. P., Saini, D. K., Sharma, H., Saripalli, G., Kumar, S., ... & Gupta, P. K. (2021). Meta-QTLs, ortho-MQTLs, and candidate genes for thermotolerance in wheat (Triticum aestivum L.). Molecular Breeding, 41(11), 69.","https://doi.org/10.1007/s11032-021-01264-7","MQTL_all traitsV3.0_final",FALSE
"M02593","MQTL1A.3","1A","Heat stress tolerence","Fv variable fuorescence, thousand-kernel weight, Fv/Fm maximum quantum effciency of PS II","Abiotic stress","99.73 - 101.77",99.73,101.77,"cM","all values < 1000 -> cM","Kumar, S., Singh, V. P., Saini, D. K., Sharma, H., Saripalli, G., Kumar, S., ... & Gupta, P. K. (2021). Meta-QTLs, ortho-MQTLs, and candidate genes for thermotolerance in wheat (Triticum aestivum L.). Molecular Breeding, 41(11), 69.","https://doi.org/10.1007/s11032-021-01264-7","MQTL_all traitsV3.0_final",FALSE
"M02594","MQTL3D.3","3D","Heat stress tolerence","grain number m?2, normalized difference vegetation index at vegetative, grain yield m?2","Yield","176.41 - 177.29",176.41,177.29,"cM","all values < 1000 -> cM","Kumar, S., Singh, V. P., Saini, D. K., Sharma, H., Saripalli, G., Kumar, S., ... & Gupta, P. K. (2021). Meta-QTLs, ortho-MQTLs, and candidate genes for thermotolerance in wheat (Triticum aestivum L.). Molecular Breeding, 41(11), 69.","https://doi.org/10.1007/s11032-021-01264-7","MQTL_all traitsV3.0_final",FALSE
"M02595","MQTL4B.1","4B","Heat stress tolerence","Grain weight per spike, bread specific loaf volume, bread break shard","Yield","70.705 - 76.695",70.705,76.695,"cM","all values < 1000 -> cM","Kumar, S., Singh, V. P., Saini, D. K., Sharma, H., Saripalli, G., Kumar, S., ... & Gupta, P. K. (2021). Meta-QTLs, ortho-MQTLs, and candidate genes for thermotolerance in wheat (Triticum aestivum L.). Molecular Breeding, 41(11), 69.","https://doi.org/10.1007/s11032-021-01264-7","MQTL_all traitsV3.0_final",FALSE
"M02596","MQTL6B.3","6B","Heat stress tolerence","Grain yield per spike, Yield, Mixograph height curve at 8 min","Yield","180.255 - 192.385",180.255,192.385,"cM","all values < 1000 -> cM","Kumar, S., Singh, V. P., Saini, D. K., Sharma, H., Saripalli, G., Kumar, S., ... & Gupta, P. K. (2021). Meta-QTLs, ortho-MQTLs, and candidate genes for thermotolerance in wheat (Triticum aestivum L.). Molecular Breeding, 41(11), 69.","https://doi.org/10.1007/s11032-021-01264-7","MQTL_all traitsV3.0_final",FALSE
"M02597","MQTL1B.2","1B","Heat stress tolerence","Grain yield, Chlorophyll content at 4DPA, SPAD chlorophyll content_4, Yield, Grain-filling duration, bread specifc loaf volume","Yield","100.17 - 100.55",100.17,100.55,"cM","all values < 1000 -> cM","Kumar, S., Singh, V. P., Saini, D. K., Sharma, H., Saripalli, G., Kumar, S., ... & Gupta, P. K. (2021). Meta-QTLs, ortho-MQTLs, and candidate genes for thermotolerance in wheat (Triticum aestivum L.). Molecular Breeding, 41(11), 69.","https://doi.org/10.1007/s11032-021-01264-7","MQTL_all traitsV3.0_final",FALSE
"M02598","MQTL3A.2","3A","Heat stress tolerence","Grain yield, Yield","Yield","145.75 - 148.29",145.75,148.29,"cM","all values < 1000 -> cM","Kumar, S., Singh, V. P., Saini, D. K., Sharma, H., Saripalli, G., Kumar, S., ... & Gupta, P. K. (2021). Meta-QTLs, ortho-MQTLs, and candidate genes for thermotolerance in wheat (Triticum aestivum L.). Molecular Breeding, 41(11), 69.","https://doi.org/10.1007/s11032-021-01264-7","MQTL_all traitsV3.0_final",FALSE
"M02599","MQTL2A.1","2A","Heat stress tolerence","Grain-filling duration, HSI kernel number, HSI grain filling duration, Dry gluten content","Quality traits","33.72 - 39.7",33.72,39.7,"cM","all values < 1000 -> cM","Kumar, S., Singh, V. P., Saini, D. K., Sharma, H., Saripalli, G., Kumar, S., ... & Gupta, P. K. (2021). Meta-QTLs, ortho-MQTLs, and candidate genes for thermotolerance in wheat (Triticum aestivum L.). Molecular Breeding, 41(11), 69.","https://doi.org/10.1007/s11032-021-01264-7","MQTL_all traitsV3.0_final",FALSE
"M02600","MQTL7D.2","7D","Heat stress tolerence","Harvest indext, Falling number","Abiotic stress","232.17 - 245.73",232.17,245.73,"cM","all values < 1000 -> cM","Kumar, S., Singh, V. P., Saini, D. K., Sharma, H., Saripalli, G., Kumar, S., ... & Gupta, P. K. (2021). Meta-QTLs, ortho-MQTLs, and candidate genes for thermotolerance in wheat (Triticum aestivum L.). Molecular Breeding, 41(11), 69.","https://doi.org/10.1007/s11032-021-01264-7","MQTL_all traitsV3.0_final",FALSE
"M02601","MQTL1A.5","1A","Heat stress tolerence","Heat susceptibility index for thousand grain weight, Flour moisture","Yield","136.825 - 139.155",136.825,139.155,"cM","all values < 1000 -> cM","Kumar, S., Singh, V. P., Saini, D. K., Sharma, H., Saripalli, G., Kumar, S., ... & Gupta, P. K. (2021). Meta-QTLs, ortho-MQTLs, and candidate genes for thermotolerance in wheat (Triticum aestivum L.). Molecular Breeding, 41(11), 69.","https://doi.org/10.1007/s11032-021-01264-7","MQTL_all traitsV3.0_final",FALSE
"M02602","MQTL2B.5","2B","Heat stress tolerence","Heat susceptibility index for thousand grain weight, Heat susceptibility index for grain filling duration","Yield","332.745 - 352.575",332.745,352.575,"cM","all values < 1000 -> cM","Kumar, S., Singh, V. P., Saini, D. K., Sharma, H., Saripalli, G., Kumar, S., ... & Gupta, P. K. (2021). Meta-QTLs, ortho-MQTLs, and candidate genes for thermotolerance in wheat (Triticum aestivum L.). Molecular Breeding, 41(11), 69.","https://doi.org/10.1007/s11032-021-01264-7","MQTL_all traitsV3.0_final",FALSE
"M02603","MQTL7A.7","7A","Heat stress tolerence","Heat susceptibility index, Canopy temperature depression, Grain-filling duration, Thousand grain weight, Days to Heading, Flour moisture","Yield","152.285 - 154.775",152.285,154.775,"cM","all values < 1000 -> cM","Kumar, S., Singh, V. P., Saini, D. K., Sharma, H., Saripalli, G., Kumar, S., ... & Gupta, P. K. (2021). Meta-QTLs, ortho-MQTLs, and candidate genes for thermotolerance in wheat (Triticum aestivum L.). Molecular Breeding, 41(11), 69.","https://doi.org/10.1007/s11032-021-01264-7","MQTL_all traitsV3.0_final",FALSE
"M02604","MQTL5D.4","5D","Heat stress tolerence","Heat susceptibility index, normalized difference vegetation index at grain-filling stage","Abiotic stress","135.85 - 142.73",135.85,142.73,"cM","all values < 1000 -> cM","Kumar, S., Singh, V. P., Saini, D. K., Sharma, H., Saripalli, G., Kumar, S., ... & Gupta, P. K. (2021). Meta-QTLs, ortho-MQTLs, and candidate genes for thermotolerance in wheat (Triticum aestivum L.). Molecular Breeding, 41(11), 69.","https://doi.org/10.1007/s11032-021-01264-7","MQTL_all traitsV3.0_final",FALSE
"M02605","MQTL1D.2","1D","Heat stress tolerence","HSI grain filling duration, Plasma membrane damage_10, SPAD chlorophyll content_7, Thylakoid membrane damage_4","Abiotic stress","213.92 - 216.9",213.92,216.9,"cM","all values < 1000 -> cM","Kumar, S., Singh, V. P., Saini, D. K., Sharma, H., Saripalli, G., Kumar, S., ... & Gupta, P. K. (2021). Meta-QTLs, ortho-MQTLs, and candidate genes for thermotolerance in wheat (Triticum aestivum L.). Molecular Breeding, 41(11), 69.","https://doi.org/10.1007/s11032-021-01264-7","MQTL_all traitsV3.0_final",FALSE
"M02606","MQTL1A.4","1A","Heat stress tolerence","HSI kernel number, HSI single kernel weight, Fm maximum fluorescence, Grain yield, Farinograph tolerance index, Farinograph water absorption, Falling number","Yield","105.55 - 107.67",105.55,107.67,"cM","all values < 1000 -> cM","Kumar, S., Singh, V. P., Saini, D. K., Sharma, H., Saripalli, G., Kumar, S., ... & Gupta, P. K. (2021). Meta-QTLs, ortho-MQTLs, and candidate genes for thermotolerance in wheat (Triticum aestivum L.). Molecular Breeding, 41(11), 69.","https://doi.org/10.1007/s11032-021-01264-7","MQTL_all traitsV3.0_final",FALSE
"M02607","MQTL6D.1","6D","Heat stress tolerence","HSI kernel weight, HSI grain filling duration, HSI_Single kernel weight main spike, canopy temperature at grain-filling stage, Temperature depression of main spike, grain yield m?2, canopy temperature at vegetative stage","Yield","53.69 - 54.55",53.69,54.55,"cM","all values < 1000 -> cM","Kumar, S., Singh, V. P., Saini, D. K., Sharma, H., Saripalli, G., Kumar, S., ... & Gupta, P. K. (2021). Meta-QTLs, ortho-MQTLs, and candidate genes for thermotolerance in wheat (Triticum aestivum L.). Molecular Breeding, 41(11), 69.","https://doi.org/10.1007/s11032-021-01264-7","MQTL_all traitsV3.0_final",FALSE
"M02608","MQTL5A.1","5A","Heat stress tolerence","HSI_Single kernel weight main spike, canopy temperature at vegetative stage, Temperature depression of flag leaf, Grain-filling duration","Abiotic stress","347.665 - 350.755",347.665,350.755,"cM","all values < 1000 -> cM","Kumar, S., Singh, V. P., Saini, D. K., Sharma, H., Saripalli, G., Kumar, S., ... & Gupta, P. K. (2021). Meta-QTLs, ortho-MQTLs, and candidate genes for thermotolerance in wheat (Triticum aestivum L.). Molecular Breeding, 41(11), 69.","https://doi.org/10.1007/s11032-021-01264-7","MQTL_all traitsV3.0_final",FALSE
"M02609","MQTL2D.1","2D","Heat stress tolerence","HSI_Single kernel weight main spike, Heading date, Temperature depression of main spike, Grain yield, days to maturity, Farinograph dough development time, HSI_Single kernel weight main spike, Temperature depression of main spike, Canopy temperature depression, Height","Yield","112.405 - 115.435",112.405,115.435,"cM","all values < 1000 -> cM","Kumar, S., Singh, V. P., Saini, D. K., Sharma, H., Saripalli, G., Kumar, S., ... & Gupta, P. K. (2021). Meta-QTLs, ortho-MQTLs, and candidate genes for thermotolerance in wheat (Triticum aestivum L.). Molecular Breeding, 41(11), 69.","https://doi.org/10.1007/s11032-021-01264-7","MQTL_all traitsV3.0_final",FALSE
"M02610","MQTL5A.2","5A","Heat stress tolerence","Individual kernel weight, Grain filling duration, Grain filling duration, Visual wax score, Mixograph peak height, Thousand kernel weight, Kernel diameter, Proline content, Grain number per spike, Thousand grain weight, Yield, HSI kernel number","Yield","358.115 - 360.425",358.115,360.425,"cM","all values < 1000 -> cM","Kumar, S., Singh, V. P., Saini, D. K., Sharma, H., Saripalli, G., Kumar, S., ... & Gupta, P. K. (2021). Meta-QTLs, ortho-MQTLs, and candidate genes for thermotolerance in wheat (Triticum aestivum L.). Molecular Breeding, 41(11), 69.","https://doi.org/10.1007/s11032-021-01264-7","MQTL_all traitsV3.0_final",FALSE
"M02611","MQTL4B.3","4B","Heat stress tolerence","Kernel hardness, Height","Quality traits","127.47 - 130.27",127.47,130.27,"cM","all values < 1000 -> cM","Kumar, S., Singh, V. P., Saini, D. K., Sharma, H., Saripalli, G., Kumar, S., ... & Gupta, P. K. (2021). Meta-QTLs, ortho-MQTLs, and candidate genes for thermotolerance in wheat (Triticum aestivum L.). Molecular Breeding, 41(11), 69.","https://doi.org/10.1007/s11032-021-01264-7","MQTL_all traitsV3.0_final",FALSE
"M02612","MQTL3A.3","3A","Heat stress tolerence","length of the ear peduncle, Percent greenness at maximum senescence, Yield, grain number m?2","Yield","166.06 - 167.34",166.06,167.34,"cM","all values < 1000 -> cM","Kumar, S., Singh, V. P., Saini, D. K., Sharma, H., Saripalli, G., Kumar, S., ... & Gupta, P. K. (2021). Meta-QTLs, ortho-MQTLs, and candidate genes for thermotolerance in wheat (Triticum aestivum L.). Molecular Breeding, 41(11), 69.","https://doi.org/10.1007/s11032-021-01264-7","MQTL_all traitsV3.0_final",FALSE
"M02613","MQTL6A.2","6A","Heat stress tolerence","Maximum efficiency of photosystem II (Fv/Fm), 50% Green, SPAD chlorophyll content_4, Time to maximum rate of senescence, Thylakoid membrane damage_4, Wet gluten content","Quality traits","470.875 - 472.225",470.875,472.225,"cM","all values < 1000 -> cM","Kumar, S., Singh, V. P., Saini, D. K., Sharma, H., Saripalli, G., Kumar, S., ... & Gupta, P. K. (2021). Meta-QTLs, ortho-MQTLs, and candidate genes for thermotolerance in wheat (Triticum aestivum L.). Molecular Breeding, 41(11), 69.","https://doi.org/10.1007/s11032-021-01264-7","MQTL_all traitsV3.0_final",FALSE
"M02614","MQTL6B.1","6B","Heat stress tolerence","Maximum efficiency of photosystem II (Fv/Fm), Falling number, Time to maximum rate of senescence, Percent greenness at maximum senescence","Abiotic stress","145.415 - 147.365",145.415,147.365,"cM","all values < 1000 -> cM","Kumar, S., Singh, V. P., Saini, D. K., Sharma, H., Saripalli, G., Kumar, S., ... & Gupta, P. K. (2021). Meta-QTLs, ortho-MQTLs, and candidate genes for thermotolerance in wheat (Triticum aestivum L.). Molecular Breeding, 41(11), 69.","https://doi.org/10.1007/s11032-021-01264-7","MQTL_all traitsV3.0_final",FALSE
"M02615","MQTL2D.3","2D","Heat stress tolerence","Mixograph height curve at 8 min, bread break shard, Yield, Yield, bread crust color, bread specifc loaf volume, Flour protein content, Yield","Yield","152.95 - 154.81",152.95,154.81,"cM","all values < 1000 -> cM","Kumar, S., Singh, V. P., Saini, D. K., Sharma, H., Saripalli, G., Kumar, S., ... & Gupta, P. K. (2021). Meta-QTLs, ortho-MQTLs, and candidate genes for thermotolerance in wheat (Triticum aestivum L.). Molecular Breeding, 41(11), 69.","https://doi.org/10.1007/s11032-021-01264-7","MQTL_all traitsV3.0_final",FALSE
"M02616","MQTL5B.5","5B","Heat stress tolerence","Mixograph height curve at 8 min, Mixograph peak height","Abiotic stress","289.755 - 304.485",289.755,304.485,"cM","all values < 1000 -> cM","Kumar, S., Singh, V. P., Saini, D. K., Sharma, H., Saripalli, G., Kumar, S., ... & Gupta, P. K. (2021). Meta-QTLs, ortho-MQTLs, and candidate genes for thermotolerance in wheat (Triticum aestivum L.). Molecular Breeding, 41(11), 69.","https://doi.org/10.1007/s11032-021-01264-7","MQTL_all traitsV3.0_final",FALSE
"M02617","MQTL2A.3","2A","Heat stress tolerence","Mixograph height curve at 8 min, Mixograph peak time, HSI single kernel weight, leaf waxiness, Grain weight per spike, thousand-grain weight, grain number m?2","Yield","87.77 - 89.79",87.77,89.79,"cM","all values < 1000 -> cM","Kumar, S., Singh, V. P., Saini, D. K., Sharma, H., Saripalli, G., Kumar, S., ... & Gupta, P. K. (2021). Meta-QTLs, ortho-MQTLs, and candidate genes for thermotolerance in wheat (Triticum aestivum L.). Molecular Breeding, 41(11), 69.","https://doi.org/10.1007/s11032-021-01264-7","MQTL_all traitsV3.0_final",FALSE
"M02618","MQTL3B.2","3B","Heat stress tolerence","Mixograph peak height, Falling number, Yield, Yield, Chlorophyll content, Stay green, Canopy temperature, Yield, HSI_Single kernel weight main spike, Biomass, Heat susceptibility index, Yield, Spike density, Canopy temperature depression","Yield","84.855 - 86.305",84.855,86.305,"cM","all values < 1000 -> cM","Kumar, S., Singh, V. P., Saini, D. K., Sharma, H., Saripalli, G., Kumar, S., ... & Gupta, P. K. (2021). Meta-QTLs, ortho-MQTLs, and candidate genes for thermotolerance in wheat (Triticum aestivum L.). Molecular Breeding, 41(11), 69.","https://doi.org/10.1007/s11032-021-01264-7","MQTL_all traitsV3.0_final",FALSE
"M02619","MQTL1A.1","1A","Heat stress tolerence","Mixograph peak height, Mixograph height curve at 8 min","Abiotic stress","33.425 - 59.175",33.425,59.175,"cM","all values < 1000 -> cM","Kumar, S., Singh, V. P., Saini, D. K., Sharma, H., Saripalli, G., Kumar, S., ... & Gupta, P. K. (2021). Meta-QTLs, ortho-MQTLs, and candidate genes for thermotolerance in wheat (Triticum aestivum L.). Molecular Breeding, 41(11), 69.","https://doi.org/10.1007/s11032-021-01264-7","MQTL_all traitsV3.0_final",FALSE
"M02620","MQTL5D.2","5D","Heat stress tolerence","Mixograph peak time, Flour moisture","Abiotic stress","75.97 - 101.99",75.97,101.99,"cM","all values < 1000 -> cM","Kumar, S., Singh, V. P., Saini, D. K., Sharma, H., Saripalli, G., Kumar, S., ... & Gupta, P. K. (2021). Meta-QTLs, ortho-MQTLs, and candidate genes for thermotolerance in wheat (Triticum aestivum L.). Molecular Breeding, 41(11), 69.","https://doi.org/10.1007/s11032-021-01264-7","MQTL_all traitsV3.0_final",FALSE
"M02621","MQTL5D.3","5D","Heat stress tolerence","normalized difference vegetation index at vegetative, canopy temperature at grain-filling stage","Abiotic stress","110.25 - 118.89",110.25,118.89,"cM","all values < 1000 -> cM","Kumar, S., Singh, V. P., Saini, D. K., Sharma, H., Saripalli, G., Kumar, S., ... & Gupta, P. K. (2021). Meta-QTLs, ortho-MQTLs, and candidate genes for thermotolerance in wheat (Triticum aestivum L.). Molecular Breeding, 41(11), 69.","https://doi.org/10.1007/s11032-021-01264-7","MQTL_all traitsV3.0_final",FALSE
"M02622","MQTL3D.2","3D","Heat stress tolerence","normalized difference vegetation index at vegetative, Mixograph peak time","Abiotic stress","140.19 - 145.01",140.19,145.01,"cM","all values < 1000 -> cM","Kumar, S., Singh, V. P., Saini, D. K., Sharma, H., Saripalli, G., Kumar, S., ... & Gupta, P. K. (2021). Meta-QTLs, ortho-MQTLs, and candidate genes for thermotolerance in wheat (Triticum aestivum L.). Molecular Breeding, 41(11), 69.","https://doi.org/10.1007/s11032-021-01264-7","MQTL_all traitsV3.0_final",FALSE
"M02623","MQTL6A.3","6A","Heat stress tolerence","plant height, bread break shard","Abiotic stress","537.68 - 539.62",537.68,539.62,"cM","all values < 1000 -> cM","Kumar, S., Singh, V. P., Saini, D. K., Sharma, H., Saripalli, G., Kumar, S., ... & Gupta, P. K. (2021). Meta-QTLs, ortho-MQTLs, and candidate genes for thermotolerance in wheat (Triticum aestivum L.). Molecular Breeding, 41(11), 69.","https://doi.org/10.1007/s11032-021-01264-7","MQTL_all traitsV3.0_final",FALSE
"M02624","MQTL7A.5","7A","Heat stress tolerence","Plant height, HSI_Single kernel weight main spike, Days to maturity","Abiotic stress","115.29 - 116.27",115.29,116.27,"cM","all values < 1000 -> cM","Kumar, S., Singh, V. P., Saini, D. K., Sharma, H., Saripalli, G., Kumar, S., ... & Gupta, P. K. (2021). Meta-QTLs, ortho-MQTLs, and candidate genes for thermotolerance in wheat (Triticum aestivum L.). Molecular Breeding, 41(11), 69.","https://doi.org/10.1007/s11032-021-01264-7","MQTL_all traitsV3.0_final",FALSE
"M02625","MQTL4D.3","4D","Heat stress tolerence","plant height, Yield, Yield","Yield","58.935 - 62.765",58.935,62.765,"cM","all values < 1000 -> cM","Kumar, S., Singh, V. P., Saini, D. K., Sharma, H., Saripalli, G., Kumar, S., ... & Gupta, P. K. (2021). Meta-QTLs, ortho-MQTLs, and candidate genes for thermotolerance in wheat (Triticum aestivum L.). Molecular Breeding, 41(11), 69.","https://doi.org/10.1007/s11032-021-01264-7","MQTL_all traitsV3.0_final",FALSE
"M02626","MQTL6B.4","6B","Heat stress tolerence","Productive tiller, Yield","Yield","195.735 - 199.705",195.735,199.705,"cM","all values < 1000 -> cM","Kumar, S., Singh, V. P., Saini, D. K., Sharma, H., Saripalli, G., Kumar, S., ... & Gupta, P. K. (2021). Meta-QTLs, ortho-MQTLs, and candidate genes for thermotolerance in wheat (Triticum aestivum L.). Molecular Breeding, 41(11), 69.","https://doi.org/10.1007/s11032-021-01264-7","MQTL_all traitsV3.0_final",FALSE
"M02627","MQTL7A.2","7A","Heat stress tolerence","Proline content, Yield, Grain yield","Yield","97.775 - 98.265",97.775,98.265,"cM","all values < 1000 -> cM","Kumar, S., Singh, V. P., Saini, D. K., Sharma, H., Saripalli, G., Kumar, S., ... & Gupta, P. K. (2021). Meta-QTLs, ortho-MQTLs, and candidate genes for thermotolerance in wheat (Triticum aestivum L.). Molecular Breeding, 41(11), 69.","https://doi.org/10.1007/s11032-021-01264-7","MQTL_all traitsV3.0_final",FALSE
"M02628","MQTL7D.4","7D","Heat stress tolerence","Spike density, Fo initial fuorescence, Days to Heading, Yield, Kernel hardness, Kernel weight per spike, Kernel number per spike, Days to maturity","Yield","312.83 - 318.21",312.83,318.21,"cM","all values < 1000 -> cM","Kumar, S., Singh, V. P., Saini, D. K., Sharma, H., Saripalli, G., Kumar, S., ... & Gupta, P. K. (2021). Meta-QTLs, ortho-MQTLs, and candidate genes for thermotolerance in wheat (Triticum aestivum L.). Molecular Breeding, 41(11), 69.","https://doi.org/10.1007/s11032-021-01264-7","MQTL_all traitsV3.0_final",FALSE
"M02629","MQTL4D.4","4D","Heat stress tolerence","Spikes per plant, Plant height","Abiotic stress","72.6 - 75.02",72.6,75.02,"cM","all values < 1000 -> cM","Kumar, S., Singh, V. P., Saini, D. K., Sharma, H., Saripalli, G., Kumar, S., ... & Gupta, P. K. (2021). Meta-QTLs, ortho-MQTLs, and candidate genes for thermotolerance in wheat (Triticum aestivum L.). Molecular Breeding, 41(11), 69.","https://doi.org/10.1007/s11032-021-01264-7","MQTL_all traitsV3.0_final",FALSE
"M02630","MQTL1A.2","1A","Heat stress tolerence","Stay green, thousand-grain weight","Yield","82.925 - 91.555",82.925,91.555,"cM","all values < 1000 -> cM","Kumar, S., Singh, V. P., Saini, D. K., Sharma, H., Saripalli, G., Kumar, S., ... & Gupta, P. K. (2021). Meta-QTLs, ortho-MQTLs, and candidate genes for thermotolerance in wheat (Triticum aestivum L.). Molecular Breeding, 41(11), 69.","https://doi.org/10.1007/s11032-021-01264-7","MQTL_all traitsV3.0_final",FALSE
"M02631","MQTL5B.4","5B","Heat stress tolerence","stress susceptibility index, Farinograph dough development time, Spike density, Kernel hardness, Days to maturity, Days to Heading, Harvest indext, HSI kernel number","Quality traits","234.74 - 241.08",234.74,241.08,"cM","all values < 1000 -> cM","Kumar, S., Singh, V. P., Saini, D. K., Sharma, H., Saripalli, G., Kumar, S., ... & Gupta, P. K. (2021). Meta-QTLs, ortho-MQTLs, and candidate genes for thermotolerance in wheat (Triticum aestivum L.). Molecular Breeding, 41(11), 69.","https://doi.org/10.1007/s11032-021-01264-7","MQTL_all traitsV3.0_final",FALSE
"M02632","MQTL1B.1","1B","Heat stress tolerence","stress susceptibility index, Flour moisture, Fo initial fuorescence","Abiotic stress","33.195 - 42.065",33.195,42.065,"cM","all values < 1000 -> cM","Kumar, S., Singh, V. P., Saini, D. K., Sharma, H., Saripalli, G., Kumar, S., ... & Gupta, P. K. (2021). Meta-QTLs, ortho-MQTLs, and candidate genes for thermotolerance in wheat (Triticum aestivum L.). Molecular Breeding, 41(11), 69.","https://doi.org/10.1007/s11032-021-01264-7","MQTL_all traitsV3.0_final",FALSE
"M02633","MQTL3B.3","3B","Heat stress tolerence","Temperature depression of flag leaf, Yield, Cytoplasmic membrane stability, Yield, Yield, HSI kernel weight, Yield","Yield","106.94 - 110.48",106.94,110.48,"cM","all values < 1000 -> cM","Kumar, S., Singh, V. P., Saini, D. K., Sharma, H., Saripalli, G., Kumar, S., ... & Gupta, P. K. (2021). Meta-QTLs, ortho-MQTLs, and candidate genes for thermotolerance in wheat (Triticum aestivum L.). Molecular Breeding, 41(11), 69.","https://doi.org/10.1007/s11032-021-01264-7","MQTL_all traitsV3.0_final",FALSE
"M02634","MQTL7D.1","7D","Heat stress tolerence","Test weight, Mixograph peak time","Quality traits","44.49 - 71.17",44.49,71.17,"cM","all values < 1000 -> cM","Kumar, S., Singh, V. P., Saini, D. K., Sharma, H., Saripalli, G., Kumar, S., ... & Gupta, P. K. (2021). Meta-QTLs, ortho-MQTLs, and candidate genes for thermotolerance in wheat (Triticum aestivum L.). Molecular Breeding, 41(11), 69.","https://doi.org/10.1007/s11032-021-01264-7","MQTL_all traitsV3.0_final",FALSE
"M02635","MQTL4A.1","4A","Heat stress tolerence","Thousand grain weight, Spikes per plant","Yield","631.615 - 634.665",631.615,634.665,"cM","all values < 1000 -> cM","Kumar, S., Singh, V. P., Saini, D. K., Sharma, H., Saripalli, G., Kumar, S., ... & Gupta, P. K. (2021). Meta-QTLs, ortho-MQTLs, and candidate genes for thermotolerance in wheat (Triticum aestivum L.). Molecular Breeding, 41(11), 69.","https://doi.org/10.1007/s11032-021-01264-7","MQTL_all traitsV3.0_final",FALSE
"M02636","MQTL4B.5","4B","Heat stress tolerence","thousand-kernel weight, Yield, Yield","Yield","146.135 - 149.685",146.135,149.685,"cM","all values < 1000 -> cM","Kumar, S., Singh, V. P., Saini, D. K., Sharma, H., Saripalli, G., Kumar, S., ... & Gupta, P. K. (2021). Meta-QTLs, ortho-MQTLs, and candidate genes for thermotolerance in wheat (Triticum aestivum L.). Molecular Breeding, 41(11), 69.","https://doi.org/10.1007/s11032-021-01264-7","MQTL_all traitsV3.0_final",FALSE
"M02637","MQTL7A.1","7A","Heat stress tolerence","vegetative period, Heat susceptibility, Stay green, Falling number, Mixograph height curve at 8 min, Mixograph peak time, Yield","Yield","94.495 - 96.165",94.495,96.165,"cM","all values < 1000 -> cM","Kumar, S., Singh, V. P., Saini, D. K., Sharma, H., Saripalli, G., Kumar, S., ... & Gupta, P. K. (2021). Meta-QTLs, ortho-MQTLs, and candidate genes for thermotolerance in wheat (Triticum aestivum L.). Molecular Breeding, 41(11), 69.","https://doi.org/10.1007/s11032-021-01264-7","MQTL_all traitsV3.0_final",FALSE
"M02638","MQTL4A.2","4A","Heat stress tolerence","Water soluble carbohydrates, Grain number per spike, HSI single kernel weight","Abiotic stress","648.425 - 649.115",648.425,649.115,"cM","all values < 1000 -> cM","Kumar, S., Singh, V. P., Saini, D. K., Sharma, H., Saripalli, G., Kumar, S., ... & Gupta, P. K. (2021). Meta-QTLs, ortho-MQTLs, and candidate genes for thermotolerance in wheat (Triticum aestivum L.). Molecular Breeding, 41(11), 69.","https://doi.org/10.1007/s11032-021-01264-7","MQTL_all traitsV3.0_final",FALSE
"M02639","MQTL7D.3","7D","Heat stress tolerence","Water soluble carbohydrates, Stay green, Mixograph height curve at 8 min, Heat susceptibility index for thousand grain weight, Days to maturity","Yield","286.44 - 287.6",286.44,287.6,"cM","all values < 1000 -> cM","Kumar, S., Singh, V. P., Saini, D. K., Sharma, H., Saripalli, G., Kumar, S., ... & Gupta, P. K. (2021). Meta-QTLs, ortho-MQTLs, and candidate genes for thermotolerance in wheat (Triticum aestivum L.). Molecular Breeding, 41(11), 69.","https://doi.org/10.1007/s11032-021-01264-7","MQTL_all traitsV3.0_final",FALSE
"M02640","MQTL6B.5","6B","Heat stress tolerence","Wet gluten content, Dry gluten content, Mixograph peak height","Quality traits","692.805 - 704.775",692.805,704.775,"cM","all values < 1000 -> cM","Kumar, S., Singh, V. P., Saini, D. K., Sharma, H., Saripalli, G., Kumar, S., ... & Gupta, P. K. (2021). Meta-QTLs, ortho-MQTLs, and candidate genes for thermotolerance in wheat (Triticum aestivum L.). Molecular Breeding, 41(11), 69.","https://doi.org/10.1007/s11032-021-01264-7","MQTL_all traitsV3.0_final",FALSE
"M02641","MQTL7B.1","7B","Heat stress tolerence","Yield, harvest index, days from anthesis to 95 % flag leaf senescence, shoot dry weight, grain-filling duration, days to maturity, HSI_Single kernel weight main spike, Yield, normalized difference vegetation index at grain-filling stage, days to heading, grain number m?2, grain yield m?2","Yield","79.845 - 80.515",79.845,80.515,"cM","all values < 1000 -> cM","Kumar, S., Singh, V. P., Saini, D. K., Sharma, H., Saripalli, G., Kumar, S., ... & Gupta, P. K. (2021). Meta-QTLs, ortho-MQTLs, and candidate genes for thermotolerance in wheat (Triticum aestivum L.). Molecular Breeding, 41(11), 69.","https://doi.org/10.1007/s11032-021-01264-7","MQTL_all traitsV3.0_final",FALSE
"M02642","MQTL5B.3","5B","Heat stress tolerence","Yield, HSI_Single kernel weight main spike, Proline content, Falling number, bread loaf weight, bread specific loaf volume, bread crust color, bread symmetry","Yield","216.885 - 217.475",216.885,217.475,"cM","all values < 1000 -> cM","Kumar, S., Singh, V. P., Saini, D. K., Sharma, H., Saripalli, G., Kumar, S., ... & Gupta, P. K. (2021). Meta-QTLs, ortho-MQTLs, and candidate genes for thermotolerance in wheat (Triticum aestivum L.). Molecular Breeding, 41(11), 69.","https://doi.org/10.1007/s11032-021-01264-7","MQTL_all traitsV3.0_final",FALSE
"M02643","MQTL5D.5","5D","Heat stress tolerence","Yield, Kernel hardness, Canopy temperature depression","Yield","331.09 - 337.21",331.09,337.21,"cM","all values < 1000 -> cM","Kumar, S., Singh, V. P., Saini, D. K., Sharma, H., Saripalli, G., Kumar, S., ... & Gupta, P. K. (2021). Meta-QTLs, ortho-MQTLs, and candidate genes for thermotolerance in wheat (Triticum aestivum L.). Molecular Breeding, 41(11), 69.","https://doi.org/10.1007/s11032-021-01264-7","MQTL_all traitsV3.0_final",FALSE
"M02644","MQTL2B.2","2B","Heat stress tolerence","Yield, Stay green, HSI single kernel weight, Grain number per spike, Heat susceptibility, Fo initial fuorescence, Flag leaf width, Chlorophyll content, HSI kernel weight, Flag leaf temperature depression at 4DPA, Mixograph peak time, Mixograph height curve at 8 min, HSI kernel number, vegetative period, HIS for Grain filling duration, Yield, Heat susceptibility index for thousand grain weight, Grain filling duration","Yield","119.565 - 125.935",119.565,125.935,"cM","all values < 1000 -> cM","Kumar, S., Singh, V. P., Saini, D. K., Sharma, H., Saripalli, G., Kumar, S., ... & Gupta, P. K. (2021). Meta-QTLs, ortho-MQTLs, and candidate genes for thermotolerance in wheat (Triticum aestivum L.). Molecular Breeding, 41(11), 69.","https://doi.org/10.1007/s11032-021-01264-7","MQTL_all traitsV3.0_final",FALSE
"M02645","MQTL5A.3","5A","Heat stress tolerence","Yield, Temperature depression of main spike, HSI_Kernel weight of main spike, Temperature depression of flag leaf, Temperature depression of main spike, Water soluble carbohydrates, plant height, HSI_Kernel weight of main spike, HSI kernel weight, Plant height","Yield","380.035 - 380.365",380.035,380.365,"cM","all values < 1000 -> cM","Kumar, S., Singh, V. P., Saini, D. K., Sharma, H., Saripalli, G., Kumar, S., ... & Gupta, P. K. (2021). Meta-QTLs, ortho-MQTLs, and candidate genes for thermotolerance in wheat (Triticum aestivum L.). Molecular Breeding, 41(11), 69.","https://doi.org/10.1007/s11032-021-01264-7","MQTL_all traitsV3.0_final",FALSE
"M02646","MQTL3D.1","3D","Heat stress tolerence","Yield, Yield, bread specifc loaf volume, Heat susceptibility index, Yield, bread crust color, bread symmetry, bread break shard","Yield","67.7 - 74.3",67.7,74.3,"cM","all values < 1000 -> cM","Kumar, S., Singh, V. P., Saini, D. K., Sharma, H., Saripalli, G., Kumar, S., ... & Gupta, P. K. (2021). Meta-QTLs, ortho-MQTLs, and candidate genes for thermotolerance in wheat (Triticum aestivum L.). Molecular Breeding, 41(11), 69.","https://doi.org/10.1007/s11032-021-01264-7","MQTL_all traitsV3.0_final",FALSE
"M02647","MQTL1A.1","1A","Drought and heat stress tolerance","Drought and heat stress tolerance","Abiotic stress","179.585-183.815",179.585,183.815,"cM","all values < 1000 -> cM","Liu, H., Mullan, D., Zhang, C., Zhao, S., Li, X., Zhang, A., ... & Yan, G. (2020). Major genomic regions responsible for wheat yield and its components as revealed by meta-QTL and genotype–phenotype association analyses. Planta, 252(4), 65.","https://pubmed.ncbi.nlm.nih.gov/32970252/","MQTL_all traitsV3.0_final",FALSE
"M02648","MQTL1B.1","1B","Drought and heat stress tolerance","Drought and heat stress tolerance","Abiotic stress","263.3-264.5",263.3,264.5,"cM","all values < 1000 -> cM","Liu, H., Mullan, D., Zhang, C., Zhao, S., Li, X., Zhang, A., ... & Yan, G. (2020). Major genomic regions responsible for wheat yield and its components as revealed by meta-QTL and genotype–phenotype association analyses. Planta, 252(4), 65.","https://pubmed.ncbi.nlm.nih.gov/32970252/","MQTL_all traitsV3.0_final",FALSE
"M02649","MQTL1B.2","1B","Drought and heat stress tolerance","Drought and heat stress tolerance","Abiotic stress","282.24-282.42",282.24,282.42,"cM","all values < 1000 -> cM","Liu, H., Mullan, D., Zhang, C., Zhao, S., Li, X., Zhang, A., ... & Yan, G. (2020). Major genomic regions responsible for wheat yield and its components as revealed by meta-QTL and genotype–phenotype association analyses. Planta, 252(4), 65.","https://pubmed.ncbi.nlm.nih.gov/32970252/","MQTL_all traitsV3.0_final",FALSE
"M02650","MQTL1B.3","1B","Drought and heat stress tolerance","Drought and heat stress tolerance","Abiotic stress","300.65-333.95",300.65,333.95,"cM","all values < 1000 -> cM","Liu, H., Mullan, D., Zhang, C., Zhao, S., Li, X., Zhang, A., ... & Yan, G. (2020). Major genomic regions responsible for wheat yield and its components as revealed by meta-QTL and genotype–phenotype association analyses. Planta, 252(4), 65.","https://pubmed.ncbi.nlm.nih.gov/32970252/","MQTL_all traitsV3.0_final",FALSE
"M02651","MQTL1B.4","1B","Drought and heat stress tolerance","Drought and heat stress tolerance","Abiotic stress","342.75-347.85",342.75,347.85,"cM","all values < 1000 -> cM","Liu, H., Mullan, D., Zhang, C., Zhao, S., Li, X., Zhang, A., ... & Yan, G. (2020). Major genomic regions responsible for wheat yield and its components as revealed by meta-QTL and genotype–phenotype association analyses. Planta, 252(4), 65.","https://pubmed.ncbi.nlm.nih.gov/32970252/","MQTL_all traitsV3.0_final",FALSE
"M02652","MQTL1B.5","1B","Drought and heat stress tolerance","Drought and heat stress tolerance","Abiotic stress","358.45-358.75",358.45,358.75,"cM","all values < 1000 -> cM","Liu, H., Mullan, D., Zhang, C., Zhao, S., Li, X., Zhang, A., ... & Yan, G. (2020). Major genomic regions responsible for wheat yield and its components as revealed by meta-QTL and genotype–phenotype association analyses. Planta, 252(4), 65.","https://pubmed.ncbi.nlm.nih.gov/32970252/","MQTL_all traitsV3.0_final",FALSE
"M02653","MQTL1B.6","1B","Drought and heat stress tolerance","Drought and heat stress tolerance","Abiotic stress","361-362.8",361,362.8,"cM","all values < 1000 -> cM","Liu, H., Mullan, D., Zhang, C., Zhao, S., Li, X., Zhang, A., ... & Yan, G. (2020). Major genomic regions responsible for wheat yield and its components as revealed by meta-QTL and genotype–phenotype association analyses. Planta, 252(4), 65.","https://pubmed.ncbi.nlm.nih.gov/32970252/","MQTL_all traitsV3.0_final",FALSE
"M02654","MQTL1B.7","1B","Drought and heat stress tolerance","Drought and heat stress tolerance","Abiotic stress","373.255-373.345",373.255,373.345,"cM","all values < 1000 -> cM","Liu, H., Mullan, D., Zhang, C., Zhao, S., Li, X., Zhang, A., ... & Yan, G. (2020). Major genomic regions responsible for wheat yield and its components as revealed by meta-QTL and genotype–phenotype association analyses. Planta, 252(4), 65.","https://pubmed.ncbi.nlm.nih.gov/32970252/","MQTL_all traitsV3.0_final",FALSE
"M02655","MQTL1B.8","1B","Drought and heat stress tolerance","Drought and heat stress tolerance","Abiotic stress","390.985-391.075",390.985,391.075,"cM","all values < 1000 -> cM","Liu, H., Mullan, D., Zhang, C., Zhao, S., Li, X., Zhang, A., ... & Yan, G. (2020). Major genomic regions responsible for wheat yield and its components as revealed by meta-QTL and genotype–phenotype association analyses. Planta, 252(4), 65.","https://pubmed.ncbi.nlm.nih.gov/32970252/","MQTL_all traitsV3.0_final",FALSE
"M02656","MQTL1D.1","1D","Drought and heat stress tolerance","Drought and heat stress tolerance","Abiotic stress","87.7-105.7",87.7,105.7,"cM","all values < 1000 -> cM","Liu, H., Mullan, D., Zhang, C., Zhao, S., Li, X., Zhang, A., ... & Yan, G. (2020). Major genomic regions responsible for wheat yield and its components as revealed by meta-QTL and genotype–phenotype association analyses. Planta, 252(4), 65.","https://pubmed.ncbi.nlm.nih.gov/32970252/","MQTL_all traitsV3.0_final",FALSE
"M02657","MQTL1D.2","1D","Drought and heat stress tolerance","Drought and heat stress tolerance","Abiotic stress","328.565-331.235",328.565,331.235,"cM","all values < 1000 -> cM","Liu, H., Mullan, D., Zhang, C., Zhao, S., Li, X., Zhang, A., ... & Yan, G. (2020). Major genomic regions responsible for wheat yield and its components as revealed by meta-QTL and genotype–phenotype association analyses. Planta, 252(4), 65.","https://pubmed.ncbi.nlm.nih.gov/32970252/","MQTL_all traitsV3.0_final",FALSE
"M02658","MQTL2A.1","2A","Drought and heat stress tolerance","Drought and heat stress tolerance","Abiotic stress","184.325-191.075",184.325,191.075,"cM","all values < 1000 -> cM","Liu, H., Mullan, D., Zhang, C., Zhao, S., Li, X., Zhang, A., ... & Yan, G. (2020). Major genomic regions responsible for wheat yield and its components as revealed by meta-QTL and genotype–phenotype association analyses. Planta, 252(4), 65.","https://pubmed.ncbi.nlm.nih.gov/32970252/","MQTL_all traitsV3.0_final",FALSE
"M02659","MQTL2A.2","2A","Drought and heat stress tolerance","Drought and heat stress tolerance","Abiotic stress","255.865-275.275",255.865,275.275,"cM","all values < 1000 -> cM","Liu, H., Mullan, D., Zhang, C., Zhao, S., Li, X., Zhang, A., ... & Yan, G. (2020). Major genomic regions responsible for wheat yield and its components as revealed by meta-QTL and genotype–phenotype association analyses. Planta, 252(4), 65.","https://pubmed.ncbi.nlm.nih.gov/32970252/","MQTL_all traitsV3.0_final",FALSE
"M02660","MQTL2A.3","2A","Drought and heat stress tolerance","Drought and heat stress tolerance","Abiotic stress","537.98-610.34",537.98,610.34,"cM","all values < 1000 -> cM","Liu, H., Mullan, D., Zhang, C., Zhao, S., Li, X., Zhang, A., ... & Yan, G. (2020). Major genomic regions responsible for wheat yield and its components as revealed by meta-QTL and genotype–phenotype association analyses. Planta, 252(4), 65.","https://pubmed.ncbi.nlm.nih.gov/32970252/","MQTL_all traitsV3.0_final",FALSE
"M02661","MQTL2B.1","2B","Drought and heat stress tolerance","Drought and heat stress tolerance","Abiotic stress","141.985-148.735",141.985,148.735,"cM","all values < 1000 -> cM","Liu, H., Mullan, D., Zhang, C., Zhao, S., Li, X., Zhang, A., ... & Yan, G. (2020). Major genomic regions responsible for wheat yield and its components as revealed by meta-QTL and genotype–phenotype association analyses. Planta, 252(4), 65.","https://pubmed.ncbi.nlm.nih.gov/32970252/","MQTL_all traitsV3.0_final",FALSE
"M02662","MQTL2B.2","2B","Drought and heat stress tolerance","Drought and heat stress tolerance","Abiotic stress","148.42-173.26",148.42,173.26,"cM","all values < 1000 -> cM","Liu, H., Mullan, D., Zhang, C., Zhao, S., Li, X., Zhang, A., ... & Yan, G. (2020). Major genomic regions responsible for wheat yield and its components as revealed by meta-QTL and genotype–phenotype association analyses. Planta, 252(4), 65.","https://pubmed.ncbi.nlm.nih.gov/32970252/","MQTL_all traitsV3.0_final",FALSE
"M02663","MQTL2B.3","2B","Drought and heat stress tolerance","Drought and heat stress tolerance","Abiotic stress","256.37-257.63",256.37,257.63,"cM","all values < 1000 -> cM","Liu, H., Mullan, D., Zhang, C., Zhao, S., Li, X., Zhang, A., ... & Yan, G. (2020). Major genomic regions responsible for wheat yield and its components as revealed by meta-QTL and genotype–phenotype association analyses. Planta, 252(4), 65.","https://pubmed.ncbi.nlm.nih.gov/32970252/","MQTL_all traitsV3.0_final",FALSE
"M02664","MQTL2B.4","2B","Drought and heat stress tolerance","Drought and heat stress tolerance","Abiotic stress","258.56-261.56",258.56,261.56,"cM","all values < 1000 -> cM","Liu, H., Mullan, D., Zhang, C., Zhao, S., Li, X., Zhang, A., ... & Yan, G. (2020). Major genomic regions responsible for wheat yield and its components as revealed by meta-QTL and genotype–phenotype association analyses. Planta, 252(4), 65.","https://pubmed.ncbi.nlm.nih.gov/32970252/","MQTL_all traitsV3.0_final",FALSE
"M02665","MQTL2B.5","2B","Drought and heat stress tolerance","Drought and heat stress tolerance","Abiotic stress","272.23-323.23",272.23,323.23,"cM","all values < 1000 -> cM","Liu, H., Mullan, D., Zhang, C., Zhao, S., Li, X., Zhang, A., ... & Yan, G. (2020). Major genomic regions responsible for wheat yield and its components as revealed by meta-QTL and genotype–phenotype association analyses. Planta, 252(4), 65.","https://pubmed.ncbi.nlm.nih.gov/32970252/","MQTL_all traitsV3.0_final",FALSE
"M02666","MQTL2B.6","2B","Drought and heat stress tolerance","Drought and heat stress tolerance","Abiotic stress","325.89-330.81",325.89,330.81,"cM","all values < 1000 -> cM","Liu, H., Mullan, D., Zhang, C., Zhao, S., Li, X., Zhang, A., ... & Yan, G. (2020). Major genomic regions responsible for wheat yield and its components as revealed by meta-QTL and genotype–phenotype association analyses. Planta, 252(4), 65.","https://pubmed.ncbi.nlm.nih.gov/32970252/","MQTL_all traitsV3.0_final",FALSE
"M02667","MQTL2D.1","2D","Drought and heat stress tolerance","Drought and heat stress tolerance","Abiotic stress","71.095-90.265",71.095,90.265,"cM","all values < 1000 -> cM","Liu, H., Mullan, D., Zhang, C., Zhao, S., Li, X., Zhang, A., ... & Yan, G. (2020). Major genomic regions responsible for wheat yield and its components as revealed by meta-QTL and genotype–phenotype association analyses. Planta, 252(4), 65.","https://pubmed.ncbi.nlm.nih.gov/32970252/","MQTL_all traitsV3.0_final",FALSE
"M02668","MQTL2D.2","2D","Drought and heat stress tolerance","Drought and heat stress tolerance","Abiotic stress","73.445-111.875",73.445,111.875,"cM","all values < 1000 -> cM","Liu, H., Mullan, D., Zhang, C., Zhao, S., Li, X., Zhang, A., ... & Yan, G. (2020). Major genomic regions responsible for wheat yield and its components as revealed by meta-QTL and genotype–phenotype association analyses. Planta, 252(4), 65.","https://pubmed.ncbi.nlm.nih.gov/32970252/","MQTL_all traitsV3.0_final",FALSE
"M02669","MQTL2D.3","2D","Drought and heat stress tolerance","Drought and heat stress tolerance","Abiotic stress","85.595-131.465",85.595,131.465,"cM","all values < 1000 -> cM","Liu, H., Mullan, D., Zhang, C., Zhao, S., Li, X., Zhang, A., ... & Yan, G. (2020). Major genomic regions responsible for wheat yield and its components as revealed by meta-QTL and genotype–phenotype association analyses. Planta, 252(4), 65.","https://pubmed.ncbi.nlm.nih.gov/32970252/","MQTL_all traitsV3.0_final",FALSE
"M02670","MQTL2D.4","2D","Drought and heat stress tolerance","Drought and heat stress tolerance","Abiotic stress","121.71-124.17",121.71,124.17,"cM","all values < 1000 -> cM","Liu, H., Mullan, D., Zhang, C., Zhao, S., Li, X., Zhang, A., ... & Yan, G. (2020). Major genomic regions responsible for wheat yield and its components as revealed by meta-QTL and genotype–phenotype association analyses. Planta, 252(4), 65.","https://pubmed.ncbi.nlm.nih.gov/32970252/","MQTL_all traitsV3.0_final",FALSE
"M02671","MQTL3A.1","3A","Drought and heat stress tolerance","Drought and heat stress tolerance","Abiotic stress","111.255-116.625",111.255,116.625,"cM","all values < 1000 -> cM","Liu, H., Mullan, D., Zhang, C., Zhao, S., Li, X., Zhang, A., ... & Yan, G. (2020). Major genomic regions responsible for wheat yield and its components as revealed by meta-QTL and genotype–phenotype association analyses. Planta, 252(4), 65.","https://pubmed.ncbi.nlm.nih.gov/32970252/","MQTL_all traitsV3.0_final",FALSE
"M02672","MQTL3A.2","3A","Drought and heat stress tolerance","Drought and heat stress tolerance","Abiotic stress","166.255-171.085",166.255,171.085,"cM","all values < 1000 -> cM","Liu, H., Mullan, D., Zhang, C., Zhao, S., Li, X., Zhang, A., ... & Yan, G. (2020). Major genomic regions responsible for wheat yield and its components as revealed by meta-QTL and genotype–phenotype association analyses. Planta, 252(4), 65.","https://pubmed.ncbi.nlm.nih.gov/32970252/","MQTL_all traitsV3.0_final",FALSE
"M02673","MQTL3A.3","3A","Drought and heat stress tolerance","Drought and heat stress tolerance","Abiotic stress","196.39-207.97",196.39,207.97,"cM","all values < 1000 -> cM","Liu, H., Mullan, D., Zhang, C., Zhao, S., Li, X., Zhang, A., ... & Yan, G. (2020). Major genomic regions responsible for wheat yield and its components as revealed by meta-QTL and genotype–phenotype association analyses. Planta, 252(4), 65.","https://pubmed.ncbi.nlm.nih.gov/32970252/","MQTL_all traitsV3.0_final",FALSE
"M02674","MQTL3B.1","3B","Drought and heat stress tolerance","Drought and heat stress tolerance","Abiotic stress","47.23-48.85",47.23,48.85,"cM","all values < 1000 -> cM","Liu, H., Mullan, D., Zhang, C., Zhao, S., Li, X., Zhang, A., ... & Yan, G. (2020). Major genomic regions responsible for wheat yield and its components as revealed by meta-QTL and genotype–phenotype association analyses. Planta, 252(4), 65.","https://pubmed.ncbi.nlm.nih.gov/32970252/","MQTL_all traitsV3.0_final",FALSE
"M02675","MQTL3B.2","3B","Drought and heat stress tolerance","Drought and heat stress tolerance","Abiotic stress","112.19-125.75",112.19,125.75,"cM","all values < 1000 -> cM","Liu, H., Mullan, D., Zhang, C., Zhao, S., Li, X., Zhang, A., ... & Yan, G. (2020). Major genomic regions responsible for wheat yield and its components as revealed by meta-QTL and genotype–phenotype association analyses. Planta, 252(4), 65.","https://pubmed.ncbi.nlm.nih.gov/32970252/","MQTL_all traitsV3.0_final",FALSE
"M02676","MQTL3B.3","3B","Drought and heat stress tolerance","Drought and heat stress tolerance","Abiotic stress","119.695-161.965",119.695,161.965,"cM","all values < 1000 -> cM","Liu, H., Mullan, D., Zhang, C., Zhao, S., Li, X., Zhang, A., ... & Yan, G. (2020). Major genomic regions responsible for wheat yield and its components as revealed by meta-QTL and genotype–phenotype association analyses. Planta, 252(4), 65.","https://pubmed.ncbi.nlm.nih.gov/32970252/","MQTL_all traitsV3.0_final",FALSE
"M02677","MQTL3B.4","3B","Drought and heat stress tolerance","Drought and heat stress tolerance","Abiotic stress","217.195-237.985",217.195,237.985,"cM","all values < 1000 -> cM","Liu, H., Mullan, D., Zhang, C., Zhao, S., Li, X., Zhang, A., ... & Yan, G. (2020). Major genomic regions responsible for wheat yield and its components as revealed by meta-QTL and genotype–phenotype association analyses. Planta, 252(4), 65.","https://pubmed.ncbi.nlm.nih.gov/32970252/","MQTL_all traitsV3.0_final",FALSE
"M02678","MQTL3B.5","3B","Drought and heat stress tolerance","Drought and heat stress tolerance","Abiotic stress","251.06-270.62",251.06,270.62,"cM","all values < 1000 -> cM","Liu, H., Mullan, D., Zhang, C., Zhao, S., Li, X., Zhang, A., ... & Yan, G. (2020). Major genomic regions responsible for wheat yield and its components as revealed by meta-QTL and genotype–phenotype association analyses. Planta, 252(4), 65.","https://pubmed.ncbi.nlm.nih.gov/32970252/","MQTL_all traitsV3.0_final",FALSE
"M02679","MQTL3B.6","3B","Drought and heat stress tolerance","Drought and heat stress tolerance","Abiotic stress","520.34-545.66",520.34,545.66,"cM","all values < 1000 -> cM","Liu, H., Mullan, D., Zhang, C., Zhao, S., Li, X., Zhang, A., ... & Yan, G. (2020). Major genomic regions responsible for wheat yield and its components as revealed by meta-QTL and genotype–phenotype association analyses. Planta, 252(4), 65.","https://pubmed.ncbi.nlm.nih.gov/32970252/","MQTL_all traitsV3.0_final",FALSE
"M02680","MQTL3D.1","3D","Drought and heat stress tolerance","Drought and heat stress tolerance","Abiotic stress","177.49-215.59",177.49,215.59,"cM","all values < 1000 -> cM","Liu, H., Mullan, D., Zhang, C., Zhao, S., Li, X., Zhang, A., ... & Yan, G. (2020). Major genomic regions responsible for wheat yield and its components as revealed by meta-QTL and genotype–phenotype association analyses. Planta, 252(4), 65.","https://pubmed.ncbi.nlm.nih.gov/32970252/","MQTL_all traitsV3.0_final",FALSE
"M02681","MQTL4A.1","4A","Drought and heat stress tolerance","Drought and heat stress tolerance","Abiotic stress","62.97-108.75",62.97,108.75,"cM","all values < 1000 -> cM","Liu, H., Mullan, D., Zhang, C., Zhao, S., Li, X., Zhang, A., ... & Yan, G. (2020). Major genomic regions responsible for wheat yield and its components as revealed by meta-QTL and genotype–phenotype association analyses. Planta, 252(4), 65.","https://pubmed.ncbi.nlm.nih.gov/32970252/","MQTL_all traitsV3.0_final",FALSE
"M02682","MQTL4A.2","4A","Drought and heat stress tolerance","Drought and heat stress tolerance","Abiotic stress","205.38-214.62",205.38,214.62,"cM","all values < 1000 -> cM","Liu, H., Mullan, D., Zhang, C., Zhao, S., Li, X., Zhang, A., ... & Yan, G. (2020). Major genomic regions responsible for wheat yield and its components as revealed by meta-QTL and genotype–phenotype association analyses. Planta, 252(4), 65.","https://pubmed.ncbi.nlm.nih.gov/32970252/","MQTL_all traitsV3.0_final",FALSE
"M02683","MQTL4A.3","4A","Drought and heat stress tolerance","Drought and heat stress tolerance","Abiotic stress","224.08-225.7",224.08,225.7,"cM","all values < 1000 -> cM","Liu, H., Mullan, D., Zhang, C., Zhao, S., Li, X., Zhang, A., ... & Yan, G. (2020). Major genomic regions responsible for wheat yield and its components as revealed by meta-QTL and genotype–phenotype association analyses. Planta, 252(4), 65.","https://pubmed.ncbi.nlm.nih.gov/32970252/","MQTL_all traitsV3.0_final",FALSE
"M02684","MQTL4A.4","4A","Drought and heat stress tolerance","Drought and heat stress tolerance","Abiotic stress","236.57-240.65",236.57,240.65,"cM","all values < 1000 -> cM","Liu, H., Mullan, D., Zhang, C., Zhao, S., Li, X., Zhang, A., ... & Yan, G. (2020). Major genomic regions responsible for wheat yield and its components as revealed by meta-QTL and genotype–phenotype association analyses. Planta, 252(4), 65.","https://pubmed.ncbi.nlm.nih.gov/32970252/","MQTL_all traitsV3.0_final",FALSE
"M02685","MQTL4A.5","4A","Drought and heat stress tolerance","Drought and heat stress tolerance","Abiotic stress","289.9-294.4",289.9,294.4,"cM","all values < 1000 -> cM","Liu, H., Mullan, D., Zhang, C., Zhao, S., Li, X., Zhang, A., ... & Yan, G. (2020). Major genomic regions responsible for wheat yield and its components as revealed by meta-QTL and genotype–phenotype association analyses. Planta, 252(4), 65.","https://pubmed.ncbi.nlm.nih.gov/32970252/","MQTL_all traitsV3.0_final",FALSE
"M02686","MQTL4A.6","4A","Drought and heat stress tolerance","Drought and heat stress tolerance","Abiotic stress","297.54-303.12",297.54,303.12,"cM","all values < 1000 -> cM","Liu, H., Mullan, D., Zhang, C., Zhao, S., Li, X., Zhang, A., ... & Yan, G. (2020). Major genomic regions responsible for wheat yield and its components as revealed by meta-QTL and genotype–phenotype association analyses. Planta, 252(4), 65.","https://pubmed.ncbi.nlm.nih.gov/32970252/","MQTL_all traitsV3.0_final",FALSE
"M02687","MQTL4A.7","4A","Drought and heat stress tolerance","Drought and heat stress tolerance","Abiotic stress","377.31-386.07",377.31,386.07,"cM","all values < 1000 -> cM","Liu, H., Mullan, D., Zhang, C., Zhao, S., Li, X., Zhang, A., ... & Yan, G. (2020). Major genomic regions responsible for wheat yield and its components as revealed by meta-QTL and genotype–phenotype association analyses. Planta, 252(4), 65.","https://pubmed.ncbi.nlm.nih.gov/32970252/","MQTL_all traitsV3.0_final",FALSE
"M02688","MQTL4B.1","4B","Drought and heat stress tolerance","Drought and heat stress tolerance","Abiotic stress","117-127.5",117,127.5,"cM","all values < 1000 -> cM","Liu, H., Mullan, D., Zhang, C., Zhao, S., Li, X., Zhang, A., ... & Yan, G. (2020). Major genomic regions responsible for wheat yield and its components as revealed by meta-QTL and genotype–phenotype association analyses. Planta, 252(4), 65.","https://pubmed.ncbi.nlm.nih.gov/32970252/","MQTL_all traitsV3.0_final",FALSE
"M02689","MQTL4B.2","4B","Drought and heat stress tolerance","Drought and heat stress tolerance","Abiotic stress","129.075-130.545",129.075,130.545,"cM","all values < 1000 -> cM","Liu, H., Mullan, D., Zhang, C., Zhao, S., Li, X., Zhang, A., ... & Yan, G. (2020). Major genomic regions responsible for wheat yield and its components as revealed by meta-QTL and genotype–phenotype association analyses. Planta, 252(4), 65.","https://pubmed.ncbi.nlm.nih.gov/32970252/","MQTL_all traitsV3.0_final",FALSE
"M02690","MQTL4B.3","4B","Drought and heat stress tolerance","Drought and heat stress tolerance","Abiotic stress","131.01-146.13",131.01,146.13,"cM","all values < 1000 -> cM","Liu, H., Mullan, D., Zhang, C., Zhao, S., Li, X., Zhang, A., ... & Yan, G. (2020). Major genomic regions responsible for wheat yield and its components as revealed by meta-QTL and genotype–phenotype association analyses. Planta, 252(4), 65.","https://pubmed.ncbi.nlm.nih.gov/32970252/","MQTL_all traitsV3.0_final",FALSE
"M02691","MQTL4B.4","4B","Drought and heat stress tolerance","Drought and heat stress tolerance","Abiotic stress","160.265-173.615",160.265,173.615,"cM","all values < 1000 -> cM","Liu, H., Mullan, D., Zhang, C., Zhao, S., Li, X., Zhang, A., ... & Yan, G. (2020). Major genomic regions responsible for wheat yield and its components as revealed by meta-QTL and genotype–phenotype association analyses. Planta, 252(4), 65.","https://pubmed.ncbi.nlm.nih.gov/32970252/","MQTL_all traitsV3.0_final",FALSE
"M02692","MQTL4B.5","4B","Drought and heat stress tolerance","Drought and heat stress tolerance","Abiotic stress","170.44-173.38",170.44,173.38,"cM","all values < 1000 -> cM","Liu, H., Mullan, D., Zhang, C., Zhao, S., Li, X., Zhang, A., ... & Yan, G. (2020). Major genomic regions responsible for wheat yield and its components as revealed by meta-QTL and genotype–phenotype association analyses. Planta, 252(4), 65.","https://pubmed.ncbi.nlm.nih.gov/32970252/","MQTL_all traitsV3.0_final",FALSE
"M02693","MQTL4B.6","4B","Drought and heat stress tolerance","Drought and heat stress tolerance","Abiotic stress","173.945-174.815",173.945,174.815,"cM","all values < 1000 -> cM","Liu, H., Mullan, D., Zhang, C., Zhao, S., Li, X., Zhang, A., ... & Yan, G. (2020). Major genomic regions responsible for wheat yield and its components as revealed by meta-QTL and genotype–phenotype association analyses. Planta, 252(4), 65.","https://pubmed.ncbi.nlm.nih.gov/32970252/","MQTL_all traitsV3.0_final",FALSE
"M02694","MQTL4B.7","4B","Drought and heat stress tolerance","Drought and heat stress tolerance","Abiotic stress","198.585-218.835",198.585,218.835,"cM","all values < 1000 -> cM","Liu, H., Mullan, D., Zhang, C., Zhao, S., Li, X., Zhang, A., ... & Yan, G. (2020). Major genomic regions responsible for wheat yield and its components as revealed by meta-QTL and genotype–phenotype association analyses. Planta, 252(4), 65.","https://pubmed.ncbi.nlm.nih.gov/32970252/","MQTL_all traitsV3.0_final",FALSE
"M02695","MQTL4D.1","4D","Drought and heat stress tolerance","Drought and heat stress tolerance","Abiotic stress","67.39-79.21",67.39,79.21,"cM","all values < 1000 -> cM","Liu, H., Mullan, D., Zhang, C., Zhao, S., Li, X., Zhang, A., ... & Yan, G. (2020). Major genomic regions responsible for wheat yield and its components as revealed by meta-QTL and genotype–phenotype association analyses. Planta, 252(4), 65.","https://pubmed.ncbi.nlm.nih.gov/32970252/","MQTL_all traitsV3.0_final",FALSE
"M02696","MQTL4D.2","4D","Drought and heat stress tolerance","Drought and heat stress tolerance","Abiotic stress","99.55-104.89",99.55,104.89,"cM","all values < 1000 -> cM","Liu, H., Mullan, D., Zhang, C., Zhao, S., Li, X., Zhang, A., ... & Yan, G. (2020). Major genomic regions responsible for wheat yield and its components as revealed by meta-QTL and genotype–phenotype association analyses. Planta, 252(4), 65.","https://pubmed.ncbi.nlm.nih.gov/32970252/","MQTL_all traitsV3.0_final",FALSE
"M02697","MQTL4D.3","4D","Drought and heat stress tolerance","Drought and heat stress tolerance","Abiotic stress","120.44-122.84",120.44,122.84,"cM","all values < 1000 -> cM","Liu, H., Mullan, D., Zhang, C., Zhao, S., Li, X., Zhang, A., ... & Yan, G. (2020). Major genomic regions responsible for wheat yield and its components as revealed by meta-QTL and genotype–phenotype association analyses. Planta, 252(4), 65.","https://pubmed.ncbi.nlm.nih.gov/32970252/","MQTL_all traitsV3.0_final",FALSE
"M02698","MQTL4D.4","4D","Drought and heat stress tolerance","Drought and heat stress tolerance","Abiotic stress","123.74-123.86",123.74,123.86,"cM","all values < 1000 -> cM","Liu, H., Mullan, D., Zhang, C., Zhao, S., Li, X., Zhang, A., ... & Yan, G. (2020). Major genomic regions responsible for wheat yield and its components as revealed by meta-QTL and genotype–phenotype association analyses. Planta, 252(4), 65.","https://pubmed.ncbi.nlm.nih.gov/32970252/","MQTL_all traitsV3.0_final",FALSE
"M02699","MQTL5A.1","5A","Drought and heat stress tolerance","Drought and heat stress tolerance","Abiotic stress","75.6-92.22",75.6,92.22,"cM","all values < 1000 -> cM","Liu, H., Mullan, D., Zhang, C., Zhao, S., Li, X., Zhang, A., ... & Yan, G. (2020). Major genomic regions responsible for wheat yield and its components as revealed by meta-QTL and genotype–phenotype association analyses. Planta, 252(4), 65.","https://pubmed.ncbi.nlm.nih.gov/32970252/","MQTL_all traitsV3.0_final",FALSE
"M02700","MQTL5A.2","5A","Drought and heat stress tolerance","Drought and heat stress tolerance","Abiotic stress","91.12-125.56",91.12,125.56,"cM","all values < 1000 -> cM","Liu, H., Mullan, D., Zhang, C., Zhao, S., Li, X., Zhang, A., ... & Yan, G. (2020). Major genomic regions responsible for wheat yield and its components as revealed by meta-QTL and genotype–phenotype association analyses. Planta, 252(4), 65.","https://pubmed.ncbi.nlm.nih.gov/32970252/","MQTL_all traitsV3.0_final",FALSE
"M02701","MQTL5A.3","5A","Drought and heat stress tolerance","Drought and heat stress tolerance","Abiotic stress","278.74-294.94",278.74,294.94,"cM","all values < 1000 -> cM","Liu, H., Mullan, D., Zhang, C., Zhao, S., Li, X., Zhang, A., ... & Yan, G. (2020). Major genomic regions responsible for wheat yield and its components as revealed by meta-QTL and genotype–phenotype association analyses. Planta, 252(4), 65.","https://pubmed.ncbi.nlm.nih.gov/32970252/","MQTL_all traitsV3.0_final",FALSE
"M02702","MQTL5A.4","5A","Drought and heat stress tolerance","Drought and heat stress tolerance","Abiotic stress","301.505-302.615",301.505,302.615,"cM","all values < 1000 -> cM","Liu, H., Mullan, D., Zhang, C., Zhao, S., Li, X., Zhang, A., ... & Yan, G. (2020). Major genomic regions responsible for wheat yield and its components as revealed by meta-QTL and genotype–phenotype association analyses. Planta, 252(4), 65.","https://pubmed.ncbi.nlm.nih.gov/32970252/","MQTL_all traitsV3.0_final",FALSE
"M02703","MQTL5A.5","5A","Drought and heat stress tolerance","Drought and heat stress tolerance","Abiotic stress","299.44-309.58",299.44,309.58,"cM","all values < 1000 -> cM","Liu, H., Mullan, D., Zhang, C., Zhao, S., Li, X., Zhang, A., ... & Yan, G. (2020). Major genomic regions responsible for wheat yield and its components as revealed by meta-QTL and genotype–phenotype association analyses. Planta, 252(4), 65.","https://pubmed.ncbi.nlm.nih.gov/32970252/","MQTL_all traitsV3.0_final",FALSE
"M02704","MQTL5A.6","5A","Drought and heat stress tolerance","Drought and heat stress tolerance","Abiotic stress","368.575-383.725",368.575,383.725,"cM","all values < 1000 -> cM","Liu, H., Mullan, D., Zhang, C., Zhao, S., Li, X., Zhang, A., ... & Yan, G. (2020). Major genomic regions responsible for wheat yield and its components as revealed by meta-QTL and genotype–phenotype association analyses. Planta, 252(4), 65.","https://pubmed.ncbi.nlm.nih.gov/32970252/","MQTL_all traitsV3.0_final",FALSE
"M02705","MQTL5B.1","5B","Drought and heat stress tolerance","Drought and heat stress tolerance","Abiotic stress","533.65-545.65",533.65,545.65,"cM","all values < 1000 -> cM","Liu, H., Mullan, D., Zhang, C., Zhao, S., Li, X., Zhang, A., ... & Yan, G. (2020). Major genomic regions responsible for wheat yield and its components as revealed by meta-QTL and genotype–phenotype association analyses. Planta, 252(4), 65.","https://pubmed.ncbi.nlm.nih.gov/32970252/","MQTL_all traitsV3.0_final",FALSE
"M02706","MQTL5B.2","5B","Drought and heat stress tolerance","Drought and heat stress tolerance","Abiotic stress","542.065-545.035",542.065,545.035,"cM","all values < 1000 -> cM","Liu, H., Mullan, D., Zhang, C., Zhao, S., Li, X., Zhang, A., ... & Yan, G. (2020). Major genomic regions responsible for wheat yield and its components as revealed by meta-QTL and genotype–phenotype association analyses. Planta, 252(4), 65.","https://pubmed.ncbi.nlm.nih.gov/32970252/","MQTL_all traitsV3.0_final",FALSE
"M02707","MQTL5D.1","5D","Drought and heat stress tolerance","Drought and heat stress tolerance","Abiotic stress","194.955-247.665",194.955,247.665,"cM","all values < 1000 -> cM","Liu, H., Mullan, D., Zhang, C., Zhao, S., Li, X., Zhang, A., ... & Yan, G. (2020). Major genomic regions responsible for wheat yield and its components as revealed by meta-QTL and genotype–phenotype association analyses. Planta, 252(4), 65.","https://pubmed.ncbi.nlm.nih.gov/32970252/","MQTL_all traitsV3.0_final",FALSE
"M02708","MQTL6A.1","6A","Drought and heat stress tolerance","Drought and heat stress tolerance","Abiotic stress","192.66-256.5",192.66,256.5,"cM","all values < 1000 -> cM","Liu, H., Mullan, D., Zhang, C., Zhao, S., Li, X., Zhang, A., ... & Yan, G. (2020). Major genomic regions responsible for wheat yield and its components as revealed by meta-QTL and genotype–phenotype association analyses. Planta, 252(4), 65.","https://pubmed.ncbi.nlm.nih.gov/32970252/","MQTL_all traitsV3.0_final",FALSE
"M02709","MQTL6A.2","6A","Drought and heat stress tolerance","Drought and heat stress tolerance","Abiotic stress","356.52-366.84",356.52,366.84,"cM","all values < 1000 -> cM","Liu, H., Mullan, D., Zhang, C., Zhao, S., Li, X., Zhang, A., ... & Yan, G. (2020). Major genomic regions responsible for wheat yield and its components as revealed by meta-QTL and genotype–phenotype association analyses. Planta, 252(4), 65.","https://pubmed.ncbi.nlm.nih.gov/32970252/","MQTL_all traitsV3.0_final",FALSE
"M02710","MQTL6B.1","6B","Drought and heat stress tolerance","Drought and heat stress tolerance","Abiotic stress","84.82-98.26",84.82,98.26,"cM","all values < 1000 -> cM","Liu, H., Mullan, D., Zhang, C., Zhao, S., Li, X., Zhang, A., ... & Yan, G. (2020). Major genomic regions responsible for wheat yield and its components as revealed by meta-QTL and genotype–phenotype association analyses. Planta, 252(4), 65.","https://pubmed.ncbi.nlm.nih.gov/32970252/","MQTL_all traitsV3.0_final",FALSE
"M02711","MQTL6B.2","6B","Drought and heat stress tolerance","Drought and heat stress tolerance","Abiotic stress","85.39-160.57",85.39,160.57,"cM","all values < 1000 -> cM","Liu, H., Mullan, D., Zhang, C., Zhao, S., Li, X., Zhang, A., ... & Yan, G. (2020). Major genomic regions responsible for wheat yield and its components as revealed by meta-QTL and genotype–phenotype association analyses. Planta, 252(4), 65.","https://pubmed.ncbi.nlm.nih.gov/32970252/","MQTL_all traitsV3.0_final",FALSE
"M02712","MQTL6B.3","6B","Drought and heat stress tolerance","Drought and heat stress tolerance","Abiotic stress","311.005-330.295",311.005,330.295,"cM","all values < 1000 -> cM","Liu, H., Mullan, D., Zhang, C., Zhao, S., Li, X., Zhang, A., ... & Yan, G. (2020). Major genomic regions responsible for wheat yield and its components as revealed by meta-QTL and genotype–phenotype association analyses. Planta, 252(4), 65.","https://pubmed.ncbi.nlm.nih.gov/32970252/","MQTL_all traitsV3.0_final",FALSE
"M02713","MQTL6B.4","6B","Drought and heat stress tolerance","Drought and heat stress tolerance","Abiotic stress","333.565-333.835",333.565,333.835,"cM","all values < 1000 -> cM","Liu, H., Mullan, D., Zhang, C., Zhao, S., Li, X., Zhang, A., ... & Yan, G. (2020). Major genomic regions responsible for wheat yield and its components as revealed by meta-QTL and genotype–phenotype association analyses. Planta, 252(4), 65.","https://pubmed.ncbi.nlm.nih.gov/32970252/","MQTL_all traitsV3.0_final",FALSE
"M02714","MQTL6D.1","6D","Drought and heat stress tolerance","Drought and heat stress tolerance","Abiotic stress","83.9-142.46",83.9,142.46,"cM","all values < 1000 -> cM","Liu, H., Mullan, D., Zhang, C., Zhao, S., Li, X., Zhang, A., ... & Yan, G. (2020). Major genomic regions responsible for wheat yield and its components as revealed by meta-QTL and genotype–phenotype association analyses. Planta, 252(4), 65.","https://pubmed.ncbi.nlm.nih.gov/32970252/","MQTL_all traitsV3.0_final",FALSE
"M02715","MQTL6D.2","6D","Drought and heat stress tolerance","Drought and heat stress tolerance","Abiotic stress","283.295-292.025",283.295,292.025,"cM","all values < 1000 -> cM","Liu, H., Mullan, D., Zhang, C., Zhao, S., Li, X., Zhang, A., ... & Yan, G. (2020). Major genomic regions responsible for wheat yield and its components as revealed by meta-QTL and genotype–phenotype association analyses. Planta, 252(4), 65.","https://pubmed.ncbi.nlm.nih.gov/32970252/","MQTL_all traitsV3.0_final",FALSE
"M02716","MQTL6D.3","6D","Drought and heat stress tolerance","Drought and heat stress tolerance","Abiotic stress","292.845-314.235",292.845,314.235,"cM","all values < 1000 -> cM","Liu, H., Mullan, D., Zhang, C., Zhao, S., Li, X., Zhang, A., ... & Yan, G. (2020). Major genomic regions responsible for wheat yield and its components as revealed by meta-QTL and genotype–phenotype association analyses. Planta, 252(4), 65.","https://pubmed.ncbi.nlm.nih.gov/32970252/","MQTL_all traitsV3.0_final",FALSE
"M02717","MQTL6D.4","6D","Drought and heat stress tolerance","Drought and heat stress tolerance","Abiotic stress","330.61-338.35",330.61,338.35,"cM","all values < 1000 -> cM","Liu, H., Mullan, D., Zhang, C., Zhao, S., Li, X., Zhang, A., ... & Yan, G. (2020). Major genomic regions responsible for wheat yield and its components as revealed by meta-QTL and genotype–phenotype association analyses. Planta, 252(4), 65.","https://pubmed.ncbi.nlm.nih.gov/32970252/","MQTL_all traitsV3.0_final",FALSE
"M02718","MQTL7A.1","7A","Drought and heat stress tolerance","Drought and heat stress tolerance","Abiotic stress","186.855-196.965",186.855,196.965,"cM","all values < 1000 -> cM","Liu, H., Mullan, D., Zhang, C., Zhao, S., Li, X., Zhang, A., ... & Yan, G. (2020). Major genomic regions responsible for wheat yield and its components as revealed by meta-QTL and genotype–phenotype association analyses. Planta, 252(4), 65.","https://pubmed.ncbi.nlm.nih.gov/32970252/","MQTL_all traitsV3.0_final",FALSE
"M02719","MQTL7A.2","7A","Drought and heat stress tolerance","Drought and heat stress tolerance","Abiotic stress","326.545-330.295",326.545,330.295,"cM","all values < 1000 -> cM","Liu, H., Mullan, D., Zhang, C., Zhao, S., Li, X., Zhang, A., ... & Yan, G. (2020). Major genomic regions responsible for wheat yield and its components as revealed by meta-QTL and genotype–phenotype association analyses. Planta, 252(4), 65.","https://pubmed.ncbi.nlm.nih.gov/32970252/","MQTL_all traitsV3.0_final",FALSE
"M02720","MQTL7A.3","7A","Drought and heat stress tolerance","Drought and heat stress tolerance","Abiotic stress","408.96-419.7",408.96,419.7,"cM","all values < 1000 -> cM","Liu, H., Mullan, D., Zhang, C., Zhao, S., Li, X., Zhang, A., ... & Yan, G. (2020). Major genomic regions responsible for wheat yield and its components as revealed by meta-QTL and genotype–phenotype association analyses. Planta, 252(4), 65.","https://pubmed.ncbi.nlm.nih.gov/32970252/","MQTL_all traitsV3.0_final",FALSE
"M02721","MQTL7A.4","7A","Drought and heat stress tolerance","Drought and heat stress tolerance","Abiotic stress","421.61-422.81",421.61,422.81,"cM","all values < 1000 -> cM","Liu, H., Mullan, D., Zhang, C., Zhao, S., Li, X., Zhang, A., ... & Yan, G. (2020). Major genomic regions responsible for wheat yield and its components as revealed by meta-QTL and genotype–phenotype association analyses. Planta, 252(4), 65.","https://pubmed.ncbi.nlm.nih.gov/32970252/","MQTL_all traitsV3.0_final",FALSE
"M02722","MQTL7A.5","7A","Drought and heat stress tolerance","Drought and heat stress tolerance","Abiotic stress","429.01-433.39",429.01,433.39,"cM","all values < 1000 -> cM","Liu, H., Mullan, D., Zhang, C., Zhao, S., Li, X., Zhang, A., ... & Yan, G. (2020). Major genomic regions responsible for wheat yield and its components as revealed by meta-QTL and genotype–phenotype association analyses. Planta, 252(4), 65.","https://pubmed.ncbi.nlm.nih.gov/32970252/","MQTL_all traitsV3.0_final",FALSE
"M02723","MQTL7A.6","7A","Drought and heat stress tolerance","Drought and heat stress tolerance","Abiotic stress","442.75-450.19",442.75,450.19,"cM","all values < 1000 -> cM","Liu, H., Mullan, D., Zhang, C., Zhao, S., Li, X., Zhang, A., ... & Yan, G. (2020). Major genomic regions responsible for wheat yield and its components as revealed by meta-QTL and genotype–phenotype association analyses. Planta, 252(4), 65.","https://pubmed.ncbi.nlm.nih.gov/32970252/","MQTL_all traitsV3.0_final",FALSE
"M02724","MQTL7A.7","7A","Drought and heat stress tolerance","Drought and heat stress tolerance","Abiotic stress","520.495-527.005",520.495,527.005,"cM","all values < 1000 -> cM","Liu, H., Mullan, D., Zhang, C., Zhao, S., Li, X., Zhang, A., ... & Yan, G. (2020). Major genomic regions responsible for wheat yield and its components as revealed by meta-QTL and genotype–phenotype association analyses. Planta, 252(4), 65.","https://pubmed.ncbi.nlm.nih.gov/32970252/","MQTL_all traitsV3.0_final",FALSE
"M02725","MQTL7B.1","7B","Drought and heat stress tolerance","Drought and heat stress tolerance","Abiotic stress","126.655-168.745",126.655,168.745,"cM","all values < 1000 -> cM","Liu, H., Mullan, D., Zhang, C., Zhao, S., Li, X., Zhang, A., ... & Yan, G. (2020). Major genomic regions responsible for wheat yield and its components as revealed by meta-QTL and genotype–phenotype association analyses. Planta, 252(4), 65.","https://pubmed.ncbi.nlm.nih.gov/32970252/","MQTL_all traitsV3.0_final",FALSE
"M02726","MQTL7B.2","7B","Drought and heat stress tolerance","Drought and heat stress tolerance","Abiotic stress","302.45-326.81",302.45,326.81,"cM","all values < 1000 -> cM","Liu, H., Mullan, D., Zhang, C., Zhao, S., Li, X., Zhang, A., ... & Yan, G. (2020). Major genomic regions responsible for wheat yield and its components as revealed by meta-QTL and genotype–phenotype association analyses. Planta, 252(4), 65.","https://pubmed.ncbi.nlm.nih.gov/32970252/","MQTL_all traitsV3.0_final",FALSE
"M02727","MQTL7B.3","7B","Drought and heat stress tolerance","Drought and heat stress tolerance","Abiotic stress","309.365-338.795",309.365,338.795,"cM","all values < 1000 -> cM","Liu, H., Mullan, D., Zhang, C., Zhao, S., Li, X., Zhang, A., ... & Yan, G. (2020). Major genomic regions responsible for wheat yield and its components as revealed by meta-QTL and genotype–phenotype association analyses. Planta, 252(4), 65.","https://pubmed.ncbi.nlm.nih.gov/32970252/","MQTL_all traitsV3.0_final",FALSE
"M02728","MQTL7B.4","7B","Drought and heat stress tolerance","Drought and heat stress tolerance","Abiotic stress","326.25-350.19",326.25,350.19,"cM","all values < 1000 -> cM","Liu, H., Mullan, D., Zhang, C., Zhao, S., Li, X., Zhang, A., ... & Yan, G. (2020). Major genomic regions responsible for wheat yield and its components as revealed by meta-QTL and genotype–phenotype association analyses. Planta, 252(4), 65.","https://pubmed.ncbi.nlm.nih.gov/32970252/","MQTL_all traitsV3.0_final",FALSE
"M02729","MQTL7B.5","7B","Drought and heat stress tolerance","Drought and heat stress tolerance","Abiotic stress","348.355-354.505",348.355,354.505,"cM","all values < 1000 -> cM","Liu, H., Mullan, D., Zhang, C., Zhao, S., Li, X., Zhang, A., ... & Yan, G. (2020). Major genomic regions responsible for wheat yield and its components as revealed by meta-QTL and genotype–phenotype association analyses. Planta, 252(4), 65.","https://pubmed.ncbi.nlm.nih.gov/32970252/","MQTL_all traitsV3.0_final",FALSE
"M02730","MQTL7D.1","7D","Drought and heat stress tolerance","Drought and heat stress tolerance","Abiotic stress","164.76-165.96",164.76,165.96,"cM","all values < 1000 -> cM","Liu, H., Mullan, D., Zhang, C., Zhao, S., Li, X., Zhang, A., ... & Yan, G. (2020). Major genomic regions responsible for wheat yield and its components as revealed by meta-QTL and genotype–phenotype association analyses. Planta, 252(4), 65.","https://pubmed.ncbi.nlm.nih.gov/32970252/","MQTL_all traitsV3.0_final",FALSE
"M02731","MQTL7D.2","7D","Drought and heat stress tolerance","Drought and heat stress tolerance","Abiotic stress","209.795-227.405",209.795,227.405,"cM","all values < 1000 -> cM","Liu, H., Mullan, D., Zhang, C., Zhao, S., Li, X., Zhang, A., ... & Yan, G. (2020). Major genomic regions responsible for wheat yield and its components as revealed by meta-QTL and genotype–phenotype association analyses. Planta, 252(4), 65.","https://pubmed.ncbi.nlm.nih.gov/32970252/","MQTL_all traitsV3.0_final",FALSE
"M02732","MQTL7D.3","7D","Drought and heat stress tolerance","Drought and heat stress tolerance","Abiotic stress","228.275-228.485",228.275,228.485,"cM","all values < 1000 -> cM","Liu, H., Mullan, D., Zhang, C., Zhao, S., Li, X., Zhang, A., ... & Yan, G. (2020). Major genomic regions responsible for wheat yield and its components as revealed by meta-QTL and genotype–phenotype association analyses. Planta, 252(4), 65.","https://pubmed.ncbi.nlm.nih.gov/32970252/","MQTL_all traitsV3.0_final",FALSE
"M02733","MQTL1A.1","1A","Multiple abiotic stress tolerance","Drought and heat stress, Drought stress, Salinity stress","Abiotic stress","2540776-3760680",2540776,3760680,"bp","contains value >= 1000 -> bp","Tanin, M. J., Saini, D. K., Sandhu, K. S., Pal, N., Gudi, S., Chaudhary, J., & Sharma, A. (2022). Consensus genomic regions associated with multiple abiotic stress tolerance in wheat and implications for wheat breeding. Scientific reports, 12(1), 13680.","https://www.nature.com/articles/s41598-022-18149-0","MQTL_all traitsV3.0_final",FALSE
"M02734","MQTL1A.2","1A","Multiple abiotic stress tolerance","Drought and heat stress, Drought stress, Pre-harvest sprouting, Salinity stress","Pre-harvest sprouting","4053566-6153157",4053566,6153157,"bp","contains value >= 1000 -> bp","Tanin, M. J., Saini, D. K., Sandhu, K. S., Pal, N., Gudi, S., Chaudhary, J., & Sharma, A. (2022). Consensus genomic regions associated with multiple abiotic stress tolerance in wheat and implications for wheat breeding. Scientific reports, 12(1), 13680.","https://www.nature.com/articles/s41598-022-18149-0","MQTL_all traitsV3.0_final",FALSE
"M02735","MQTL1A.3","1A","Multiple abiotic stress tolerance","Aluminium stress, Drought and heat stress, Drought stress, Heat stress, Salinity stress","Abiotic stress","505338262-510353970",505338262,510353970,"bp","contains value >= 1000 -> bp","Tanin, M. J., Saini, D. K., Sandhu, K. S., Pal, N., Gudi, S., Chaudhary, J., & Sharma, A. (2022). Consensus genomic regions associated with multiple abiotic stress tolerance in wheat and implications for wheat breeding. Scientific reports, 12(1), 13680.","https://www.nature.com/articles/s41598-022-18149-0","MQTL_all traitsV3.0_final",FALSE
"M02736","MQTL1A.4","1A","Multiple abiotic stress tolerance","Aluminium stress, Heat stress, Salinity stress","Abiotic stress","506855550-508925214",506855550,508925214,"bp","contains value >= 1000 -> bp","Tanin, M. J., Saini, D. K., Sandhu, K. S., Pal, N., Gudi, S., Chaudhary, J., & Sharma, A. (2022). Consensus genomic regions associated with multiple abiotic stress tolerance in wheat and implications for wheat breeding. Scientific reports, 12(1), 13680.","https://www.nature.com/articles/s41598-022-18149-0","MQTL_all traitsV3.0_final",FALSE
"M02737","MQTL1A.5","1A","Multiple abiotic stress tolerance","Drought and heat stress, Drought stress, Heat stress, Pre-harvest sprouting, Salinity stress","Pre-harvest sprouting","513625837-515553365",513625837,515553365,"bp","contains value >= 1000 -> bp","Tanin, M. J., Saini, D. K., Sandhu, K. S., Pal, N., Gudi, S., Chaudhary, J., & Sharma, A. (2022). Consensus genomic regions associated with multiple abiotic stress tolerance in wheat and implications for wheat breeding. Scientific reports, 12(1), 13680.","https://www.nature.com/articles/s41598-022-18149-0","MQTL_all traitsV3.0_final",FALSE
"M02738","MQTL1A.6","1A","Multiple abiotic stress tolerance","Heat stress, Pre-harvest sprouting, Salinity stress","Pre-harvest sprouting","522501028-575215681",522501028,575215681,"bp","contains value >= 1000 -> bp","Tanin, M. J., Saini, D. K., Sandhu, K. S., Pal, N., Gudi, S., Chaudhary, J., & Sharma, A. (2022). Consensus genomic regions associated with multiple abiotic stress tolerance in wheat and implications for wheat breeding. Scientific reports, 12(1), 13680.","https://www.nature.com/articles/s41598-022-18149-0","MQTL_all traitsV3.0_final",FALSE
"M02739","MQTL1A.7","1A","Multiple abiotic stress tolerance","Salinity stress, Water-logging stress","Abiotic stress","533447403-590003251",533447403,590003251,"bp","contains value >= 1000 -> bp","Tanin, M. J., Saini, D. K., Sandhu, K. S., Pal, N., Gudi, S., Chaudhary, J., & Sharma, A. (2022). Consensus genomic regions associated with multiple abiotic stress tolerance in wheat and implications for wheat breeding. Scientific reports, 12(1), 13680.","https://www.nature.com/articles/s41598-022-18149-0","MQTL_all traitsV3.0_final",FALSE
"M02740","MQTL1A.8","1A","Multiple abiotic stress tolerance","Pre-harvest sprouting, Salinity stress, Water-logging stress","Pre-harvest sprouting","436398182-554208280",436398182,554208280,"bp","contains value >= 1000 -> bp","Tanin, M. J., Saini, D. K., Sandhu, K. S., Pal, N., Gudi, S., Chaudhary, J., & Sharma, A. (2022). Consensus genomic regions associated with multiple abiotic stress tolerance in wheat and implications for wheat breeding. Scientific reports, 12(1), 13680.","https://www.nature.com/articles/s41598-022-18149-0","MQTL_all traitsV3.0_final",FALSE
"M02741","MQTL1B.1","1B","Multiple abiotic stress tolerance","Heat stress, Pre-harvest sprouting, Salinity stress","Pre-harvest sprouting","9598565-14510662",9598565,14510662,"bp","contains value >= 1000 -> bp","Tanin, M. J., Saini, D. K., Sandhu, K. S., Pal, N., Gudi, S., Chaudhary, J., & Sharma, A. (2022). Consensus genomic regions associated with multiple abiotic stress tolerance in wheat and implications for wheat breeding. Scientific reports, 12(1), 13680.","https://www.nature.com/articles/s41598-022-18149-0","MQTL_all traitsV3.0_final",FALSE
"M02742","MQTL1B.2","1B","Multiple abiotic stress tolerance","Drought stress, Heat stress, Salinity stress","Abiotic stress","546325923-579712768",546325923,579712768,"bp","contains value >= 1000 -> bp","Tanin, M. J., Saini, D. K., Sandhu, K. S., Pal, N., Gudi, S., Chaudhary, J., & Sharma, A. (2022). Consensus genomic regions associated with multiple abiotic stress tolerance in wheat and implications for wheat breeding. Scientific reports, 12(1), 13680.","https://www.nature.com/articles/s41598-022-18149-0","MQTL_all traitsV3.0_final",FALSE
"M02743","MQTL1B.3","1B","Multiple abiotic stress tolerance","Aluminium stress, Drought and heat stress, Drought stress, Heat stress, Pre-harvest sprouting, Salinity stress","Pre-harvest sprouting","623730625-688767326",623730625,688767326,"bp","contains value >= 1000 -> bp","Tanin, M. J., Saini, D. K., Sandhu, K. S., Pal, N., Gudi, S., Chaudhary, J., & Sharma, A. (2022). Consensus genomic regions associated with multiple abiotic stress tolerance in wheat and implications for wheat breeding. Scientific reports, 12(1), 13680.","https://www.nature.com/articles/s41598-022-18149-0","MQTL_all traitsV3.0_final",FALSE
"M02744","MQTL1B.4","1B","Multiple abiotic stress tolerance","Drought and heat stress, Drought stress, Heat stress, Salinity stress","Abiotic stress","443563523-477393926",443563523,477393926,"bp","contains value >= 1000 -> bp","Tanin, M. J., Saini, D. K., Sandhu, K. S., Pal, N., Gudi, S., Chaudhary, J., & Sharma, A. (2022). Consensus genomic regions associated with multiple abiotic stress tolerance in wheat and implications for wheat breeding. Scientific reports, 12(1), 13680.","https://www.nature.com/articles/s41598-022-18149-0","MQTL_all traitsV3.0_final",FALSE
"M02745","MQTL1B.5","1B","Multiple abiotic stress tolerance","Drought and heat stress, Heat stress, Pre-harvest sprouting, Salinity stress","Pre-harvest sprouting","530061223-543517552",530061223,543517552,"bp","contains value >= 1000 -> bp","Tanin, M. J., Saini, D. K., Sandhu, K. S., Pal, N., Gudi, S., Chaudhary, J., & Sharma, A. (2022). Consensus genomic regions associated with multiple abiotic stress tolerance in wheat and implications for wheat breeding. Scientific reports, 12(1), 13680.","https://www.nature.com/articles/s41598-022-18149-0","MQTL_all traitsV3.0_final",FALSE
"M02746","MQTL1B.6","1B","Multiple abiotic stress tolerance","Drought and heat stress, Drought stress, Heat stress, Pre-harvest sprouting, Salinity stress","Pre-harvest sprouting","647227955-654027917",647227955,654027917,"bp","contains value >= 1000 -> bp","Tanin, M. J., Saini, D. K., Sandhu, K. S., Pal, N., Gudi, S., Chaudhary, J., & Sharma, A. (2022). Consensus genomic regions associated with multiple abiotic stress tolerance in wheat and implications for wheat breeding. Scientific reports, 12(1), 13680.","https://www.nature.com/articles/s41598-022-18149-0","MQTL_all traitsV3.0_final",FALSE
"M02747","MQTL1B.7","1B","Multiple abiotic stress tolerance","Drought stress, Heat stress, Salinity stress","Abiotic stress","371449132-390707718",371449132,390707718,"bp","contains value >= 1000 -> bp","Tanin, M. J., Saini, D. K., Sandhu, K. S., Pal, N., Gudi, S., Chaudhary, J., & Sharma, A. (2022). Consensus genomic regions associated with multiple abiotic stress tolerance in wheat and implications for wheat breeding. Scientific reports, 12(1), 13680.","https://www.nature.com/articles/s41598-022-18149-0","MQTL_all traitsV3.0_final",FALSE
"M02748","MQTL1D.1","1D","Multiple abiotic stress tolerance","Aluminium stress, Drought stress, Pre-harvest sprouting, Salinity stress","Pre-harvest sprouting","6731893-7209548",6731893,7209548,"bp","contains value >= 1000 -> bp","Tanin, M. J., Saini, D. K., Sandhu, K. S., Pal, N., Gudi, S., Chaudhary, J., & Sharma, A. (2022). Consensus genomic regions associated with multiple abiotic stress tolerance in wheat and implications for wheat breeding. Scientific reports, 12(1), 13680.","https://www.nature.com/articles/s41598-022-18149-0","MQTL_all traitsV3.0_final",FALSE
"M02749","MQTL1D.2","1D","Multiple abiotic stress tolerance","Drought and heat stress, Drought stress, Heat stress, Salinity stress","Abiotic stress","18073520-18578926",18073520,18578926,"bp","contains value >= 1000 -> bp","Tanin, M. J., Saini, D. K., Sandhu, K. S., Pal, N., Gudi, S., Chaudhary, J., & Sharma, A. (2022). Consensus genomic regions associated with multiple abiotic stress tolerance in wheat and implications for wheat breeding. Scientific reports, 12(1), 13680.","https://www.nature.com/articles/s41598-022-18149-0","MQTL_all traitsV3.0_final",FALSE
"M02750","MQTL1D.3","1D","Multiple abiotic stress tolerance","Aluminium stress, Heat stress, Salinity stress","Abiotic stress","399263572-412158878",399263572,412158878,"bp","contains value >= 1000 -> bp","Tanin, M. J., Saini, D. K., Sandhu, K. S., Pal, N., Gudi, S., Chaudhary, J., & Sharma, A. (2022). Consensus genomic regions associated with multiple abiotic stress tolerance in wheat and implications for wheat breeding. Scientific reports, 12(1), 13680.","https://www.nature.com/articles/s41598-022-18149-0","MQTL_all traitsV3.0_final",FALSE
"M02751","MQTL1D.4","1D","Multiple abiotic stress tolerance","Aluminium stress, Drought and heat stress, Drought stress, Heat stress, Salinity stress, Water-logging stress","Abiotic stress","452289268-463471945",452289268,463471945,"bp","contains value >= 1000 -> bp","Tanin, M. J., Saini, D. K., Sandhu, K. S., Pal, N., Gudi, S., Chaudhary, J., & Sharma, A. (2022). Consensus genomic regions associated with multiple abiotic stress tolerance in wheat and implications for wheat breeding. Scientific reports, 12(1), 13680.","https://www.nature.com/articles/s41598-022-18149-0","MQTL_all traitsV3.0_final",FALSE
"M02752","MQTL1D.5","1D","Multiple abiotic stress tolerance","Drought stress, Salinity stress","Abiotic stress","412660953-464823352",412660953,464823352,"bp","contains value >= 1000 -> bp","Tanin, M. J., Saini, D. K., Sandhu, K. S., Pal, N., Gudi, S., Chaudhary, J., & Sharma, A. (2022). Consensus genomic regions associated with multiple abiotic stress tolerance in wheat and implications for wheat breeding. Scientific reports, 12(1), 13680.","https://www.nature.com/articles/s41598-022-18149-0","MQTL_all traitsV3.0_final",FALSE
"M02753","MQTL1D.6","1D","Multiple abiotic stress tolerance","Heat stress, Salinity stress","Abiotic stress","465537363-467629543",465537363,467629543,"bp","contains value >= 1000 -> bp","Tanin, M. J., Saini, D. K., Sandhu, K. S., Pal, N., Gudi, S., Chaudhary, J., & Sharma, A. (2022). Consensus genomic regions associated with multiple abiotic stress tolerance in wheat and implications for wheat breeding. Scientific reports, 12(1), 13680.","https://www.nature.com/articles/s41598-022-18149-0","MQTL_all traitsV3.0_final",FALSE
"M02754","MQTL1D.7","1D","Multiple abiotic stress tolerance","Drought stress, Salinity stress","Abiotic stress","481501398-484140954",481501398,484140954,"bp","contains value >= 1000 -> bp","Tanin, M. J., Saini, D. K., Sandhu, K. S., Pal, N., Gudi, S., Chaudhary, J., & Sharma, A. (2022). Consensus genomic regions associated with multiple abiotic stress tolerance in wheat and implications for wheat breeding. Scientific reports, 12(1), 13680.","https://www.nature.com/articles/s41598-022-18149-0","MQTL_all traitsV3.0_final",FALSE
"M02755","MQTL1D.8","1D","Multiple abiotic stress tolerance","Pre-harvest sprouting, Salinity stress","Pre-harvest sprouting","484409324-490927502",484409324,490927502,"bp","contains value >= 1000 -> bp","Tanin, M. J., Saini, D. K., Sandhu, K. S., Pal, N., Gudi, S., Chaudhary, J., & Sharma, A. (2022). Consensus genomic regions associated with multiple abiotic stress tolerance in wheat and implications for wheat breeding. Scientific reports, 12(1), 13680.","https://www.nature.com/articles/s41598-022-18149-0","MQTL_all traitsV3.0_final",FALSE
"M02756","MQTL2A.1","2A","Multiple abiotic stress tolerance","Drought stress, Heat stress, Salinity stress","Abiotic stress","16402442-16720913",16402442,16720913,"bp","contains value >= 1000 -> bp","Tanin, M. J., Saini, D. K., Sandhu, K. S., Pal, N., Gudi, S., Chaudhary, J., & Sharma, A. (2022). Consensus genomic regions associated with multiple abiotic stress tolerance in wheat and implications for wheat breeding. Scientific reports, 12(1), 13680.","https://www.nature.com/articles/s41598-022-18149-0","MQTL_all traitsV3.0_final",FALSE
"M02757","MQTL2A.2","2A","Multiple abiotic stress tolerance","Aluminium stress, Drought and heat stress, Salinity stress","Abiotic stress","13135250-16432790",13135250,16432790,"bp","contains value >= 1000 -> bp","Tanin, M. J., Saini, D. K., Sandhu, K. S., Pal, N., Gudi, S., Chaudhary, J., & Sharma, A. (2022). Consensus genomic regions associated with multiple abiotic stress tolerance in wheat and implications for wheat breeding. Scientific reports, 12(1), 13680.","https://www.nature.com/articles/s41598-022-18149-0","MQTL_all traitsV3.0_final",FALSE
"M02758","MQTL2A.3","2A","Multiple abiotic stress tolerance","Aluminium stress, Drought and heat stress, Drought stress, Heat stress, Salinity stress","Abiotic stress","16085684-24150379",16085684,24150379,"bp","contains value >= 1000 -> bp","Tanin, M. J., Saini, D. K., Sandhu, K. S., Pal, N., Gudi, S., Chaudhary, J., & Sharma, A. (2022). Consensus genomic regions associated with multiple abiotic stress tolerance in wheat and implications for wheat breeding. Scientific reports, 12(1), 13680.","https://www.nature.com/articles/s41598-022-18149-0","MQTL_all traitsV3.0_final",FALSE
"M02759","MQTL2A.4","2A","Multiple abiotic stress tolerance","Drought and heat stress, Salinity stress","Abiotic stress","16085684-24150379",16085684,24150379,"bp","contains value >= 1000 -> bp","Tanin, M. J., Saini, D. K., Sandhu, K. S., Pal, N., Gudi, S., Chaudhary, J., & Sharma, A. (2022). Consensus genomic regions associated with multiple abiotic stress tolerance in wheat and implications for wheat breeding. Scientific reports, 12(1), 13680.","https://www.nature.com/articles/s41598-022-18149-0","MQTL_all traitsV3.0_final",FALSE
"M02760","MQTL2A.5","2A","Multiple abiotic stress tolerance","Aluminium stress, Drought and heat stress, Heat stress, Salinity stress, Water-logging stress","Abiotic stress","24059974-24150379",24059974,24150379,"bp","contains value >= 1000 -> bp","Tanin, M. J., Saini, D. K., Sandhu, K. S., Pal, N., Gudi, S., Chaudhary, J., & Sharma, A. (2022). Consensus genomic regions associated with multiple abiotic stress tolerance in wheat and implications for wheat breeding. Scientific reports, 12(1), 13680.","https://www.nature.com/articles/s41598-022-18149-0","MQTL_all traitsV3.0_final",FALSE
"M02761","MQTL2B.1","2B","Multiple abiotic stress tolerance","Heat stress, Pre-harvest sprouting, Salinity stress","Pre-harvest sprouting","743729225-748973789",743729225,748973789,"bp","contains value >= 1000 -> bp","Tanin, M. J., Saini, D. K., Sandhu, K. S., Pal, N., Gudi, S., Chaudhary, J., & Sharma, A. (2022). Consensus genomic regions associated with multiple abiotic stress tolerance in wheat and implications for wheat breeding. Scientific reports, 12(1), 13680.","https://www.nature.com/articles/s41598-022-18149-0","MQTL_all traitsV3.0_final",FALSE
"M02762","MQTL2B.2","2B","Multiple abiotic stress tolerance","Drought and heat stress, Drought stress, Salinity stress","Abiotic stress","765082297-771191218",765082297,771191218,"bp","contains value >= 1000 -> bp","Tanin, M. J., Saini, D. K., Sandhu, K. S., Pal, N., Gudi, S., Chaudhary, J., & Sharma, A. (2022). Consensus genomic regions associated with multiple abiotic stress tolerance in wheat and implications for wheat breeding. Scientific reports, 12(1), 13680.","https://www.nature.com/articles/s41598-022-18149-0","MQTL_all traitsV3.0_final",FALSE
"M02763","MQTL2B.3","2B","Multiple abiotic stress tolerance","Aluminium stress, Drought and heat stress, Drought stress, Heat stress, Pre-harvest sprouting, Salinity stress, Water-logging stress","Pre-harvest sprouting","108238093-759818077",108238093,759818077,"bp","contains value >= 1000 -> bp","Tanin, M. J., Saini, D. K., Sandhu, K. S., Pal, N., Gudi, S., Chaudhary, J., & Sharma, A. (2022). Consensus genomic regions associated with multiple abiotic stress tolerance in wheat and implications for wheat breeding. Scientific reports, 12(1), 13680.","https://www.nature.com/articles/s41598-022-18149-0","MQTL_all traitsV3.0_final",FALSE
"M02764","MQTL2B.4","2B","Multiple abiotic stress tolerance","Aluminium stress, Drought and heat stress, Drought stress, Heat stress, Pre-harvest sprouting, Salinity stress","Pre-harvest sprouting","58675214-58845525",58675214,58845525,"bp","contains value >= 1000 -> bp","Tanin, M. J., Saini, D. K., Sandhu, K. S., Pal, N., Gudi, S., Chaudhary, J., & Sharma, A. (2022). Consensus genomic regions associated with multiple abiotic stress tolerance in wheat and implications for wheat breeding. Scientific reports, 12(1), 13680.","https://www.nature.com/articles/s41598-022-18149-0","MQTL_all traitsV3.0_final",FALSE
"M02765","MQTL2B.5","2B","Multiple abiotic stress tolerance","Drought and heat stress, Drought stress, Salinity stress, Water-logging stress","Abiotic stress","758942614-770070170",758942614,770070170,"bp","contains value >= 1000 -> bp","Tanin, M. J., Saini, D. K., Sandhu, K. S., Pal, N., Gudi, S., Chaudhary, J., & Sharma, A. (2022). Consensus genomic regions associated with multiple abiotic stress tolerance in wheat and implications for wheat breeding. Scientific reports, 12(1), 13680.","https://www.nature.com/articles/s41598-022-18149-0","MQTL_all traitsV3.0_final",FALSE
"M02766","MQTL2B.6","2B","Multiple abiotic stress tolerance","Drought and heat stress, Drought stress, Heat stress, Pre-harvest sprouting, Salinity stress, Water-logging stress","Pre-harvest sprouting","144654761-766233789",144654761,766233789,"bp","contains value >= 1000 -> bp","Tanin, M. J., Saini, D. K., Sandhu, K. S., Pal, N., Gudi, S., Chaudhary, J., & Sharma, A. (2022). Consensus genomic regions associated with multiple abiotic stress tolerance in wheat and implications for wheat breeding. Scientific reports, 12(1), 13680.","https://www.nature.com/articles/s41598-022-18149-0","MQTL_all traitsV3.0_final",FALSE
"M02767","MQTL2B.7","2B","Multiple abiotic stress tolerance","Drought and heat stress, Heat stress, Salinity stress","Abiotic stress","198072648-765897725",198072648,765897725,"bp","contains value >= 1000 -> bp","Tanin, M. J., Saini, D. K., Sandhu, K. S., Pal, N., Gudi, S., Chaudhary, J., & Sharma, A. (2022). Consensus genomic regions associated with multiple abiotic stress tolerance in wheat and implications for wheat breeding. Scientific reports, 12(1), 13680.","https://www.nature.com/articles/s41598-022-18149-0","MQTL_all traitsV3.0_final",FALSE
"M02768","MQTL2D.1","2D","Multiple abiotic stress tolerance","Heat stress, Pre-harvest sprouting, Salinity stress","Pre-harvest sprouting","1668981-35064359",1668981,35064359,"bp","contains value >= 1000 -> bp","Tanin, M. J., Saini, D. K., Sandhu, K. S., Pal, N., Gudi, S., Chaudhary, J., & Sharma, A. (2022). Consensus genomic regions associated with multiple abiotic stress tolerance in wheat and implications for wheat breeding. Scientific reports, 12(1), 13680.","https://www.nature.com/articles/s41598-022-18149-0","MQTL_all traitsV3.0_final",FALSE
"M02769","MQTL2D.2","2D","Multiple abiotic stress tolerance","Drought and heat stress, Drought stress, Heat stress, Salinity stress","Abiotic stress","5228089-25351629",5228089,25351629,"bp","contains value >= 1000 -> bp","Tanin, M. J., Saini, D. K., Sandhu, K. S., Pal, N., Gudi, S., Chaudhary, J., & Sharma, A. (2022). Consensus genomic regions associated with multiple abiotic stress tolerance in wheat and implications for wheat breeding. Scientific reports, 12(1), 13680.","https://www.nature.com/articles/s41598-022-18149-0","MQTL_all traitsV3.0_final",FALSE
"M02770","MQTL2D.3","2D","Multiple abiotic stress tolerance","Aluminium stress, Drought and heat stress, Drought stress, Heat stress, Salinity stress","Abiotic stress","24975728-25351629",24975728,25351629,"bp","contains value >= 1000 -> bp","Tanin, M. J., Saini, D. K., Sandhu, K. S., Pal, N., Gudi, S., Chaudhary, J., & Sharma, A. (2022). Consensus genomic regions associated with multiple abiotic stress tolerance in wheat and implications for wheat breeding. Scientific reports, 12(1), 13680.","https://www.nature.com/articles/s41598-022-18149-0","MQTL_all traitsV3.0_final",FALSE
"M02771","MQTL2D.4","2D","Multiple abiotic stress tolerance","Aluminium stress, Drought and heat stress, Drought stress, Heat stress, Pre-harvest sprouting, Salinity stress","Pre-harvest sprouting","56814481-96788147",56814481,96788147,"bp","contains value >= 1000 -> bp","Tanin, M. J., Saini, D. K., Sandhu, K. S., Pal, N., Gudi, S., Chaudhary, J., & Sharma, A. (2022). Consensus genomic regions associated with multiple abiotic stress tolerance in wheat and implications for wheat breeding. Scientific reports, 12(1), 13680.","https://www.nature.com/articles/s41598-022-18149-0","MQTL_all traitsV3.0_final",FALSE
"M02772","MQTL2D.5","2D","Multiple abiotic stress tolerance","Aluminium stress, Drought and heat stress, Drought stress, Heat stress, Pre-harvest sprouting, Salinity stress","Pre-harvest sprouting","133752263-204135916",133752263,204135916,"bp","contains value >= 1000 -> bp","Tanin, M. J., Saini, D. K., Sandhu, K. S., Pal, N., Gudi, S., Chaudhary, J., & Sharma, A. (2022). Consensus genomic regions associated with multiple abiotic stress tolerance in wheat and implications for wheat breeding. Scientific reports, 12(1), 13680.","https://www.nature.com/articles/s41598-022-18149-0","MQTL_all traitsV3.0_final",FALSE
"M02773","MQTL2D.6","2D","Multiple abiotic stress tolerance","Drought and heat stress, Salinity stress","Abiotic stress","442441011-533067194",442441011,533067194,"bp","contains value >= 1000 -> bp","Tanin, M. J., Saini, D. K., Sandhu, K. S., Pal, N., Gudi, S., Chaudhary, J., & Sharma, A. (2022). Consensus genomic regions associated with multiple abiotic stress tolerance in wheat and implications for wheat breeding. Scientific reports, 12(1), 13680.","https://www.nature.com/articles/s41598-022-18149-0","MQTL_all traitsV3.0_final",FALSE
"M02774","MQTL2D.7","2D","Multiple abiotic stress tolerance","Drought and heat stress, Heat stress, Salinity stress","Abiotic stress","450999006-531931423",450999006,531931423,"bp","contains value >= 1000 -> bp","Tanin, M. J., Saini, D. K., Sandhu, K. S., Pal, N., Gudi, S., Chaudhary, J., & Sharma, A. (2022). Consensus genomic regions associated with multiple abiotic stress tolerance in wheat and implications for wheat breeding. Scientific reports, 12(1), 13680.","https://www.nature.com/articles/s41598-022-18149-0","MQTL_all traitsV3.0_final",FALSE
"M02775","MQTL2D.8","2D","Multiple abiotic stress tolerance","Drought and heat stress, Heat stress, Salinity stress","Abiotic stress","569949665-572361785",569949665,572361785,"bp","contains value >= 1000 -> bp","Tanin, M. J., Saini, D. K., Sandhu, K. S., Pal, N., Gudi, S., Chaudhary, J., & Sharma, A. (2022). Consensus genomic regions associated with multiple abiotic stress tolerance in wheat and implications for wheat breeding. Scientific reports, 12(1), 13680.","https://www.nature.com/articles/s41598-022-18149-0","MQTL_all traitsV3.0_final",FALSE
"M02776","MQTL3A.1","3A","Multiple abiotic stress tolerance","Aluminium stress, Drought and heat stress, Drought stress, Heat stress, Pre-harvest sprouting, Salinity stress, Water-logging stress","Pre-harvest sprouting","32252101-34523882",32252101,34523882,"bp","contains value >= 1000 -> bp","Tanin, M. J., Saini, D. K., Sandhu, K. S., Pal, N., Gudi, S., Chaudhary, J., & Sharma, A. (2022). Consensus genomic regions associated with multiple abiotic stress tolerance in wheat and implications for wheat breeding. Scientific reports, 12(1), 13680.","https://www.nature.com/articles/s41598-022-18149-0","MQTL_all traitsV3.0_final",FALSE
"M02777","MQTL3B.1","3B","Multiple abiotic stress tolerance","Drought stress, Salinity stress","Abiotic stress","985190-5585767",985190,5585767,"bp","contains value >= 1000 -> bp","Tanin, M. J., Saini, D. K., Sandhu, K. S., Pal, N., Gudi, S., Chaudhary, J., & Sharma, A. (2022). Consensus genomic regions associated with multiple abiotic stress tolerance in wheat and implications for wheat breeding. Scientific reports, 12(1), 13680.","https://www.nature.com/articles/s41598-022-18149-0","MQTL_all traitsV3.0_final",FALSE
"M02778","MQTL3B.2","3B","Multiple abiotic stress tolerance","Drought and heat stress, Drought stress, Heat stress, Salinity stress","Abiotic stress","9466557-13964378",9466557,13964378,"bp","contains value >= 1000 -> bp","Tanin, M. J., Saini, D. K., Sandhu, K. S., Pal, N., Gudi, S., Chaudhary, J., & Sharma, A. (2022). Consensus genomic regions associated with multiple abiotic stress tolerance in wheat and implications for wheat breeding. Scientific reports, 12(1), 13680.","https://www.nature.com/articles/s41598-022-18149-0","MQTL_all traitsV3.0_final",FALSE
"M02779","MQTL3B.3","3B","Multiple abiotic stress tolerance","Aluminium stress, Drought stress, Heat stress, Salinity stress, Water-logging stress","Abiotic stress","10708086-18247216",10708086,18247216,"bp","contains value >= 1000 -> bp","Tanin, M. J., Saini, D. K., Sandhu, K. S., Pal, N., Gudi, S., Chaudhary, J., & Sharma, A. (2022). Consensus genomic regions associated with multiple abiotic stress tolerance in wheat and implications for wheat breeding. Scientific reports, 12(1), 13680.","https://www.nature.com/articles/s41598-022-18149-0","MQTL_all traitsV3.0_final",FALSE
"M02780","MQTL3B.4","3B","Multiple abiotic stress tolerance","Aluminium stress, Drought and heat stress, Drought stress, Heat stress, Pre-harvest sprouting, Salinity stress, Water-logging stress","Pre-harvest sprouting","15522016-22129323",15522016,22129323,"bp","contains value >= 1000 -> bp","Tanin, M. J., Saini, D. K., Sandhu, K. S., Pal, N., Gudi, S., Chaudhary, J., & Sharma, A. (2022). Consensus genomic regions associated with multiple abiotic stress tolerance in wheat and implications for wheat breeding. Scientific reports, 12(1), 13680.","https://www.nature.com/articles/s41598-022-18149-0","MQTL_all traitsV3.0_final",FALSE
"M02781","MQTL3B.5","3B","Multiple abiotic stress tolerance","Aluminium stress, Drought and heat stress, Heat stress, Salinity stress, Water-logging stress","Abiotic stress","17770802-22101285",17770802,22101285,"bp","contains value >= 1000 -> bp","Tanin, M. J., Saini, D. K., Sandhu, K. S., Pal, N., Gudi, S., Chaudhary, J., & Sharma, A. (2022). Consensus genomic regions associated with multiple abiotic stress tolerance in wheat and implications for wheat breeding. Scientific reports, 12(1), 13680.","https://www.nature.com/articles/s41598-022-18149-0","MQTL_all traitsV3.0_final",FALSE
"M02782","MQTL3B.6","3B","Multiple abiotic stress tolerance","Aluminium stress, Drought and heat stress, Heat stress, Pre-harvest sprouting, Salinity stress","Pre-harvest sprouting","26528765-30505833",26528765,30505833,"bp","contains value >= 1000 -> bp","Tanin, M. J., Saini, D. K., Sandhu, K. S., Pal, N., Gudi, S., Chaudhary, J., & Sharma, A. (2022). Consensus genomic regions associated with multiple abiotic stress tolerance in wheat and implications for wheat breeding. Scientific reports, 12(1), 13680.","https://www.nature.com/articles/s41598-022-18149-0","MQTL_all traitsV3.0_final",FALSE
"M02783","MQTL3B.7","3B","Multiple abiotic stress tolerance","Drought and heat stress, Heat stress, Pre-harvest sprouting, Salinity stress, Water-logging stress","Pre-harvest sprouting","682905468-735130696",682905468,735130696,"bp","contains value >= 1000 -> bp","Tanin, M. J., Saini, D. K., Sandhu, K. S., Pal, N., Gudi, S., Chaudhary, J., & Sharma, A. (2022). Consensus genomic regions associated with multiple abiotic stress tolerance in wheat and implications for wheat breeding. Scientific reports, 12(1), 13680.","https://www.nature.com/articles/s41598-022-18149-0","MQTL_all traitsV3.0_final",FALSE
"M02784","MQTL3D.1","3D","Multiple abiotic stress tolerance","Drought stress, Salinity stress","Abiotic stress","4486783-28332251",4486783,28332251,"bp","contains value >= 1000 -> bp","Tanin, M. J., Saini, D. K., Sandhu, K. S., Pal, N., Gudi, S., Chaudhary, J., & Sharma, A. (2022). Consensus genomic regions associated with multiple abiotic stress tolerance in wheat and implications for wheat breeding. Scientific reports, 12(1), 13680.","https://www.nature.com/articles/s41598-022-18149-0","MQTL_all traitsV3.0_final",FALSE
"M02785","MQTL3D.2","3D","Multiple abiotic stress tolerance","Drought and heat stress, Drought stress, Pre-harvest sprouting, Salinity stress","Pre-harvest sprouting","6753563-8971575",6753563,8971575,"bp","contains value >= 1000 -> bp","Tanin, M. J., Saini, D. K., Sandhu, K. S., Pal, N., Gudi, S., Chaudhary, J., & Sharma, A. (2022). Consensus genomic regions associated with multiple abiotic stress tolerance in wheat and implications for wheat breeding. Scientific reports, 12(1), 13680.","https://www.nature.com/articles/s41598-022-18149-0","MQTL_all traitsV3.0_final",FALSE
"M02786","MQTL3D.3","3D","Multiple abiotic stress tolerance","Drought and heat stress, Drought stress, Heat stress, Pre-harvest sprouting, Salinity stress","Pre-harvest sprouting","474548413-498862254",474548413,498862254,"bp","contains value >= 1000 -> bp","Tanin, M. J., Saini, D. K., Sandhu, K. S., Pal, N., Gudi, S., Chaudhary, J., & Sharma, A. (2022). Consensus genomic regions associated with multiple abiotic stress tolerance in wheat and implications for wheat breeding. Scientific reports, 12(1), 13680.","https://www.nature.com/articles/s41598-022-18149-0","MQTL_all traitsV3.0_final",FALSE
"M02787","MQTL3D.4","3D","Multiple abiotic stress tolerance","Drought and heat stress, Drought stress, Heat stress, Pre-harvest sprouting","Pre-harvest sprouting","575345184-585085964",575345184,585085964,"bp","contains value >= 1000 -> bp","Tanin, M. J., Saini, D. K., Sandhu, K. S., Pal, N., Gudi, S., Chaudhary, J., & Sharma, A. (2022). Consensus genomic regions associated with multiple abiotic stress tolerance in wheat and implications for wheat breeding. Scientific reports, 12(1), 13680.","https://www.nature.com/articles/s41598-022-18149-0","MQTL_all traitsV3.0_final",FALSE
"M02788","MQTL3D.5","3D","Multiple abiotic stress tolerance","Heat stress, Pre-harvest sprouting","Pre-harvest sprouting","582027719-593442266",582027719,593442266,"bp","contains value >= 1000 -> bp","Tanin, M. J., Saini, D. K., Sandhu, K. S., Pal, N., Gudi, S., Chaudhary, J., & Sharma, A. (2022). Consensus genomic regions associated with multiple abiotic stress tolerance in wheat and implications for wheat breeding. Scientific reports, 12(1), 13680.","https://www.nature.com/articles/s41598-022-18149-0","MQTL_all traitsV3.0_final",FALSE
"M02789","MQTL4A.1","4A","Multiple abiotic stress tolerance","Drought stress, Heat stress, Salinity stress","Abiotic stress","6935712-7155544",6935712,7155544,"bp","contains value >= 1000 -> bp","Tanin, M. J., Saini, D. K., Sandhu, K. S., Pal, N., Gudi, S., Chaudhary, J., & Sharma, A. (2022). Consensus genomic regions associated with multiple abiotic stress tolerance in wheat and implications for wheat breeding. Scientific reports, 12(1), 13680.","https://www.nature.com/articles/s41598-022-18149-0","MQTL_all traitsV3.0_final",FALSE
"M02790","MQTL4A.2","4A","Multiple abiotic stress tolerance","Aluminium stress, Drought and heat stress, Drought stress, Heat stress, Salinity stress, Water-logging stress","Abiotic stress","11711023-12396973",11711023,12396973,"bp","contains value >= 1000 -> bp","Tanin, M. J., Saini, D. K., Sandhu, K. S., Pal, N., Gudi, S., Chaudhary, J., & Sharma, A. (2022). Consensus genomic regions associated with multiple abiotic stress tolerance in wheat and implications for wheat breeding. Scientific reports, 12(1), 13680.","https://www.nature.com/articles/s41598-022-18149-0","MQTL_all traitsV3.0_final",FALSE
"M02791","MQTL4A.3","4A","Multiple abiotic stress tolerance","Pre-harvest sprouting, Salinity stress","Pre-harvest sprouting","17265732-578537554",17265732,578537554,"bp","contains value >= 1000 -> bp","Tanin, M. J., Saini, D. K., Sandhu, K. S., Pal, N., Gudi, S., Chaudhary, J., & Sharma, A. (2022). Consensus genomic regions associated with multiple abiotic stress tolerance in wheat and implications for wheat breeding. Scientific reports, 12(1), 13680.","https://www.nature.com/articles/s41598-022-18149-0","MQTL_all traitsV3.0_final",FALSE
"M02792","MQTL4A.4","4A","Multiple abiotic stress tolerance","Drought and heat stress, Drought stress, Pre-harvest sprouting, Salinity stress","Pre-harvest sprouting","594283597-594664440",594283597,594664440,"bp","contains value >= 1000 -> bp","Tanin, M. J., Saini, D. K., Sandhu, K. S., Pal, N., Gudi, S., Chaudhary, J., & Sharma, A. (2022). Consensus genomic regions associated with multiple abiotic stress tolerance in wheat and implications for wheat breeding. Scientific reports, 12(1), 13680.","https://www.nature.com/articles/s41598-022-18149-0","MQTL_all traitsV3.0_final",FALSE
"M02793","MQTL4A.5","4A","Multiple abiotic stress tolerance","Aluminium stress, Drought and heat stress, Pre-harvest sprouting, Salinity stress","Pre-harvest sprouting","594663815-595984457",594663815,595984457,"bp","contains value >= 1000 -> bp","Tanin, M. J., Saini, D. K., Sandhu, K. S., Pal, N., Gudi, S., Chaudhary, J., & Sharma, A. (2022). Consensus genomic regions associated with multiple abiotic stress tolerance in wheat and implications for wheat breeding. Scientific reports, 12(1), 13680.","https://www.nature.com/articles/s41598-022-18149-0","MQTL_all traitsV3.0_final",FALSE
"M02794","MQTL4B.1","4B","Multiple abiotic stress tolerance","Drought and heat stress, Drought stress, Heat stress, Salinity stress","Abiotic stress","612217833-654940854",612217833,654940854,"bp","contains value >= 1000 -> bp","Tanin, M. J., Saini, D. K., Sandhu, K. S., Pal, N., Gudi, S., Chaudhary, J., & Sharma, A. (2022). Consensus genomic regions associated with multiple abiotic stress tolerance in wheat and implications for wheat breeding. Scientific reports, 12(1), 13680.","https://www.nature.com/articles/s41598-022-18149-0","MQTL_all traitsV3.0_final",FALSE
"M02795","MQTL4B.2","4B","Multiple abiotic stress tolerance","Drought and heat stress, Drought stress, Heat stress, Pre-harvest sprouting, Salinity stress","Pre-harvest sprouting","536704786-657469718",536704786,657469718,"bp","contains value >= 1000 -> bp","Tanin, M. J., Saini, D. K., Sandhu, K. S., Pal, N., Gudi, S., Chaudhary, J., & Sharma, A. (2022). Consensus genomic regions associated with multiple abiotic stress tolerance in wheat and implications for wheat breeding. Scientific reports, 12(1), 13680.","https://www.nature.com/articles/s41598-022-18149-0","MQTL_all traitsV3.0_final",FALSE
"M02796","MQTL4B.3","4B","Multiple abiotic stress tolerance","Heat stress, Salinity stress","Abiotic stress","642700101-652373377",642700101,652373377,"bp","contains value >= 1000 -> bp","Tanin, M. J., Saini, D. K., Sandhu, K. S., Pal, N., Gudi, S., Chaudhary, J., & Sharma, A. (2022). Consensus genomic regions associated with multiple abiotic stress tolerance in wheat and implications for wheat breeding. Scientific reports, 12(1), 13680.","https://www.nature.com/articles/s41598-022-18149-0","MQTL_all traitsV3.0_final",FALSE
"M02797","MQTL4B.4","4B","Multiple abiotic stress tolerance","Drought and heat stress, Pre-harvest sprouting, Salinity stress","Pre-harvest sprouting","595279188-637387977",595279188,637387977,"bp","contains value >= 1000 -> bp","Tanin, M. J., Saini, D. K., Sandhu, K. S., Pal, N., Gudi, S., Chaudhary, J., & Sharma, A. (2022). Consensus genomic regions associated with multiple abiotic stress tolerance in wheat and implications for wheat breeding. Scientific reports, 12(1), 13680.","https://www.nature.com/articles/s41598-022-18149-0","MQTL_all traitsV3.0_final",FALSE
"M02798","MQTL4B.5","4B","Multiple abiotic stress tolerance","Drought and heat stress, Drought stress, Pre-harvest sprouting, Salinity stress","Pre-harvest sprouting","657992952-659155644",657992952,659155644,"bp","contains value >= 1000 -> bp","Tanin, M. J., Saini, D. K., Sandhu, K. S., Pal, N., Gudi, S., Chaudhary, J., & Sharma, A. (2022). Consensus genomic regions associated with multiple abiotic stress tolerance in wheat and implications for wheat breeding. Scientific reports, 12(1), 13680.","https://www.nature.com/articles/s41598-022-18149-0","MQTL_all traitsV3.0_final",FALSE
"M02799","MQTL4D.1","4D","Multiple abiotic stress tolerance","Drought stress, Salinity stress","Abiotic stress","6494899-382325209",6494899,382325209,"bp","contains value >= 1000 -> bp","Tanin, M. J., Saini, D. K., Sandhu, K. S., Pal, N., Gudi, S., Chaudhary, J., & Sharma, A. (2022). Consensus genomic regions associated with multiple abiotic stress tolerance in wheat and implications for wheat breeding. Scientific reports, 12(1), 13680.","https://www.nature.com/articles/s41598-022-18149-0","MQTL_all traitsV3.0_final",FALSE
"M02800","MQTL4D.2","4D","Multiple abiotic stress tolerance","Drought stress, Heat stress","Abiotic stress","453223058-462796653",453223058,462796653,"bp","contains value >= 1000 -> bp","Tanin, M. J., Saini, D. K., Sandhu, K. S., Pal, N., Gudi, S., Chaudhary, J., & Sharma, A. (2022). Consensus genomic regions associated with multiple abiotic stress tolerance in wheat and implications for wheat breeding. Scientific reports, 12(1), 13680.","https://www.nature.com/articles/s41598-022-18149-0","MQTL_all traitsV3.0_final",FALSE
"M02801","MQTL4D.3","4D","Multiple abiotic stress tolerance","Drought and heat stress, Drought stress, Heat stress, Pre-harvest sprouting","Pre-harvest sprouting","467610136-476315250",467610136,476315250,"bp","contains value >= 1000 -> bp","Tanin, M. J., Saini, D. K., Sandhu, K. S., Pal, N., Gudi, S., Chaudhary, J., & Sharma, A. (2022). Consensus genomic regions associated with multiple abiotic stress tolerance in wheat and implications for wheat breeding. Scientific reports, 12(1), 13680.","https://www.nature.com/articles/s41598-022-18149-0","MQTL_all traitsV3.0_final",FALSE
"M02802","MQTL4D.4","4D","Multiple abiotic stress tolerance","Drought and heat stress, Heat stress, Salinity stress","Abiotic stress","484357774-497032823",484357774,497032823,"bp","contains value >= 1000 -> bp","Tanin, M. J., Saini, D. K., Sandhu, K. S., Pal, N., Gudi, S., Chaudhary, J., & Sharma, A. (2022). Consensus genomic regions associated with multiple abiotic stress tolerance in wheat and implications for wheat breeding. Scientific reports, 12(1), 13680.","https://www.nature.com/articles/s41598-022-18149-0","MQTL_all traitsV3.0_final",FALSE
"M02803","MQTL4D.5","4D","Multiple abiotic stress tolerance","Drought stress, Salinity stress","Abiotic stress","497032723-497174831",497032723,497174831,"bp","contains value >= 1000 -> bp","Tanin, M. J., Saini, D. K., Sandhu, K. S., Pal, N., Gudi, S., Chaudhary, J., & Sharma, A. (2022). Consensus genomic regions associated with multiple abiotic stress tolerance in wheat and implications for wheat breeding. Scientific reports, 12(1), 13680.","https://www.nature.com/articles/s41598-022-18149-0","MQTL_all traitsV3.0_final",FALSE
"M02804","MQTL4D.6","4D","Multiple abiotic stress tolerance","Heat stress","Abiotic stress","496649280-499108344",496649280,499108344,"bp","contains value >= 1000 -> bp","Tanin, M. J., Saini, D. K., Sandhu, K. S., Pal, N., Gudi, S., Chaudhary, J., & Sharma, A. (2022). Consensus genomic regions associated with multiple abiotic stress tolerance in wheat and implications for wheat breeding. Scientific reports, 12(1), 13680.","https://www.nature.com/articles/s41598-022-18149-0","MQTL_all traitsV3.0_final",FALSE
"M02805","MQTL5A.1","5A","Multiple abiotic stress tolerance","Drought stress, Heat stress","Abiotic stress","6412050-26155921",6412050,26155921,"bp","contains value >= 1000 -> bp","Tanin, M. J., Saini, D. K., Sandhu, K. S., Pal, N., Gudi, S., Chaudhary, J., & Sharma, A. (2022). Consensus genomic regions associated with multiple abiotic stress tolerance in wheat and implications for wheat breeding. Scientific reports, 12(1), 13680.","https://www.nature.com/articles/s41598-022-18149-0","MQTL_all traitsV3.0_final",FALSE
"M02806","MQTL5A.2","5A","Multiple abiotic stress tolerance","Aluminium stress, Drought and heat stress, Drought stress, Heat stress, Pre-harvest sprouting, Salinity stress, Water-logging stress","Pre-harvest sprouting","596010440-596561079",596010440,596561079,"bp","contains value >= 1000 -> bp","Tanin, M. J., Saini, D. K., Sandhu, K. S., Pal, N., Gudi, S., Chaudhary, J., & Sharma, A. (2022). Consensus genomic regions associated with multiple abiotic stress tolerance in wheat and implications for wheat breeding. Scientific reports, 12(1), 13680.","https://www.nature.com/articles/s41598-022-18149-0","MQTL_all traitsV3.0_final",FALSE
"M02807","MQTL5A.3","5A","Multiple abiotic stress tolerance","Drought and heat stress, Pre-harvest sprouting, Salinity stress","Pre-harvest sprouting","597660481-598666287",597660481,598666287,"bp","contains value >= 1000 -> bp","Tanin, M. J., Saini, D. K., Sandhu, K. S., Pal, N., Gudi, S., Chaudhary, J., & Sharma, A. (2022). Consensus genomic regions associated with multiple abiotic stress tolerance in wheat and implications for wheat breeding. Scientific reports, 12(1), 13680.","https://www.nature.com/articles/s41598-022-18149-0","MQTL_all traitsV3.0_final",FALSE
"M02808","MQTL5A.4","5A","Multiple abiotic stress tolerance","Aluminium stress, Drought and heat stress, Salinity stress","Abiotic stress","8059382-8243622",8059382,8243622,"bp","contains value >= 1000 -> bp","Tanin, M. J., Saini, D. K., Sandhu, K. S., Pal, N., Gudi, S., Chaudhary, J., & Sharma, A. (2022). Consensus genomic regions associated with multiple abiotic stress tolerance in wheat and implications for wheat breeding. Scientific reports, 12(1), 13680.","https://www.nature.com/articles/s41598-022-18149-0","MQTL_all traitsV3.0_final",FALSE
"M02809","MQTL5A.5","5A","Multiple abiotic stress tolerance","Drought and heat stress, Drought stress, Heat stress, Salinity stress","Abiotic stress","603370139-610181966",603370139,610181966,"bp","contains value >= 1000 -> bp","Tanin, M. J., Saini, D. K., Sandhu, K. S., Pal, N., Gudi, S., Chaudhary, J., & Sharma, A. (2022). Consensus genomic regions associated with multiple abiotic stress tolerance in wheat and implications for wheat breeding. Scientific reports, 12(1), 13680.","https://www.nature.com/articles/s41598-022-18149-0","MQTL_all traitsV3.0_final",FALSE
"M02810","MQTL5A.6","5A","Multiple abiotic stress tolerance","Drought and heat stress, Drought stress, Heat stress, Salinity stress","Abiotic stress","624722502-625732721",624722502,625732721,"bp","contains value >= 1000 -> bp","Tanin, M. J., Saini, D. K., Sandhu, K. S., Pal, N., Gudi, S., Chaudhary, J., & Sharma, A. (2022). Consensus genomic regions associated with multiple abiotic stress tolerance in wheat and implications for wheat breeding. Scientific reports, 12(1), 13680.","https://www.nature.com/articles/s41598-022-18149-0","MQTL_all traitsV3.0_final",FALSE
"M02811","MQTL5A.7","5A","Multiple abiotic stress tolerance","Salinity stress","Abiotic stress","7710936-8244843",7710936,8244843,"bp","contains value >= 1000 -> bp","Tanin, M. J., Saini, D. K., Sandhu, K. S., Pal, N., Gudi, S., Chaudhary, J., & Sharma, A. (2022). Consensus genomic regions associated with multiple abiotic stress tolerance in wheat and implications for wheat breeding. Scientific reports, 12(1), 13680.","https://www.nature.com/articles/s41598-022-18149-0","MQTL_all traitsV3.0_final",FALSE
"M02812","MQTL5A.8","5A","Multiple abiotic stress tolerance","Salinity stress","Abiotic stress","456608101-670819759",456608101,670819759,"bp","contains value >= 1000 -> bp","Tanin, M. J., Saini, D. K., Sandhu, K. S., Pal, N., Gudi, S., Chaudhary, J., & Sharma, A. (2022). Consensus genomic regions associated with multiple abiotic stress tolerance in wheat and implications for wheat breeding. Scientific reports, 12(1), 13680.","https://www.nature.com/articles/s41598-022-18149-0","MQTL_all traitsV3.0_final",FALSE
"M02813","MQTL5B.1","5B","Multiple abiotic stress tolerance","Drought stress, Pre-harvest sprouting","Pre-harvest sprouting","9599633-10169729",9599633,10169729,"bp","contains value >= 1000 -> bp","Tanin, M. J., Saini, D. K., Sandhu, K. S., Pal, N., Gudi, S., Chaudhary, J., & Sharma, A. (2022). Consensus genomic regions associated with multiple abiotic stress tolerance in wheat and implications for wheat breeding. Scientific reports, 12(1), 13680.","https://www.nature.com/articles/s41598-022-18149-0","MQTL_all traitsV3.0_final",FALSE
"M02814","MQTL5B.2","5B","Multiple abiotic stress tolerance","Drought and heat stress, Drought stress, Pre-harvest sprouting, Salinity stress","Pre-harvest sprouting","33628384-584069243",33628384,584069243,"bp","contains value >= 1000 -> bp","Tanin, M. J., Saini, D. K., Sandhu, K. S., Pal, N., Gudi, S., Chaudhary, J., & Sharma, A. (2022). Consensus genomic regions associated with multiple abiotic stress tolerance in wheat and implications for wheat breeding. Scientific reports, 12(1), 13680.","https://www.nature.com/articles/s41598-022-18149-0","MQTL_all traitsV3.0_final",FALSE
"M02815","MQTL5B.3","5B","Multiple abiotic stress tolerance","Drought stress, Heat stress, Salinity stress","Abiotic stress","432152526-465825672",432152526,465825672,"bp","contains value >= 1000 -> bp","Tanin, M. J., Saini, D. K., Sandhu, K. S., Pal, N., Gudi, S., Chaudhary, J., & Sharma, A. (2022). Consensus genomic regions associated with multiple abiotic stress tolerance in wheat and implications for wheat breeding. Scientific reports, 12(1), 13680.","https://www.nature.com/articles/s41598-022-18149-0","MQTL_all traitsV3.0_final",FALSE
"M02816","MQTL5B.4","5B","Multiple abiotic stress tolerance","Drought and heat stress, Salinity stress","Abiotic stress","600496921-604140765",600496921,604140765,"bp","contains value >= 1000 -> bp","Tanin, M. J., Saini, D. K., Sandhu, K. S., Pal, N., Gudi, S., Chaudhary, J., & Sharma, A. (2022). Consensus genomic regions associated with multiple abiotic stress tolerance in wheat and implications for wheat breeding. Scientific reports, 12(1), 13680.","https://www.nature.com/articles/s41598-022-18149-0","MQTL_all traitsV3.0_final",FALSE
"M02817","MQTL5B.5","5B","Multiple abiotic stress tolerance","Drought and heat stress, Drought stress, Heat stress, Pre-harvest sprouting, Salinity stress, Water-logging stress","Pre-harvest sprouting","594908647-607875295",594908647,607875295,"bp","contains value >= 1000 -> bp","Tanin, M. J., Saini, D. K., Sandhu, K. S., Pal, N., Gudi, S., Chaudhary, J., & Sharma, A. (2022). Consensus genomic regions associated with multiple abiotic stress tolerance in wheat and implications for wheat breeding. Scientific reports, 12(1), 13680.","https://www.nature.com/articles/s41598-022-18149-0","MQTL_all traitsV3.0_final",FALSE
"M02818","MQTL5B.6","5B","Multiple abiotic stress tolerance","Drought and heat stress, Drought stress, Heat stress, Salinity stress","Abiotic stress","576924284-615695619",576924284,615695619,"bp","contains value >= 1000 -> bp","Tanin, M. J., Saini, D. K., Sandhu, K. S., Pal, N., Gudi, S., Chaudhary, J., & Sharma, A. (2022). Consensus genomic regions associated with multiple abiotic stress tolerance in wheat and implications for wheat breeding. Scientific reports, 12(1), 13680.","https://www.nature.com/articles/s41598-022-18149-0","MQTL_all traitsV3.0_final",FALSE
"M02819","MQTL5B.7","5B","Multiple abiotic stress tolerance","Drought and heat stress, Heat stress","Abiotic stress","637128828-638833499",637128828,638833499,"bp","contains value >= 1000 -> bp","Tanin, M. J., Saini, D. K., Sandhu, K. S., Pal, N., Gudi, S., Chaudhary, J., & Sharma, A. (2022). Consensus genomic regions associated with multiple abiotic stress tolerance in wheat and implications for wheat breeding. Scientific reports, 12(1), 13680.","https://www.nature.com/articles/s41598-022-18149-0","MQTL_all traitsV3.0_final",FALSE
"M02820","MQTL5B.8","5B","Multiple abiotic stress tolerance","Drought and heat stress, Heat stress, Salinity stress","Abiotic stress","691140008-693942193",691140008,693942193,"bp","contains value >= 1000 -> bp","Tanin, M. J., Saini, D. K., Sandhu, K. S., Pal, N., Gudi, S., Chaudhary, J., & Sharma, A. (2022). Consensus genomic regions associated with multiple abiotic stress tolerance in wheat and implications for wheat breeding. Scientific reports, 12(1), 13680.","https://www.nature.com/articles/s41598-022-18149-0","MQTL_all traitsV3.0_final",FALSE
"M02822","MQTL5D.1","5D","Multiple abiotic stress tolerance","Drought stress, Heat stress, Pre-harvest sprouting, Salinity stress","Pre-harvest sprouting","338655305-385442111",338655305,385442111,"bp","contains value >= 1000 -> bp","Tanin, M. J., Saini, D. K., Sandhu, K. S., Pal, N., Gudi, S., Chaudhary, J., & Sharma, A. (2022). Consensus genomic regions associated with multiple abiotic stress tolerance in wheat and implications for wheat breeding. Scientific reports, 12(1), 13680.","https://www.nature.com/articles/s41598-022-18149-0","MQTL_all traitsV3.0_final",FALSE
"M02823","MQTL5D.2","5D","Multiple abiotic stress tolerance","Salinity stress","Abiotic stress","365083092-373463912",365083092,373463912,"bp","contains value >= 1000 -> bp","Tanin, M. J., Saini, D. K., Sandhu, K. S., Pal, N., Gudi, S., Chaudhary, J., & Sharma, A. (2022). Consensus genomic regions associated with multiple abiotic stress tolerance in wheat and implications for wheat breeding. Scientific reports, 12(1), 13680.","https://www.nature.com/articles/s41598-022-18149-0","MQTL_all traitsV3.0_final",FALSE
"M02824","MQTL5D.3","5D","Multiple abiotic stress tolerance","Drought stress, Heat stress, Pre-harvest sprouting, Salinity stress","Pre-harvest sprouting","403073074-412312014",403073074,412312014,"bp","contains value >= 1000 -> bp","Tanin, M. J., Saini, D. K., Sandhu, K. S., Pal, N., Gudi, S., Chaudhary, J., & Sharma, A. (2022). Consensus genomic regions associated with multiple abiotic stress tolerance in wheat and implications for wheat breeding. Scientific reports, 12(1), 13680.","https://www.nature.com/articles/s41598-022-18149-0","MQTL_all traitsV3.0_final",FALSE
"M02825","MQTL5D.4","5D","Multiple abiotic stress tolerance","Drought and heat stress, Salinity stress","Abiotic stress","416032470-435485445",416032470,435485445,"bp","contains value >= 1000 -> bp","Tanin, M. J., Saini, D. K., Sandhu, K. S., Pal, N., Gudi, S., Chaudhary, J., & Sharma, A. (2022). Consensus genomic regions associated with multiple abiotic stress tolerance in wheat and implications for wheat breeding. Scientific reports, 12(1), 13680.","https://www.nature.com/articles/s41598-022-18149-0","MQTL_all traitsV3.0_final",FALSE
"M02826","MQTL5D.5","5D","Multiple abiotic stress tolerance","Drought and heat stress, Pre-harvest sprouting","Pre-harvest sprouting","428496818-435485345",428496818,435485345,"bp","contains value >= 1000 -> bp","Tanin, M. J., Saini, D. K., Sandhu, K. S., Pal, N., Gudi, S., Chaudhary, J., & Sharma, A. (2022). Consensus genomic regions associated with multiple abiotic stress tolerance in wheat and implications for wheat breeding. Scientific reports, 12(1), 13680.","https://www.nature.com/articles/s41598-022-18149-0","MQTL_all traitsV3.0_final",FALSE
"M02827","MQTL5D.6","5D","Multiple abiotic stress tolerance","Drought stress, Heat stress, Salinity stress","Abiotic stress","419032152-433197393",419032152,433197393,"bp","contains value >= 1000 -> bp","Tanin, M. J., Saini, D. K., Sandhu, K. S., Pal, N., Gudi, S., Chaudhary, J., & Sharma, A. (2022). Consensus genomic regions associated with multiple abiotic stress tolerance in wheat and implications for wheat breeding. Scientific reports, 12(1), 13680.","https://www.nature.com/articles/s41598-022-18149-0","MQTL_all traitsV3.0_final",FALSE
"M02829","MQTL6A.1","6A","Multiple abiotic stress tolerance","Drought and heat stress, Heat stress, Pre-harvest sprouting, Salinity stress","Pre-harvest sprouting","5326274-6725092",5326274,6725092,"bp","contains value >= 1000 -> bp","Tanin, M. J., Saini, D. K., Sandhu, K. S., Pal, N., Gudi, S., Chaudhary, J., & Sharma, A. (2022). Consensus genomic regions associated with multiple abiotic stress tolerance in wheat and implications for wheat breeding. Scientific reports, 12(1), 13680.","https://www.nature.com/articles/s41598-022-18149-0","MQTL_all traitsV3.0_final",FALSE
"M02830","MQTL6A.2","6A","Multiple abiotic stress tolerance","Drought and heat stress, Drought stress","Abiotic stress","11414210-14353315",11414210,14353315,"bp","contains value >= 1000 -> bp","Tanin, M. J., Saini, D. K., Sandhu, K. S., Pal, N., Gudi, S., Chaudhary, J., & Sharma, A. (2022). Consensus genomic regions associated with multiple abiotic stress tolerance in wheat and implications for wheat breeding. Scientific reports, 12(1), 13680.","https://www.nature.com/articles/s41598-022-18149-0","MQTL_all traitsV3.0_final",FALSE
"M02831","MQTL6A.3","6A","Multiple abiotic stress tolerance","Aluminium stress, Drought stress, Salinity stress","Abiotic stress","14353315-15323044",14353315,15323044,"bp","contains value >= 1000 -> bp","Tanin, M. J., Saini, D. K., Sandhu, K. S., Pal, N., Gudi, S., Chaudhary, J., & Sharma, A. (2022). Consensus genomic regions associated with multiple abiotic stress tolerance in wheat and implications for wheat breeding. Scientific reports, 12(1), 13680.","https://www.nature.com/articles/s41598-022-18149-0","MQTL_all traitsV3.0_final",FALSE
"M02832","MQTL6A.4","6A","Multiple abiotic stress tolerance","Aluminium stress, Drought and heat stress, Drought stress, Heat stress, Salinity stress","Abiotic stress","17534094-48560328",17534094,48560328,"bp","contains value >= 1000 -> bp","Tanin, M. J., Saini, D. K., Sandhu, K. S., Pal, N., Gudi, S., Chaudhary, J., & Sharma, A. (2022). Consensus genomic regions associated with multiple abiotic stress tolerance in wheat and implications for wheat breeding. Scientific reports, 12(1), 13680.","https://www.nature.com/articles/s41598-022-18149-0","MQTL_all traitsV3.0_final",FALSE
"M02833","MQTL6A.5","6A","Multiple abiotic stress tolerance","Aluminium stress, Drought stress, Heat stress, Salinity stress","Abiotic stress","49107145-55331526",49107145,55331526,"bp","contains value >= 1000 -> bp","Tanin, M. J., Saini, D. K., Sandhu, K. S., Pal, N., Gudi, S., Chaudhary, J., & Sharma, A. (2022). Consensus genomic regions associated with multiple abiotic stress tolerance in wheat and implications for wheat breeding. Scientific reports, 12(1), 13680.","https://www.nature.com/articles/s41598-022-18149-0","MQTL_all traitsV3.0_final",FALSE
"M02834","MQTL6A.6","6A","Multiple abiotic stress tolerance","Aluminium stress, Drought and heat stress, Drought stress, Heat stress, Salinity stress","Abiotic stress","91427059-107799455",91427059,107799455,"bp","contains value >= 1000 -> bp","Tanin, M. J., Saini, D. K., Sandhu, K. S., Pal, N., Gudi, S., Chaudhary, J., & Sharma, A. (2022). Consensus genomic regions associated with multiple abiotic stress tolerance in wheat and implications for wheat breeding. Scientific reports, 12(1), 13680.","https://www.nature.com/articles/s41598-022-18149-0","MQTL_all traitsV3.0_final",FALSE
"M02835","MQTL6A.7","6A","Multiple abiotic stress tolerance","Drought and heat stress, Salinity stress","Abiotic stress","571847058-574249083",571847058,574249083,"bp","contains value >= 1000 -> bp","Tanin, M. J., Saini, D. K., Sandhu, K. S., Pal, N., Gudi, S., Chaudhary, J., & Sharma, A. (2022). Consensus genomic regions associated with multiple abiotic stress tolerance in wheat and implications for wheat breeding. Scientific reports, 12(1), 13680.","https://www.nature.com/articles/s41598-022-18149-0","MQTL_all traitsV3.0_final",FALSE
"M02836","MQTL6A.8","6A","Multiple abiotic stress tolerance","Aluminium stress, Drought and heat stress","Abiotic stress","29610301-33954865",29610301,33954865,"bp","contains value >= 1000 -> bp","Tanin, M. J., Saini, D. K., Sandhu, K. S., Pal, N., Gudi, S., Chaudhary, J., & Sharma, A. (2022). Consensus genomic regions associated with multiple abiotic stress tolerance in wheat and implications for wheat breeding. Scientific reports, 12(1), 13680.","https://www.nature.com/articles/s41598-022-18149-0","MQTL_all traitsV3.0_final",FALSE
"M02837","MQTL6A.9","6A","Multiple abiotic stress tolerance","Pre-harvest sprouting, Salinity stress","Pre-harvest sprouting","35111086-36922033",35111086,36922033,"bp","contains value >= 1000 -> bp","Tanin, M. J., Saini, D. K., Sandhu, K. S., Pal, N., Gudi, S., Chaudhary, J., & Sharma, A. (2022). Consensus genomic regions associated with multiple abiotic stress tolerance in wheat and implications for wheat breeding. Scientific reports, 12(1), 13680.","https://www.nature.com/articles/s41598-022-18149-0","MQTL_all traitsV3.0_final",FALSE
"M02838","MQTL6B.1","6B","Multiple abiotic stress tolerance","Heat stress","Abiotic stress","21133008-674946551",21133008,674946551,"bp","contains value >= 1000 -> bp","Tanin, M. J., Saini, D. K., Sandhu, K. S., Pal, N., Gudi, S., Chaudhary, J., & Sharma, A. (2022). Consensus genomic regions associated with multiple abiotic stress tolerance in wheat and implications for wheat breeding. Scientific reports, 12(1), 13680.","https://www.nature.com/articles/s41598-022-18149-0","MQTL_all traitsV3.0_final",FALSE
"M02839","MQTL6B.2","6B","Multiple abiotic stress tolerance","Drought and heat stress, Drought stress, Heat stress, Salinity stress","Abiotic stress","664025366-673765860",664025366,673765860,"bp","contains value >= 1000 -> bp","Tanin, M. J., Saini, D. K., Sandhu, K. S., Pal, N., Gudi, S., Chaudhary, J., & Sharma, A. (2022). Consensus genomic regions associated with multiple abiotic stress tolerance in wheat and implications for wheat breeding. Scientific reports, 12(1), 13680.","https://www.nature.com/articles/s41598-022-18149-0","MQTL_all traitsV3.0_final",FALSE
"M02840","MQTL6B.3","6B","Multiple abiotic stress tolerance","Aluminium stress, Drought and heat stress, Drought stress, Heat stress, Pre-harvest sprouting, Salinity stress","Pre-harvest sprouting","680964373-688297218",680964373,688297218,"bp","contains value >= 1000 -> bp","Tanin, M. J., Saini, D. K., Sandhu, K. S., Pal, N., Gudi, S., Chaudhary, J., & Sharma, A. (2022). Consensus genomic regions associated with multiple abiotic stress tolerance in wheat and implications for wheat breeding. Scientific reports, 12(1), 13680.","https://www.nature.com/articles/s41598-022-18149-0","MQTL_all traitsV3.0_final",FALSE
"M02841","MQTL6B.4","6B","Multiple abiotic stress tolerance","Aluminium stress, Pre-harvest sprouting, Salinity stress","Pre-harvest sprouting","686809523-696151715",686809523,696151715,"bp","contains value >= 1000 -> bp","Tanin, M. J., Saini, D. K., Sandhu, K. S., Pal, N., Gudi, S., Chaudhary, J., & Sharma, A. (2022). Consensus genomic regions associated with multiple abiotic stress tolerance in wheat and implications for wheat breeding. Scientific reports, 12(1), 13680.","https://www.nature.com/articles/s41598-022-18149-0","MQTL_all traitsV3.0_final",FALSE
"M02842","MQTL6B.5","6B","Multiple abiotic stress tolerance","Drought and heat stress, Salinity stress","Abiotic stress","687733425-690977566",687733425,690977566,"bp","contains value >= 1000 -> bp","Tanin, M. J., Saini, D. K., Sandhu, K. S., Pal, N., Gudi, S., Chaudhary, J., & Sharma, A. (2022). Consensus genomic regions associated with multiple abiotic stress tolerance in wheat and implications for wheat breeding. Scientific reports, 12(1), 13680.","https://www.nature.com/articles/s41598-022-18149-0","MQTL_all traitsV3.0_final",FALSE
"M02843","MQTL6B.6","6B","Multiple abiotic stress tolerance","Pre-harvest sprouting, Salinity stress, Water-logging stress","Pre-harvest sprouting","704183390-704187943",704183390,704187943,"bp","contains value >= 1000 -> bp","Tanin, M. J., Saini, D. K., Sandhu, K. S., Pal, N., Gudi, S., Chaudhary, J., & Sharma, A. (2022). Consensus genomic regions associated with multiple abiotic stress tolerance in wheat and implications for wheat breeding. Scientific reports, 12(1), 13680.","https://www.nature.com/articles/s41598-022-18149-0","MQTL_all traitsV3.0_final",FALSE
"M02844","MQTL6B.7","6B","Multiple abiotic stress tolerance","Drought and heat stress, Heat stress","Abiotic stress","702374725-705562896",702374725,705562896,"bp","contains value >= 1000 -> bp","Tanin, M. J., Saini, D. K., Sandhu, K. S., Pal, N., Gudi, S., Chaudhary, J., & Sharma, A. (2022). Consensus genomic regions associated with multiple abiotic stress tolerance in wheat and implications for wheat breeding. Scientific reports, 12(1), 13680.","https://www.nature.com/articles/s41598-022-18149-0","MQTL_all traitsV3.0_final",FALSE
"M02845","MQTL6D.1","6D","Multiple abiotic stress tolerance","Aluminium stress, Drought and heat stress, Drought stress, Heat stress, Salinity stress","Abiotic stress","805484-63762069",805484,63762069,"bp","contains value >= 1000 -> bp","Tanin, M. J., Saini, D. K., Sandhu, K. S., Pal, N., Gudi, S., Chaudhary, J., & Sharma, A. (2022). Consensus genomic regions associated with multiple abiotic stress tolerance in wheat and implications for wheat breeding. Scientific reports, 12(1), 13680.","https://www.nature.com/articles/s41598-022-18149-0","MQTL_all traitsV3.0_final",FALSE
"M02846","MQTL6D.2","6D","Multiple abiotic stress tolerance","Drought stress, Heat stress, Pre-harvest sprouting, Salinity stress","Pre-harvest sprouting","2406478-6343334",2406478,6343334,"bp","contains value >= 1000 -> bp","Tanin, M. J., Saini, D. K., Sandhu, K. S., Pal, N., Gudi, S., Chaudhary, J., & Sharma, A. (2022). Consensus genomic regions associated with multiple abiotic stress tolerance in wheat and implications for wheat breeding. Scientific reports, 12(1), 13680.","https://www.nature.com/articles/s41598-022-18149-0","MQTL_all traitsV3.0_final",FALSE
"M02847","MQTL6D.3","6D","Multiple abiotic stress tolerance","Drought and heat stress","Abiotic stress","433658456-437674086",433658456,437674086,"bp","contains value >= 1000 -> bp","Tanin, M. J., Saini, D. K., Sandhu, K. S., Pal, N., Gudi, S., Chaudhary, J., & Sharma, A. (2022). Consensus genomic regions associated with multiple abiotic stress tolerance in wheat and implications for wheat breeding. Scientific reports, 12(1), 13680.","https://www.nature.com/articles/s41598-022-18149-0","MQTL_all traitsV3.0_final",FALSE
"M02848","MQTL7A.1","7A","Multiple abiotic stress tolerance","Drought and heat stress, Heat stress, Pre-harvest sprouting, Salinity stress","Pre-harvest sprouting","37706352-38756910",37706352,38756910,"bp","contains value >= 1000 -> bp","Tanin, M. J., Saini, D. K., Sandhu, K. S., Pal, N., Gudi, S., Chaudhary, J., & Sharma, A. (2022). Consensus genomic regions associated with multiple abiotic stress tolerance in wheat and implications for wheat breeding. Scientific reports, 12(1), 13680.","https://www.nature.com/articles/s41598-022-18149-0","MQTL_all traitsV3.0_final",FALSE
"M02849","MQTL7A.2","7A","Multiple abiotic stress tolerance","Heat stress, Salinity stress","Abiotic stress","54997908-62529447",54997908,62529447,"bp","contains value >= 1000 -> bp","Tanin, M. J., Saini, D. K., Sandhu, K. S., Pal, N., Gudi, S., Chaudhary, J., & Sharma, A. (2022). Consensus genomic regions associated with multiple abiotic stress tolerance in wheat and implications for wheat breeding. Scientific reports, 12(1), 13680.","https://www.nature.com/articles/s41598-022-18149-0","MQTL_all traitsV3.0_final",FALSE
"M02850","MQTL7A.3","7A","Multiple abiotic stress tolerance","Aluminium stress, Drought and heat stress, Drought stress, Pre-harvest sprouting","Pre-harvest sprouting","79542768-83722098",79542768,83722098,"bp","contains value >= 1000 -> bp","Tanin, M. J., Saini, D. K., Sandhu, K. S., Pal, N., Gudi, S., Chaudhary, J., & Sharma, A. (2022). Consensus genomic regions associated with multiple abiotic stress tolerance in wheat and implications for wheat breeding. Scientific reports, 12(1), 13680.","https://www.nature.com/articles/s41598-022-18149-0","MQTL_all traitsV3.0_final",FALSE
"M02851","MQTL7A.4","7A","Multiple abiotic stress tolerance","Aluminium stress, Drought and heat stress, Drought stress, Heat stress, Pre-harvest sprouting, Salinity stress","Pre-harvest sprouting","85906404-102056948",85906404,102056948,"bp","contains value >= 1000 -> bp","Tanin, M. J., Saini, D. K., Sandhu, K. S., Pal, N., Gudi, S., Chaudhary, J., & Sharma, A. (2022). Consensus genomic regions associated with multiple abiotic stress tolerance in wheat and implications for wheat breeding. Scientific reports, 12(1), 13680.","https://www.nature.com/articles/s41598-022-18149-0","MQTL_all traitsV3.0_final",FALSE
"M02852","MQTL7A.5","7A","Multiple abiotic stress tolerance","Aluminium stress, Drought and heat stress, Drought stress, Heat stress, Pre-harvest sprouting, Salinity stress","Pre-harvest sprouting","146473376-159557364",146473376,159557364,"bp","contains value >= 1000 -> bp","Tanin, M. J., Saini, D. K., Sandhu, K. S., Pal, N., Gudi, S., Chaudhary, J., & Sharma, A. (2022). Consensus genomic regions associated with multiple abiotic stress tolerance in wheat and implications for wheat breeding. Scientific reports, 12(1), 13680.","https://www.nature.com/articles/s41598-022-18149-0","MQTL_all traitsV3.0_final",FALSE
"M02853","MQTL7A.6","7A","Multiple abiotic stress tolerance","Aluminium stress, Drought and heat stress, Drought stress, Heat stress, Pre-harvest sprouting, Salinity stress","Pre-harvest sprouting","143050026-143355340",143050026,143355340,"bp","contains value >= 1000 -> bp","Tanin, M. J., Saini, D. K., Sandhu, K. S., Pal, N., Gudi, S., Chaudhary, J., & Sharma, A. (2022). Consensus genomic regions associated with multiple abiotic stress tolerance in wheat and implications for wheat breeding. Scientific reports, 12(1), 13680.","https://www.nature.com/articles/s41598-022-18149-0","MQTL_all traitsV3.0_final",FALSE
"M02854","MQTL7A.7","7A","Multiple abiotic stress tolerance","Drought and heat stress, Drought stress, Heat stress, Pre-harvest sprouting, Salinity stress, Water-logging stress","Pre-harvest sprouting","168459544-184651515",168459544,184651515,"bp","contains value >= 1000 -> bp","Tanin, M. J., Saini, D. K., Sandhu, K. S., Pal, N., Gudi, S., Chaudhary, J., & Sharma, A. (2022). Consensus genomic regions associated with multiple abiotic stress tolerance in wheat and implications for wheat breeding. Scientific reports, 12(1), 13680.","https://www.nature.com/articles/s41598-022-18149-0","MQTL_all traitsV3.0_final",FALSE
"M02855","MQTL7A.8","7A","Multiple abiotic stress tolerance","Heat stress, Pre-harvest sprouting, Salinity stress, Water-logging stress","Pre-harvest sprouting","150886826-281376155",150886826,281376155,"bp","contains value >= 1000 -> bp","Tanin, M. J., Saini, D. K., Sandhu, K. S., Pal, N., Gudi, S., Chaudhary, J., & Sharma, A. (2022). Consensus genomic regions associated with multiple abiotic stress tolerance in wheat and implications for wheat breeding. Scientific reports, 12(1), 13680.","https://www.nature.com/articles/s41598-022-18149-0","MQTL_all traitsV3.0_final",FALSE
"M02856","MQTL7A.9","7A","Multiple abiotic stress tolerance","Drought stress, Heat stress, Salinity stress","Abiotic stress","647308576-700484041",647308576,700484041,"bp","contains value >= 1000 -> bp","Tanin, M. J., Saini, D. K., Sandhu, K. S., Pal, N., Gudi, S., Chaudhary, J., & Sharma, A. (2022). Consensus genomic regions associated with multiple abiotic stress tolerance in wheat and implications for wheat breeding. Scientific reports, 12(1), 13680.","https://www.nature.com/articles/s41598-022-18149-0","MQTL_all traitsV3.0_final",FALSE
"M02857","MQTL7A.10","7A","Multiple abiotic stress tolerance","Drought stress, Heat stress, Salinity stress","Abiotic stress","712831574-714595005",712831574,714595005,"bp","contains value >= 1000 -> bp","Tanin, M. J., Saini, D. K., Sandhu, K. S., Pal, N., Gudi, S., Chaudhary, J., & Sharma, A. (2022). Consensus genomic regions associated with multiple abiotic stress tolerance in wheat and implications for wheat breeding. Scientific reports, 12(1), 13680.","https://www.nature.com/articles/s41598-022-18149-0","MQTL_all traitsV3.0_final",FALSE
"M02858","MQTL7B.1","7B","Multiple abiotic stress tolerance","Aluminium stress, Drought and heat stress, Heat stress","Abiotic stress","640690508-640715688",640690508,640715688,"bp","contains value >= 1000 -> bp","Tanin, M. J., Saini, D. K., Sandhu, K. S., Pal, N., Gudi, S., Chaudhary, J., & Sharma, A. (2022). Consensus genomic regions associated with multiple abiotic stress tolerance in wheat and implications for wheat breeding. Scientific reports, 12(1), 13680.","https://www.nature.com/articles/s41598-022-18149-0","MQTL_all traitsV3.0_final",FALSE
"M02859","MQTL7B.2","7B","Multiple abiotic stress tolerance","Aluminium stress, Drought and heat stress, Drought stress, Heat stress, Salinity stress","Abiotic stress","673961430-675149622",673961430,675149622,"bp","contains value >= 1000 -> bp","Tanin, M. J., Saini, D. K., Sandhu, K. S., Pal, N., Gudi, S., Chaudhary, J., & Sharma, A. (2022). Consensus genomic regions associated with multiple abiotic stress tolerance in wheat and implications for wheat breeding. Scientific reports, 12(1), 13680.","https://www.nature.com/articles/s41598-022-18149-0","MQTL_all traitsV3.0_final",FALSE
"M02860","MQTL7B.3","7B","Multiple abiotic stress tolerance","Aluminium stress, Drought and heat stress, Drought stress, Heat stress, Pre-harvest sprouting, Salinity stress, Water-logging stress","Pre-harvest sprouting","675149622-676144771",675149622,676144771,"bp","contains value >= 1000 -> bp","Tanin, M. J., Saini, D. K., Sandhu, K. S., Pal, N., Gudi, S., Chaudhary, J., & Sharma, A. (2022). Consensus genomic regions associated with multiple abiotic stress tolerance in wheat and implications for wheat breeding. Scientific reports, 12(1), 13680.","https://www.nature.com/articles/s41598-022-18149-0","MQTL_all traitsV3.0_final",FALSE
"M02861","MQTL7B.4","7B","Multiple abiotic stress tolerance","Drought and heat stress, Drought stress, Heat stress, Pre-harvest sprouting, Salinity stress, Water-logging stress","Pre-harvest sprouting","678029830-679794034",678029830,679794034,"bp","contains value >= 1000 -> bp","Tanin, M. J., Saini, D. K., Sandhu, K. S., Pal, N., Gudi, S., Chaudhary, J., & Sharma, A. (2022). Consensus genomic regions associated with multiple abiotic stress tolerance in wheat and implications for wheat breeding. Scientific reports, 12(1), 13680.","https://www.nature.com/articles/s41598-022-18149-0","MQTL_all traitsV3.0_final",FALSE
"M02862","MQTL7B.5","7B","Multiple abiotic stress tolerance","Drought and heat stress, Pre-harvest sprouting, Salinity stress","Pre-harvest sprouting","702234037-708482387",702234037,708482387,"bp","contains value >= 1000 -> bp","Tanin, M. J., Saini, D. K., Sandhu, K. S., Pal, N., Gudi, S., Chaudhary, J., & Sharma, A. (2022). Consensus genomic regions associated with multiple abiotic stress tolerance in wheat and implications for wheat breeding. Scientific reports, 12(1), 13680.","https://www.nature.com/articles/s41598-022-18149-0","MQTL_all traitsV3.0_final",FALSE
"M02863","MQTL7D.1","7D","Multiple abiotic stress tolerance","Drought and heat stress, Drought stress, Heat stress, Pre-harvest sprouting, Salinity stress, Water-logging stress","Pre-harvest sprouting","17253139-76731700",17253139,76731700,"bp","contains value >= 1000 -> bp","Tanin, M. J., Saini, D. K., Sandhu, K. S., Pal, N., Gudi, S., Chaudhary, J., & Sharma, A. (2022). Consensus genomic regions associated with multiple abiotic stress tolerance in wheat and implications for wheat breeding. Scientific reports, 12(1), 13680.","https://www.nature.com/articles/s41598-022-18149-0","MQTL_all traitsV3.0_final",FALSE
"M02864","MQTL7D.2","7D","Multiple abiotic stress tolerance","Drought and heat stress, Drought stress, Heat stress, Pre-harvest sprouting, Salinity stress, Water-logging stress","Pre-harvest sprouting","92570686-94449911",92570686,94449911,"bp","contains value >= 1000 -> bp","Tanin, M. J., Saini, D. K., Sandhu, K. S., Pal, N., Gudi, S., Chaudhary, J., & Sharma, A. (2022). Consensus genomic regions associated with multiple abiotic stress tolerance in wheat and implications for wheat breeding. Scientific reports, 12(1), 13680.","https://www.nature.com/articles/s41598-022-18149-0","MQTL_all traitsV3.0_final",FALSE
"M02865","MQTL7D.3","7D","Multiple abiotic stress tolerance","Aluminium stress, Drought and heat stress, Drought stress, Heat stress, Pre-harvest sprouting, Salinity stress","Pre-harvest sprouting","100751155-101580823",100751155,101580823,"bp","contains value >= 1000 -> bp","Tanin, M. J., Saini, D. K., Sandhu, K. S., Pal, N., Gudi, S., Chaudhary, J., & Sharma, A. (2022). Consensus genomic regions associated with multiple abiotic stress tolerance in wheat and implications for wheat breeding. Scientific reports, 12(1), 13680.","https://www.nature.com/articles/s41598-022-18149-0","MQTL_all traitsV3.0_final",FALSE
"M02866","MQTL7D.4","7D","Multiple abiotic stress tolerance","Heat stress, Salinity stress","Abiotic stress","602901147-610815863",602901147,610815863,"bp","contains value >= 1000 -> bp","Tanin, M. J., Saini, D. K., Sandhu, K. S., Pal, N., Gudi, S., Chaudhary, J., & Sharma, A. (2022). Consensus genomic regions associated with multiple abiotic stress tolerance in wheat and implications for wheat breeding. Scientific reports, 12(1), 13680.","https://www.nature.com/articles/s41598-022-18149-0","MQTL_all traitsV3.0_final",FALSE
"M02867","durumMQTL1A.1","1A","Biotic, abiotic stress and quality","Biotic, abiotic stress and quality","Quality traits","2.1-5",2.1,5,"cM","all values < 1000 -> cM","Soriano, J. M., Colasuonno, P., Marcotuli, I., & Gadaleta, A. (2021). Meta-QTL analysis and identification of candidate genes for quality, abiotic and biotic stress in durum wheat. Scientific Reports, 11(1), 11877.","https://doi.org/10.1038/s41598-021-91446-2","MQTL_all traitsV3.0_final",FALSE
"M02868","durumMQTL1A.2","1A","Biotic, abiotic stress and quality","Biotic, abiotic stress and quality","Quality traits","41.2-50.9",41.2,50.9,"cM","all values < 1000 -> cM","Soriano, J. M., Colasuonno, P., Marcotuli, I., & Gadaleta, A. (2021). Meta-QTL analysis and identification of candidate genes for quality, abiotic and biotic stress in durum wheat. Scientific Reports, 11(1), 11877.","https://doi.org/10.1038/s41598-021-91446-2","MQTL_all traitsV3.0_final",FALSE
"M02869","durumMQTL1A.3","1A","Biotic, abiotic stress and quality","Biotic, abiotic stress and quality","Quality traits","90.1-95.4",90.1,95.4,"cM","all values < 1000 -> cM","Soriano, J. M., Colasuonno, P., Marcotuli, I., & Gadaleta, A. (2021). Meta-QTL analysis and identification of candidate genes for quality, abiotic and biotic stress in durum wheat. Scientific Reports, 11(1), 11877.","https://doi.org/10.1038/s41598-021-91446-2","MQTL_all traitsV3.0_final",FALSE
"M02870","durumMQTL1A.4","1A","Biotic, abiotic stress and quality","Biotic, abiotic stress and quality","Quality traits","139.3-144.6",139.3,144.6,"cM","all values < 1000 -> cM","Soriano, J. M., Colasuonno, P., Marcotuli, I., & Gadaleta, A. (2021). Meta-QTL analysis and identification of candidate genes for quality, abiotic and biotic stress in durum wheat. Scientific Reports, 11(1), 11877.","https://doi.org/10.1038/s41598-021-91446-2","MQTL_all traitsV3.0_final",FALSE
"M02871","durumMQTL1B.1","1B","Biotic, abiotic stress and quality","Biotic, abiotic stress and quality","Quality traits","16.5-17.4",16.5,17.4,"cM","all values < 1000 -> cM","Soriano, J. M., Colasuonno, P., Marcotuli, I., & Gadaleta, A. (2021). Meta-QTL analysis and identification of candidate genes for quality, abiotic and biotic stress in durum wheat. Scientific Reports, 11(1), 11877.","https://doi.org/10.1038/s41598-021-91446-2","MQTL_all traitsV3.0_final",FALSE
"M02872","durumMQTL1B.2","1B","Biotic, abiotic stress and quality","Biotic, abiotic stress and quality","Quality traits","28.2-30.5",28.2,30.5,"cM","all values < 1000 -> cM","Soriano, J. M., Colasuonno, P., Marcotuli, I., & Gadaleta, A. (2021). Meta-QTL analysis and identification of candidate genes for quality, abiotic and biotic stress in durum wheat. Scientific Reports, 11(1), 11877.","https://doi.org/10.1038/s41598-021-91446-2","MQTL_all traitsV3.0_final",FALSE
"M02873","durumMQTL1B.3","1B","Biotic, abiotic stress and quality","Biotic, abiotic stress and quality","Quality traits","52.9-57.8",52.9,57.8,"cM","all values < 1000 -> cM","Soriano, J. M., Colasuonno, P., Marcotuli, I., & Gadaleta, A. (2021). Meta-QTL analysis and identification of candidate genes for quality, abiotic and biotic stress in durum wheat. Scientific Reports, 11(1), 11877.","https://doi.org/10.1038/s41598-021-91446-2","MQTL_all traitsV3.0_final",FALSE
"M02874","durumMQTL1B.4","1B","Biotic, abiotic stress and quality","Biotic, abiotic stress and quality","Quality traits","92.5-98.1",92.5,98.1,"cM","all values < 1000 -> cM","Soriano, J. M., Colasuonno, P., Marcotuli, I., & Gadaleta, A. (2021). Meta-QTL analysis and identification of candidate genes for quality, abiotic and biotic stress in durum wheat. Scientific Reports, 11(1), 11877.","https://doi.org/10.1038/s41598-021-91446-2","MQTL_all traitsV3.0_final",FALSE
"M02875","durumMQTL1B.5","1B","Biotic, abiotic stress and quality","Biotic, abiotic stress and quality","Quality traits","116.2-119",116.2,119,"cM","all values < 1000 -> cM","Soriano, J. M., Colasuonno, P., Marcotuli, I., & Gadaleta, A. (2021). Meta-QTL analysis and identification of candidate genes for quality, abiotic and biotic stress in durum wheat. Scientific Reports, 11(1), 11877.","https://doi.org/10.1038/s41598-021-91446-2","MQTL_all traitsV3.0_final",FALSE
"M02876","durumMQTL1B.6","1B","Biotic, abiotic stress and quality","Biotic, abiotic stress and quality","Quality traits","149.8-152.7",149.8,152.7,"cM","all values < 1000 -> cM","Soriano, J. M., Colasuonno, P., Marcotuli, I., & Gadaleta, A. (2021). Meta-QTL analysis and identification of candidate genes for quality, abiotic and biotic stress in durum wheat. Scientific Reports, 11(1), 11877.","https://doi.org/10.1038/s41598-021-91446-2","MQTL_all traitsV3.0_final",FALSE
"M02877","durumMQTL2A.1","2A","Biotic, abiotic stress and quality","Biotic, abiotic stress and quality","Quality traits","4.9-11.6",4.9,11.6,"cM","all values < 1000 -> cM","Soriano, J. M., Colasuonno, P., Marcotuli, I., & Gadaleta, A. (2021). Meta-QTL analysis and identification of candidate genes for quality, abiotic and biotic stress in durum wheat. Scientific Reports, 11(1), 11877.","https://doi.org/10.1038/s41598-021-91446-2","MQTL_all traitsV3.0_final",FALSE
"M02878","durumMQTL2A.2","2A","Biotic, abiotic stress and quality","Biotic, abiotic stress and quality","Quality traits","36.1-42.3",36.1,42.3,"cM","all values < 1000 -> cM","Soriano, J. M., Colasuonno, P., Marcotuli, I., & Gadaleta, A. (2021). Meta-QTL analysis and identification of candidate genes for quality, abiotic and biotic stress in durum wheat. Scientific Reports, 11(1), 11877.","https://doi.org/10.1038/s41598-021-91446-2","MQTL_all traitsV3.0_final",FALSE
"M02879","durumMQTL2A.3","2A","Biotic, abiotic stress and quality","Biotic, abiotic stress and quality","Quality traits","48.8-52.9",48.8,52.9,"cM","all values < 1000 -> cM","Soriano, J. M., Colasuonno, P., Marcotuli, I., & Gadaleta, A. (2021). Meta-QTL analysis and identification of candidate genes for quality, abiotic and biotic stress in durum wheat. Scientific Reports, 11(1), 11877.","https://doi.org/10.1038/s41598-021-91446-2","MQTL_all traitsV3.0_final",FALSE
"M02880","durumMQTL2A.4","2A","Biotic, abiotic stress and quality","Biotic, abiotic stress and quality","Quality traits","103.1-106.1",103.1,106.1,"cM","all values < 1000 -> cM","Soriano, J. M., Colasuonno, P., Marcotuli, I., & Gadaleta, A. (2021). Meta-QTL analysis and identification of candidate genes for quality, abiotic and biotic stress in durum wheat. Scientific Reports, 11(1), 11877.","https://doi.org/10.1038/s41598-021-91446-2","MQTL_all traitsV3.0_final",FALSE
"M02881","durumMQTL2A.5","2A","Biotic, abiotic stress and quality","Biotic, abiotic stress and quality","Quality traits","123.6-128.5",123.6,128.5,"cM","all values < 1000 -> cM","Soriano, J. M., Colasuonno, P., Marcotuli, I., & Gadaleta, A. (2021). Meta-QTL analysis and identification of candidate genes for quality, abiotic and biotic stress in durum wheat. Scientific Reports, 11(1), 11877.","https://doi.org/10.1038/s41598-021-91446-2","MQTL_all traitsV3.0_final",FALSE
"M02882","durumMQTL2A.6","2A","Biotic, abiotic stress and quality","Biotic, abiotic stress and quality","Quality traits","133.5-136.9",133.5,136.9,"cM","all values < 1000 -> cM","Soriano, J. M., Colasuonno, P., Marcotuli, I., & Gadaleta, A. (2021). Meta-QTL analysis and identification of candidate genes for quality, abiotic and biotic stress in durum wheat. Scientific Reports, 11(1), 11877.","https://doi.org/10.1038/s41598-021-91446-2","MQTL_all traitsV3.0_final",FALSE
"M02883","durumMQTL2B.1","2B","Biotic, abiotic stress and quality","Biotic, abiotic stress and quality","Quality traits","10.4-11.2",10.4,11.2,"cM","all values < 1000 -> cM","Soriano, J. M., Colasuonno, P., Marcotuli, I., & Gadaleta, A. (2021). Meta-QTL analysis and identification of candidate genes for quality, abiotic and biotic stress in durum wheat. Scientific Reports, 11(1), 11877.","https://doi.org/10.1038/s41598-021-91446-2","MQTL_all traitsV3.0_final",FALSE
"M02884","durumMQTL2B.2","2B","Biotic, abiotic stress and quality","Biotic, abiotic stress and quality","Quality traits","55.4-62.7",55.4,62.7,"cM","all values < 1000 -> cM","Soriano, J. M., Colasuonno, P., Marcotuli, I., & Gadaleta, A. (2021). Meta-QTL analysis and identification of candidate genes for quality, abiotic and biotic stress in durum wheat. Scientific Reports, 11(1), 11877.","https://doi.org/10.1038/s41598-021-91446-2","MQTL_all traitsV3.0_final",FALSE
"M02885","durumMQTL2B.3","2B","Biotic, abiotic stress and quality","Biotic, abiotic stress and quality","Quality traits","87.5-94.6",87.5,94.6,"cM","all values < 1000 -> cM","Soriano, J. M., Colasuonno, P., Marcotuli, I., & Gadaleta, A. (2021). Meta-QTL analysis and identification of candidate genes for quality, abiotic and biotic stress in durum wheat. Scientific Reports, 11(1), 11877.","https://doi.org/10.1038/s41598-021-91446-2","MQTL_all traitsV3.0_final",FALSE
"M02886","durumMQTL2B.4","2B","Biotic, abiotic stress and quality","Biotic, abiotic stress and quality","Quality traits","100.5-105.3",100.5,105.3,"cM","all values < 1000 -> cM","Soriano, J. M., Colasuonno, P., Marcotuli, I., & Gadaleta, A. (2021). Meta-QTL analysis and identification of candidate genes for quality, abiotic and biotic stress in durum wheat. Scientific Reports, 11(1), 11877.","https://doi.org/10.1038/s41598-021-91446-2","MQTL_all traitsV3.0_final",FALSE
"M02887","durumMQTL2B.5","2B","Biotic, abiotic stress and quality","Biotic, abiotic stress and quality","Quality traits","112-118",112,118,"cM","all values < 1000 -> cM","Soriano, J. M., Colasuonno, P., Marcotuli, I., & Gadaleta, A. (2021). Meta-QTL analysis and identification of candidate genes for quality, abiotic and biotic stress in durum wheat. Scientific Reports, 11(1), 11877.","https://doi.org/10.1038/s41598-021-91446-2","MQTL_all traitsV3.0_final",FALSE
"M02888","durumMQTL2B.6","2B","Biotic, abiotic stress and quality","Biotic, abiotic stress and quality","Quality traits","124.4-128.9",124.4,128.9,"cM","all values < 1000 -> cM","Soriano, J. M., Colasuonno, P., Marcotuli, I., & Gadaleta, A. (2021). Meta-QTL analysis and identification of candidate genes for quality, abiotic and biotic stress in durum wheat. Scientific Reports, 11(1), 11877.","https://doi.org/10.1038/s41598-021-91446-2","MQTL_all traitsV3.0_final",FALSE
"M02889","durumMQTL2B.7","2B","Biotic, abiotic stress and quality","Biotic, abiotic stress and quality","Quality traits","145.8-149.1",145.8,149.1,"cM","all values < 1000 -> cM","Soriano, J. M., Colasuonno, P., Marcotuli, I., & Gadaleta, A. (2021). Meta-QTL analysis and identification of candidate genes for quality, abiotic and biotic stress in durum wheat. Scientific Reports, 11(1), 11877.","https://doi.org/10.1038/s41598-021-91446-2","MQTL_all traitsV3.0_final",FALSE
"M02890","durumMQTL2B.8","2B","Biotic, abiotic stress and quality","Biotic, abiotic stress and quality","Quality traits","183.2-183.5",183.2,183.5,"cM","all values < 1000 -> cM","Soriano, J. M., Colasuonno, P., Marcotuli, I., & Gadaleta, A. (2021). Meta-QTL analysis and identification of candidate genes for quality, abiotic and biotic stress in durum wheat. Scientific Reports, 11(1), 11877.","https://doi.org/10.1038/s41598-021-91446-2","MQTL_all traitsV3.0_final",FALSE
"M02891","durumMQTL3A.1","3A","Biotic, abiotic stress and quality","Biotic, abiotic stress and quality","Quality traits","58.4-65.1",58.4,65.1,"cM","all values < 1000 -> cM","Soriano, J. M., Colasuonno, P., Marcotuli, I., & Gadaleta, A. (2021). Meta-QTL analysis and identification of candidate genes for quality, abiotic and biotic stress in durum wheat. Scientific Reports, 11(1), 11877.","https://doi.org/10.1038/s41598-021-91446-2","MQTL_all traitsV3.0_final",FALSE
"M02892","durumMQTL3A.2","3A","Biotic, abiotic stress and quality","Biotic, abiotic stress and quality","Quality traits","80.4-87.1",80.4,87.1,"cM","all values < 1000 -> cM","Soriano, J. M., Colasuonno, P., Marcotuli, I., & Gadaleta, A. (2021). Meta-QTL analysis and identification of candidate genes for quality, abiotic and biotic stress in durum wheat. Scientific Reports, 11(1), 11877.","https://doi.org/10.1038/s41598-021-91446-2","MQTL_all traitsV3.0_final",FALSE
"M02893","durumMQTL3A.3","3A","Biotic, abiotic stress and quality","Biotic, abiotic stress and quality","Quality traits","117.7-129.4",117.7,129.4,"cM","all values < 1000 -> cM","Soriano, J. M., Colasuonno, P., Marcotuli, I., & Gadaleta, A. (2021). Meta-QTL analysis and identification of candidate genes for quality, abiotic and biotic stress in durum wheat. Scientific Reports, 11(1), 11877.","https://doi.org/10.1038/s41598-021-91446-2","MQTL_all traitsV3.0_final",FALSE
"M02894","durumMQTL3A.4","3A","Biotic, abiotic stress and quality","Biotic, abiotic stress and quality","Quality traits","148.9-151.6",148.9,151.6,"cM","all values < 1000 -> cM","Soriano, J. M., Colasuonno, P., Marcotuli, I., & Gadaleta, A. (2021). Meta-QTL analysis and identification of candidate genes for quality, abiotic and biotic stress in durum wheat. Scientific Reports, 11(1), 11877.","https://doi.org/10.1038/s41598-021-91446-2","MQTL_all traitsV3.0_final",FALSE
"M02895","durumMQTL3B.1","3B","Biotic, abiotic stress and quality","Biotic, abiotic stress and quality","Quality traits","5.5-7.2",5.5,7.2,"cM","all values < 1000 -> cM","Soriano, J. M., Colasuonno, P., Marcotuli, I., & Gadaleta, A. (2021). Meta-QTL analysis and identification of candidate genes for quality, abiotic and biotic stress in durum wheat. Scientific Reports, 11(1), 11877.","https://doi.org/10.1038/s41598-021-91446-2","MQTL_all traitsV3.0_final",FALSE
"M02896","durumMQTL3B.2","3B","Biotic, abiotic stress and quality","Biotic, abiotic stress and quality","Quality traits","42.7-48.8",42.7,48.8,"cM","all values < 1000 -> cM","Soriano, J. M., Colasuonno, P., Marcotuli, I., & Gadaleta, A. (2021). Meta-QTL analysis and identification of candidate genes for quality, abiotic and biotic stress in durum wheat. Scientific Reports, 11(1), 11877.","https://doi.org/10.1038/s41598-021-91446-2","MQTL_all traitsV3.0_final",FALSE
"M02897","durumMQTL3B.3","3B","Biotic, abiotic stress and quality","Biotic, abiotic stress and quality","Quality traits","63.9-70.1",63.9,70.1,"cM","all values < 1000 -> cM","Soriano, J. M., Colasuonno, P., Marcotuli, I., & Gadaleta, A. (2021). Meta-QTL analysis and identification of candidate genes for quality, abiotic and biotic stress in durum wheat. Scientific Reports, 11(1), 11877.","https://doi.org/10.1038/s41598-021-91446-2","MQTL_all traitsV3.0_final",FALSE
"M02898","durumMQTL3B.4","3B","Biotic, abiotic stress and quality","Biotic, abiotic stress and quality","Quality traits","89.2-94.2",89.2,94.2,"cM","all values < 1000 -> cM","Soriano, J. M., Colasuonno, P., Marcotuli, I., & Gadaleta, A. (2021). Meta-QTL analysis and identification of candidate genes for quality, abiotic and biotic stress in durum wheat. Scientific Reports, 11(1), 11877.","https://doi.org/10.1038/s41598-021-91446-2","MQTL_all traitsV3.0_final",FALSE
"M02899","durumMQTL3B.5","3B","Biotic, abiotic stress and quality","Biotic, abiotic stress and quality","Quality traits","157.7-162.1",157.7,162.1,"cM","all values < 1000 -> cM","Soriano, J. M., Colasuonno, P., Marcotuli, I., & Gadaleta, A. (2021). Meta-QTL analysis and identification of candidate genes for quality, abiotic and biotic stress in durum wheat. Scientific Reports, 11(1), 11877.","https://doi.org/10.1038/s41598-021-91446-2","MQTL_all traitsV3.0_final",FALSE
"M02900","durumMQTL3B.6","3B","Biotic, abiotic stress and quality","Biotic, abiotic stress and quality","Quality traits","195.2-198.1",195.2,198.1,"cM","all values < 1000 -> cM","Soriano, J. M., Colasuonno, P., Marcotuli, I., & Gadaleta, A. (2021). Meta-QTL analysis and identification of candidate genes for quality, abiotic and biotic stress in durum wheat. Scientific Reports, 11(1), 11877.","https://doi.org/10.1038/s41598-021-91446-2","MQTL_all traitsV3.0_final",FALSE
"M02901","durumMQTL4A.1","4A","Biotic, abiotic stress and quality","Biotic, abiotic stress and quality","Quality traits","40.3-47.7",40.3,47.7,"cM","all values < 1000 -> cM","Soriano, J. M., Colasuonno, P., Marcotuli, I., & Gadaleta, A. (2021). Meta-QTL analysis and identification of candidate genes for quality, abiotic and biotic stress in durum wheat. Scientific Reports, 11(1), 11877.","https://doi.org/10.1038/s41598-021-91446-2","MQTL_all traitsV3.0_final",FALSE
"M02902","durumMQTL4A.2","4A","Biotic, abiotic stress and quality","Biotic, abiotic stress and quality","Quality traits","67.8-75.4",67.8,75.4,"cM","all values < 1000 -> cM","Soriano, J. M., Colasuonno, P., Marcotuli, I., & Gadaleta, A. (2021). Meta-QTL analysis and identification of candidate genes for quality, abiotic and biotic stress in durum wheat. Scientific Reports, 11(1), 11877.","https://doi.org/10.1038/s41598-021-91446-2","MQTL_all traitsV3.0_final",FALSE
"M02903","durumMQTL4A.3","4A","Biotic, abiotic stress and quality","Biotic, abiotic stress and quality","Quality traits","90.2-95.2",90.2,95.2,"cM","all values < 1000 -> cM","Soriano, J. M., Colasuonno, P., Marcotuli, I., & Gadaleta, A. (2021). Meta-QTL analysis and identification of candidate genes for quality, abiotic and biotic stress in durum wheat. Scientific Reports, 11(1), 11877.","https://doi.org/10.1038/s41598-021-91446-2","MQTL_all traitsV3.0_final",FALSE
"M02904","durumMQTL4A.4","4A","Biotic, abiotic stress and quality","Biotic, abiotic stress and quality","Quality traits","108.7-116.1",108.7,116.1,"cM","all values < 1000 -> cM","Soriano, J. M., Colasuonno, P., Marcotuli, I., & Gadaleta, A. (2021). Meta-QTL analysis and identification of candidate genes for quality, abiotic and biotic stress in durum wheat. Scientific Reports, 11(1), 11877.","https://doi.org/10.1038/s41598-021-91446-2","MQTL_all traitsV3.0_final",FALSE
"M02905","durumMQTL4A.5","4A","Biotic, abiotic stress and quality","Biotic, abiotic stress and quality","Quality traits","151.2-157.9",151.2,157.9,"cM","all values < 1000 -> cM","Soriano, J. M., Colasuonno, P., Marcotuli, I., & Gadaleta, A. (2021). Meta-QTL analysis and identification of candidate genes for quality, abiotic and biotic stress in durum wheat. Scientific Reports, 11(1), 11877.","https://doi.org/10.1038/s41598-021-91446-2","MQTL_all traitsV3.0_final",FALSE
"M02906","durumMQTL4B.1","4B","Biotic, abiotic stress and quality","Biotic, abiotic stress and quality","Quality traits","10.5-12.6",10.5,12.6,"cM","all values < 1000 -> cM","Soriano, J. M., Colasuonno, P., Marcotuli, I., & Gadaleta, A. (2021). Meta-QTL analysis and identification of candidate genes for quality, abiotic and biotic stress in durum wheat. Scientific Reports, 11(1), 11877.","https://doi.org/10.1038/s41598-021-91446-2","MQTL_all traitsV3.0_final",FALSE
"M02907","durumMQTL4B.2","4B","Biotic, abiotic stress and quality","Biotic, abiotic stress and quality","Quality traits","15.5-18.7",15.5,18.7,"cM","all values < 1000 -> cM","Soriano, J. M., Colasuonno, P., Marcotuli, I., & Gadaleta, A. (2021). Meta-QTL analysis and identification of candidate genes for quality, abiotic and biotic stress in durum wheat. Scientific Reports, 11(1), 11877.","https://doi.org/10.1038/s41598-021-91446-2","MQTL_all traitsV3.0_final",FALSE
"M02908","durumMQTL4B.3","4B","Biotic, abiotic stress and quality","Biotic, abiotic stress and quality","Quality traits","20.7-22.7",20.7,22.7,"cM","all values < 1000 -> cM","Soriano, J. M., Colasuonno, P., Marcotuli, I., & Gadaleta, A. (2021). Meta-QTL analysis and identification of candidate genes for quality, abiotic and biotic stress in durum wheat. Scientific Reports, 11(1), 11877.","https://doi.org/10.1038/s41598-021-91446-2","MQTL_all traitsV3.0_final",FALSE
"M02909","durumMQTL4B.4","4B","Biotic, abiotic stress and quality","Biotic, abiotic stress and quality","Quality traits","28-32.7",28,32.7,"cM","all values < 1000 -> cM","Soriano, J. M., Colasuonno, P., Marcotuli, I., & Gadaleta, A. (2021). Meta-QTL analysis and identification of candidate genes for quality, abiotic and biotic stress in durum wheat. Scientific Reports, 11(1), 11877.","https://doi.org/10.1038/s41598-021-91446-2","MQTL_all traitsV3.0_final",FALSE
"M02910","durumMQTL4B.5","4B","Biotic, abiotic stress and quality","Biotic, abiotic stress and quality","Quality traits","51.5-57.8",51.5,57.8,"cM","all values < 1000 -> cM","Soriano, J. M., Colasuonno, P., Marcotuli, I., & Gadaleta, A. (2021). Meta-QTL analysis and identification of candidate genes for quality, abiotic and biotic stress in durum wheat. Scientific Reports, 11(1), 11877.","https://doi.org/10.1038/s41598-021-91446-2","MQTL_all traitsV3.0_final",FALSE
"M02911","durumMQTL4B.6","4B","Biotic, abiotic stress and quality","Biotic, abiotic stress and quality","Quality traits","62.9-65.9",62.9,65.9,"cM","all values < 1000 -> cM","Soriano, J. M., Colasuonno, P., Marcotuli, I., & Gadaleta, A. (2021). Meta-QTL analysis and identification of candidate genes for quality, abiotic and biotic stress in durum wheat. Scientific Reports, 11(1), 11877.","https://doi.org/10.1038/s41598-021-91446-2","MQTL_all traitsV3.0_final",FALSE
"M02912","durumMQTL4B.7","4B","Biotic, abiotic stress and quality","Biotic, abiotic stress and quality","Quality traits","81-84.6",81,84.6,"cM","all values < 1000 -> cM","Soriano, J. M., Colasuonno, P., Marcotuli, I., & Gadaleta, A. (2021). Meta-QTL analysis and identification of candidate genes for quality, abiotic and biotic stress in durum wheat. Scientific Reports, 11(1), 11877.","https://doi.org/10.1038/s41598-021-91446-2","MQTL_all traitsV3.0_final",FALSE
"M02913","durumMQTL4B.8","4B","Biotic, abiotic stress and quality","Biotic, abiotic stress and quality","Quality traits","95.8-100.5",95.8,100.5,"cM","all values < 1000 -> cM","Soriano, J. M., Colasuonno, P., Marcotuli, I., & Gadaleta, A. (2021). Meta-QTL analysis and identification of candidate genes for quality, abiotic and biotic stress in durum wheat. Scientific Reports, 11(1), 11877.","https://doi.org/10.1038/s41598-021-91446-2","MQTL_all traitsV3.0_final",FALSE
"M02914","durumMQTL5A.1","5A","Biotic, abiotic stress and quality","Biotic, abiotic stress and quality","Quality traits","47.1-50",47.1,50,"cM","all values < 1000 -> cM","Soriano, J. M., Colasuonno, P., Marcotuli, I., & Gadaleta, A. (2021). Meta-QTL analysis and identification of candidate genes for quality, abiotic and biotic stress in durum wheat. Scientific Reports, 11(1), 11877.","https://doi.org/10.1038/s41598-021-91446-2","MQTL_all traitsV3.0_final",FALSE
"M02915","durumMQTL5A.2","5A","Biotic, abiotic stress and quality","Biotic, abiotic stress and quality","Quality traits","58.6-64.6",58.6,64.6,"cM","all values < 1000 -> cM","Soriano, J. M., Colasuonno, P., Marcotuli, I., & Gadaleta, A. (2021). Meta-QTL analysis and identification of candidate genes for quality, abiotic and biotic stress in durum wheat. Scientific Reports, 11(1), 11877.","https://doi.org/10.1038/s41598-021-91446-2","MQTL_all traitsV3.0_final",FALSE
"M02916","durumMQTL5A.3","5A","Biotic, abiotic stress and quality","Biotic, abiotic stress and quality","Quality traits","89.1-103.1",89.1,103.1,"cM","all values < 1000 -> cM","Soriano, J. M., Colasuonno, P., Marcotuli, I., & Gadaleta, A. (2021). Meta-QTL analysis and identification of candidate genes for quality, abiotic and biotic stress in durum wheat. Scientific Reports, 11(1), 11877.","https://doi.org/10.1038/s41598-021-91446-2","MQTL_all traitsV3.0_final",FALSE
"M02917","durumMQTL5A.4","5A","Biotic, abiotic stress and quality","Biotic, abiotic stress and quality","Quality traits","128.7-133.5",128.7,133.5,"cM","all values < 1000 -> cM","Soriano, J. M., Colasuonno, P., Marcotuli, I., & Gadaleta, A. (2021). Meta-QTL analysis and identification of candidate genes for quality, abiotic and biotic stress in durum wheat. Scientific Reports, 11(1), 11877.","https://doi.org/10.1038/s41598-021-91446-2","MQTL_all traitsV3.0_final",FALSE
"M02918","durumMQTL5A.5","5A","Biotic, abiotic stress and quality","Biotic, abiotic stress and quality","Quality traits","139.9-146.6",139.9,146.6,"cM","all values < 1000 -> cM","Soriano, J. M., Colasuonno, P., Marcotuli, I., & Gadaleta, A. (2021). Meta-QTL analysis and identification of candidate genes for quality, abiotic and biotic stress in durum wheat. Scientific Reports, 11(1), 11877.","https://doi.org/10.1038/s41598-021-91446-2","MQTL_all traitsV3.0_final",FALSE
"M02919","durumMQTL5A.6","5A","Biotic, abiotic stress and quality","Biotic, abiotic stress and quality","Quality traits","174.9-176.3",174.9,176.3,"cM","all values < 1000 -> cM","Soriano, J. M., Colasuonno, P., Marcotuli, I., & Gadaleta, A. (2021). Meta-QTL analysis and identification of candidate genes for quality, abiotic and biotic stress in durum wheat. Scientific Reports, 11(1), 11877.","https://doi.org/10.1038/s41598-021-91446-2","MQTL_all traitsV3.0_final",FALSE
"M02920","durumMQTL5B.1","5B","Biotic, abiotic stress and quality","Biotic, abiotic stress and quality","Quality traits","5.9-13.8",5.9,13.8,"cM","all values < 1000 -> cM","Soriano, J. M., Colasuonno, P., Marcotuli, I., & Gadaleta, A. (2021). Meta-QTL analysis and identification of candidate genes for quality, abiotic and biotic stress in durum wheat. Scientific Reports, 11(1), 11877.","https://doi.org/10.1038/s41598-021-91446-2","MQTL_all traitsV3.0_final",FALSE
"M02921","durumMQTL5B.2","5B","Biotic, abiotic stress and quality","Biotic, abiotic stress and quality","Quality traits","40.3-43.8",40.3,43.8,"cM","all values < 1000 -> cM","Soriano, J. M., Colasuonno, P., Marcotuli, I., & Gadaleta, A. (2021). Meta-QTL analysis and identification of candidate genes for quality, abiotic and biotic stress in durum wheat. Scientific Reports, 11(1), 11877.","https://doi.org/10.1038/s41598-021-91446-2","MQTL_all traitsV3.0_final",FALSE
"M02922","durumMQTL5B.3","5B","Biotic, abiotic stress and quality","Biotic, abiotic stress and quality","Quality traits","64.4-74.2",64.4,74.2,"cM","all values < 1000 -> cM","Soriano, J. M., Colasuonno, P., Marcotuli, I., & Gadaleta, A. (2021). Meta-QTL analysis and identification of candidate genes for quality, abiotic and biotic stress in durum wheat. Scientific Reports, 11(1), 11877.","https://doi.org/10.1038/s41598-021-91446-2","MQTL_all traitsV3.0_final",FALSE
"M02923","durumMQTL5B.4","5B","Biotic, abiotic stress and quality","Biotic, abiotic stress and quality","Quality traits","81.5-92.7",81.5,92.7,"cM","all values < 1000 -> cM","Soriano, J. M., Colasuonno, P., Marcotuli, I., & Gadaleta, A. (2021). Meta-QTL analysis and identification of candidate genes for quality, abiotic and biotic stress in durum wheat. Scientific Reports, 11(1), 11877.","https://doi.org/10.1038/s41598-021-91446-2","MQTL_all traitsV3.0_final",FALSE
"M02924","durumMQTL5B.5","5B","Biotic, abiotic stress and quality","Biotic, abiotic stress and quality","Quality traits","118-126.4",118,126.4,"cM","all values < 1000 -> cM","Soriano, J. M., Colasuonno, P., Marcotuli, I., & Gadaleta, A. (2021). Meta-QTL analysis and identification of candidate genes for quality, abiotic and biotic stress in durum wheat. Scientific Reports, 11(1), 11877.","https://doi.org/10.1038/s41598-021-91446-2","MQTL_all traitsV3.0_final",FALSE
"M02925","durumMQTL5B.6","5B","Biotic, abiotic stress and quality","Biotic, abiotic stress and quality","Quality traits","135-143.1",135,143.1,"cM","all values < 1000 -> cM","Soriano, J. M., Colasuonno, P., Marcotuli, I., & Gadaleta, A. (2021). Meta-QTL analysis and identification of candidate genes for quality, abiotic and biotic stress in durum wheat. Scientific Reports, 11(1), 11877.","https://doi.org/10.1038/s41598-021-91446-2","MQTL_all traitsV3.0_final",FALSE
"M02926","durumMQTL5B.7","5B","Biotic, abiotic stress and quality","Biotic, abiotic stress and quality","Quality traits","157.8-160.8",157.8,160.8,"cM","all values < 1000 -> cM","Soriano, J. M., Colasuonno, P., Marcotuli, I., & Gadaleta, A. (2021). Meta-QTL analysis and identification of candidate genes for quality, abiotic and biotic stress in durum wheat. Scientific Reports, 11(1), 11877.","https://doi.org/10.1038/s41598-021-91446-2","MQTL_all traitsV3.0_final",FALSE
"M02927","durumMQTL6A.1","6A","Biotic, abiotic stress and quality","Biotic, abiotic stress and quality","Quality traits","0-4.9",0,4.9,"cM","all values < 1000 -> cM","Soriano, J. M., Colasuonno, P., Marcotuli, I., & Gadaleta, A. (2021). Meta-QTL analysis and identification of candidate genes for quality, abiotic and biotic stress in durum wheat. Scientific Reports, 11(1), 11877.","https://doi.org/10.1038/s41598-021-91446-2","MQTL_all traitsV3.0_final",FALSE
"M02928","durumMQTL6A.2","6A","Biotic, abiotic stress and quality","Biotic, abiotic stress and quality","Quality traits","52.4-55",52.4,55,"cM","all values < 1000 -> cM","Soriano, J. M., Colasuonno, P., Marcotuli, I., & Gadaleta, A. (2021). Meta-QTL analysis and identification of candidate genes for quality, abiotic and biotic stress in durum wheat. Scientific Reports, 11(1), 11877.","https://doi.org/10.1038/s41598-021-91446-2","MQTL_all traitsV3.0_final",FALSE
"M02929","durumMQTL6A.3","6A","Biotic, abiotic stress and quality","Biotic, abiotic stress and quality","Quality traits","79.6-83.1",79.6,83.1,"cM","all values < 1000 -> cM","Soriano, J. M., Colasuonno, P., Marcotuli, I., & Gadaleta, A. (2021). Meta-QTL analysis and identification of candidate genes for quality, abiotic and biotic stress in durum wheat. Scientific Reports, 11(1), 11877.","https://doi.org/10.1038/s41598-021-91446-2","MQTL_all traitsV3.0_final",FALSE
"M02930","durumMQTL6A.4","6A","Biotic, abiotic stress and quality","Biotic, abiotic stress and quality","Quality traits","123.4-123.8",123.4,123.8,"cM","all values < 1000 -> cM","Soriano, J. M., Colasuonno, P., Marcotuli, I., & Gadaleta, A. (2021). Meta-QTL analysis and identification of candidate genes for quality, abiotic and biotic stress in durum wheat. Scientific Reports, 11(1), 11877.","https://doi.org/10.1038/s41598-021-91446-2","MQTL_all traitsV3.0_final",FALSE
"M02931","durumMQTL6B.1","6B","Biotic, abiotic stress and quality","Biotic, abiotic stress and quality","Quality traits","15.8-20.3",15.8,20.3,"cM","all values < 1000 -> cM","Soriano, J. M., Colasuonno, P., Marcotuli, I., & Gadaleta, A. (2021). Meta-QTL analysis and identification of candidate genes for quality, abiotic and biotic stress in durum wheat. Scientific Reports, 11(1), 11877.","https://doi.org/10.1038/s41598-021-91446-2","MQTL_all traitsV3.0_final",FALSE
"M02932","durumMQTL6B.2","6B","Biotic, abiotic stress and quality","Biotic, abiotic stress and quality","Quality traits","56.8-65.3",56.8,65.3,"cM","all values < 1000 -> cM","Soriano, J. M., Colasuonno, P., Marcotuli, I., & Gadaleta, A. (2021). Meta-QTL analysis and identification of candidate genes for quality, abiotic and biotic stress in durum wheat. Scientific Reports, 11(1), 11877.","https://doi.org/10.1038/s41598-021-91446-2","MQTL_all traitsV3.0_final",FALSE
"M02933","durumMQTL6B.3","6B","Biotic, abiotic stress and quality","Biotic, abiotic stress and quality","Quality traits","76-78.9",76,78.9,"cM","all values < 1000 -> cM","Soriano, J. M., Colasuonno, P., Marcotuli, I., & Gadaleta, A. (2021). Meta-QTL analysis and identification of candidate genes for quality, abiotic and biotic stress in durum wheat. Scientific Reports, 11(1), 11877.","https://doi.org/10.1038/s41598-021-91446-2","MQTL_all traitsV3.0_final",FALSE
"M02934","durumMQTL6B.4","6B","Biotic, abiotic stress and quality","Biotic, abiotic stress and quality","Quality traits","86.9-94.7",86.9,94.7,"cM","all values < 1000 -> cM","Soriano, J. M., Colasuonno, P., Marcotuli, I., & Gadaleta, A. (2021). Meta-QTL analysis and identification of candidate genes for quality, abiotic and biotic stress in durum wheat. Scientific Reports, 11(1), 11877.","https://doi.org/10.1038/s41598-021-91446-2","MQTL_all traitsV3.0_final",FALSE
"M02935","durumMQTL6B.5","6B","Biotic, abiotic stress and quality","Biotic, abiotic stress and quality","Quality traits","103.4-105.9",103.4,105.9,"cM","all values < 1000 -> cM","Soriano, J. M., Colasuonno, P., Marcotuli, I., & Gadaleta, A. (2021). Meta-QTL analysis and identification of candidate genes for quality, abiotic and biotic stress in durum wheat. Scientific Reports, 11(1), 11877.","https://doi.org/10.1038/s41598-021-91446-2","MQTL_all traitsV3.0_final",FALSE
"M02936","durumMQTL6B.6","6B","Biotic, abiotic stress and quality","Biotic, abiotic stress and quality","Quality traits","126.5-128",126.5,128,"cM","all values < 1000 -> cM","Soriano, J. M., Colasuonno, P., Marcotuli, I., & Gadaleta, A. (2021). Meta-QTL analysis and identification of candidate genes for quality, abiotic and biotic stress in durum wheat. Scientific Reports, 11(1), 11877.","https://doi.org/10.1038/s41598-021-91446-2","MQTL_all traitsV3.0_final",FALSE
"M02937","durumMQTL7A.1","7A","Biotic, abiotic stress and quality","Biotic, abiotic stress and quality","Quality traits","60.4-62.7",60.4,62.7,"cM","all values < 1000 -> cM","Soriano, J. M., Colasuonno, P., Marcotuli, I., & Gadaleta, A. (2021). Meta-QTL analysis and identification of candidate genes for quality, abiotic and biotic stress in durum wheat. Scientific Reports, 11(1), 11877.","https://doi.org/10.1038/s41598-021-91446-2","MQTL_all traitsV3.0_final",FALSE
"M02938","durumMQTL7A.2","7A","Biotic, abiotic stress and quality","Biotic, abiotic stress and quality","Quality traits","98.3-106.3",98.3,106.3,"cM","all values < 1000 -> cM","Soriano, J. M., Colasuonno, P., Marcotuli, I., & Gadaleta, A. (2021). Meta-QTL analysis and identification of candidate genes for quality, abiotic and biotic stress in durum wheat. Scientific Reports, 11(1), 11877.","https://doi.org/10.1038/s41598-021-91446-2","MQTL_all traitsV3.0_final",FALSE
"M02939","durumMQTL7A.3","7A","Biotic, abiotic stress and quality","Biotic, abiotic stress and quality","Quality traits","109.1-120.3",109.1,120.3,"cM","all values < 1000 -> cM","Soriano, J. M., Colasuonno, P., Marcotuli, I., & Gadaleta, A. (2021). Meta-QTL analysis and identification of candidate genes for quality, abiotic and biotic stress in durum wheat. Scientific Reports, 11(1), 11877.","https://doi.org/10.1038/s41598-021-91446-2","MQTL_all traitsV3.0_final",FALSE
"M02940","durumMQTL7A.4","7A","Biotic, abiotic stress and quality","Biotic, abiotic stress and quality","Quality traits","142.8-147.9",142.8,147.9,"cM","all values < 1000 -> cM","Soriano, J. M., Colasuonno, P., Marcotuli, I., & Gadaleta, A. (2021). Meta-QTL analysis and identification of candidate genes for quality, abiotic and biotic stress in durum wheat. Scientific Reports, 11(1), 11877.","https://doi.org/10.1038/s41598-021-91446-2","MQTL_all traitsV3.0_final",FALSE
"M02941","durumMQTL7A.5","7A","Biotic, abiotic stress and quality","Biotic, abiotic stress and quality","Quality traits","173.7-177.7",173.7,177.7,"cM","all values < 1000 -> cM","Soriano, J. M., Colasuonno, P., Marcotuli, I., & Gadaleta, A. (2021). Meta-QTL analysis and identification of candidate genes for quality, abiotic and biotic stress in durum wheat. Scientific Reports, 11(1), 11877.","https://doi.org/10.1038/s41598-021-91446-2","MQTL_all traitsV3.0_final",FALSE
"M02942","durumMQTL7A.6","7A","Biotic, abiotic stress and quality","Biotic, abiotic stress and quality","Quality traits","179.5-179.8",179.5,179.8,"cM","all values < 1000 -> cM","Soriano, J. M., Colasuonno, P., Marcotuli, I., & Gadaleta, A. (2021). Meta-QTL analysis and identification of candidate genes for quality, abiotic and biotic stress in durum wheat. Scientific Reports, 11(1), 11877.","https://doi.org/10.1038/s41598-021-91446-2","MQTL_all traitsV3.0_final",FALSE
"M02943","durumMQTL7B.1","7B","Biotic, abiotic stress and quality","Biotic, abiotic stress and quality","Quality traits","0.1-4.6",0.1,4.6,"cM","all values < 1000 -> cM","Soriano, J. M., Colasuonno, P., Marcotuli, I., & Gadaleta, A. (2021). Meta-QTL analysis and identification of candidate genes for quality, abiotic and biotic stress in durum wheat. Scientific Reports, 11(1), 11877.","https://doi.org/10.1038/s41598-021-91446-2","MQTL_all traitsV3.0_final",FALSE
"M02944","durumMQTL7B.2","7B","Biotic, abiotic stress and quality","Biotic, abiotic stress and quality","Quality traits","27.6-31.9",27.6,31.9,"cM","all values < 1000 -> cM","Soriano, J. M., Colasuonno, P., Marcotuli, I., & Gadaleta, A. (2021). Meta-QTL analysis and identification of candidate genes for quality, abiotic and biotic stress in durum wheat. Scientific Reports, 11(1), 11877.","https://doi.org/10.1038/s41598-021-91446-2","MQTL_all traitsV3.0_final",FALSE
"M02945","durumMQTL7B.3","7B","Biotic, abiotic stress and quality","Biotic, abiotic stress and quality","Quality traits","51.5-54.3",51.5,54.3,"cM","all values < 1000 -> cM","Soriano, J. M., Colasuonno, P., Marcotuli, I., & Gadaleta, A. (2021). Meta-QTL analysis and identification of candidate genes for quality, abiotic and biotic stress in durum wheat. Scientific Reports, 11(1), 11877.","https://doi.org/10.1038/s41598-021-91446-2","MQTL_all traitsV3.0_final",FALSE
"M02946","durumMQTL7B.4","7B","Biotic, abiotic stress and quality","Biotic, abiotic stress and quality","Quality traits","72.7-78.1",72.7,78.1,"cM","all values < 1000 -> cM","Soriano, J. M., Colasuonno, P., Marcotuli, I., & Gadaleta, A. (2021). Meta-QTL analysis and identification of candidate genes for quality, abiotic and biotic stress in durum wheat. Scientific Reports, 11(1), 11877.","https://doi.org/10.1038/s41598-021-91446-2","MQTL_all traitsV3.0_final",FALSE
"M02947","durumMQTL7B.5","7B","Biotic, abiotic stress and quality","Biotic, abiotic stress and quality","Quality traits","84.8-93.6",84.8,93.6,"cM","all values < 1000 -> cM","Soriano, J. M., Colasuonno, P., Marcotuli, I., & Gadaleta, A. (2021). Meta-QTL analysis and identification of candidate genes for quality, abiotic and biotic stress in durum wheat. Scientific Reports, 11(1), 11877.","https://doi.org/10.1038/s41598-021-91446-2","MQTL_all traitsV3.0_final",FALSE
"M02948","durumMQTL7B.6","7B","Biotic, abiotic stress and quality","Biotic, abiotic stress and quality","Quality traits","113.8-119",113.8,119,"cM","all values < 1000 -> cM","Soriano, J. M., Colasuonno, P., Marcotuli, I., & Gadaleta, A. (2021). Meta-QTL analysis and identification of candidate genes for quality, abiotic and biotic stress in durum wheat. Scientific Reports, 11(1), 11877.","https://doi.org/10.1038/s41598-021-91446-2","MQTL_all traitsV3.0_final",FALSE
"M02949","durumMQTL7B.7","7B","Biotic, abiotic stress and quality","Biotic, abiotic stress and quality","Quality traits","134.9-139.2",134.9,139.2,"cM","all values < 1000 -> cM","Soriano, J. M., Colasuonno, P., Marcotuli, I., & Gadaleta, A. (2021). Meta-QTL analysis and identification of candidate genes for quality, abiotic and biotic stress in durum wheat. Scientific Reports, 11(1), 11877.","https://doi.org/10.1038/s41598-021-91446-2","MQTL_all traitsV3.0_final",FALSE
"M02950","durumMQTL7B.8","7B","Biotic, abiotic stress and quality","Biotic, abiotic stress and quality","Quality traits","170.7-174.8",170.7,174.8,"cM","all values < 1000 -> cM","Soriano, J. M., Colasuonno, P., Marcotuli, I., & Gadaleta, A. (2021). Meta-QTL analysis and identification of candidate genes for quality, abiotic and biotic stress in durum wheat. Scientific Reports, 11(1), 11877.","https://doi.org/10.1038/s41598-021-91446-2","MQTL_all traitsV3.0_final",FALSE
"M02951","durumMQTL7B.9","7B","Biotic, abiotic stress and quality","Biotic, abiotic stress and quality","Quality traits","206.5-206.6",206.5,206.6,"cM","all values < 1000 -> cM","Soriano, J. M., Colasuonno, P., Marcotuli, I., & Gadaleta, A. (2021). Meta-QTL analysis and identification of candidate genes for quality, abiotic and biotic stress in durum wheat. Scientific Reports, 11(1), 11877.","https://doi.org/10.1038/s41598-021-91446-2","MQTL_all traitsV3.0_final",FALSE
"M02971","MQTL_2A_2","2A","Copper","Grain Cu content","Biofortification","36.87",36.87,36.87,"cM","all values < 1000 -> cM",NA,"https://www.frontiersin.org/journals/plant-science/articles/10.3389/fpls.2021.709817/full","MQTL_all traitsV3.0_final",FALSE
"M02972","MQTL_3D_3","3D","Copper","Grain Cu content","Biofortification","121.94",121.94,121.94,"cM","all values < 1000 -> cM",NA,"https://www.frontiersin.org/journals/plant-science/articles/10.3389/fpls.2021.709817/full","MQTL_all traitsV3.0_final",FALSE
"M02973","MQTL_4A_4","4A","Copper","Grain Cu content","Biofortification","105.92",105.92,105.92,"cM","all values < 1000 -> cM",NA,"https://www.frontiersin.org/journals/plant-science/articles/10.3389/fpls.2021.709817/full","MQTL_all traitsV3.0_final",FALSE
"M02974","MQTL_4A_5","4A","Copper","Grain Cu content","Biofortification","135.87",135.87,135.87,"cM","all values < 1000 -> cM",NA,"https://www.frontiersin.org/journals/plant-science/articles/10.3389/fpls.2021.709817/full","MQTL_all traitsV3.0_final",FALSE
"M02975","MQTL_4D_1","4D","Copper","Grain Cu content","Biofortification","17.98",17.98,17.98,"cM","all values < 1000 -> cM",NA,"https://www.frontiersin.org/journals/plant-science/articles/10.3389/fpls.2021.709817/full","MQTL_all traitsV3.0_final",FALSE
"M02976","MQTL_7B_3","7B","Copper","Grain Cu content","Biofortification","83.18",83.18,83.18,"cM","all values < 1000 -> cM",NA,"https://www.frontiersin.org/journals/plant-science/articles/10.3389/fpls.2021.709817/full","MQTL_all traitsV3.0_final",FALSE
"M02977","MQTL_1A_5","1A","Manganese","Grain Mn content","Biofortification","169.72",169.72,169.72,"cM","all values < 1000 -> cM",NA,"https://www.frontiersin.org/journals/plant-science/articles/10.3389/fpls.2021.709817/full","MQTL_all traitsV3.0_final",FALSE
"M02978","MQTL_2A_2","2A","Manganese","Grain Mn content","Biofortification","36.87",36.87,36.87,"cM","all values < 1000 -> cM",NA,"https://www.frontiersin.org/journals/plant-science/articles/10.3389/fpls.2021.709817/full","MQTL_all traitsV3.0_final",FALSE
"M02979","MQTL_2A_7","2A","Manganese","Grain Mn content","Biofortification","146.19",146.19,146.19,"cM","all values < 1000 -> cM",NA,"https://www.frontiersin.org/journals/plant-science/articles/10.3389/fpls.2021.709817/full","MQTL_all traitsV3.0_final",FALSE
"M02980","MQTL_4D_1","4D","Manganese","Grain Mn content","Biofortification","17.98",17.98,17.98,"cM","all values < 1000 -> cM",NA,"https://www.frontiersin.org/journals/plant-science/articles/10.3389/fpls.2021.709817/full","MQTL_all traitsV3.0_final",FALSE
"M02981","MQTL_4D_2","4D","Manganese","Grain Mn content","Biofortification","41",41,41,"cM","all values < 1000 -> cM",NA,"https://www.frontiersin.org/journals/plant-science/articles/10.3389/fpls.2021.709817/full","MQTL_all traitsV3.0_final",FALSE
"M02982","MQTL_4D_3","4D","Manganese","Grain Mn content","Biofortification","100.02",100.02,100.02,"cM","all values < 1000 -> cM",NA,"https://www.frontiersin.org/journals/plant-science/articles/10.3389/fpls.2021.709817/full","MQTL_all traitsV3.0_final",FALSE
"M02983","dicoccoides_MQTL_1A.1","1A","Calcium","Grain calcium concentration","Biofortification","42.79",42.79,42.79,"cM","all values < 1000 -> cM",NA,"https://www.frontiersin.org/journals/plant-science/articles/10.3389/fpls.2024.1305196/full","MQTL_all traitsV3.0_final",FALSE
"M02984","dicoccoides_MQTL_1A.3","1A","Calcium","Grain calcium concentration","Biofortification","86.88",86.88,86.88,"cM","all values < 1000 -> cM",NA,"https://www.frontiersin.org/journals/plant-science/articles/10.3389/fpls.2024.1305196/full","MQTL_all traitsV3.0_final",FALSE
"M02985","dicoccoides_MQTL_4A.2","4A","Calcium","Grain calcium concentration","Biofortification","131.23",131.23,131.23,"cM","all values < 1000 -> cM",NA,"https://www.frontiersin.org/journals/plant-science/articles/10.3389/fpls.2024.1305196/full","MQTL_all traitsV3.0_final",FALSE
"M02986","dicoccoides_MQTL_5B.1","5B","Calcium","Grain calcium concentration","Biofortification","52.54",52.54,52.54,"cM","all values < 1000 -> cM",NA,"https://www.frontiersin.org/journals/plant-science/articles/10.3389/fpls.2024.1305196/full","MQTL_all traitsV3.0_final",FALSE
"M02987","dicoccoides_MQTL_6B.3","6B","Calcium","Grain calcium concentration","Biofortification","140.58",140.58,140.58,"cM","all values < 1000 -> cM",NA,"https://www.frontiersin.org/journals/plant-science/articles/10.3389/fpls.2024.1305196/full","MQTL_all traitsV3.0_final",FALSE
"M02988","dicoccoides_MQTL_2B.2","2B","Copper","Grain copper concentration","Biofortification","123.8",123.8,123.8,"cM","all values < 1000 -> cM",NA,"https://www.frontiersin.org/journals/plant-science/articles/10.3389/fpls.2024.1305196/full","MQTL_all traitsV3.0_final",FALSE
"M02989","dicoccoides_MQTL_4A.2","4A","Copper","Grain copper concentration","Biofortification","131.23",131.23,131.23,"cM","all values < 1000 -> cM",NA,"https://www.frontiersin.org/journals/plant-science/articles/10.3389/fpls.2024.1305196/full","MQTL_all traitsV3.0_final",FALSE
"M02990","dicoccoides_MQTL_4B.1","4B","Copper","Grain copper concentration","Biofortification","16.38",16.38,16.38,"cM","all values < 1000 -> cM",NA,"https://www.frontiersin.org/journals/plant-science/articles/10.3389/fpls.2024.1305196/full","MQTL_all traitsV3.0_final",FALSE
"M02991","dicoccoides_MQTL_5B.1","5B","Copper","Grain copper concentration","Biofortification","52.54",52.54,52.54,"cM","all values < 1000 -> cM",NA,"https://www.frontiersin.org/journals/plant-science/articles/10.3389/fpls.2024.1305196/full","MQTL_all traitsV3.0_final",FALSE
"M02992","dicoccoides_MQTL_7A.2","7A","Copper","Grain copper concentration","Biofortification","132.57",132.57,132.57,"cM","all values < 1000 -> cM",NA,"https://www.frontiersin.org/journals/plant-science/articles/10.3389/fpls.2024.1305196/full","MQTL_all traitsV3.0_final",FALSE
"M02993","dicoccoides_MQTL_1A.4","1A","Potassium","Grain potassium concentration","Biofortification","114.91",114.91,114.91,"cM","all values < 1000 -> cM",NA,"https://www.frontiersin.org/journals/plant-science/articles/10.3389/fpls.2024.1305196/full","MQTL_all traitsV3.0_final",FALSE
"M02994","dicoccoides_MQTL_2A.4","2A","Potassium","Grain potassium concentration","Biofortification","161.03",161.03,161.03,"cM","all values < 1000 -> cM",NA,"https://www.frontiersin.org/journals/plant-science/articles/10.3389/fpls.2024.1305196/full","MQTL_all traitsV3.0_final",FALSE
"M02995","dicoccoides_MQTL_4B.1","4B","Potassium","Grain potassium concentration","Biofortification","16.38",16.38,16.38,"cM","all values < 1000 -> cM",NA,"https://www.frontiersin.org/journals/plant-science/articles/10.3389/fpls.2024.1305196/full","MQTL_all traitsV3.0_final",FALSE
"M02996","dicoccoides_MQTL_2A.2","2A","Magnesium","Grain magnesium concentration","Other","114.57",114.57,114.57,"cM","all values < 1000 -> cM",NA,"https://www.frontiersin.org/journals/plant-science/articles/10.3389/fpls.2024.1305196/full","MQTL_all traitsV3.0_final",FALSE
"M02997","dicoccoides_MQTL_2B.4","2B","Magnesium","Grain magnesium concentration","Other","156.7",156.7,156.7,"cM","all values < 1000 -> cM",NA,"https://www.frontiersin.org/journals/plant-science/articles/10.3389/fpls.2024.1305196/full","MQTL_all traitsV3.0_final",FALSE
"M02998","dicoccoides_MQTL_3A.2","3A","Magnesium","Grain magnesium concentration","Other","74.35",74.35,74.35,"cM","all values < 1000 -> cM",NA,"https://www.frontiersin.org/journals/plant-science/articles/10.3389/fpls.2024.1305196/full","MQTL_all traitsV3.0_final",FALSE
"M02999","dicoccoides_MQTL_5B.3","5B","Magnesium","Grain magnesium concentration","Other","142.43",142.43,142.43,"cM","all values < 1000 -> cM",NA,"https://www.frontiersin.org/journals/plant-science/articles/10.3389/fpls.2024.1305196/full","MQTL_all traitsV3.0_final",FALSE
"M03000","dicoccoides_MQTL_6B.3","6B","Magnesium","Grain magnesium concentration","Other","140.58",140.58,140.58,"cM","all values < 1000 -> cM",NA,"https://www.frontiersin.org/journals/plant-science/articles/10.3389/fpls.2024.1305196/full","MQTL_all traitsV3.0_final",FALSE
"M03001","dicoccoides_MQTL_7B.3","7B","Magnesium","Grain magnesium concentration","Other","129.11",129.11,129.11,"cM","all values < 1000 -> cM",NA,"https://www.frontiersin.org/journals/plant-science/articles/10.3389/fpls.2024.1305196/full","MQTL_all traitsV3.0_final",FALSE
"M03002","dicoccoides_MQTL_3A.2","3A","Manganese","Grain manganese concentration","Biofortification","74.35",74.35,74.35,"cM","all values < 1000 -> cM",NA,"https://www.frontiersin.org/journals/plant-science/articles/10.3389/fpls.2024.1305196/full","MQTL_all traitsV3.0_final",FALSE
"M03003","dicoccoides_MQTL_3B.1","3B","Manganese","Grain manganese concentration","Biofortification","85.86",85.86,85.86,"cM","all values < 1000 -> cM",NA,"https://www.frontiersin.org/journals/plant-science/articles/10.3389/fpls.2024.1305196/full","MQTL_all traitsV3.0_final",FALSE
"M03004","dicoccoides_MQTL_1A.3","1A","Phosphorus","Grain phosphorus concentration","Biofortification","86.88",86.88,86.88,"cM","all values < 1000 -> cM",NA,"https://www.frontiersin.org/journals/plant-science/articles/10.3389/fpls.2024.1305196/full","MQTL_all traitsV3.0_final",FALSE
"M03005","dicoccoides_MQTL_4A.2","4A","Phosphorus","Grain phosphorus concentration","Biofortification","131.23",131.23,131.23,"cM","all values < 1000 -> cM",NA,"https://www.frontiersin.org/journals/plant-science/articles/10.3389/fpls.2024.1305196/full","MQTL_all traitsV3.0_final",FALSE
"M03006","dicoccoides_MQTL_4B.2","4B","Phosphorus","Grain phosphorus concentration","Biofortification","78.98",78.98,78.98,"cM","all values < 1000 -> cM",NA,"https://www.frontiersin.org/journals/plant-science/articles/10.3389/fpls.2024.1305196/full","MQTL_all traitsV3.0_final",FALSE
"M03007","dicoccoides_MQTL_2A.3","2A","Sulfur","Grain sulfur concentration","Biofortification","139.34",139.34,139.34,"cM","all values < 1000 -> cM",NA,"https://www.frontiersin.org/journals/plant-science/articles/10.3389/fpls.2024.1305196/full","MQTL_all traitsV3.0_final",FALSE
"M03008","dicoccoides_MQTL_3A.1","3A","Sulfur","Grain sulfur concentration","Biofortification","50.3",50.3,50.3,"cM","all values < 1000 -> cM",NA,"https://www.frontiersin.org/journals/plant-science/articles/10.3389/fpls.2024.1305196/full","MQTL_all traitsV3.0_final",FALSE
"M03009","dicoccoides_MQTL_3A.2","3A","Sulfur","Grain sulfur concentration","Biofortification","74.35",74.35,74.35,"cM","all values < 1000 -> cM",NA,"https://www.frontiersin.org/journals/plant-science/articles/10.3389/fpls.2024.1305196/full","MQTL_all traitsV3.0_final",FALSE
"M03010","dicoccoides_MQTL_3A.3","3A","Sulfur","Grain sulfur concentration","Biofortification","100.25",100.25,100.25,"cM","all values < 1000 -> cM",NA,"https://www.frontiersin.org/journals/plant-science/articles/10.3389/fpls.2024.1305196/full","MQTL_all traitsV3.0_final",FALSE
"M03011","dicoccoides_MQTL_4A.2","4A","Sulfur","Grain sulfur concentration","Biofortification","131.23",131.23,131.23,"cM","all values < 1000 -> cM",NA,"https://www.frontiersin.org/journals/plant-science/articles/10.3389/fpls.2024.1305196/full","MQTL_all traitsV3.0_final",FALSE
"M03012","dicoccoides_MQTL_5A.4","5A","Sulfur","Grain sulfur concentration","Biofortification","142.55",142.55,142.55,"cM","all values < 1000 -> cM",NA,"https://www.frontiersin.org/journals/plant-science/articles/10.3389/fpls.2024.1305196/full","MQTL_all traitsV3.0_final",FALSE
"M03013","dicoccoides_MQTL_5B.1","5B","Sulfur","Grain sulfur concentration","Biofortification","52.54",52.54,52.54,"cM","all values < 1000 -> cM",NA,"https://www.frontiersin.org/journals/plant-science/articles/10.3389/fpls.2024.1305196/full","MQTL_all traitsV3.0_final",FALSE
"M03014","dicoccoides_MQTL_5B.2","5B","Sulfur","Grain sulfur concentration","Biofortification","123.74",123.74,123.74,"cM","all values < 1000 -> cM",NA,"https://www.frontiersin.org/journals/plant-science/articles/10.3389/fpls.2024.1305196/full","MQTL_all traitsV3.0_final",FALSE
"M03015","dicoccoides_MQTL_5B.3","5B","Sulfur","Grain sulfur concentration","Biofortification","142.43",142.43,142.43,"cM","all values < 1000 -> cM",NA,"https://www.frontiersin.org/journals/plant-science/articles/10.3389/fpls.2024.1305196/full","MQTL_all traitsV3.0_final",FALSE
"M03016","dicoccoides_MQTL_6B.1","6B","Sulfur","Grain sulfur concentration","Biofortification","52.19",52.19,52.19,"cM","all values < 1000 -> cM",NA,"https://www.frontiersin.org/journals/plant-science/articles/10.3389/fpls.2024.1305196/full","MQTL_all traitsV3.0_final",FALSE
"M03017","dicoccoides_MQTL_7A.2","7A","Sulfur","Grain sulfur concentration","Biofortification","132.57",132.57,132.57,"cM","all values < 1000 -> cM",NA,"https://www.frontiersin.org/journals/plant-science/articles/10.3389/fpls.2024.1305196/full","MQTL_all traitsV3.0_final",FALSE
"M03018","dicoccoides_MQTL_7B.3","7B","Sulfur","Grain sulfur concentration","Biofortification","129.11",129.11,129.11,"cM","all values < 1000 -> cM",NA,"https://www.frontiersin.org/journals/plant-science/articles/10.3389/fpls.2024.1305196/full","MQTL_all traitsV3.0_final",FALSE
