id,species,trait,parameter,cross,population,method,qtl1,chromosome1,position_interval1,markers1,qtl2,chromosome2,position_interval2,markers2,lod,pve,reference,doi,source_file
E00001,Triticum durum,Yield,Thousand grain weight,QTgw.cerz-1AS.1,1A,0.0-5.5,Bla-wmc95,1B,1B,gwm273-wmc626,,1B,,gwm273-wmc626,,,,2017,Epistatic QTLs_v3.0
E00002,Triticum durum,Yield,Thousand grain weight,QTgw.cerz-5BL.2,5B,131.9-140.9,barc232-wmc28,7B,7B,wmc396-barc278,,7B,,wmc396-barc278,,,,2017,Epistatic QTLs_v3.0
E00003,Triticum durum,Yield,Plant height,QPh.cerz-1BL.2,1B,133.1-145.4,wg241-ksm176,3A,3A,gwm369-wmc50,,3A,,gwm369-wmc50,,,,2017,Epistatic QTLs_v3.0
E00004,Triticum durum,Yield,Plant height,QPh.cerz-6BL,6B,136.2-138.7,wmc62-barc134,7B,7B,gwm46-barc23,,7B,,gwm46-barc23,,,,2017,Epistatic QTLs_v3.0
E00005,Triticum durum,Yield,Peduncle length,QPdL.cerz-5AL.3,5A,191.8-197.7,gwm179-wmc727,7B,7B,Psy-B1-cfa2257,,7B,,Psy-B1-cfa2257,,,,2017,Epistatic QTLs_v3.0
E00006,Triticum durum,Yield,Peduncle length,QPdL.cerz-5BL,5B,41.2-54.5,gwm371-barc331,6B,6B,ksm45-gwm613,,6B,,ksm45-gwm613,,,,2017,Epistatic QTLs_v3.0
E00007,Triticum durum,Yield,Harvest index,QHi.cerz-1AL.1,1A,76.4-89.3,gwm135-BM140362_603,7A,7A,gwm635-barc70,,7A,,gwm635-barc70,,,,2017,Epistatic QTLs_v3.0
E00008,Triticum durum,Yield,Spikelets per spike,QSne.cerz-1BS,1B,35.1-40.1,wmc626-wmc85,4B,4B,BE446304_110-ksm62,,4B,,BE446304_110-ksm62,,,,2017,Epistatic QTLs_v3.0
E00009,Triticum durum,Yield,Spikelets per spike,QSne.cerz-1BL.1,1B,46.4-57.1,BE443797_436-barc302,6A,6A,CD491758_81-barc146,,6A,,CD491758_81-barc146,,,,2017,Epistatic QTLs_v3.0
E00010,Triticum durum,Yield,Spikelets per spike,QSne.cerz-1BL.2,1B,123.6-143.6,psr162-wg241,4B,4B,BE446304_110-ksm62,,4B,,BE446304_110-ksm62,,,,2017,Epistatic QTLs_v3.0
E00011,Triticum durum,Yield,Spikelets per spike,e QSne.cerz-4AL.3,4A,49.8-67.8,wmc258-wmc718,5B,5B,barc142-wmc160,,5B,,barc142-wmc160,,,,2017,Epistatic QTLs_v3.0
E00012,Triticum durum,Yield,Fertile spikelets per spike,QFse.cerz-1AL,1A,102.1-112.6,cfa2129-dupw38,7B,7B,wmc323-barc279,,7B,,wmc323-barc279,,,,2017,Epistatic QTLs_v3.0
E00013,Triticum durum,Yield,Grain weight per spike,QGwe.cerz-2AL,2A,65.8-70.0,gwm275-gwm515,4B,4B,gwm495-wmc657,,4B,,gwm495-wmc657,,,,2017,Epistatic QTLs_v3.0
E00014,Triticum durum,Yield,Grain number per fertile spikelet,QGnfs.cerz-1BL,1B,69.3-79.8,barc181-Glu-B1,5A,5A,wmc577-gwm179,,5A,,wmc577-gwm179,,,,2017,Epistatic QTLs_v3.0
E00015,Triticum durum,Yield,Grain number per fertile spikelet,QGnfs.cerz-6BS.1,6B,0.0-12.1,gwm613-barc14,7A,7A,barc282-BQ170462_176,,7A,,barc282-BQ170462_176,,,,2017,Epistatic QTLs_v3.0
E00016,Triticum durum,Yield,Grain number per total spikelets,QGnts.cerz-2AS,2A,66.3-71.0,gwm275-gwm515,3B,3B,gwm493-cfd79,,3B,,gwm493-cfd79,,,,2017,Epistatic QTLs_v3.0
E00017,Triticum durum,Yield,Grain number per total spikelets,QGnts.cerz-2AS,2A,72.8-79.0,gwm249-gwm71,3B,3B,cfd79-ksm45,,3B,,cfd79-ksm45,,,,2017,Epistatic QTLs_v3.0
E00018,Triticum durum,Yield,Yield,QYld.cerz-1AS,1A,23.8-31.9,wmc329-wmc24,6A,6A,barc118-barc107,,6A,,barc118-barc107,,,,2017,Epistatic QTLs_v3.0
E00019,Triticum durum,Yield,Spikes per square meter,QSsm.cerz-1AS,1A,16.5-24.3,wmc95-wmc329,4B,4B,cfd39-wmc47,,4B,,cfd39-wmc47,,,,2017,Epistatic QTLs_v3.0
E00020,Triticum durum,Yield,Spikes per plant,QSnp.cerz-3AS.2,3A,17.3-30.0,gwm369-wmc50,3B,3B,gwm285-ksm151,,3B,,gwm285-ksm151,,,,2017,Epistatic QTLs_v3.0
E00021,Triticum durum,Yield,Spikes per plant,QSnp.cerz-3AS.2,3A,17.3-30.0,gwm369-wmc50,3B,3B,cfd79-ksm45,,3B,,cfd79-ksm45,,,,2017,Epistatic QTLs_v3.0
E00022,Triticum durum,Yield,Grain number per plant,QGnp.cerz-3AS.2,3A,20.3-29.5,gwm369-wmc50,3B,3B,gwm285-ksm151,,3B,,gwm285-ksm151,,,,2017,Epistatic QTLs_v3.0
E00023,Triticum durum,Yield,Grain number per plant,QGnp.cerz-3AS.2,3A,20.3-29.5,gwm369-wmc50,3B,3B,cfd79-ksm45,,3B,,cfd79-ksm45,,,,2017,Epistatic QTLs_v3.0
E00024,Triticum durum,Yield,Grain weight per plant,QGwp.cerz-3AS.2,3A,19.3-35.5,gwm369-wmc50,3B,3B,gwm285-ksm151,,3B,,gwm285-ksm151,,,,2017,Epistatic QTLs_v3.0
E00025,Triticum durum,Yield,Grain weight per plant,QGwp.cerz-3AS.2,3A,19.3-35.5,gwm369-wmc50,3B,3B,ksm45-wmc43,,3B,,ksm45-wmc43,,,,2017,Epistatic QTLs_v3.0
E00026,Triticum durum,Yield,Biomass per plant,QBpp.cerz-3AS.2,3A,18.3-35.0,wmc50-cfa2163,3B,3B,ksm45-wmc43,,3B,,ksm45-wmc43,,,,2017,Epistatic QTLs_v3.0
E00027,Triticum durum,Yield,Biomass per plant,QBpp.cerz-3AS.2,3A,16.3-33.0,wmc505-barc359,3B,3B,gwm285-ksm151,,3B,,gwm285-ksm151,,,,2017,Epistatic QTLs_v3.0
E00028,Triticum durum,Yield,Days to heading,QHd.cerz-3AL.1,3A,48.3-53.4,ksm28-wmc428,7A,7A,gwm635-barc70,,7A,,gwm635-barc70,,,,2017,Epistatic QTLs_v3.0
E00029,Triticum durum,Yield,Days to heading,QHd.cerz-3AL.2,3A,117.7-130.7,BF293500_113-cfa2193,3B,3B,gwm285-ksm151,,3B,,gwm285-ksm151,,,,2017,Epistatic QTLs_v3.0
E00030,Triticum durum,Yield,Days to heading,QHd.cerz-3BL.2,3B,118.8-128.8,BQ159467_233-barc164,4B,4B,ksm62-gwm113,,4B,,ksm62-gwm113,,,,2017,Epistatic QTLs_v3.0
E00031,Triticum durum,Yield,Days to flowering,QFlt.cerz-1AS.1,1A,0.0-6.0,Bla-wmc95,4A,4A,wmc617a-dupw4,,4A,,wmc617a-dupw4,,,,2017,Epistatic QTLs_v3.0
E00032,Triticum durum,Yield,Days to flowering,QFlt.cerz-1AS.1,1A,0.0-6.0,Bla-wmc95,1B,1B,psr162-wg241,,1B,,psr162-wg241,,,,2017,Epistatic QTLs_v3.0
E00033,Triticum durum,Yield,Days to flowering,QFlt.cerz-2BS.2,2B,43.2-56.6,gwm410-wmc167,4B,4B,barc337-gwm540,,4B,,barc337-gwm540,,,,2017,Epistatic QTLs_v3.0
E00034,Triticum aestivum,Yield,biomass,TAM113 and Gallagher,191 recombinant inbred line,ICIM,20EMN_19BSP_21BD,3B,150,chr3B_559428575/chr3B_628777199,,3B,,chr3B_559428575/chr3B_628777199,,,,https://www.mdpi.com/2073-4395/13/9/2402/,Epistatic QTLs_v3.0
E00035,Triticum aestivum,Yield,biomass,TAM113 and Gallagher,191 recombinant inbred line,ICIM,20EMN_19BSP_21BD,1B,95,chr1B_678416889/chr1B_679124965,,1B,,chr1B_678416889/chr1B_679124965,,,,https://www.mdpi.com/2073-4395/13/9/2402/,Epistatic QTLs_v3.0
E00036,Triticum aestivum,Yield,biomass,TAM113 and Gallagher,191 recombinant inbred line,ICIM,20EMN_19BSP_21BD,7A,255,chr7A_662650085/chr7A_696982334,,7A,,chr7A_662650085/chr7A_696982334,,,,https://www.mdpi.com/2073-4395/13/9/2402/,Epistatic QTLs_v3.0
E00037,Triticum aestivum,Yield,biomass,TAM113 and Gallagher,191 recombinant inbred line,ICIM,20EMN_19BSP_21BD,1D,40,chr1D_301131969/chr1D_303554280,,1D,,chr1D_301131969/chr1D_303554280,,,,https://www.mdpi.com/2073-4395/13/9/2402/,Epistatic QTLs_v3.0
E00038,Triticum aestivum,Yield,biomass,TAM113 and Gallagher,191 recombinant inbred line,ICIM,20EMN_19BSP_21BD,5A,195,chr5A_678268974/chr5A_680669630,,5A,,chr5A_678268974/chr5A_680669630,,,,https://www.mdpi.com/2073-4395/13/9/2402/,Epistatic QTLs_v3.0
E00039,Triticum aestivum,Yield,biomass,TAM113 and Gallagher,191 recombinant inbred line,ICIM,20EMN_19BSP_21BD,2A,65,chr2A_728790740/chr2A_726859063,,2A,,chr2A_728790740/chr2A_726859063,,,,https://www.mdpi.com/2073-4395/13/9/2402/,Epistatic QTLs_v3.0
E00040,Triticum aestivum,Yield,biomass,TAM113 and Gallagher,191 recombinant inbred line,ICIM,20EMN_19BSP_21BD,2D,145,chr2D_426432725/chr2D_428762613,,2D,,chr2D_426432725/chr2D_428762613,,,,https://www.mdpi.com/2073-4395/13/9/2402/,Epistatic QTLs_v3.0
E00041,Triticum aestivum,Yield,biomass,TAM113 and Gallagher,191 recombinant inbred line,ICIM,20EMN_19BSP_21BD,5B,5,chr5B_6649988/chr5B_7080677,,5B,,chr5B_6649988/chr5B_7080677,,,,https://www.mdpi.com/2073-4395/13/9/2402/,Epistatic QTLs_v3.0
E00042,Triticum aestivum,Yield,biomass,TAM113 and Gallagher,191 recombinant inbred line,ICIM,20EMN_19BSP_21BD,1D,10,chr1D_16671624/chr1D_16816036,,1D,,chr1D_16671624/chr1D_16816036,,,,https://www.mdpi.com/2073-4395/13/9/2402/,Epistatic QTLs_v3.0
E00043,Triticum aestivum,Yield,biomass,TAM113 and Gallagher,191 recombinant inbred line,ICIM,20EMN_19BSP_21BD,3D,25,chr3D_23877742/chr3D_26681972,,3D,,chr3D_23877742/chr3D_26681972,,,,https://www.mdpi.com/2073-4395/13/9/2402/,Epistatic QTLs_v3.0
E00044,Triticum aestivum,Yield,biomass,TAM113 and Gallagher,191 recombinant inbred line,ICIM,20EMN_19BSP_21BD,7B,165,chr7B_730172104/chr7B_730376977,,7B,,chr7B_730172104/chr7B_730376977,,,,https://www.mdpi.com/2073-4395/13/9/2402/,Epistatic QTLs_v3.0
E00045,Triticum aestivum,Yield,biomass,TAM113 and Gallagher,191 recombinant inbred line,ICIM,20EMN_19BSP_21BD,7B,40,chr7B_60823527/chr7B_593077776,,7B,,chr7B_60823527/chr7B_593077776,,,,https://www.mdpi.com/2073-4395/13/9/2402/,Epistatic QTLs_v3.0
E00046,Triticum aestivum,Yield,biomass,TAM113 and Gallagher,191 recombinant inbred line,ICIM,20EMN_19BSP_21BD,3D,0,chr3D_7660946/chr3D_7444247,,3D,,chr3D_7660946/chr3D_7444247,,,,https://www.mdpi.com/2073-4395/13/9/2402/,Epistatic QTLs_v3.0
E00047,Triticum aestivum,Yield,biomass,TAM113 and Gallagher,191 recombinant inbred line,ICIM,20EMN_19BSP_21BD,5D,100,chr5D_544969068/chr5D_548098187,,5D,,chr5D_544969068/chr5D_548098187,,,,https://www.mdpi.com/2073-4395/13/9/2402/,Epistatic QTLs_v3.0
E00048,Triticum aestivum,Yield,biomass,TAM113 and Gallagher,191 recombinant inbred line,ICIM,20EMN_19BSP_21BD,6B,80,chr6B_678933885/chr6B_680796428,,6B,,chr6B_678933885/chr6B_680796428,,,,https://www.mdpi.com/2073-4395/13/9/2402/,Epistatic QTLs_v3.0
E00049,Triticum aestivum,Yield,biomass,TAM113 and Gallagher,191 recombinant inbred line,ICIM,20EMN_19BSP_21BD,6B,75,chr6B_669889425/chr6B_673765895,,6B,,chr6B_669889425/chr6B_673765895,,,,https://www.mdpi.com/2073-4395/13/9/2402/,Epistatic QTLs_v3.0
E00050,Triticum aestivum,Yield,biomass,TAM113 and Gallagher,191 recombinant inbred line,ICIM,20EMN_19BSP_21BD,5B,145,chr5B_382947770/chr5B_399399033,,5B,,chr5B_382947770/chr5B_399399033,,,,https://www.mdpi.com/2073-4395/13/9/2402/,Epistatic QTLs_v3.0
E00051,Triticum aestivum,Yield,biomass,TAM113 and Gallagher,191 recombinant inbred line,ICIM,20EMN_19BSP_21BD,7A,50,chr7A_40405343/chr7A_42897888,,7A,,chr7A_40405343/chr7A_42897888,,,,https://www.mdpi.com/2073-4395/13/9/2402/,Epistatic QTLs_v3.0
E00052,Triticum aestivum,Yield,biomass grain yield,TAM113 and Gallagher,191 recombinant inbred line,ICIM,19BSP_20EMN_21BD,4A,375,chr4A_708146969/chr4A_714382901,,4A,,chr4A_708146969/chr4A_714382901,,,,https://www.mdpi.com/2073-4395/13/9/2402/,Epistatic QTLs_v3.0
E00053,Triticum aestivum,Yield,biomass grain yield,TAM113 and Gallagher,191 recombinant inbred line,ICIM,19BSP_20EMN_21BD,2D,95,chr2D_70127303/chr2D_70947210,,2D,,chr2D_70127303/chr2D_70947210,,,,https://www.mdpi.com/2073-4395/13/9/2402/,Epistatic QTLs_v3.0
E00054,Triticum aestivum,Yield,biomass grain yield,TAM113 and Gallagher,191 recombinant inbred line,ICIM,19BSP_20EMN_21BD,3D,35,chr3D_31776886/chr3D_441466121,,3D,,chr3D_31776886/chr3D_441466121,,,,https://www.mdpi.com/2073-4395/13/9/2402/,Epistatic QTLs_v3.0
E00055,Triticum aestivum,Yield,biomass grain yield,TAM113 and Gallagher,191 recombinant inbred line,ICIM,19BSP_20EMN_21BD,3A,35,chr3A_9527557/chr3A_20395026,,3A,,chr3A_9527557/chr3A_20395026,,,,https://www.mdpi.com/2073-4395/13/9/2402/,Epistatic QTLs_v3.0
E00056,Triticum aestivum,Yield,biomass grain yield,TAM113 and Gallagher,191 recombinant inbred line,ICIM,19BSP_20EMN_21BD,4B,370,chr4B_667257525/chr4B_667890569,,4B,,chr4B_667257525/chr4B_667890569,,,,https://www.mdpi.com/2073-4395/13/9/2402/,Epistatic QTLs_v3.0
E00057,Triticum aestivum,Yield,biomass grain yield,TAM113 and Gallagher,191 recombinant inbred line,ICIM,19BSP_20EMN_21BD,3B,110,chr3B_563291707/chr3B_567543315,,3B,,chr3B_563291707/chr3B_567543315,,,,https://www.mdpi.com/2073-4395/13/9/2402/,Epistatic QTLs_v3.0
E00058,Triticum aestivum,Yield,biomass grain yield,TAM113 and Gallagher,191 recombinant inbred line,ICIM,19BSP_20EMN_21BD,4A,335,chr4A_693036830/chr4A_693357192,,4A,,chr4A_693036830/chr4A_693357192,,,,https://www.mdpi.com/2073-4395/13/9/2402/,Epistatic QTLs_v3.0
E00059,Triticum aestivum,Yield,biomass grain yield,TAM113 and Gallagher,191 recombinant inbred line,ICIM,19BSP_20EMN_21BD,2A,65,chr2A_728790740/chr2A_726859063,,2A,,chr2A_728790740/chr2A_726859063,,,,https://www.mdpi.com/2073-4395/13/9/2402/,Epistatic QTLs_v3.0
E00060,Triticum aestivum,Yield,biomass grain yield,TAM113 and Gallagher,191 recombinant inbred line,ICIM,19BSP_20EMN_21BD,1A,45,chr1A_24247163/chr1A_25703987,,1A,,chr1A_24247163/chr1A_25703987,,,,https://www.mdpi.com/2073-4395/13/9/2402/,Epistatic QTLs_v3.0
E00061,Triticum aestivum,Yield,biomass grain yield,TAM113 and Gallagher,191 recombinant inbred line,ICIM,19BSP_20EMN_21BD,4B,20,chr4B_15261494/chr4B_15754013,,4B,,chr4B_15261494/chr4B_15754013,,,,https://www.mdpi.com/2073-4395/13/9/2402/,Epistatic QTLs_v3.0
E00062,Triticum aestivum,Yield,biomass grain yield,TAM113 and Gallagher,191 recombinant inbred line,ICIM,19BSP_20EMN_21BD,1A,20,chr1A_15513003/chr1A_15422767,,1A,,chr1A_15513003/chr1A_15422767,,,,https://www.mdpi.com/2073-4395/13/9/2402/,Epistatic QTLs_v3.0
E00063,Triticum aestivum,Yield,biomass grain yield,TAM113 and Gallagher,191 recombinant inbred line,ICIM,19BSP_20EMN_21BD,2A,225,chr2A_1241354/chr2A_2638650,,2A,,chr2A_1241354/chr2A_2638650,,,,https://www.mdpi.com/2073-4395/13/9/2402/,Epistatic QTLs_v3.0
E00064,Triticum aestivum,Yield,biomass grain yield,TAM113 and Gallagher,191 recombinant inbred line,ICIM,19BSP_20EMN_21BD,2D,120,chr2D_154407178/chr2D_147156276,,2D,,chr2D_154407178/chr2D_147156276,,,,https://www.mdpi.com/2073-4395/13/9/2402/,Epistatic QTLs_v3.0
E00065,Triticum aestivum,Yield,biomass grain yield,TAM113 and Gallagher,191 recombinant inbred line,ICIM,19BSP_20EMN_21BD,5B,115,chr5B_697609285/chr5B_695755391,,5B,,chr5B_697609285/chr5B_695755391,,,,https://www.mdpi.com/2073-4395/13/9/2402/,Epistatic QTLs_v3.0
E00066,Triticum aestivum,Yield,biomass grain yield,TAM113 and Gallagher,191 recombinant inbred line,ICIM,19BSP_20EMN_21BD,4B,315,chr4B_649679432/chr4B_656219346,,4B,,chr4B_649679432/chr4B_656219346,,,,https://www.mdpi.com/2073-4395/13/9/2402/,Epistatic QTLs_v3.0
E00067,Triticum aestivum,Yield,biomass grain yield,TAM113 and Gallagher,191 recombinant inbred line,ICIM,19BSP_20EMN_21BD,3B,255,chr3B_751010908/chr3B_751011980,,3B,,chr3B_751010908/chr3B_751011980,,,,https://www.mdpi.com/2073-4395/13/9/2402/,Epistatic QTLs_v3.0
E00068,Triticum aestivum,Yield,biomass grain yield,TAM113 and Gallagher,191 recombinant inbred line,ICIM,19BSP_20EMN_21BD,4A,25,chr4A_36176781/chr4A_36414430,,4A,,chr4A_36176781/chr4A_36414430,,,,https://www.mdpi.com/2073-4395/13/9/2402/,Epistatic QTLs_v3.0
E00069,Triticum aestivum,Yield,biomass grain yield,TAM113 and Gallagher,191 recombinant inbred line,ICIM,19BSP_20EMN_21BD,3D,25,chr3D_23877742/chr3D_26681972,,3D,,chr3D_23877742/chr3D_26681972,,,,https://www.mdpi.com/2073-4395/13/9/2402/,Epistatic QTLs_v3.0
E00070,Triticum aestivum,Yield,biomass grain yield,TAM113 and Gallagher,191 recombinant inbred line,ICIM,19BSP_20EMN_21BD,4A,80,chr4A_553781412/chr4A_563155559,,4A,,chr4A_553781412/chr4A_563155559,,,,https://www.mdpi.com/2073-4395/13/9/2402/,Epistatic QTLs_v3.0
E00071,Triticum aestivum,Yield,biomass grain yield,TAM113 and Gallagher,191 recombinant inbred line,ICIM,19BSP_20EMN_21BD,1A,75,chr1A_35726856/chr1A_41785585,,1A,,chr1A_35726856/chr1A_41785585,,,,https://www.mdpi.com/2073-4395/13/9/2402/,Epistatic QTLs_v3.0
E00072,Triticum aestivum,Yield,biomass grain yield,TAM113 and Gallagher,191 recombinant inbred line,ICIM,19BSP_20EMN_21BD,3B,15,chr3B_14266940/chr3B_18427345,,3B,,chr3B_14266940/chr3B_18427345,,,,https://www.mdpi.com/2073-4395/13/9/2402/,Epistatic QTLs_v3.0
E00073,Triticum aestivum,Yield,biomass grain yield,TAM113 and Gallagher,191 recombinant inbred line,ICIM,19BSP_20EMN_21BD,2B,245,chr2B_754152973/chr2B_754568796,,2B,,chr2B_754152973/chr2B_754568796,,,,https://www.mdpi.com/2073-4395/13/9/2402/,Epistatic QTLs_v3.0
E00074,Triticum aestivum,Yield,biomass grain yield,TAM113 and Gallagher,191 recombinant inbred line,ICIM,19BSP_20EMN_21BD,2D,90,chr2D_62979427/chr2D_67401679,,2D,,chr2D_62979427/chr2D_67401679,,,,https://www.mdpi.com/2073-4395/13/9/2402/,Epistatic QTLs_v3.0
E00075,Triticum aestivum,Yield,biomass grain yield,TAM113 and Gallagher,191 recombinant inbred line,ICIM,19BSP_20EMN_21BD,2B,25,chr2B_18326111-chr2B_18359423,,2B,,chr2B_18326111-chr2B_18359423,,,,https://www.mdpi.com/2073-4395/13/9/2402/,Epistatic QTLs_v3.0
E00076,Triticum aestivum,Yield,biomass grain yield,TAM113 and Gallagher,191 recombinant inbred line,ICIM,19BSP_20EMN_21BD,6A,10,chr6A_17922624-chr6A_17933319,,6A,,chr6A_17922624-chr6A_17933319,,,,https://www.mdpi.com/2073-4395/13/9/2402/,Epistatic QTLs_v3.0
E00077,Triticum aestivum,Yield,biomass grain yield,TAM113 and Gallagher,191 recombinant inbred line,ICIM,19BSP_20EMN_21BD,4A,100,chr4A_514116271-chr4A_493868671,,4A,,chr4A_514116271-chr4A_493868671,,,,https://www.mdpi.com/2073-4395/13/9/2402/,Epistatic QTLs_v3.0
E00078,Triticum aestivum,Yield,biomass grain yield,TAM113 and Gallagher,191 recombinant inbred line,ICIM,19BSP_20EMN_21BD,5B,5,chr5B_6649988-chr5B_7080677,,5B,,chr5B_6649988-chr5B_7080677,,,,https://www.mdpi.com/2073-4395/13/9/2402/,Epistatic QTLs_v3.0
E00079,Triticum aestivum,Yield,biomass grain yield,TAM113 and Gallagher,191 recombinant inbred line,ICIM,19BSP_20EMN_21BD,4A,315,chr4A_648148606-chr4A_647841082,,4A,,chr4A_648148606-chr4A_647841082,,,,https://www.mdpi.com/2073-4395/13/9/2402/,Epistatic QTLs_v3.0
E00080,Triticum aestivum,Yield,biomass grain yield,TAM113 and Gallagher,191 recombinant inbred line,ICIM,19BSP_20EMN_21BD,1D,25,chr1D_30188922-chr1D_37284558,,1D,,chr1D_30188922-chr1D_37284558,,,,https://www.mdpi.com/2073-4395/13/9/2402/,Epistatic QTLs_v3.0
E00081,Triticum aestivum,Yield,biomass grain yield,TAM113 and Gallagher,191 recombinant inbred line,ICIM,19BSP_20EMN_21BD,2D,145,chr2D_426432725-chr2D_428762613,,2D,,chr2D_426432725-chr2D_428762613,,,,https://www.mdpi.com/2073-4395/13/9/2402/,Epistatic QTLs_v3.0
E00082,Triticum aestivum,Yield,biomass grain yield,TAM113 and Gallagher,191 recombinant inbred line,ICIM,19BSP_20EMN_21BD,5B,115,chr5B_103739952-chr5B_206655342,,5B,,chr5B_103739952-chr5B_206655342,,,,https://www.mdpi.com/2073-4395/13/9/2402/,Epistatic QTLs_v3.0
E00083,Triticum aestivum,Yield,biomass grain yield,TAM113 and Gallagher,191 recombinant inbred line,ICIM,19BSP_20EMN_21BD,3D,60,chr3D_461076519-chr3D_460784968,,3D,,chr3D_461076519-chr3D_460784968,,,,https://www.mdpi.com/2073-4395/13/9/2402/,Epistatic QTLs_v3.0
E00084,Triticum aestivum,Yield,biomass grain yield,TAM113 and Gallagher,191 recombinant inbred line,ICIM,19BSP_20EMN_21BD,1B,0,chr1B_471584104-chr1B_471747282,,1B,,chr1B_471584104-chr1B_471747282,,,,https://www.mdpi.com/2073-4395/13/9/2402/,Epistatic QTLs_v3.0
E00085,Triticum aestivum,Yield,biomass grain yield,TAM113 and Gallagher,191 recombinant inbred line,ICIM,19BSP_20EMN_21BD,6B,55,chr6B_127256264-chr6B_250132060,,6B,,chr6B_127256264-chr6B_250132060,,,,https://www.mdpi.com/2073-4395/13/9/2402/,Epistatic QTLs_v3.0
E00086,Triticum aestivum,Yield,biomass grain yield,TAM113 and Gallagher,191 recombinant inbred line,ICIM,19BSP_20EMN_21BD,4D,75,chr4D_474703373-chr4D_483791097,,4D,,chr4D_474703373-chr4D_483791097,,,,https://www.mdpi.com/2073-4395/13/9/2402/,Epistatic QTLs_v3.0
E00087,Triticum aestivum,Yield,biomass grain yield,TAM113 and Gallagher,191 recombinant inbred line,ICIM,19BSP_20EMN_21BD,2A,40,chr2A_746282749-chr2A_744799853,,2A,,chr2A_746282749-chr2A_744799853,,,,https://www.mdpi.com/2073-4395/13/9/2402/,Epistatic QTLs_v3.0
E00088,Triticum aestivum,Yield,biomass grain yield,TAM113 and Gallagher,191 recombinant inbred line,ICIM,19BSP_20EMN_21BD,4B,265,chr4B_612610190-chr4B_615219701,,4B,,chr4B_612610190-chr4B_615219701,,,,https://www.mdpi.com/2073-4395/13/9/2402/,Epistatic QTLs_v3.0
E00089,Triticum aestivum,Yield,biomass grain yield,TAM113 and Gallagher,191 recombinant inbred line,ICIM,19BSP_20EMN_21BD,3A,40,chr3A_21868011-chr3A_24128823,,3A,,chr3A_21868011-chr3A_24128823,,,,https://www.mdpi.com/2073-4395/13/9/2402/,Epistatic QTLs_v3.0
E00090,Triticum aestivum,Yield,biomass grain yield,TAM113 and Gallagher,191 recombinant inbred line,ICIM,19BSP_20EMN_21BD,3B,10,chr3B_14266940-chr3B_18427345,,3B,,chr3B_14266940-chr3B_18427345,,,,https://www.mdpi.com/2073-4395/13/9/2402/,Epistatic QTLs_v3.0
E00091,Triticum aestivum,Yield,biomass grain yield,TAM113 and Gallagher,191 recombinant inbred line,ICIM,19BSP_20EMN_21BD,1B,75,chr1B_662005728-chr1B_664884882,,1B,,chr1B_662005728-chr1B_664884882,,,,https://www.mdpi.com/2073-4395/13/9/2402/,Epistatic QTLs_v3.0
E00092,Triticum aestivum,Yield,biomass grain yield,TAM113 and Gallagher,191 recombinant inbred line,ICIM,19BSP_20EMN_21BD,5B,65,chr5B_680089493-chr5B_679984542,,5B,,chr5B_680089493-chr5B_679984542,,,,https://www.mdpi.com/2073-4395/13/9/2402/,Epistatic QTLs_v3.0
E00093,Triticum aestivum,Yield,biomass grain yield,TAM113 and Gallagher,191 recombinant inbred line,ICIM,19BSP_20EMN_21BD,2B,235,chr2B_743132796-chr2B_743376976,,2B,,chr2B_743132796-chr2B_743376976,,,,https://www.mdpi.com/2073-4395/13/9/2402/,Epistatic QTLs_v3.0
E00094,Triticum aestivum,Yield,biomass grain yield,TAM113 and Gallagher,191 recombinant inbred line,ICIM,19BSP_20EMN_21BD,5B,55,chr5B_670075057-chr5B_670130271,,5B,,chr5B_670075057-chr5B_670130271,,,,https://www.mdpi.com/2073-4395/13/9/2402/,Epistatic QTLs_v3.0
E00095,Triticum aestivum,Yield,biomass grain yield,TAM113 and Gallagher,191 recombinant inbred line,ICIM,19BSP_20EMN_21BD,7D,245,chr7D_555668820-chr7D_557304948,,7D,,chr7D_555668820-chr7D_557304948,,,,https://www.mdpi.com/2073-4395/13/9/2402/,Epistatic QTLs_v3.0
E00096,Triticum aestivum,Yield,biomass grain yield,TAM113 and Gallagher,191 recombinant inbred line,ICIM,19BSP_20EMN_21BD,6D,50,chr6D_399802196-chr6D_404214227,,6D,,chr6D_399802196-chr6D_404214227,,,,https://www.mdpi.com/2073-4395/13/9/2402/,Epistatic QTLs_v3.0
E00097,Triticum aestivum,Yield,biomass grain yield,TAM113 and Gallagher,191 recombinant inbred line,ICIM,19BSP_20EMN_21BD,7D,355,chr7D_628852776-chr7D_630972219,,7D,,chr7D_628852776-chr7D_630972219,,,,https://www.mdpi.com/2073-4395/13/9/2402/,Epistatic QTLs_v3.0
E00098,Triticum aestivum,Yield,biomass grain yield,TAM113 and Gallagher,191 recombinant inbred line,ICIM,19BSP_20EMN_21BD,5A,15,chr5A_9201612-chr5A_9594127,,5A,,chr5A_9201612-chr5A_9594127,,,,https://www.mdpi.com/2073-4395/13/9/2402/,Epistatic QTLs_v3.0
E00099,Triticum aestivum,Yield,biomass grain yield,TAM113 and Gallagher,191 recombinant inbred line,ICIM,19BSP_20EMN_21BD,3D,25,chr3D_23877742-chr3D_26681972,,3D,,chr3D_23877742-chr3D_26681972,,,,https://www.mdpi.com/2073-4395/13/9/2402/,Epistatic QTLs_v3.0
E00100,Triticum aestivum,Yield,biomass grain yield,TAM113 and Gallagher,191 recombinant inbred line,ICIM,19BSP_20EMN_21BD,7A,25,chr7A_27784266-chr7A_28209028,,7A,,chr7A_27784266-chr7A_28209028,,,,https://www.mdpi.com/2073-4395/13/9/2402/,Epistatic QTLs_v3.0
E00101,Triticum aestivum,Yield,biomass grain yield,TAM113 and Gallagher,191 recombinant inbred line,ICIM,19BSP_20EMN_21BD,6B,75,chr6B_669889425-chr6B_673765895,,6B,,chr6B_669889425-chr6B_673765895,,,,https://www.mdpi.com/2073-4395/13/9/2402/,Epistatic QTLs_v3.0
E00102,Triticum aestivum,Yield,biomass grain yield,TAM113 and Gallagher,191 recombinant inbred line,ICIM,19BSP_20EMN_21BD,6A,220,chr6A_595061983-chr6A_599261877,,6A,,chr6A_595061983-chr6A_599261877,,,,https://www.mdpi.com/2073-4395/13/9/2402/,Epistatic QTLs_v3.0
E00103,Triticum aestivum,Yield,biomass grain yield,TAM113 and Gallagher,191 recombinant inbred line,ICIM,19BSP_20EMN_21BD,5B,50,chr5B_660372070-chr5B_661252935,,5B,,chr5B_660372070-chr5B_661252935,,,,https://www.mdpi.com/2073-4395/13/9/2402/,Epistatic QTLs_v3.0
E00104,Triticum aestivum,Yield,biomass grain yield,TAM113 and Gallagher,191 recombinant inbred line,ICIM,19BSP_20EMN_21BD,6D,0,chr6D_35708810-chr6D_37661629,,6D,,chr6D_35708810-chr6D_37661629,,,,https://www.mdpi.com/2073-4395/13/9/2402/,Epistatic QTLs_v3.0
E00105,Triticum aestivum,Yield,biomass grain yield,TAM113 and Gallagher,191 recombinant inbred line,ICIM,19BSP_20EMN_21BD,7D,165,chr7D_188159787-chr7D_188222679,,7D,,chr7D_188159787-chr7D_188222679,,,,https://www.mdpi.com/2073-4395/13/9/2402/,Epistatic QTLs_v3.0
E00106,Triticum aestivum,Yield,biomass grain yield,TAM113 and Gallagher,191 recombinant inbred line,ICIM,19BSP_20EMN_21BD,5A,100,chr5A_553369883-chr5A_555889211,,5A,,chr5A_553369883-chr5A_555889211,,,,https://www.mdpi.com/2073-4395/13/9/2402/,Epistatic QTLs_v3.0
E00107,Triticum aestivum,Yield,biomass grain yield,TAM113 and Gallagher,191 recombinant inbred line,ICIM,19BSP_20EMN_21BD,7A,190,chr7A_592931253-chr7A_589116258,,7A,,chr7A_592931253-chr7A_589116258,,,,https://www.mdpi.com/2073-4395/13/9/2402/,Epistatic QTLs_v3.0
E00108,Triticum aestivum,Yield,biomass grain yield,TAM113 and Gallagher,191 recombinant inbred line,ICIM,19BSP_20EMN_21BD,7D,120,chr7D_92795100-chr7D_92517171,,7D,,chr7D_92795100-chr7D_92517171,,,,https://www.mdpi.com/2073-4395/13/9/2402/,Epistatic QTLs_v3.0
E00109,Triticum aestivum,Yield,biomass grain yield,TAM113 and Gallagher,191 recombinant inbred line,ICIM,19BSP_20EMN_21BD,6D,35,chr6D_292339268-chr6D_298317836,,6D,,chr6D_292339268-chr6D_298317836,,,,https://www.mdpi.com/2073-4395/13/9/2402/,Epistatic QTLs_v3.0
E00110,Triticum aestivum,Yield,biomass grain yield,TAM113 and Gallagher,191 recombinant inbred line,ICIM,19BSP_20EMN_21BD,7D,205,chr7D_432304579-chr7D_443715196,,7D,,chr7D_432304579-chr7D_443715196,,,,https://www.mdpi.com/2073-4395/13/9/2402/,Epistatic QTLs_v3.0
E00111,Triticum aestivum,Yield,biomass grain yield,TAM113 and Gallagher,191 recombinant inbred line,ICIM,19BSP_20EMN_21BD,4B,345,chr4B_658506039-chr4B_658815182,,4B,,chr4B_658506039-chr4B_658815182,,,,https://www.mdpi.com/2073-4395/13/9/2402/,Epistatic QTLs_v3.0
E00112,Triticum aestivum,Yield,biomass grain yield,TAM113 and Gallagher,191 recombinant inbred line,ICIM,19BSP_20EMN_21BD,4B,180,chr4B_461070506-chr4B_495445174,,4B,,chr4B_461070506-chr4B_495445174,,,,https://www.mdpi.com/2073-4395/13/9/2402/,Epistatic QTLs_v3.0
E00113,Triticum aestivum,Yield,biomass grain yield,TAM113 and Gallagher,191 recombinant inbred line,ICIM,19BSP_20EMN_21BD,7D,250,chr7D_565599536-chr7D_567545551,,7D,,chr7D_565599536-chr7D_567545551,,,,https://www.mdpi.com/2073-4395/13/9/2402/,Epistatic QTLs_v3.0
E00114,Triticum aestivum,Yield,biomass grain yield,TAM113 and Gallagher,191 recombinant inbred line,ICIM,19BSP_20EMN_21BD,5B,35,chr5B_16441759-chr5B_18128964,,5B,,chr5B_16441759-chr5B_18128964,,,,https://www.mdpi.com/2073-4395/13/9/2402/,Epistatic QTLs_v3.0
E00115,Triticum aestivum,Yield,biomass grain yield,TAM113 and Gallagher,191 recombinant inbred line,ICIM,19BSP_20EMN_21BD,4D,0,chr4D_5326564-chr4D_6198914,,4D,,chr4D_5326564-chr4D_6198914,,,,https://www.mdpi.com/2073-4395/13/9/2402/,Epistatic QTLs_v3.0
E00116,Triticum aestivum,Yield,biomass grain yield,TAM113 and Gallagher,191 recombinant inbred line,ICIM,19BSP_20EMN_21BD,6B,65,chr6B_656922280-chr6B_664441937,,6B,,chr6B_656922280-chr6B_664441937,,,,https://www.mdpi.com/2073-4395/13/9/2402/,Epistatic QTLs_v3.0
E00117,Triticum aestivum,Yield,biomass grain yield,TAM113 and Gallagher,191 recombinant inbred line,ICIM,19BSP_20EMN_21BD,3D,90,chr3D_558034362-chr3D_560495728,,3D,,chr3D_558034362-chr3D_560495728,,,,https://www.mdpi.com/2073-4395/13/9/2402/,Epistatic QTLs_v3.0
E00118,Triticum aestivum,Yield,biomass grain yield,TAM113 and Gallagher,191 recombinant inbred line,ICIM,19BSP_20EMN_21BD,7B,60,chr7B_595083159-chr7B_605867909,,7B,,chr7B_595083159-chr7B_605867909,,,,https://www.mdpi.com/2073-4395/13/9/2402/,Epistatic QTLs_v3.0
E00119,Triticum aestivum,Yield,biomass grain yield,TAM113 and Gallagher,191 recombinant inbred line,ICIM,19BSP_20EMN_21BD,5B,105,chr5B_88850000-chr5B_94060915,,5B,,chr5B_88850000-chr5B_94060915,,,,https://www.mdpi.com/2073-4395/13/9/2402/,Epistatic QTLs_v3.0
E00120,Triticum aestivum,Yield,biomass grain yield,TAM113 and Gallagher,191 recombinant inbred line,ICIM,19BSP_20EMN_21BD,4A,385,chr4A_720381989-chr4A_724310673,,4A,,chr4A_720381989-chr4A_724310673,,,,https://www.mdpi.com/2073-4395/13/9/2402/,Epistatic QTLs_v3.0
E00121,Triticum aestivum,Yield,biomass grain yield,TAM113 and Gallagher,191 recombinant inbred line,ICIM,19BSP_20EMN_21BD,3D,0,chr3D_7660946-chr3D_7444247,,3D,,chr3D_7660946-chr3D_7444247,,,,https://www.mdpi.com/2073-4395/13/9/2402/,Epistatic QTLs_v3.0
E00122,Triticum aestivum,Yield,biomass grain yield,TAM113 and Gallagher,191 recombinant inbred line,ICIM,19BSP_20EMN_21BD,7A,80,chr7A_62749125-chr7A_65194514,,7A,,chr7A_62749125-chr7A_65194514,,,,https://www.mdpi.com/2073-4395/13/9/2402/,Epistatic QTLs_v3.0
E00123,Triticum aestivum,Yield,biomass grain yield,TAM113 and Gallagher,191 recombinant inbred line,ICIM,19BSP_20EMN_21BD,4D,80,chr4D_484655631-chr4D_488578794,,4D,,chr4D_484655631-chr4D_488578794,,,,https://www.mdpi.com/2073-4395/13/9/2402/,Epistatic QTLs_v3.0
E00124,Triticum aestivum,Yield,biomass grain yield,TAM113 and Gallagher,191 recombinant inbred line,ICIM,19BSP_20EMN_21BD,2B,45,chr2B_24907146-chr2B_25122967,,2B,,chr2B_24907146-chr2B_25122967,,,,https://www.mdpi.com/2073-4395/13/9/2402/,Epistatic QTLs_v3.0
E00125,Triticum aestivum,Yield,biomass grain yield,TAM113 and Gallagher,191 recombinant inbred line,ICIM,19BSP_20EMN_21BD,7D,10,chr7D_5091609-chr7D_19633685,,7D,,chr7D_5091609-chr7D_19633685,,,,https://www.mdpi.com/2073-4395/13/9/2402/,Epistatic QTLs_v3.0
E00126,Triticum aestivum,Yield,biomass grain yield,TAM113 and Gallagher,191 recombinant inbred line,ICIM,19BSP_20EMN_21BD,5D,90,chr5D_536020765-chr5D_539348846,,5D,,chr5D_536020765-chr5D_539348846,,,,https://www.mdpi.com/2073-4395/13/9/2402/,Epistatic QTLs_v3.0
E00127,Triticum aestivum,Yield,biomass grain yield,TAM113 and Gallagher,191 recombinant inbred line,ICIM,19BSP_20EMN_21BD,6A,230,chr6A_595061983-chr6A_599261877,,6A,,chr6A_595061983-chr6A_599261877,,,,https://www.mdpi.com/2073-4395/13/9/2402/,Epistatic QTLs_v3.0
E00128,Triticum aestivum,Yield,biomass grain yield,TAM113 and Gallagher,191 recombinant inbred line,ICIM,19BSP_20EMN_21BD,5D,30,chr5D_444911711-chr5D_448684425,,5D,,chr5D_444911711-chr5D_448684425,,,,https://www.mdpi.com/2073-4395/13/9/2402/,Epistatic QTLs_v3.0
E00129,Triticum aestivum,Yield,biomass grain yield,TAM113 and Gallagher,191 recombinant inbred line,ICIM,19BSP_20EMN_21BD,5B,25,chr5B_603881885-chr5B_604158042,,5B,,chr5B_603881885-chr5B_604158042,,,,https://www.mdpi.com/2073-4395/13/9/2402/,Epistatic QTLs_v3.0
E00130,Triticum aestivum,Yield,biomass grain yield,TAM113 and Gallagher,191 recombinant inbred line,ICIM,19BSP_20EMN_21BD,3A,115,chr3A_637482353-chr3A_639406651,,3A,,chr3A_637482353-chr3A_639406651,,,,https://www.mdpi.com/2073-4395/13/9/2402/,Epistatic QTLs_v3.0
E00131,Triticum aestivum,Yield,biomass grain yield,TAM113 and Gallagher,191 recombinant inbred line,ICIM,19BSP_20EMN_21BD,5B,105,chr5B_703206686-chr5B_702376022,,5B,,chr5B_703206686-chr5B_702376022,,,,https://www.mdpi.com/2073-4395/13/9/2402/,Epistatic QTLs_v3.0
E00132,Triticum aestivum,Yield,biomass grain yield,TAM113 and Gallagher,191 recombinant inbred line,ICIM,19BSP_20EMN_21BD,3B,175,chr3B_605293365-chr3B_628241046,,3B,,chr3B_605293365-chr3B_628241046,,,,https://www.mdpi.com/2073-4395/13/9/2402/,Epistatic QTLs_v3.0
E00133,Triticum aestivum,Yield,harvest index,TAM113 and Gallagher,191 recombinant inbred line,ICIM,19BSP_20EMN_21BD,2D,70,chr2D_38687722-chr2D_41586263,,2D,,chr2D_38687722-chr2D_41586263,,,,https://www.mdpi.com/2073-4395/13/9/2402/,Epistatic QTLs_v3.0
E00134,Triticum aestivum,Yield,harvest index,TAM113 and Gallagher,191 recombinant inbred line,ICIM,19BSP_20EMN_21BD,4A,365,chr4A_707868981-chr4A_711885107,,4A,,chr4A_707868981-chr4A_711885107,,,,https://www.mdpi.com/2073-4395/13/9/2402/,Epistatic QTLs_v3.0
E00135,Triticum aestivum,Yield,harvest index,TAM113 and Gallagher,191 recombinant inbred line,ICIM,19BSP_20EMN_21BD,2B,235,chr2B_743132796-chr2B_743376976,,2B,,chr2B_743132796-chr2B_743376976,,,,https://www.mdpi.com/2073-4395/13/9/2402/,Epistatic QTLs_v3.0
E00136,Triticum aestivum,Yield,harvest index,TAM113 and Gallagher,191 recombinant inbred line,ICIM,19BSP_20EMN_21BD,7D,85,chr7D_61665314-chr7D_63208599,,7D,,chr7D_61665314-chr7D_63208599,,,,https://www.mdpi.com/2073-4395/13/9/2402/,Epistatic QTLs_v3.0
E00137,Triticum aestivum,Yield,harvest index,TAM113 and Gallagher,191 recombinant inbred line,ICIM,19BSP_20EMN_21BD,5B,65,chr5B_680089493-chr5B_679984542,,5B,,chr5B_680089493-chr5B_679984542,,,,https://www.mdpi.com/2073-4395/13/9/2402/,Epistatic QTLs_v3.0
E00138,Triticum aestivum,Yield,harvest index,TAM113 and Gallagher,191 recombinant inbred line,ICIM,19BSP_20EMN_21BD,3B,200,chr3B_670295928-chr3B_677442940,,3B,,chr3B_670295928-chr3B_677442940,,,,https://www.mdpi.com/2073-4395/13/9/2402/,Epistatic QTLs_v3.0
E00139,Triticum aestivum,Yield,kernels per spike,TAM113 and Gallagher,191 recombinant inbred line,ICIM,19BSP_20EMN_21BD,4B,50,chr4B_336444075-chr4B_425465862,,4B,,chr4B_336444075-chr4B_425465862,,,,https://www.mdpi.com/2073-4395/13/9/2402/,Epistatic QTLs_v3.0
E00140,Triticum aestivum,Yield,kernels per spike,TAM113 and Gallagher,191 recombinant inbred line,ICIM,19BSP_20EMN_21BD,3A,85,chr3A_505389109-chr3A_502640090,,3A,,chr3A_505389109-chr3A_502640090,,,,https://www.mdpi.com/2073-4395/13/9/2402/,Epistatic QTLs_v3.0
E00141,Triticum aestivum,Yield,kernels per spike,TAM113 and Gallagher,191 recombinant inbred line,ICIM,19BSP_20EMN_21BD,1B,30,chr1B_626444903-chr1B_627296472,,1B,,chr1B_626444903-chr1B_627296472,,,,https://www.mdpi.com/2073-4395/13/9/2402/,Epistatic QTLs_v3.0
E00142,Triticum aestivum,Yield,kernels per spike,TAM113 and Gallagher,191 recombinant inbred line,ICIM,19BSP_20EMN_21BD,3D,120,chr3D_581229212-chr3D_582757284,,3D,,chr3D_581229212-chr3D_582757284,,,,https://www.mdpi.com/2073-4395/13/9/2402/,Epistatic QTLs_v3.0
E00143,Triticum aestivum,Yield,kernels per spike,TAM113 and Gallagher,191 recombinant inbred line,ICIM,19BSP_20EMN_21BD,4A,390,chr4A_726299518-chr4A_731369924,,4A,,chr4A_726299518-chr4A_731369924,,,,https://www.mdpi.com/2073-4395/13/9/2402/,Epistatic QTLs_v3.0
E00144,Triticum aestivum,Yield,kernels per spike,TAM113 and Gallagher,191 recombinant inbred line,ICIM,19BSP_20EMN_21BD,4A,25,chr4A_36176781-chr4A_36414430,,4A,,chr4A_36176781-chr4A_36414430,,,,https://www.mdpi.com/2073-4395/13/9/2402/,Epistatic QTLs_v3.0
E00145,Triticum aestivum,Yield,kernels per spike,TAM113 and Gallagher,191 recombinant inbred line,ICIM,19BSP_20EMN_21BD,4B,375,chr4B_670496558-chr4B_670982692,,4B,,chr4B_670496558-chr4B_670982692,,,,https://www.mdpi.com/2073-4395/13/9/2402/,Epistatic QTLs_v3.0
E00146,Triticum aestivum,Yield,kernels per spike,TAM113 and Gallagher,191 recombinant inbred line,ICIM,19BSP_20EMN_21BD,4A,225,chr4A_611408164-chr4A_612444341,,4A,,chr4A_611408164-chr4A_612444341,,,,https://www.mdpi.com/2073-4395/13/9/2402/,Epistatic QTLs_v3.0
E00147,Triticum aestivum,Yield,kernels per spike,TAM113 and Gallagher,191 recombinant inbred line,ICIM,19BSP_20EMN_21BD,2A,65,chr2A_728790740-chr2A_726859063,,2A,,chr2A_728790740-chr2A_726859063,,,,https://www.mdpi.com/2073-4395/13/9/2402/,Epistatic QTLs_v3.0
E00148,Triticum aestivum,Yield,kernels per spike,TAM113 and Gallagher,191 recombinant inbred line,ICIM,19BSP_20EMN_21BD,2D,145,chr2D_426432725-chr2D_428762613,,2D,,chr2D_426432725-chr2D_428762613,,,,https://www.mdpi.com/2073-4395/13/9/2402/,Epistatic QTLs_v3.0
E00149,Triticum aestivum,Yield,kernels per spike,TAM113 and Gallagher,191 recombinant inbred line,ICIM,19BSP_20EMN_21BD,3A,125,chr3A_667089517-chr3A_665757299,,3A,,chr3A_667089517-chr3A_665757299,,,,https://www.mdpi.com/2073-4395/13/9/2402/,Epistatic QTLs_v3.0
E00150,Triticum aestivum,Yield,kernels per spike,TAM113 and Gallagher,191 recombinant inbred line,ICIM,19BSP_20EMN_21BD,4B,20,chr4B_15261494-chr4B_15754013,,4B,,chr4B_15261494-chr4B_15754013,,,,https://www.mdpi.com/2073-4395/13/9/2402/,Epistatic QTLs_v3.0
E00151,Triticum aestivum,Yield,kernels per spike,TAM113 and Gallagher,191 recombinant inbred line,ICIM,19BSP_20EMN_21BD,3A,35,chr3A_9527557-chr3A_20395026,,3A,,chr3A_9527557-chr3A_20395026,,,,https://www.mdpi.com/2073-4395/13/9/2402/,Epistatic QTLs_v3.0
E00152,Triticum aestivum,Yield,kernels per spike,TAM113 and Gallagher,191 recombinant inbred line,ICIM,19BSP_20EMN_21BD,5B,25,chr5B_603881885-chr5B_604158042,,5B,,chr5B_603881885-chr5B_604158042,,,,https://www.mdpi.com/2073-4395/13/9/2402/,Epistatic QTLs_v3.0
E00153,Triticum aestivum,Yield,kernels per spike,TAM113 and Gallagher,191 recombinant inbred line,ICIM,19BSP_20EMN_21BD,5B,75,chr5B_684446911-chr5B_684889659,,5B,,chr5B_684446911-chr5B_684889659,,,,https://www.mdpi.com/2073-4395/13/9/2402/,Epistatic QTLs_v3.0
E00154,Triticum aestivum,Yield,kernels per spike,TAM113 and Gallagher,191 recombinant inbred line,ICIM,19BSP_20EMN_21BD,5D,90,chr5D_536020765-chr5D_539348846,,5D,,chr5D_536020765-chr5D_539348846,,,,https://www.mdpi.com/2073-4395/13/9/2402/,Epistatic QTLs_v3.0
E00155,Triticum aestivum,Yield,kernels per spike,TAM113 and Gallagher,191 recombinant inbred line,ICIM,19BSP_20EMN_21BD,5B,115,chr5B_103739952-chr5B_206655342,,5B,,chr5B_103739952-chr5B_206655342,,,,https://www.mdpi.com/2073-4395/13/9/2402/,Epistatic QTLs_v3.0
E00156,Triticum aestivum,Yield,kernels per spike,TAM113 and Gallagher,191 recombinant inbred line,ICIM,19BSP_20EMN_21BD,2A,205,chr2A_20370189-chr2A_665880,,2A,,chr2A_20370189-chr2A_665880,,,,https://www.mdpi.com/2073-4395/13/9/2402/,Epistatic QTLs_v3.0
E00157,Triticum aestivum,Yield,kernels per spike,TAM113 and Gallagher,191 recombinant inbred line,ICIM,19BSP_20EMN_21BD,4A,240,chr4A_617487720-chr4A_618529374,,4A,,chr4A_617487720-chr4A_618529374,,,,https://www.mdpi.com/2073-4395/13/9/2402/,Epistatic QTLs_v3.0
E00158,Triticum aestivum,Yield,kernels per spike,TAM113 and Gallagher,191 recombinant inbred line,ICIM,19BSP_20EMN_21BD,1A,45,chr1A_24247163-chr1A_25703987,,1A,,chr1A_24247163-chr1A_25703987,,,,https://www.mdpi.com/2073-4395/13/9/2402/,Epistatic QTLs_v3.0
E00159,Triticum aestivum,Yield,kernels per spike,TAM113 and Gallagher,191 recombinant inbred line,ICIM,19BSP_20EMN_21BD,1A,10,chr1A_11945915-chr1A_12099366,,1A,,chr1A_11945915-chr1A_12099366,,,,https://www.mdpi.com/2073-4395/13/9/2402/,Epistatic QTLs_v3.0
E00160,Triticum aestivum,Yield,kernels per spike,TAM113 and Gallagher,191 recombinant inbred line,ICIM,19BSP_20EMN_21BD,2B,260,chr2B_775343425-chr2B_776480091,,2B,,chr2B_775343425-chr2B_776480091,,,,https://www.mdpi.com/2073-4395/13/9/2402/,Epistatic QTLs_v3.0
E00161,Triticum aestivum,Yield,kernels per spike,TAM113 and Gallagher,191 recombinant inbred line,ICIM,19BSP_20EMN_21BD,4A,345,chr4A_700332641-chr4A_702126013,,4A,,chr4A_700332641-chr4A_702126013,,,,https://www.mdpi.com/2073-4395/13/9/2402/,Epistatic QTLs_v3.0
E00162,Triticum aestivum,Yield,kernels per spike,TAM113 and Gallagher,191 recombinant inbred line,ICIM,19BSP_20EMN_21BD,1B,85,chr1B_672108395-chr1B_672461427,,1B,,chr1B_672108395-chr1B_672461427,,,,https://www.mdpi.com/2073-4395/13/9/2402/,Epistatic QTLs_v3.0
E00163,Triticum aestivum,Yield,kernels per spike,TAM113 and Gallagher,191 recombinant inbred line,ICIM,19BSP_20EMN_21BD,2A,165,chr2A_44329108-chr2A_47166041,,2A,,chr2A_44329108-chr2A_47166041,,,,https://www.mdpi.com/2073-4395/13/9/2402/,Epistatic QTLs_v3.0
E00164,Triticum aestivum,Yield,kernels per spike,TAM113 and Gallagher,191 recombinant inbred line,ICIM,19BSP_20EMN_21BD,2D,155,chr2D_464734503-chr2D_466059731,,2D,,chr2D_464734503-chr2D_466059731,,,,https://www.mdpi.com/2073-4395/13/9/2402/,Epistatic QTLs_v3.0
E00165,Triticum aestivum,Yield,kernels per spike,TAM113 and Gallagher,191 recombinant inbred line,ICIM,19BSP_20EMN_21BD,2D,210,chr2D_611226987-chr2D_614726879,,2D,,chr2D_611226987-chr2D_614726879,,,,https://www.mdpi.com/2073-4395/13/9/2402/,Epistatic QTLs_v3.0
E00166,Triticum aestivum,Yield,kernels per spike,TAM113 and Gallagher,191 recombinant inbred line,ICIM,19BSP_20EMN_21BD,5B,55,chr5B_33513738-chr5B_34891608,,5B,,chr5B_33513738-chr5B_34891608,,,,https://www.mdpi.com/2073-4395/13/9/2402/,Epistatic QTLs_v3.0
E00167,Triticum aestivum,Yield,kernels per spike,TAM113 and Gallagher,191 recombinant inbred line,ICIM,19BSP_20EMN_21BD,3B,230,chr3B_745479071-chr3B_745546277,,3B,,chr3B_745479071-chr3B_745546277,,,,https://www.mdpi.com/2073-4395/13/9/2402/,Epistatic QTLs_v3.0
E00168,Triticum aestivum,Yield,kernels per spike,TAM113 and Gallagher,191 recombinant inbred line,ICIM,19BSP_20EMN_21BD,6A,15,chr6A_39008155-chr6A_39260354,,6A,,chr6A_39008155-chr6A_39260354,,,,https://www.mdpi.com/2073-4395/13/9/2402/,Epistatic QTLs_v3.0
E00169,Triticum aestivum,Yield,kernels per spike,TAM113 and Gallagher,191 recombinant inbred line,ICIM,19BSP_20EMN_21BD,2A,175,chr2A_39330267-chr2A_36717153,,2A,,chr2A_39330267-chr2A_36717153,,,,https://www.mdpi.com/2073-4395/13/9/2402/,Epistatic QTLs_v3.0
E00170,Triticum aestivum,Yield,kernels per spike,TAM113 and Gallagher,191 recombinant inbred line,ICIM,19BSP_20EMN_21BD,1B,15,chr1B_585821590-chr1B_593148308,,1B,,chr1B_585821590-chr1B_593148308,,,,https://www.mdpi.com/2073-4395/13/9/2402/,Epistatic QTLs_v3.0
E00171,Triticum aestivum,Yield,kernels per spike,TAM113 and Gallagher,191 recombinant inbred line,ICIM,19BSP_20EMN_21BD,3D,30,chr3D_28548715-chr3D_29861179,,3D,,chr3D_28548715-chr3D_29861179,,,,https://www.mdpi.com/2073-4395/13/9/2402/,Epistatic QTLs_v3.0
E00172,Triticum aestivum,Yield,kernels per spike,TAM113 and Gallagher,191 recombinant inbred line,ICIM,19BSP_20EMN_21BD,2B,235,chr2B_743132796-chr2B_743376976,,2B,,chr2B_743132796-chr2B_743376976,,,,https://www.mdpi.com/2073-4395/13/9/2402/,Epistatic QTLs_v3.0
E00173,Triticum aestivum,Yield,kernels per spike,TAM113 and Gallagher,191 recombinant inbred line,ICIM,19BSP_20EMN_21BD,5A,10,chr5A_7168421-chr5A_7360542,,5A,,chr5A_7168421-chr5A_7360542,,,,https://www.mdpi.com/2073-4395/13/9/2402/,Epistatic QTLs_v3.0
E00174,Triticum aestivum,Yield,kernels per spike,TAM113 and Gallagher,191 recombinant inbred line,ICIM,19BSP_20EMN_21BD,1A,80,chr1A_45627022-chr1A_62276029,,1A,,chr1A_45627022-chr1A_62276029,,,,https://www.mdpi.com/2073-4395/13/9/2402/,Epistatic QTLs_v3.0
E00175,Triticum aestivum,Yield,kernels per spike,TAM113 and Gallagher,191 recombinant inbred line,ICIM,19BSP_20EMN_21BD,4B,140,chr4B_299088042-chr4B_222225003,,4B,,chr4B_299088042-chr4B_222225003,,,,https://www.mdpi.com/2073-4395/13/9/2402/,Epistatic QTLs_v3.0
E00176,Triticum aestivum,Yield,kernels per spike,TAM113 and Gallagher,191 recombinant inbred line,ICIM,19BSP_20EMN_21BD,4A,55,chr4A_89438314-chr4A_89445946,,4A,,chr4A_89438314-chr4A_89445946,,,,https://www.mdpi.com/2073-4395/13/9/2402/,Epistatic QTLs_v3.0
E00177,Triticum aestivum,Yield,kernels per spike,TAM113 and Gallagher,191 recombinant inbred line,ICIM,19BSP_20EMN_21BD,5D,10,chr5D_9523515-chr5D_10211740,,5D,,chr5D_9523515-chr5D_10211740,,,,https://www.mdpi.com/2073-4395/13/9/2402/,Epistatic QTLs_v3.0
E00178,Triticum aestivum,Yield,kernels per spike,TAM113 and Gallagher,191 recombinant inbred line,ICIM,19BSP_20EMN_21BD,5D,80,chr5D_526765304-chr5D_529696286,,5D,,chr5D_526765304-chr5D_529696286,,,,https://www.mdpi.com/2073-4395/13/9/2402/,Epistatic QTLs_v3.0
E00179,Triticum aestivum,Yield,kernels per spike,TAM113 and Gallagher,191 recombinant inbred line,ICIM,19BSP_20EMN_21BD,5B,60,chr5B_676806774-chr5B_678526744,,5B,,chr5B_676806774-chr5B_678526744,,,,https://www.mdpi.com/2073-4395/13/9/2402/,Epistatic QTLs_v3.0
E00180,Triticum aestivum,Yield,kernels per spike,TAM113 and Gallagher,191 recombinant inbred line,ICIM,19BSP_20EMN_21BD,7B,60,chr7B_595083159-chr7B_605867909,,7B,,chr7B_595083159-chr7B_605867909,,,,https://www.mdpi.com/2073-4395/13/9/2402/,Epistatic QTLs_v3.0
E00181,Triticum aestivum,Yield,kernels per spike,TAM113 and Gallagher,191 recombinant inbred line,ICIM,19BSP_20EMN_21BD,6B,95,chr6B_681504161-chr6B_687016629,,6B,,chr6B_681504161-chr6B_687016629,,,,https://www.mdpi.com/2073-4395/13/9/2402/,Epistatic QTLs_v3.0
E00182,Triticum aestivum,Yield,kernels per spike,TAM113 and Gallagher,191 recombinant inbred line,ICIM,19BSP_20EMN_21BD,5A,45,chr5A_17395391-chr5A_445690922,,5A,,chr5A_17395391-chr5A_445690922,,,,https://www.mdpi.com/2073-4395/13/9/2402/,Epistatic QTLs_v3.0
E00183,Triticum aestivum,Yield,kernels per spike,TAM113 and Gallagher,191 recombinant inbred line,ICIM,19BSP_20EMN_21BD,4A,315,chr4A_648148606-chr4A_647841082,,4A,,chr4A_648148606-chr4A_647841082,,,,https://www.mdpi.com/2073-4395/13/9/2402/,Epistatic QTLs_v3.0
E00184,Triticum aestivum,Yield,kernels per spike,TAM113 and Gallagher,191 recombinant inbred line,ICIM,19BSP_20EMN_21BD,6A,30,chr6A_52019375-chr6A_53041293,,6A,,chr6A_52019375-chr6A_53041293,,,,https://www.mdpi.com/2073-4395/13/9/2402/,Epistatic QTLs_v3.0
E00185,Triticum aestivum,Yield,kernels per spike,TAM113 and Gallagher,191 recombinant inbred line,ICIM,19BSP_20EMN_21BD,5D,55,chr5D_476121763-chr5D_490367813,,5D,,chr5D_476121763-chr5D_490367813,,,,https://www.mdpi.com/2073-4395/13/9/2402/,Epistatic QTLs_v3.0
E00186,Triticum aestivum,Yield,kernels per spike,TAM113 and Gallagher,191 recombinant inbred line,ICIM,19BSP_20EMN_21BD,5B,50,chr5B_660372070-chr5B_661252935,,5B,,chr5B_660372070-chr5B_661252935,,,,https://www.mdpi.com/2073-4395/13/9/2402/,Epistatic QTLs_v3.0
E00187,Triticum aestivum,Yield,kernels per spike,TAM113 and Gallagher,191 recombinant inbred line,ICIM,19BSP_20EMN_21BD,4B,335,chr4B_657819200-chr4B_660031270,,4B,,chr4B_657819200-chr4B_660031270,,,,https://www.mdpi.com/2073-4395/13/9/2402/,Epistatic QTLs_v3.0
E00188,Triticum aestivum,Yield,kernels per spike,TAM113 and Gallagher,191 recombinant inbred line,ICIM,19BSP_20EMN_21BD,5B,30,chr5B_616878063-chr5B_625986885,,5B,,chr5B_616878063-chr5B_625986885,,,,https://www.mdpi.com/2073-4395/13/9/2402/,Epistatic QTLs_v3.0
E00189,Triticum aestivum,Yield,kernels per spike,TAM113 and Gallagher,191 recombinant inbred line,ICIM,19BSP_20EMN_21BD,6B,145,chr6B_710102155-chr6B_712164287,,6B,,chr6B_710102155-chr6B_712164287,,,,https://www.mdpi.com/2073-4395/13/9/2402/,Epistatic QTLs_v3.0
E00190,Triticum aestivum,Yield,kernels per spike,TAM113 and Gallagher,191 recombinant inbred line,ICIM,19BSP_20EMN_21BD,7D,25,chr7D_19716170-chr7D_21642211,,7D,,chr7D_19716170-chr7D_21642211,,,,https://www.mdpi.com/2073-4395/13/9/2402/,Epistatic QTLs_v3.0
E00191,Triticum aestivum,Yield,kernels per spike,TAM113 and Gallagher,191 recombinant inbred line,ICIM,19BSP_20EMN_21BD,7A,80,chr7A_62749125-chr7A_65194514,,7A,,chr7A_62749125-chr7A_65194514,,,,https://www.mdpi.com/2073-4395/13/9/2402/,Epistatic QTLs_v3.0
E00192,Triticum aestivum,Yield,kernels per spike,TAM113 and Gallagher,191 recombinant inbred line,ICIM,19BSP_20EMN_21BD,6D,85,chr6D_448857715-chr6D_453648799,,6D,,chr6D_448857715-chr6D_453648799,,,,https://www.mdpi.com/2073-4395/13/9/2402/,Epistatic QTLs_v3.0
E00193,Triticum aestivum,Yield,kernels per spike,TAM113 and Gallagher,191 recombinant inbred line,ICIM,19BSP_20EMN_21BD,4D,75,chr4D_474703373-chr4D_483791097,,4D,,chr4D_474703373-chr4D_483791097,,,,https://www.mdpi.com/2073-4395/13/9/2402/,Epistatic QTLs_v3.0
E00194,Triticum aestivum,Yield,kernels per spike,TAM113 and Gallagher,191 recombinant inbred line,ICIM,19BSP_20EMN_21BD,2D,195,chr2D_583013929-chr2D_584917448,,2D,,chr2D_583013929-chr2D_584917448,,,,https://www.mdpi.com/2073-4395/13/9/2402/,Epistatic QTLs_v3.0
E00195,Triticum aestivum,Yield,kernels per spike,TAM113 and Gallagher,191 recombinant inbred line,ICIM,19BSP_20EMN_21BD,6D,0,chr6D_35708810-chr6D_37661629,,6D,,chr6D_35708810-chr6D_37661629,,,,https://www.mdpi.com/2073-4395/13/9/2402/,Epistatic QTLs_v3.0
E00196,Triticum aestivum,Yield,kernels per spike,TAM113 and Gallagher,191 recombinant inbred line,ICIM,19BSP_20EMN_21BD,7A,100,chr7A_77456684-chr7A_82111606,,7A,,chr7A_77456684-chr7A_82111606,,,,https://www.mdpi.com/2073-4395/13/9/2402/,Epistatic QTLs_v3.0
E00197,Triticum aestivum,Yield,kernels per spike,TAM113 and Gallagher,191 recombinant inbred line,ICIM,19BSP_20EMN_21BD,7A,35,chr7A_33606905-chr7A_33611714,,7A,,chr7A_33606905-chr7A_33611714,,,,https://www.mdpi.com/2073-4395/13/9/2402/,Epistatic QTLs_v3.0
E00198,Triticum aestivum,Yield,kernels per spike,TAM113 and Gallagher,191 recombinant inbred line,ICIM,19BSP_20EMN_21BD,3A,205,chr3A_727547077-chr3A_729226117,,3A,,chr3A_727547077-chr3A_729226117,,,,https://www.mdpi.com/2073-4395/13/9/2402/,Epistatic QTLs_v3.0
E00199,Triticum aestivum,Yield,kernels per spike,TAM113 and Gallagher,191 recombinant inbred line,ICIM,19BSP_20EMN_21BD,4B,325,chr4B_656900248-chr4B_657271566,,4B,,chr4B_656900248-chr4B_657271566,,,,https://www.mdpi.com/2073-4395/13/9/2402/,Epistatic QTLs_v3.0
E00200,Triticum aestivum,Yield,kernels per spike,TAM113 and Gallagher,191 recombinant inbred line,ICIM,19BSP_20EMN_21BD,7A,190,chr7A_592931253-chr7A_589116258,,7A,,chr7A_592931253-chr7A_589116258,,,,https://www.mdpi.com/2073-4395/13/9/2402/,Epistatic QTLs_v3.0
E00201,Triticum aestivum,Yield,kernels per spike,TAM113 and Gallagher,191 recombinant inbred line,ICIM,19BSP_20EMN_21BD,7D,240,chr7D_541004626-chr7D_547840779,,7D,,chr7D_541004626-chr7D_547840779,,,,https://www.mdpi.com/2073-4395/13/9/2402/,Epistatic QTLs_v3.0
E00202,Triticum aestivum,Yield,kernels per spike,TAM113 and Gallagher,191 recombinant inbred line,ICIM,19BSP_20EMN_21BD,3B,250,chr3B_746764200-chr3B_747938844,,3B,,chr3B_746764200-chr3B_747938844,,,,https://www.mdpi.com/2073-4395/13/9/2402/,Epistatic QTLs_v3.0
E00203,Triticum aestivum,Yield,kernels per spike,TAM113 and Gallagher,191 recombinant inbred line,ICIM,19BSP_20EMN_21BD,7B,115,chr7B_684851966-chr7B_686166080,,7B,,chr7B_684851966-chr7B_686166080,,,,https://www.mdpi.com/2073-4395/13/9/2402/,Epistatic QTLs_v3.0
E00204,Triticum aestivum,Yield,kernels per spike,TAM113 and Gallagher,191 recombinant inbred line,ICIM,19BSP_20EMN_21BD,7D,140,chr7D_133370346-chr7D_138586470,,7D,,chr7D_133370346-chr7D_138586470,,,,https://www.mdpi.com/2073-4395/13/9/2402/,Epistatic QTLs_v3.0
E00205,Triticum aestivum,Yield,kernels per spike,TAM113 and Gallagher,191 recombinant inbred line,ICIM,19BSP_20EMN_21BD,4D,65,chr4D_449050804-chr4D_451718107,,4D,,chr4D_449050804-chr4D_451718107,,,,https://www.mdpi.com/2073-4395/13/9/2402/,Epistatic QTLs_v3.0
E00206,Triticum aestivum,Yield,kernels per spike,TAM113 and Gallagher,191 recombinant inbred line,ICIM,19BSP_20EMN_21BD,5A,180,chr5A_665892852-chr5A_666052093,,5A,,chr5A_665892852-chr5A_666052093,,,,https://www.mdpi.com/2073-4395/13/9/2402/,Epistatic QTLs_v3.0
E00207,Triticum aestivum,Yield,kernels per spike,TAM113 and Gallagher,191 recombinant inbred line,ICIM,19BSP_20EMN_21BD,3A,95,chr3A_569693627-chr3A_568451654,,3A,,chr3A_569693627-chr3A_568451654,,,,https://www.mdpi.com/2073-4395/13/9/2402/,Epistatic QTLs_v3.0
E00208,Triticum aestivum,Yield,kernels per spike,TAM113 and Gallagher,191 recombinant inbred line,ICIM,19BSP_20EMN_21BD,7A,10,chr7A_10885698-chr7A_12475799,,7A,,chr7A_10885698-chr7A_12475799,,,,https://www.mdpi.com/2073-4395/13/9/2402/,Epistatic QTLs_v3.0
E00209,Triticum aestivum,Yield,kernels per spike,TAM113 and Gallagher,191 recombinant inbred line,ICIM,19BSP_20EMN_21BD,5D,20,chr5D_16510457-chr5D_26542620,,5D,,chr5D_16510457-chr5D_26542620,,,,https://www.mdpi.com/2073-4395/13/9/2402/,Epistatic QTLs_v3.0
E00210,Triticum aestivum,Yield,spikes per meter,TAM113 and Gallagher,191 recombinant inbred line,ICIM,20EMN_19BSP_21BD,1A,190,chr1A_556844222-chr1A_557119887,,1A,,chr1A_556844222-chr1A_557119887,,,,https://www.mdpi.com/2073-4395/13/9/2402/,Epistatic QTLs_v3.0
E00211,Triticum aestivum,Yield,spikes per meter,TAM113 and Gallagher,191 recombinant inbred line,ICIM,20EMN_19BSP_21BD,1D,55,chr1D_408786164-chr1D_432536918,,1D,,chr1D_408786164-chr1D_432536918,,,,https://www.mdpi.com/2073-4395/13/9/2402/,Epistatic QTLs_v3.0
E00212,Triticum aestivum,Yield,spikes per meter,TAM113 and Gallagher,191 recombinant inbred line,ICIM,20EMN_19BSP_21BD,1A,235,chr1A_583256428-chr1A_586491986,,1A,,chr1A_583256428-chr1A_586491986,,,,https://www.mdpi.com/2073-4395/13/9/2402/,Epistatic QTLs_v3.0
E00213,Triticum aestivum,Yield,spikes per meter,TAM113 and Gallagher,191 recombinant inbred line,ICIM,20EMN_19BSP_21BD,2B,15,chr2B_4832686-chr2B_17889461,,2B,,chr2B_4832686-chr2B_17889461,,,,https://www.mdpi.com/2073-4395/13/9/2402/,Epistatic QTLs_v3.0
E00214,Triticum aestivum,Yield,spikes per meter,TAM113 and Gallagher,191 recombinant inbred line,ICIM,20EMN_19BSP_21BD,3A,120,chr3A_646292574-chr3A_660269249,,3A,,chr3A_646292574-chr3A_660269249,,,,https://www.mdpi.com/2073-4395/13/9/2402/,Epistatic QTLs_v3.0
E00215,Triticum aestivum,Yield,spikes per meter,TAM113 and Gallagher,191 recombinant inbred line,ICIM,20EMN_19BSP_21BD,2D,175,chr2D_555805070-chr2D_562582911,,2D,,chr2D_555805070-chr2D_562582911,,,,https://www.mdpi.com/2073-4395/13/9/2402/,Epistatic QTLs_v3.0
E00216,Triticum aestivum,Yield,spikes per meter,TAM113 and Gallagher,191 recombinant inbred line,ICIM,20EMN_19BSP_21BD,2D,100,chr2D_76612257-chr2D_77122211,,2D,,chr2D_76612257-chr2D_77122211,,,,https://www.mdpi.com/2073-4395/13/9/2402/,Epistatic QTLs_v3.0
E00217,Triticum aestivum,Yield,spikes per meter,TAM113 and Gallagher,191 recombinant inbred line,ICIM,20EMN_19BSP_21BD,4B,270,chr4B_624790785-chr4B_637596186,,4B,,chr4B_624790785-chr4B_637596186,,,,https://www.mdpi.com/2073-4395/13/9/2402/,Epistatic QTLs_v3.0
E00218,Triticum aestivum,Yield,spikes per meter,TAM113 and Gallagher,191 recombinant inbred line,ICIM,20EMN_19BSP_21BD,2D,210,chr2D_611226987-chr2D_614726879,,2D,,chr2D_611226987-chr2D_614726879,,,,https://www.mdpi.com/2073-4395/13/9/2402/,Epistatic QTLs_v3.0
E00219,Triticum aestivum,Yield,spikes per meter,TAM113 and Gallagher,191 recombinant inbred line,ICIM,20EMN_19BSP_21BD,7A,55,chr7A_42268064-chr7A_47768535,,7A,,chr7A_42268064-chr7A_47768535,,,,https://www.mdpi.com/2073-4395/13/9/2402/,Epistatic QTLs_v3.0
E00220,Triticum aestivum,Yield,spikes per meter,TAM113 and Gallagher,191 recombinant inbred line,ICIM,20EMN_19BSP_21BD,1B,50,chr1B_641937310-chr1B_642060191,,1B,,chr1B_641937310-chr1B_642060191,,,,https://www.mdpi.com/2073-4395/13/9/2402/,Epistatic QTLs_v3.0
E00221,Triticum aestivum,Yield,spikes per meter,TAM113 and Gallagher,191 recombinant inbred line,ICIM,20EMN_19BSP_21BD,2A,120,chr2A_577056832-chr2A_309564882,,2A,,chr2A_577056832-chr2A_309564882,,,,https://www.mdpi.com/2073-4395/13/9/2402/,Epistatic QTLs_v3.0
E00222,Triticum aestivum,Yield,spikes per meter,TAM113 and Gallagher,191 recombinant inbred line,ICIM,20EMN_19BSP_21BD,3B,235,chr3B_749511646-chr3B_749614518,,3B,,chr3B_749511646-chr3B_749614518,,,,https://www.mdpi.com/2073-4395/13/9/2402/,Epistatic QTLs_v3.0
E00223,Triticum aestivum,Yield,spikes per meter,TAM113 and Gallagher,191 recombinant inbred line,ICIM,20EMN_19BSP_21BD,5B,110,chr5B_703858592-chr5B_700045197,,5B,,chr5B_703858592-chr5B_700045197,,,,https://www.mdpi.com/2073-4395/13/9/2402/,Epistatic QTLs_v3.0
E00224,Triticum aestivum,Yield,spikes per meter,TAM113 and Gallagher,191 recombinant inbred line,ICIM,20EMN_19BSP_21BD,4A,250,chr4A_621401013-chr4A_621583722,,4A,,chr4A_621401013-chr4A_621583722,,,,https://www.mdpi.com/2073-4395/13/9/2402/,Epistatic QTLs_v3.0
E00225,Triticum aestivum,Yield,spikes per meter,TAM113 and Gallagher,191 recombinant inbred line,ICIM,20EMN_19BSP_21BD,5D,40,chr5D_461794520-chr5D_462361000,,5D,,chr5D_461794520-chr5D_462361000,,,,https://www.mdpi.com/2073-4395/13/9/2402/,Epistatic QTLs_v3.0
E00226,Triticum aestivum,Yield,spikes per meter,TAM113 and Gallagher,191 recombinant inbred line,ICIM,20EMN_19BSP_21BD,1A,45,chr1A_24247163-chr1A_25703987,,1A,,chr1A_24247163-chr1A_25703987,,,,https://www.mdpi.com/2073-4395/13/9/2402/,Epistatic QTLs_v3.0
E00227,Triticum aestivum,Yield,spikes per meter,TAM113 and Gallagher,191 recombinant inbred line,ICIM,20EMN_19BSP_21BD,3B,205,chr3B_675079707-chr3B_673626978,,3B,,chr3B_675079707-chr3B_673626978,,,,https://www.mdpi.com/2073-4395/13/9/2402/,Epistatic QTLs_v3.0
E00228,Triticum aestivum,Yield,spikes per meter,TAM113 and Gallagher,191 recombinant inbred line,ICIM,20EMN_19BSP_21BD,1A,225,chr1A_578082473-chr1A_578824152,,1A,,chr1A_578082473-chr1A_578824152,,,,https://www.mdpi.com/2073-4395/13/9/2402/,Epistatic QTLs_v3.0
E00229,Triticum aestivum,Yield,spikes per meter,TAM113 and Gallagher,191 recombinant inbred line,ICIM,20EMN_19BSP_21BD,2B,120,chr2B_145617210-chr2B_154552709,,2B,,chr2B_145617210-chr2B_154552709,,,,https://www.mdpi.com/2073-4395/13/9/2402/,Epistatic QTLs_v3.0
E00230,Triticum aestivum,Yield,spikes per meter,TAM113 and Gallagher,191 recombinant inbred line,ICIM,20EMN_19BSP_21BD,3B,340,chr3B_791520813-chr3B_807441351,,3B,,chr3B_791520813-chr3B_807441351,,,,https://www.mdpi.com/2073-4395/13/9/2402/,Epistatic QTLs_v3.0
E00231,Triticum aestivum,Yield,spikes per meter,TAM113 and Gallagher,191 recombinant inbred line,ICIM,20EMN_19BSP_21BD,2B,65,chr2B_29568449-chr2B_30338167,,2B,,chr2B_29568449-chr2B_30338167,,,,https://www.mdpi.com/2073-4395/13/9/2402/,Epistatic QTLs_v3.0
E00232,Triticum aestivum,Yield,spikes per meter,TAM113 and Gallagher,191 recombinant inbred line,ICIM,20EMN_19BSP_21BD,3A,175,chr3A_711914513-chr3A_713720714,,3A,,chr3A_711914513-chr3A_713720714,,,,https://www.mdpi.com/2073-4395/13/9/2402/,Epistatic QTLs_v3.0
E00233,Triticum aestivum,Yield,spikes per meter,TAM113 and Gallagher,191 recombinant inbred line,ICIM,20EMN_19BSP_21BD,2A,15,chr2A_768115530-chr2A_758986366,,2A,,chr2A_768115530-chr2A_758986366,,,,https://www.mdpi.com/2073-4395/13/9/2402/,Epistatic QTLs_v3.0
E00234,Triticum aestivum,Yield,spikes per meter,TAM113 and Gallagher,191 recombinant inbred line,ICIM,20EMN_19BSP_21BD,4A,270,chr4A_635928819-chr4A_636971447,,4A,,chr4A_635928819-chr4A_636971447,,,,https://www.mdpi.com/2073-4395/13/9/2402/,Epistatic QTLs_v3.0
E00235,Triticum aestivum,Yield,spikes per meter,TAM113 and Gallagher,191 recombinant inbred line,ICIM,20EMN_19BSP_21BD,2A,90,chr2A_699438301-chr2A_701615449,,2A,,chr2A_699438301-chr2A_701615449,,,,https://www.mdpi.com/2073-4395/13/9/2402/,Epistatic QTLs_v3.0
E00236,Triticum aestivum,Yield,spikes per meter,TAM113 and Gallagher,191 recombinant inbred line,ICIM,20EMN_19BSP_21BD,5B,135,chr5B_708954292-chr5B_709584044,,5B,,chr5B_708954292-chr5B_709584044,,,,https://www.mdpi.com/2073-4395/13/9/2402/,Epistatic QTLs_v3.0
E00237,Triticum aestivum,Yield,spikes per meter,TAM113 and Gallagher,191 recombinant inbred line,ICIM,20EMN_19BSP_21BD,2B,40,chr2B_24363959-chr2B_24482354,,2B,,chr2B_24363959-chr2B_24482354,,,,https://www.mdpi.com/2073-4395/13/9/2402/,Epistatic QTLs_v3.0
E00238,Triticum aestivum,Yield,spikes per meter,TAM113 and Gallagher,191 recombinant inbred line,ICIM,20EMN_19BSP_21BD,2A,170,chr2A_42774974-chr2A_39330267,,2A,,chr2A_42774974-chr2A_39330267,,,,https://www.mdpi.com/2073-4395/13/9/2402/,Epistatic QTLs_v3.0
E00239,Triticum aestivum,Yield,spikes per meter,TAM113 and Gallagher,191 recombinant inbred line,ICIM,20EMN_19BSP_21BD,3D,30,chr3D_28548715-chr3D_29861179,,3D,,chr3D_28548715-chr3D_29861179,,,,https://www.mdpi.com/2073-4395/13/9/2402/,Epistatic QTLs_v3.0
E00240,Triticum aestivum,Yield,spikes per meter,TAM113 and Gallagher,191 recombinant inbred line,ICIM,20EMN_19BSP_21BD,1D,45,chr1D_369167290-chr1D_373436689,,1D,,chr1D_369167290-chr1D_373436689,,,,https://www.mdpi.com/2073-4395/13/9/2402/,Epistatic QTLs_v3.0
E00241,Triticum aestivum,Yield,spikes per meter,TAM113 and Gallagher,191 recombinant inbred line,ICIM,20EMN_19BSP_21BD,2A,135,chr2A_459723280-chr2A_201847338,,2A,,chr2A_459723280-chr2A_201847338,,,,https://www.mdpi.com/2073-4395/13/9/2402/,Epistatic QTLs_v3.0
E00242,Triticum aestivum,Yield,spikes per meter,TAM113 and Gallagher,191 recombinant inbred line,ICIM,20EMN_19BSP_21BD,4A,90,chr4A_364187463-chr4A_230906215,,4A,,chr4A_364187463-chr4A_230906215,,,,https://www.mdpi.com/2073-4395/13/9/2402/,Epistatic QTLs_v3.0
E00243,Triticum aestivum,Yield,spikes per meter,TAM113 and Gallagher,191 recombinant inbred line,ICIM,20EMN_19BSP_21BD,2D,40,chr2D_22290058-chr2D_31103643,,2D,,chr2D_22290058-chr2D_31103643,,,,https://www.mdpi.com/2073-4395/13/9/2402/,Epistatic QTLs_v3.0
E00244,Triticum aestivum,Yield,spikes per meter,TAM113 and Gallagher,191 recombinant inbred line,ICIM,20EMN_19BSP_21BD,5D,10,chr5D_427758555-chr5D_430108804,,5D,,chr5D_427758555-chr5D_430108804,,,,https://www.mdpi.com/2073-4395/13/9/2402/,Epistatic QTLs_v3.0
E00245,Triticum aestivum,Yield,spikes per meter,TAM113 and Gallagher,191 recombinant inbred line,ICIM,20EMN_19BSP_21BD,4A,225,chr4A_611408164-chr4A_612444341,,4A,,chr4A_611408164-chr4A_612444341,,,,https://www.mdpi.com/2073-4395/13/9/2402/,Epistatic QTLs_v3.0
E00246,Triticum aestivum,Yield,spikes per meter,TAM113 and Gallagher,191 recombinant inbred line,ICIM,20EMN_19BSP_21BD,3A,135,chr3A_685129692-chr3A_686256358,,3A,,chr3A_685129692-chr3A_686256358,,,,https://www.mdpi.com/2073-4395/13/9/2402/,Epistatic QTLs_v3.0
E00247,Triticum aestivum,Yield,spikes per meter,TAM113 and Gallagher,191 recombinant inbred line,ICIM,20EMN_19BSP_21BD,7D,150,chr7D_167199777-chr7D_172139978,,7D,,chr7D_167199777-chr7D_172139978,,,,https://www.mdpi.com/2073-4395/13/9/2402/,Epistatic QTLs_v3.0
E00248,Triticum aestivum,Yield,spikes per meter,TAM113 and Gallagher,191 recombinant inbred line,ICIM,20EMN_19BSP_21BD,5D,50,chr5D_476121763-chr5D_490367813,,5D,,chr5D_476121763-chr5D_490367813,,,,https://www.mdpi.com/2073-4395/13/9/2402/,Epistatic QTLs_v3.0
E00249,Triticum aestivum,Yield,spikes per meter,TAM113 and Gallagher,191 recombinant inbred line,ICIM,20EMN_19BSP_21BD,5D,95,chr5D_539348846-chr5D_544969068,,5D,,chr5D_539348846-chr5D_544969068,,,,https://www.mdpi.com/2073-4395/13/9/2402/,Epistatic QTLs_v3.0
E00250,Triticum aestivum,Yield,spikes per meter,TAM113 and Gallagher,191 recombinant inbred line,ICIM,20EMN_19BSP_21BD,3B,65,chr3B_42951392-chr3B_421872218,,3B,,chr3B_42951392-chr3B_421872218,,,,https://www.mdpi.com/2073-4395/13/9/2402/,Epistatic QTLs_v3.0
E00251,Triticum aestivum,Yield,spikes per meter,TAM113 and Gallagher,191 recombinant inbred line,ICIM,20EMN_19BSP_21BD,7A,270,chr7A_701123987-chr7A_709674845,,7A,,chr7A_701123987-chr7A_709674845,,,,https://www.mdpi.com/2073-4395/13/9/2402/,Epistatic QTLs_v3.0
E00252,Triticum aestivum,Yield,spikes per meter,TAM113 and Gallagher,191 recombinant inbred line,ICIM,20EMN_19BSP_21BD,4A,195,chr4A_594675427-chr4A_594757232,,4A,,chr4A_594675427-chr4A_594757232,,,,https://www.mdpi.com/2073-4395/13/9/2402/,Epistatic QTLs_v3.0
E00253,Triticum aestivum,Yield,spikes per meter,TAM113 and Gallagher,191 recombinant inbred line,ICIM,20EMN_19BSP_21BD,7B,65,chr7B_610627264-chr7B_615525642,,7B,,chr7B_610627264-chr7B_615525642,,,,https://www.mdpi.com/2073-4395/13/9/2402/,Epistatic QTLs_v3.0
E00254,Triticum aestivum,Yield,spikes per meter,TAM113 and Gallagher,191 recombinant inbred line,ICIM,20EMN_19BSP_21BD,5B,125,chr5B_693087415-chr5B_704082080,,5B,,chr5B_693087415-chr5B_704082080,,,,https://www.mdpi.com/2073-4395/13/9/2402/,Epistatic QTLs_v3.0
E00255,Triticum aestivum,Yield,spikes per meter,TAM113 and Gallagher,191 recombinant inbred line,ICIM,20EMN_19BSP_21BD,7A,40,chr7A_35487734-chr7A_39093111,,7A,,chr7A_35487734-chr7A_39093111,,,,https://www.mdpi.com/2073-4395/13/9/2402/,Epistatic QTLs_v3.0
E00256,Triticum aestivum,Yield,spikes per meter,TAM113 and Gallagher,191 recombinant inbred line,ICIM,20EMN_19BSP_21BD,7D,125,chr7D_93576845-chr7D_98423404,,7D,,chr7D_93576845-chr7D_98423404,,,,https://www.mdpi.com/2073-4395/13/9/2402/,Epistatic QTLs_v3.0
E00257,Triticum aestivum,Yield,spikes per meter,TAM113 and Gallagher,191 recombinant inbred line,ICIM,20EMN_19BSP_21BD,6A,0,chr6A_27246226-chr6A_39002055,,6A,,chr6A_27246226-chr6A_39002055,,,,https://www.mdpi.com/2073-4395/13/9/2402/,Epistatic QTLs_v3.0
E00258,Triticum aestivum,Yield,spikes per meter,TAM113 and Gallagher,191 recombinant inbred line,ICIM,20EMN_19BSP_21BD,7A,195,chr7A_592158475-chr7A_583464104,,7A,,chr7A_592158475-chr7A_583464104,,,,https://www.mdpi.com/2073-4395/13/9/2402/,Epistatic QTLs_v3.0
E00259,Triticum aestivum,Yield,spikes per meter,TAM113 and Gallagher,191 recombinant inbred line,ICIM,20EMN_19BSP_21BD,3D,35,chr3D_31776886-chr3D_441466121,,3D,,chr3D_31776886-chr3D_441466121,,,,https://www.mdpi.com/2073-4395/13/9/2402/,Epistatic QTLs_v3.0
E00260,Triticum aestivum,Yield,spikes per meter,TAM113 and Gallagher,191 recombinant inbred line,ICIM,20EMN_19BSP_21BD,2A,50,chr2A_738009767-chr2A_736999222,,2A,,chr2A_738009767-chr2A_736999222,,,,https://www.mdpi.com/2073-4395/13/9/2402/,Epistatic QTLs_v3.0
E00261,Triticum aestivum,Yield,spikes per meter,TAM113 and Gallagher,191 recombinant inbred line,ICIM,20EMN_19BSP_21BD,3A,210,chr3A_732484738-chr3A_731901575,,3A,,chr3A_732484738-chr3A_731901575,,,,https://www.mdpi.com/2073-4395/13/9/2402/,Epistatic QTLs_v3.0
E00262,Triticum aestivum,Yield,spikes per meter,TAM113 and Gallagher,191 recombinant inbred line,ICIM,20EMN_19BSP_21BD,6D,90,chr6D_453648799-chr6D_454625955,,6D,,chr6D_453648799-chr6D_454625955,,,,https://www.mdpi.com/2073-4395/13/9/2402/,Epistatic QTLs_v3.0
E00263,Triticum aestivum,Yield,spikes per meter,TAM113 and Gallagher,191 recombinant inbred line,ICIM,20EMN_19BSP_21BD,5B,125,chr5B_164227723-chr5B_205022702,,5B,,chr5B_164227723-chr5B_205022702,,,,https://www.mdpi.com/2073-4395/13/9/2402/,Epistatic QTLs_v3.0
E00264,Triticum aestivum,Yield,spikes per meter,TAM113 and Gallagher,191 recombinant inbred line,ICIM,20EMN_19BSP_21BD,5B,60,chr5B_676806774-chr5B_678526744,,5B,,chr5B_676806774-chr5B_678526744,,,,https://www.mdpi.com/2073-4395/13/9/2402/,Epistatic QTLs_v3.0
E00265,Triticum aestivum,Yield,spikes per meter,TAM113 and Gallagher,191 recombinant inbred line,ICIM,20EMN_19BSP_21BD,5B,185,chr5B_429450062-chr5B_429897023,,5B,,chr5B_429450062-chr5B_429897023,,,,https://www.mdpi.com/2073-4395/13/9/2402/,Epistatic QTLs_v3.0
E00266,Triticum aestivum,Yield,spikes per meter,TAM113 and Gallagher,191 recombinant inbred line,ICIM,20EMN_19BSP_21BD,4B,370,chr4B_667257525-chr4B_667890569,,4B,,chr4B_667257525-chr4B_667890569,,,,https://www.mdpi.com/2073-4395/13/9/2402/,Epistatic QTLs_v3.0
E00267,Triticum aestivum,Yield,spikes per meter,TAM113 and Gallagher,191 recombinant inbred line,ICIM,20EMN_19BSP_21BD,7A,175,chr7A_550383339-chr7A_565680077,,7A,,chr7A_550383339-chr7A_565680077,,,,https://www.mdpi.com/2073-4395/13/9/2402/,Epistatic QTLs_v3.0
E00268,Triticum aestivum,Yield,spikes per meter,TAM113 and Gallagher,191 recombinant inbred line,ICIM,20EMN_19BSP_21BD,7D,90,chr7D_63208599-chr7D_71584239,,7D,,chr7D_63208599-chr7D_71584239,,,,https://www.mdpi.com/2073-4395/13/9/2402/,Epistatic QTLs_v3.0
E00269,Triticum aestivum,Yield,spikes per meter,TAM113 and Gallagher,191 recombinant inbred line,ICIM,20EMN_19BSP_21BD,3B,0,chr3B_10381969-chr3B_10445098,,3B,,chr3B_10381969-chr3B_10445098,,,,https://www.mdpi.com/2073-4395/13/9/2402/,Epistatic QTLs_v3.0
E00270,Triticum aestivum,Yield,spikes per meter,TAM113 and Gallagher,191 recombinant inbred line,ICIM,20EMN_19BSP_21BD,7D,280,chr7D_587892747-chr7D_591284703,,7D,,chr7D_587892747-chr7D_591284703,,,,https://www.mdpi.com/2073-4395/13/9/2402/,Epistatic QTLs_v3.0
E00271,Triticum aestivum,Yield,spikes per meter,TAM113 and Gallagher,191 recombinant inbred line,ICIM,20EMN_19BSP_21BD,5A,115,chr5A_568284598-chr5A_569010074,,5A,,chr5A_568284598-chr5A_569010074,,,,https://www.mdpi.com/2073-4395/13/9/2402/,Epistatic QTLs_v3.0
E00272,Triticum aestivum,Yield,spikes per meter,TAM113 and Gallagher,191 recombinant inbred line,ICIM,20EMN_19BSP_21BD,2B,50,chr2B_26753453-chr2B_27008115,,2B,,chr2B_26753453-chr2B_27008115,,,,https://www.mdpi.com/2073-4395/13/9/2402/,Epistatic QTLs_v3.0
E00273,Triticum aestivum,Yield,spikes per meter,TAM113 and Gallagher,191 recombinant inbred line,ICIM,20EMN_19BSP_21BD,5B,50,chr5B_660372070-chr5B_661252935,,5B,,chr5B_660372070-chr5B_661252935,,,,https://www.mdpi.com/2073-4395/13/9/2402/,Epistatic QTLs_v3.0
E00274,Triticum aestivum,Yield,thousand kernel weight,TAM113 and Gallagher,191 recombinant inbred line,ICIM,19BSP_20EMN_21BD,5B,130,chr5B_704903099-chr5B_705263545,,5B,,chr5B_704903099-chr5B_705263545,,,,https://www.mdpi.com/2073-4395/13/9/2402/,Epistatic QTLs_v3.0
E00275,Triticum aestivum,Yield,thousand kernel weight,TAM113 and Gallagher,191 recombinant inbred line,ICIM,19BSP_20EMN_21BD,3A,105,chr3A_617775126-chr3A_620471560,,3A,,chr3A_617775126-chr3A_620471560,,,,https://www.mdpi.com/2073-4395/13/9/2402/,Epistatic QTLs_v3.0
E00276,Triticum aestivum,Yield,thousand kernel weight,TAM113 and Gallagher,191 recombinant inbred line,ICIM,19BSP_20EMN_21BD,2D,80,chr2D_47149403-chr2D_47980556,,2D,,chr2D_47149403-chr2D_47980556,,,,https://www.mdpi.com/2073-4395/13/9/2402/,Epistatic QTLs_v3.0
E00277,Triticum aestivum,Yield,thousand kernel weight,TAM113 and Gallagher,191 recombinant inbred line,ICIM,19BSP_20EMN_21BD,5B,185,chr5B_429450062-chr5B_429897023,,5B,,chr5B_429450062-chr5B_429897023,,,,https://www.mdpi.com/2073-4395/13/9/2402/,Epistatic QTLs_v3.0
E00278,Triticum aestivum,Yield,thousand kernel weight,TAM113 and Gallagher,191 recombinant inbred line,ICIM,19BSP_20EMN_21BD,2D,230,chr2D_631403818-chr2D_648155413,,2D,,chr2D_631403818-chr2D_648155413,,,,https://www.mdpi.com/2073-4395/13/9/2402/,Epistatic QTLs_v3.0
E00279,Triticum aestivum,Yield,thousand kernel weight,TAM113 and Gallagher,191 recombinant inbred line,ICIM,19BSP_20EMN_21BD,5A,120,chr5A_571747056-chr5A_575815485,,5A,,chr5A_571747056-chr5A_575815485,,,,https://www.mdpi.com/2073-4395/13/9/2402/,Epistatic QTLs_v3.0
E00280,Triticum aestivum,Yield,thousand kernel weight,TAM113 and Gallagher,191 recombinant inbred line,ICIM,19BSP_20EMN_21BD,1A,205,chr1A_565388907-chr1A_566319240,,1A,,chr1A_565388907-chr1A_566319240,,,,https://www.mdpi.com/2073-4395/13/9/2402/,Epistatic QTLs_v3.0
E00281,Triticum aestivum,Yield,thousand kernel weight,TAM113 and Gallagher,191 recombinant inbred line,ICIM,19BSP_20EMN_21BD,2B,70,chr2B_32064898-chr2B_32131637,,2B,,chr2B_32064898-chr2B_32131637,,,,https://www.mdpi.com/2073-4395/13/9/2402/,Epistatic QTLs_v3.0
E00282,Triticum aestivum,Yield,thousand kernel weight,TAM113 and Gallagher,191 recombinant inbred line,ICIM,19BSP_20EMN_21BD,5A,5,chr5A_4498708-chr5A_5720037,,5A,,chr5A_4498708-chr5A_5720037,,,,https://www.mdpi.com/2073-4395/13/9/2402/,Epistatic QTLs_v3.0
E00283,Triticum aestivum,Yield,thousand kernel weight,TAM113 and Gallagher,191 recombinant inbred line,ICIM,19BSP_20EMN_21BD,7B,0,chr7B_891060-chr7B_34541,,7B,,chr7B_891060-chr7B_34541,,,,https://www.mdpi.com/2073-4395/13/9/2402/,Epistatic QTLs_v3.0
E00284,Triticum aestivum,Yield,thousand kernel weight,TAM113 and Gallagher,191 recombinant inbred line,ICIM,19BSP_20EMN_21BD,1B,60,chr1B_647195634-chr1B_652641117,,1B,,chr1B_647195634-chr1B_652641117,,,,https://www.mdpi.com/2073-4395/13/9/2402/,Epistatic QTLs_v3.0
E00285,Triticum aestivum,Yield,thousand kernel weight,TAM113 and Gallagher,191 recombinant inbred line,ICIM,19BSP_20EMN_21BD,6D,70,chr6D_437068248-chr6D_439297713,,6D,,chr6D_437068248-chr6D_439297713,,,,https://www.mdpi.com/2073-4395/13/9/2402/,Epistatic QTLs_v3.0
E00286,Triticum aestivum,Yield,thousand kernel weight,TAM113 and Gallagher,191 recombinant inbred line,ICIM,19BSP_20EMN_21BD,5D,5,chr5D_7931862-chr5D_8850085,,5D,,chr5D_7931862-chr5D_8850085,,,,https://www.mdpi.com/2073-4395/13/9/2402/,Epistatic QTLs_v3.0
E00287,Triticum aestivum,Yield,thousand kernel weight,TAM113 and Gallagher,191 recombinant inbred line,ICIM,19BSP_20EMN_21BD,6A,160,chr6A_513736220-chr6A_461499184,,6A,,chr6A_513736220-chr6A_461499184,,,,https://www.mdpi.com/2073-4395/13/9/2402/,Epistatic QTLs_v3.0
E00288,Triticum aestivum,Yield,thousand kernel weight,TAM113 and Gallagher,191 recombinant inbred line,ICIM,19BSP_20EMN_21BD,5D,55,chr5D_476121763-chr5D_490367813,,5D,,chr5D_476121763-chr5D_490367813,,,,https://www.mdpi.com/2073-4395/13/9/2402/,Epistatic QTLs_v3.0
E00289,Triticum aestivum,Yield,thousand kernel weight,TAM113 and Gallagher,191 recombinant inbred line,ICIM,19BSP_20EMN_21BD,7D,125,chr7D_93576845-chr7D_98423404,,7D,,chr7D_93576845-chr7D_98423404,,,,https://www.mdpi.com/2073-4395/13/9/2402/,Epistatic QTLs_v3.0
E00290,Triticum aestivum,Yield,thousand kernel weight,TAM113 and Gallagher,191 recombinant inbred line,ICIM,19BSP_20EMN_21BD,7A,0,chr7A_3629954-chr7A_3634893,,7A,,chr7A_3629954-chr7A_3634893,,,,https://www.mdpi.com/2073-4395/13/9/2402/,Epistatic QTLs_v3.0
E00291,Triticum aestivum,Yield,thousand kernel weight,TAM113 and Gallagher,191 recombinant inbred line,ICIM,19BSP_20EMN_21BD,1D,20,chr1D_23524136-chr1D_23645909,,1D,,chr1D_23524136-chr1D_23645909,,,,https://www.mdpi.com/2073-4395/13/9/2402/,Epistatic QTLs_v3.0
E00292,Triticum aestivum,Yield,thousand kernel weight,TAM113 and Gallagher,191 recombinant inbred line,ICIM,19BSP_20EMN_21BD,7B,130,chr7B_704838015-chr7B_706085986,,7B,,chr7B_704838015-chr7B_706085986,,,,https://www.mdpi.com/2073-4395/13/9/2402/,Epistatic QTLs_v3.0
E00293,Triticum aestivum,Yield,thousand kernel weight,TAM113 and Gallagher,191 recombinant inbred line,ICIM,19BSP_20EMN_21BD,5B,130,chr5B_279561781-chr5B_241279303,,5B,,chr5B_279561781-chr5B_241279303,,,,https://www.mdpi.com/2073-4395/13/9/2402/,Epistatic QTLs_v3.0
E00294,Triticum aestivum,Yield,thousand kernel weight,TAM113 and Gallagher,191 recombinant inbred line,ICIM,19BSP_20EMN_21BD,7B,100,chr7B_676513873-chr7B_679611452,,7B,,chr7B_676513873-chr7B_679611452,,,,https://www.mdpi.com/2073-4395/13/9/2402/,Epistatic QTLs_v3.0
E00295,Triticum aestivum,Yield,thousand kernel weight,TAM113 and Gallagher,191 recombinant inbred line,ICIM,19BSP_20EMN_21BD,2A,140,chr2A_165527872-chr2A_137376089,,2A,,chr2A_165527872-chr2A_137376089,,,,https://www.mdpi.com/2073-4395/13/9/2402/,Epistatic QTLs_v3.0
E00296,Triticum aestivum,Yield,yield,TAM113 and Gallagher,191 recombinant inbred line,ICIM,21BD_20MCG_20EMN_20CS_19CS_19BSP,1A,165,chr1A_541729351-chr1A_540675887,,1A,,chr1A_541729351-chr1A_540675887,,,,https://www.mdpi.com/2073-4395/13/9/2402/,Epistatic QTLs_v3.0
E00297,Triticum aestivum,Yield,yield,TAM113 and Gallagher,191 recombinant inbred line,ICIM,21BD_20MCG_20EMN_20CS_19CS_19BSP,7A,290,chr7A_712419459-chr7A_712491985,,7A,,chr7A_712419459-chr7A_712491985,,,,https://www.mdpi.com/2073-4395/13/9/2402/,Epistatic QTLs_v3.0
E00298,Triticum aestivum,Yield,yield,TAM113 and Gallagher,191 recombinant inbred line,ICIM,21BD_20MCG_20EMN_20CS_19CS_19BSP,4A,355,chr4A_707358385-chr4A_703210339,,4A,,chr4A_707358385-chr4A_703210339,,,,https://www.mdpi.com/2073-4395/13/9/2402/,Epistatic QTLs_v3.0
E00299,Triticum aestivum,Yield,yield,TAM113 and Gallagher,191 recombinant inbred line,ICIM,21BD_20MCG_20EMN_20CS_19CS_19BSP,1B,80,chr1B_666539639-chr1B_669140071,,1B,,chr1B_666539639-chr1B_669140071,,,,https://www.mdpi.com/2073-4395/13/9/2402/,Epistatic QTLs_v3.0
E00300,Triticum aestivum,Yield,yield,TAM113 and Gallagher,191 recombinant inbred line,ICIM,21BD_20MCG_20EMN_20CS_19CS_19BSP,7A,220,chr7A_641873183-chr7A_644302898,,7A,,chr7A_641873183-chr7A_644302898,,,,https://www.mdpi.com/2073-4395/13/9/2402/,Epistatic QTLs_v3.0
E00301,Triticum aestivum,Yield,yield,TAM113 and Gallagher,191 recombinant inbred line,ICIM,21BD_20MCG_20EMN_20CS_19CS_19BSP,4A,210,chr4A_603246815-chr4A_603378592,,4A,,chr4A_603246815-chr4A_603378592,,,,https://www.mdpi.com/2073-4395/13/9/2402/,Epistatic QTLs_v3.0
E00302,Triticum aestivum,Yield,yield,TAM113 and Gallagher,191 recombinant inbred line,ICIM,21BD_20MCG_20EMN_20CS_19CS_19BSP,2B,90,chr2B_44169180-chr2B_45167914,,2B,,chr2B_44169180-chr2B_45167914,,,,https://www.mdpi.com/2073-4395/13/9/2402/,Epistatic QTLs_v3.0
E00303,Triticum aestivum,Yield,yield,TAM113 and Gallagher,191 recombinant inbred line,ICIM,21BD_20MCG_20EMN_20CS_19CS_19BSP,3B,25,chr3B_20360637-chr3B_20488221,,3B,,chr3B_20360637-chr3B_20488221,,,,https://www.mdpi.com/2073-4395/13/9/2402/,Epistatic QTLs_v3.0
E00304,Triticum aestivum,Yield,yield,TAM113 and Gallagher,191 recombinant inbred line,ICIM,21BD_20MCG_20EMN_20CS_19CS_19BSP,1A,235,chr1A_583256428-chr1A_586491986,,1A,,chr1A_583256428-chr1A_586491986,,,,https://www.mdpi.com/2073-4395/13/9/2402/,Epistatic QTLs_v3.0
E00305,Triticum aestivum,Yield,yield,TAM113 and Gallagher,191 recombinant inbred line,ICIM,21BD_20MCG_20EMN_20CS_19CS_19BSP,2D,65,chr2D_38643811-chr2D_39423425,,2D,,chr2D_38643811-chr2D_39423425,,,,https://www.mdpi.com/2073-4395/13/9/2402/,Epistatic QTLs_v3.0
E00306,Triticum aestivum,Yield,yield,TAM113 and Gallagher,191 recombinant inbred line,ICIM,21BD_20MCG_20EMN_20CS_19CS_19BSP,2D,60,chr2D_32901354-chr2D_34562299,,2D,,chr2D_32901354-chr2D_34562299,,,,https://www.mdpi.com/2073-4395/13/9/2402/,Epistatic QTLs_v3.0
E00307,Triticum aestivum,Yield,yield,TAM113 and Gallagher,191 recombinant inbred line,ICIM,21BD_20MCG_20EMN_20CS_19CS_19BSP,5A,55,chr5A_448894902-chr5A_455607699,,5A,,chr5A_448894902-chr5A_455607699,,,,https://www.mdpi.com/2073-4395/13/9/2402/,Epistatic QTLs_v3.0
E00308,Triticum aestivum,Yield,yield,TAM113 and Gallagher,191 recombinant inbred line,ICIM,21BD_20MCG_20EMN_20CS_19CS_19BSP,4B,50,chr4B_336444075-chr4B_425465862,,4B,,chr4B_336444075-chr4B_425465862,,,,https://www.mdpi.com/2073-4395/13/9/2402/,Epistatic QTLs_v3.0
E00309,Triticum aestivum,Yield,yield,TAM113 and Gallagher,191 recombinant inbred line,ICIM,21BD_20MCG_20EMN_20CS_19CS_19BSP,3A,160,chr3A_701310422-chr3A_700362670,,3A,,chr3A_701310422-chr3A_700362670,,,,https://www.mdpi.com/2073-4395/13/9/2402/,Epistatic QTLs_v3.0
E00310,Triticum aestivum,Yield,yield,TAM113 and Gallagher,191 recombinant inbred line,ICIM,21BD_20MCG_20EMN_20CS_19CS_19BSP,3D,25,chr3D_23877742-chr3D_26681972,,3D,,chr3D_23877742-chr3D_26681972,,,,https://www.mdpi.com/2073-4395/13/9/2402/,Epistatic QTLs_v3.0
E00311,Triticum aestivum,Yield,yield,TAM113 and Gallagher,191 recombinant inbred line,ICIM,21BD_20MCG_20EMN_20CS_19CS_19BSP,5A,35,chr5A_17395391-chr5A_445690922,,5A,,chr5A_17395391-chr5A_445690922,,,,https://www.mdpi.com/2073-4395/13/9/2402/,Epistatic QTLs_v3.0
E00312,Triticum aestivum,Yield,yield,TAM113 and Gallagher,191 recombinant inbred line,ICIM,21BD_20MCG_20EMN_20CS_19CS_19BSP,3B,310,chr3B_752969438-chr3B_771634585,,3B,,chr3B_752969438-chr3B_771634585,,,,https://www.mdpi.com/2073-4395/13/9/2402/,Epistatic QTLs_v3.0
E00313,Triticum aestivum,Yield,yield,TAM113 and Gallagher,191 recombinant inbred line,ICIM,21BD_20MCG_20EMN_20CS_19CS_19BSP,2B,75,chr2B_36609750-chr2B_37131502,,2B,,chr2B_36609750-chr2B_37131502,,,,https://www.mdpi.com/2073-4395/13/9/2402/,Epistatic QTLs_v3.0
E00314,Triticum aestivum,Yield,yield,TAM113 and Gallagher,191 recombinant inbred line,ICIM,21BD_20MCG_20EMN_20CS_19CS_19BSP,6D,55,chr6D_419545149-chr6D_422078463,,6D,,chr6D_419545149-chr6D_422078463,,,,https://www.mdpi.com/2073-4395/13/9/2402/,Epistatic QTLs_v3.0
E00315,Triticum aestivum,Yield,yield,TAM113 and Gallagher,191 recombinant inbred line,ICIM,21BD_20MCG_20EMN_20CS_19CS_19BSP,1D,15,chr1D_18242735-chr1D_20282486,,1D,,chr1D_18242735-chr1D_20282486,,,,https://www.mdpi.com/2073-4395/13/9/2402/,Epistatic QTLs_v3.0
E00316,Triticum aestivum,Yield,yield,TAM113 and Gallagher,191 recombinant inbred line,ICIM,21BD_20MCG_20EMN_20CS_19CS_19BSP,1B,25,chr1B_619535304-chr1B_620046863,,1B,,chr1B_619535304-chr1B_620046863,,,,https://www.mdpi.com/2073-4395/13/9/2402/,Epistatic QTLs_v3.0
E00317,Triticum aestivum,Yield,yield,TAM113 and Gallagher,191 recombinant inbred line,ICIM,21BD_20MCG_20EMN_20CS_19CS_19BSP,3D,75,chr3D_521664824-chr3D_527350266,,3D,,chr3D_521664824-chr3D_527350266,,,,https://www.mdpi.com/2073-4395/13/9/2402/,Epistatic QTLs_v3.0
E00318,Triticum aestivum,Yield,yield,TAM113 and Gallagher,191 recombinant inbred line,ICIM,21BD_20MCG_20EMN_20CS_19CS_19BSP,3A,0,chr3A_86746-chr3A_97605,,3A,,chr3A_86746-chr3A_97605,,,,https://www.mdpi.com/2073-4395/13/9/2402/,Epistatic QTLs_v3.0
E00319,Triticum aestivum,Yield,yield,TAM113 and Gallagher,191 recombinant inbred line,ICIM,21BD_20MCG_20EMN_20CS_19CS_19BSP,2A,75,chr2A_720852482-chr2A_720445303,,2A,,chr2A_720852482-chr2A_720445303,,,,https://www.mdpi.com/2073-4395/13/9/2402/,Epistatic QTLs_v3.0
E00320,Triticum aestivum,Yield,yield,TAM113 and Gallagher,191 recombinant inbred line,ICIM,21BD_20MCG_20EMN_20CS_19CS_19BSP,6D,75,chr6D_444507525-chr6D_446511828,,6D,,chr6D_444507525-chr6D_446511828,,,,https://www.mdpi.com/2073-4395/13/9/2402/,Epistatic QTLs_v3.0
E00321,Triticum aestivum,Yield,yield,TAM113 and Gallagher,191 recombinant inbred line,ICIM,21BD_20MCG_20EMN_20CS_19CS_19BSP,6D,25,chr6D_261885474-chr6D_257398439,,6D,,chr6D_261885474-chr6D_257398439,,,,https://www.mdpi.com/2073-4395/13/9/2402/,Epistatic QTLs_v3.0
E00322,Triticum aestivum,Yield,yield,TAM113 and Gallagher,191 recombinant inbred line,ICIM,21BD_20MCG_20EMN_20CS_19CS_19BSP,3A,90,chr3A_536739886-chr3A_530416927,,3A,,chr3A_536739886-chr3A_530416927,,,,https://www.mdpi.com/2073-4395/13/9/2402/,Epistatic QTLs_v3.0
E00323,Triticum aestivum,Yield,yield,TAM113 and Gallagher,191 recombinant inbred line,ICIM,21BD_20MCG_20EMN_20CS_19CS_19BSP,1A,180,chr1A_550791392-chr1A_551458580,,1A,,chr1A_550791392-chr1A_551458580,,,,https://www.mdpi.com/2073-4395/13/9/2402/,Epistatic QTLs_v3.0
E00324,Triticum aestivum,Yield,yield,TAM113 and Gallagher,191 recombinant inbred line,ICIM,21BD_20MCG_20EMN_20CS_19CS_19BSP,1A,50,chr1A_24250688-chr1A_25289728,,1A,,chr1A_24250688-chr1A_25289728,,,,https://www.mdpi.com/2073-4395/13/9/2402/,Epistatic QTLs_v3.0
E00325,Triticum aestivum,Yield,yield,TAM113 and Gallagher,191 recombinant inbred line,ICIM,21BD_20MCG_20EMN_20CS_19CS_19BSP,3A,130,chr3A_670933453-chr3A_675559918,,3A,,chr3A_670933453-chr3A_675559918,,,,https://www.mdpi.com/2073-4395/13/9/2402/,Epistatic QTLs_v3.0
E00326,Triticum aestivum,Yield,yield,TAM113 and Gallagher,191 recombinant inbred line,ICIM,21BD_20MCG_20EMN_20CS_19CS_19BSP,5A,165,chr5A_648534665-chr5A_651535650,,5A,,chr5A_648534665-chr5A_651535650,,,,https://www.mdpi.com/2073-4395/13/9/2402/,Epistatic QTLs_v3.0
E00327,Triticum aestivum,Yield,yield,TAM113 and Gallagher,191 recombinant inbred line,ICIM,21BD_20MCG_20EMN_20CS_19CS_19BSP,4D,60,chr4D_420034306-chr4D_425465816,,4D,,chr4D_420034306-chr4D_425465816,,,,https://www.mdpi.com/2073-4395/13/9/2402/,Epistatic QTLs_v3.0
E00328,Triticum aestivum,Yield,yield,TAM113 and Gallagher,191 recombinant inbred line,ICIM,21BD_20MCG_20EMN_20CS_19CS_19BSP,2A,80,chr2A_715800375-chr2A_714030884,,2A,,chr2A_715800375-chr2A_714030884,,,,https://www.mdpi.com/2073-4395/13/9/2402/,Epistatic QTLs_v3.0
E00329,Triticum aestivum,Yield,yield,TAM113 and Gallagher,191 recombinant inbred line,ICIM,21BD_20MCG_20EMN_20CS_19CS_19BSP,1B,0,chr1B_471584104-chr1B_471747282,,1B,,chr1B_471584104-chr1B_471747282,,,,https://www.mdpi.com/2073-4395/13/9/2402/,Epistatic QTLs_v3.0
E00330,Triticum aestivum,Yield,yield,TAM113 and Gallagher,191 recombinant inbred line,ICIM,21BD_20MCG_20EMN_20CS_19CS_19BSP,1D,45,chr1D_369167290-chr1D_373436689,,1D,,chr1D_369167290-chr1D_373436689,,,,https://www.mdpi.com/2073-4395/13/9/2402/,Epistatic QTLs_v3.0
E00331,Triticum aestivum,Yield,yield,TAM113 and Gallagher,191 recombinant inbred line,ICIM,21BD_20MCG_20EMN_20CS_19CS_19BSP,4B,120,chr4B_339581167-chr4B_153603622,,4B,,chr4B_339581167-chr4B_153603622,,,,https://www.mdpi.com/2073-4395/13/9/2402/,Epistatic QTLs_v3.0
E00332,Triticum aestivum,Yield,yield,TAM113 and Gallagher,191 recombinant inbred line,ICIM,21BD_20MCG_20EMN_20CS_19CS_19BSP,1D,60,chr1D_408786164-chr1D_432536918,,1D,,chr1D_408786164-chr1D_432536918,,,,https://www.mdpi.com/2073-4395/13/9/2402/,Epistatic QTLs_v3.0
E00333,Triticum aestivum,Yield,yield,TAM113 and Gallagher,191 recombinant inbred line,ICIM,21BD_20MCG_20EMN_20CS_19CS_19BSP,1A,35,chr1A_22468533-chr1A_22610519,,1A,,chr1A_22468533-chr1A_22610519,,,,https://www.mdpi.com/2073-4395/13/9/2402/,Epistatic QTLs_v3.0
E00334,Triticum aestivum,Yield,yield,TAM113 and Gallagher,191 recombinant inbred line,ICIM,21BD_20MCG_20EMN_20CS_19CS_19BSP,7D,60,chr7D_46519380-chr7D_47800230,,7D,,chr7D_46519380-chr7D_47800230,,,,https://www.mdpi.com/2073-4395/13/9/2402/,Epistatic QTLs_v3.0
E00335,Triticum aestivum,Yield,yield,TAM113 and Gallagher,191 recombinant inbred line,ICIM,21BD_20MCG_20EMN_20CS_19CS_19BSP,2D,210,chr2D_611226987-chr2D_614726879,,2D,,chr2D_611226987-chr2D_614726879,,,,https://www.mdpi.com/2073-4395/13/9/2402/,Epistatic QTLs_v3.0
E00336,Triticum aestivum,Yield,yield,TAM113 and Gallagher,191 recombinant inbred line,ICIM,21BD_20MCG_20EMN_20CS_19CS_19BSP,3D,70,chr3D_502336435-chr3D_508318101,,3D,,chr3D_502336435-chr3D_508318101,,,,https://www.mdpi.com/2073-4395/13/9/2402/,Epistatic QTLs_v3.0
E00337,Triticum aestivum,Yield,yield,TAM113 and Gallagher,191 recombinant inbred line,ICIM,21BD_20MCG_20EMN_20CS_19CS_19BSP,2D,225,chr2D_626319976-chr2D_630595495,,2D,,chr2D_626319976-chr2D_630595495,,,,https://www.mdpi.com/2073-4395/13/9/2402/,Epistatic QTLs_v3.0
E00338,Triticum aestivum,Yield,yield,TAM113 and Gallagher,191 recombinant inbred line,ICIM,21BD_20MCG_20EMN_20CS_19CS_19BSP,6A,65,chr6A_100368136-chr6A_85855164,,6A,,chr6A_100368136-chr6A_85855164,,,,https://www.mdpi.com/2073-4395/13/9/2402/,Epistatic QTLs_v3.0
E00339,Triticum aestivum,Yield,yield,TAM113 and Gallagher,191 recombinant inbred line,ICIM,21BD_20MCG_20EMN_20CS_19CS_19BSP,4B,135,chr4B_217918871-chr4B_173796479,,4B,,chr4B_217918871-chr4B_173796479,,,,https://www.mdpi.com/2073-4395/13/9/2402/,Epistatic QTLs_v3.0
E00340,Triticum aestivum,Yield,yield,TAM113 and Gallagher,191 recombinant inbred line,ICIM,21BD_20MCG_20EMN_20CS_19CS_19BSP,4A,255,chr4A_625369101-chr4A_625390066,,4A,,chr4A_625369101-chr4A_625390066,,,,https://www.mdpi.com/2073-4395/13/9/2402/,Epistatic QTLs_v3.0
E00341,Triticum aestivum,Yield,yield,TAM113 and Gallagher,191 recombinant inbred line,ICIM,21BD_20MCG_20EMN_20CS_19CS_19BSP,2D,0,chr2D_1252289-chr2D_3654929,,2D,,chr2D_1252289-chr2D_3654929,,,,https://www.mdpi.com/2073-4395/13/9/2402/,Epistatic QTLs_v3.0
E00342,Triticum aestivum,Yield,yield,TAM113 and Gallagher,191 recombinant inbred line,ICIM,21BD_20MCG_20EMN_20CS_19CS_19BSP,4B,370,chr4B_667257525-chr4B_667890569,,4B,,chr4B_667257525-chr4B_667890569,,,,https://www.mdpi.com/2073-4395/13/9/2402/,Epistatic QTLs_v3.0
E00343,Triticum aestivum,Yield,yield,TAM113 and Gallagher,191 recombinant inbred line,ICIM,21BD_20MCG_20EMN_20CS_19CS_19BSP,1B,45,chr1B_639115201-chr1B_641519463,,1B,,chr1B_639115201-chr1B_641519463,,,,https://www.mdpi.com/2073-4395/13/9/2402/,Epistatic QTLs_v3.0
E00344,Triticum aestivum,Yield,yield,TAM113 and Gallagher,191 recombinant inbred line,ICIM,21BD_20MCG_20EMN_20CS_19CS_19BSP,1A,190,chr1A_556844222-chr1A_557119887,,1A,,chr1A_556844222-chr1A_557119887,,,,https://www.mdpi.com/2073-4395/13/9/2402/,Epistatic QTLs_v3.0
E00345,Triticum aestivum,Yield,yield,TAM113 and Gallagher,191 recombinant inbred line,ICIM,21BD_20MCG_20EMN_20CS_19CS_19BSP,1B,30,chr1B_626444903-chr1B_627296472,,1B,,chr1B_626444903-chr1B_627296472,,,,https://www.mdpi.com/2073-4395/13/9/2402/,Epistatic QTLs_v3.0
E00346,Triticum aestivum,Yield,yield,TAM113 and Gallagher,191 recombinant inbred line,ICIM,21BD_20MCG_20EMN_20CS_19CS_19BSP,6A,10,chr6A_42698608-chr6A_40642558,,6A,,chr6A_42698608-chr6A_40642558,,,,https://www.mdpi.com/2073-4395/13/9/2402/,Epistatic QTLs_v3.0
E00347,Triticum aestivum,Yield,yield,TAM113 and Gallagher,191 recombinant inbred line,ICIM,21BD_20MCG_20EMN_20CS_19CS_19BSP,3B,340,chr3B_791520813-chr3B_807441351,,3B,,chr3B_791520813-chr3B_807441351,,,,https://www.mdpi.com/2073-4395/13/9/2402/,Epistatic QTLs_v3.0
E00348,Triticum aestivum,Yield,yield,TAM113 and Gallagher,191 recombinant inbred line,ICIM,21BD_20MCG_20EMN_20CS_19CS_19BSP,2B,80,chr2B_37131502-chr2B_39377066,,2B,,chr2B_37131502-chr2B_39377066,,,,https://www.mdpi.com/2073-4395/13/9/2402/,Epistatic QTLs_v3.0
E00349,Triticum aestivum,Yield,yield,TAM113 and Gallagher,191 recombinant inbred line,ICIM,21BD_20MCG_20EMN_20CS_19CS_19BSP,1A,140,chr1A_497934479-chr1A_520530644,,1A,,chr1A_497934479-chr1A_520530644,,,,https://www.mdpi.com/2073-4395/13/9/2402/,Epistatic QTLs_v3.0
E00350,Triticum aestivum,Yield,yield,TAM113 and Gallagher,191 recombinant inbred line,ICIM,21BD_20MCG_20EMN_20CS_19CS_19BSP,6B,30,chr6B_29197482-chr6B_98561291,,6B,,chr6B_29197482-chr6B_98561291,,,,https://www.mdpi.com/2073-4395/13/9/2402/,Epistatic QTLs_v3.0
E00351,Triticum aestivum,Yield,yield,TAM113 and Gallagher,191 recombinant inbred line,ICIM,21BD_20MCG_20EMN_20CS_19CS_19BSP,1D,40,chr1D_301131969-chr1D_303554280,,1D,,chr1D_301131969-chr1D_303554280,,,,https://www.mdpi.com/2073-4395/13/9/2402/,Epistatic QTLs_v3.0
E00352,Triticum aestivum,Yield,yield,TAM113 and Gallagher,191 recombinant inbred line,ICIM,21BD_20MCG_20EMN_20CS_19CS_19BSP,5B,195,chr5B_470254506-chr5B_470902105,,5B,,chr5B_470254506-chr5B_470902105,,,,https://www.mdpi.com/2073-4395/13/9/2402/,Epistatic QTLs_v3.0
E00353,Triticum aestivum,Yield,yield,TAM113 and Gallagher,191 recombinant inbred line,ICIM,21BD_20MCG_20EMN_20CS_19CS_19BSP,2B,65,chr2B_29568449-chr2B_30338167,,2B,,chr2B_29568449-chr2B_30338167,,,,https://www.mdpi.com/2073-4395/13/9/2402/,Epistatic QTLs_v3.0
E00354,Triticum aestivum,Yield,yield,TAM113 and Gallagher,191 recombinant inbred line,ICIM,21BD_20MCG_20EMN_20CS_19CS_19BSP,1A,70,chr1A_34174604-chr1A_33386181,,1A,,chr1A_34174604-chr1A_33386181,,,,https://www.mdpi.com/2073-4395/13/9/2402/,Epistatic QTLs_v3.0
E00355,Triticum aestivum,Yield,yield,TAM113 and Gallagher,191 recombinant inbred line,ICIM,21BD_20MCG_20EMN_20CS_19CS_19BSP,4D,10,chr4D_8437151-chr4D_9929888,,4D,,chr4D_8437151-chr4D_9929888,,,,https://www.mdpi.com/2073-4395/13/9/2402/,Epistatic QTLs_v3.0
E00356,Triticum aestivum,Yield,yield,TAM113 and Gallagher,191 recombinant inbred line,ICIM,21BD_20MCG_20EMN_20CS_19CS_19BSP,1B,40,chr1B_637574533-chr1B_637894021,,1B,,chr1B_637574533-chr1B_637894021,,,,https://www.mdpi.com/2073-4395/13/9/2402/,Epistatic QTLs_v3.0
E00357,Triticum aestivum,Yield,yield,TAM113 and Gallagher,191 recombinant inbred line,ICIM,21BD_20MCG_20EMN_20CS_19CS_19BSP,2A,120,chr2A_577056832-chr2A_309564882,,2A,,chr2A_577056832-chr2A_309564882,,,,https://www.mdpi.com/2073-4395/13/9/2402/,Epistatic QTLs_v3.0
E00358,Triticum aestivum,Yield,yield,TAM113 and Gallagher,191 recombinant inbred line,ICIM,21BD_20MCG_20EMN_20CS_19CS_19BSP,3A,175,chr3A_711914513-chr3A_713720714,,3A,,chr3A_711914513-chr3A_713720714,,,,https://www.mdpi.com/2073-4395/13/9/2402/,Epistatic QTLs_v3.0
E00359,Triticum aestivum,Yield,yield,TAM113 and Gallagher,191 recombinant inbred line,ICIM,21BD_20MCG_20EMN_20CS_19CS_19BSP,4A,20,chr4A_29303359-chr4A_29387391,,4A,,chr4A_29303359-chr4A_29387391,,,,https://www.mdpi.com/2073-4395/13/9/2402/,Epistatic QTLs_v3.0
E00360,Triticum aestivum,Yield,yield,TAM113 and Gallagher,191 recombinant inbred line,ICIM,21BD_20MCG_20EMN_20CS_19CS_19BSP,2A,190,chr2A_31836041-chr2A_29885309,,2A,,chr2A_31836041-chr2A_29885309,,,,https://www.mdpi.com/2073-4395/13/9/2402/,Epistatic QTLs_v3.0
E00361,Triticum aestivum,Yield,yield,TAM113 and Gallagher,191 recombinant inbred line,ICIM,21BD_20MCG_20EMN_20CS_19CS_19BSP,4A,60,chr4A_222759353-chr4A_228148234,,4A,,chr4A_222759353-chr4A_228148234,,,,https://www.mdpi.com/2073-4395/13/9/2402/,Epistatic QTLs_v3.0
E00362,Triticum aestivum,Yield,yield,TAM113 and Gallagher,191 recombinant inbred line,ICIM,21BD_20MCG_20EMN_20CS_19CS_19BSP,3A,140,chr3A_691124368-chr3A_691294329,,3A,,chr3A_691124368-chr3A_691294329,,,,https://www.mdpi.com/2073-4395/13/9/2402/,Epistatic QTLs_v3.0
E00363,Triticum aestivum,Yield,yield,TAM113 and Gallagher,191 recombinant inbred line,ICIM,21BD_20MCG_20EMN_20CS_19CS_19BSP,3A,125,chr3A_667089517-chr3A_665757299,,3A,,chr3A_667089517-chr3A_665757299,,,,https://www.mdpi.com/2073-4395/13/9/2402/,Epistatic QTLs_v3.0
E00364,Triticum aestivum,Yield,yield,TAM113 and Gallagher,191 recombinant inbred line,ICIM,21BD_20MCG_20EMN_20CS_19CS_19BSP,2A,85,chr2A_706229671-chr2A_705538367,,2A,,chr2A_706229671-chr2A_705538367,,,,https://www.mdpi.com/2073-4395/13/9/2402/,Epistatic QTLs_v3.0
E00365,Triticum aestivum,Yield,yield,TAM113 and Gallagher,191 recombinant inbred line,ICIM,21BD_20MCG_20EMN_20CS_19CS_19BSP,4B,5,chr4B_10393064-chr4B_10778049,,4B,,chr4B_10393064-chr4B_10778049,,,,https://www.mdpi.com/2073-4395/13/9/2402/,Epistatic QTLs_v3.0
E00366,Triticum aestivum,Yield,yield,TAM113 and Gallagher,191 recombinant inbred line,ICIM,21BD_20MCG_20EMN_20CS_19CS_19BSP,2B,145,chr2B_381973135-chr2B_380315648,,2B,,chr2B_381973135-chr2B_380315648,,,,https://www.mdpi.com/2073-4395/13/9/2402/,Epistatic QTLs_v3.0
E00367,Triticum aestivum,Yield,yield,TAM113 and Gallagher,191 recombinant inbred line,ICIM,21BD_20MCG_20EMN_20CS_19CS_19BSP,5B,60,chr5B_33535403-chr5B_50085069,,5B,,chr5B_33535403-chr5B_50085069,,,,https://www.mdpi.com/2073-4395/13/9/2402/,Epistatic QTLs_v3.0
E00368,Triticum aestivum,Yield,yield,TAM113 and Gallagher,191 recombinant inbred line,ICIM,21BD_20MCG_20EMN_20CS_19CS_19BSP,5A,160,chr5A_637703941-chr5A_639596610,,5A,,chr5A_637703941-chr5A_639596610,,,,https://www.mdpi.com/2073-4395/13/9/2402/,Epistatic QTLs_v3.0
E00369,Triticum aestivum,Yield,yield,TAM113 and Gallagher,191 recombinant inbred line,ICIM,21BD_20MCG_20EMN_20CS_19CS_19BSP,5B,205,chr5B_488300392-chr5B_488303328,,5B,,chr5B_488300392-chr5B_488303328,,,,https://www.mdpi.com/2073-4395/13/9/2402/,Epistatic QTLs_v3.0
E00370,Triticum aestivum,Yield,yield,TAM113 and Gallagher,191 recombinant inbred line,ICIM,21BD_20MCG_20EMN_20CS_19CS_19BSP,4A,185,chr4A_477864936-chr4A_256977677,,4A,,chr4A_477864936-chr4A_256977677,,,,https://www.mdpi.com/2073-4395/13/9/2402/,Epistatic QTLs_v3.0
E00371,Triticum aestivum,Yield,yield,TAM113 and Gallagher,191 recombinant inbred line,ICIM,21BD_20MCG_20EMN_20CS_19CS_19BSP,5D,40,chr5D_53544865-chr5D_53918027,,5D,,chr5D_53544865-chr5D_53918027,,,,https://www.mdpi.com/2073-4395/13/9/2402/,Epistatic QTLs_v3.0
E00372,Triticum aestivum,Yield,yield,TAM113 and Gallagher,191 recombinant inbred line,ICIM,21BD_20MCG_20EMN_20CS_19CS_19BSP,4A,200,chr4A_596884042-chr4A_603030870,,4A,,chr4A_596884042-chr4A_603030870,,,,https://www.mdpi.com/2073-4395/13/9/2402/,Epistatic QTLs_v3.0
E00373,Triticum aestivum,Yield,yield,TAM113 and Gallagher,191 recombinant inbred line,ICIM,21BD_20MCG_20EMN_20CS_19CS_19BSP,2A,225,chr2A_1241354-chr2A_2638650,,2A,,chr2A_1241354-chr2A_2638650,,,,https://www.mdpi.com/2073-4395/13/9/2402/,Epistatic QTLs_v3.0
E00374,Triticum aestivum,Yield,yield,TAM113 and Gallagher,191 recombinant inbred line,ICIM,21BD_20MCG_20EMN_20CS_19CS_19BSP,5A,195,chr5A_678268974-chr5A_680669630,,5A,,chr5A_678268974-chr5A_680669630,,,,https://www.mdpi.com/2073-4395/13/9/2402/,Epistatic QTLs_v3.0
E00375,Triticum aestivum,Yield,yield,TAM113 and Gallagher,191 recombinant inbred line,ICIM,21BD_20MCG_20EMN_20CS_19CS_19BSP,7A,135,chr7A_184213543-chr7A_475104741,,7A,,chr7A_184213543-chr7A_475104741,,,,https://www.mdpi.com/2073-4395/13/9/2402/,Epistatic QTLs_v3.0
E00376,Triticum aestivum,Yield,yield,TAM113 and Gallagher,191 recombinant inbred line,ICIM,21BD_20MCG_20EMN_20CS_19CS_19BSP,4B,340,chr4B_659028209-chr4B_658788207,,4B,,chr4B_659028209-chr4B_658788207,,,,https://www.mdpi.com/2073-4395/13/9/2402/,Epistatic QTLs_v3.0
E00377,Triticum aestivum,Yield,yield,TAM113 and Gallagher,191 recombinant inbred line,ICIM,21BD_20MCG_20EMN_20CS_19CS_19BSP,1A,5,chr1A_9877409-chr1A_10055231,,1A,,chr1A_9877409-chr1A_10055231,,,,https://www.mdpi.com/2073-4395/13/9/2402/,Epistatic QTLs_v3.0
E00378,Triticum aestivum,Yield,yield,TAM113 and Gallagher,191 recombinant inbred line,ICIM,21BD_20MCG_20EMN_20CS_19CS_19BSP,1A,0,chr1A_7524384-chr1A_7811760,,1A,,chr1A_7524384-chr1A_7811760,,,,https://www.mdpi.com/2073-4395/13/9/2402/,Epistatic QTLs_v3.0
E00379,Triticum aestivum,Yield,yield,TAM113 and Gallagher,191 recombinant inbred line,ICIM,21BD_20MCG_20EMN_20CS_19CS_19BSP,3B,115,chr3B_568533980-chr3B_567130382,,3B,,chr3B_568533980-chr3B_567130382,,,,https://www.mdpi.com/2073-4395/13/9/2402/,Epistatic QTLs_v3.0
E00380,Triticum aestivum,Yield,yield,TAM113 and Gallagher,191 recombinant inbred line,ICIM,21BD_20MCG_20EMN_20CS_19CS_19BSP,5D,85,chr5D_531403917-chr5D_533487677,,5D,,chr5D_531403917-chr5D_533487677,,,,https://www.mdpi.com/2073-4395/13/9/2402/,Epistatic QTLs_v3.0
E00381,Triticum aestivum,Yield,yield,TAM113 and Gallagher,191 recombinant inbred line,ICIM,21BD_20MCG_20EMN_20CS_19CS_19BSP,2B,105,chr2B_63428577-chr2B_64952887,,2B,,chr2B_63428577-chr2B_64952887,,,,https://www.mdpi.com/2073-4395/13/9/2402/,Epistatic QTLs_v3.0
E00382,Triticum aestivum,Yield,yield,TAM113 and Gallagher,191 recombinant inbred line,ICIM,21BD_20MCG_20EMN_20CS_19CS_19BSP,2A,110,chr2A_618893725-chr2A_610033648,,2A,,chr2A_618893725-chr2A_610033648,,,,https://www.mdpi.com/2073-4395/13/9/2402/,Epistatic QTLs_v3.0
E00383,Triticum aestivum,Yield,yield,TAM113 and Gallagher,191 recombinant inbred line,ICIM,21BD_20MCG_20EMN_20CS_19CS_19BSP,3D,10,chr3D_14704247-chr3D_19050539,,3D,,chr3D_14704247-chr3D_19050539,,,,https://www.mdpi.com/2073-4395/13/9/2402/,Epistatic QTLs_v3.0
E00384,Triticum aestivum,Yield,yield,TAM113 and Gallagher,191 recombinant inbred line,ICIM,21BD_20MCG_20EMN_20CS_19CS_19BSP,3B,95,chr3B_553760322-chr3B_554544021,,3B,,chr3B_553760322-chr3B_554544021,,,,https://www.mdpi.com/2073-4395/13/9/2402/,Epistatic QTLs_v3.0
E00385,Triticum aestivum,Yield,yield,TAM113 and Gallagher,191 recombinant inbred line,ICIM,21BD_20MCG_20EMN_20CS_19CS_19BSP,3B,200,chr3B_670295928-chr3B_677442940,,3B,,chr3B_670295928-chr3B_677442940,,,,https://www.mdpi.com/2073-4395/13/9/2402/,Epistatic QTLs_v3.0
E00386,Triticum aestivum,Yield,yield,TAM113 and Gallagher,191 recombinant inbred line,ICIM,21BD_20MCG_20EMN_20CS_19CS_19BSP,3D,120,chr3D_581229212-chr3D_582757284,,3D,,chr3D_581229212-chr3D_582757284,,,,https://www.mdpi.com/2073-4395/13/9/2402/,Epistatic QTLs_v3.0
E00387,Triticum aestivum,Yield,yield,TAM113 and Gallagher,191 recombinant inbred line,ICIM,21BD_20MCG_20EMN_20CS_19CS_19BSP,5A,40,chr5A_17395391-chr5A_445690922,,5A,,chr5A_17395391-chr5A_445690922,,,,https://www.mdpi.com/2073-4395/13/9/2402/,Epistatic QTLs_v3.0
E00388,Triticum aestivum,Yield,yield,TAM113 and Gallagher,191 recombinant inbred line,ICIM,21BD_20MCG_20EMN_20CS_19CS_19BSP,4B,45,chr4B_16683406-chr4B_61911629,,4B,,chr4B_16683406-chr4B_61911629,,,,https://www.mdpi.com/2073-4395/13/9/2402/,Epistatic QTLs_v3.0
E00389,Triticum aestivum,Yield,yield,TAM113 and Gallagher,191 recombinant inbred line,ICIM,21BD_20MCG_20EMN_20CS_19CS_19BSP,2B,85,chr2B_39188668-chr2B_44169180,,2B,,chr2B_39188668-chr2B_44169180,,,,https://www.mdpi.com/2073-4395/13/9/2402/,Epistatic QTLs_v3.0
E00390,Triticum aestivum,Yield,yield,TAM113 and Gallagher,191 recombinant inbred line,ICIM,21BD_20MCG_20EMN_20CS_19CS_19BSP,6A,220,chr6A_595061983-chr6A_599261877,,6A,,chr6A_595061983-chr6A_599261877,,,,https://www.mdpi.com/2073-4395/13/9/2402/,Epistatic QTLs_v3.0
E00391,Triticum aestivum,Yield,yield,TAM113 and Gallagher,191 recombinant inbred line,ICIM,21BD_20MCG_20EMN_20CS_19CS_19BSP,4A,135,chr4A_245032654-chr4A_538841411,,4A,,chr4A_245032654-chr4A_538841411,,,,https://www.mdpi.com/2073-4395/13/9/2402/,Epistatic QTLs_v3.0
E00392,Triticum aestivum,Yield,yield,TAM113 and Gallagher,191 recombinant inbred line,ICIM,21BD_20MCG_20EMN_20CS_19CS_19BSP,5A,75,chr5A_455607699-chr5A_494411449,,5A,,chr5A_455607699-chr5A_494411449,,,,https://www.mdpi.com/2073-4395/13/9/2402/,Epistatic QTLs_v3.0
E00393,Triticum aestivum,Yield,yield,TAM113 and Gallagher,191 recombinant inbred line,ICIM,21BD_20MCG_20EMN_20CS_19CS_19BSP,1D,30,chr1D_75615997-chr1D_76420483,,1D,,chr1D_75615997-chr1D_76420483,,,,https://www.mdpi.com/2073-4395/13/9/2402/,Epistatic QTLs_v3.0
E00394,Triticum aestivum,Yield,yield,TAM113 and Gallagher,191 recombinant inbred line,ICIM,21BD_20MCG_20EMN_20CS_19CS_19BSP,3A,75,chr3A_57777262-chr3A_59260364,,3A,,chr3A_57777262-chr3A_59260364,,,,https://www.mdpi.com/2073-4395/13/9/2402/,Epistatic QTLs_v3.0
E00395,Triticum aestivum,Yield,yield,TAM113 and Gallagher,191 recombinant inbred line,ICIM,21BD_20MCG_20EMN_20CS_19CS_19BSP,5B,115,chr5B_697609285-chr5B_695755391,,5B,,chr5B_697609285-chr5B_695755391,,,,https://www.mdpi.com/2073-4395/13/9/2402/,Epistatic QTLs_v3.0
E00396,Triticum aestivum,Yield,yield,TAM113 and Gallagher,191 recombinant inbred line,ICIM,21BD_20MCG_20EMN_20CS_19CS_19BSP,4B,15,chr4B_12369792-chr4B_13745971,,4B,,chr4B_12369792-chr4B_13745971,,,,https://www.mdpi.com/2073-4395/13/9/2402/,Epistatic QTLs_v3.0
E00397,Triticum aestivum,Yield,yield,TAM113 and Gallagher,191 recombinant inbred line,ICIM,21BD_20MCG_20EMN_20CS_19CS_19BSP,5B,50,chr5B_28753503-chr5B_29367162,,5B,,chr5B_28753503-chr5B_29367162,,,,https://www.mdpi.com/2073-4395/13/9/2402/,Epistatic QTLs_v3.0
E00398,Triticum aestivum,Yield,yield,TAM113 and Gallagher,191 recombinant inbred line,ICIM,21BD_20MCG_20EMN_20CS_19CS_19BSP,3D,20,chr3D_19050539-chr3D_21746044,,3D,,chr3D_19050539-chr3D_21746044,,,,https://www.mdpi.com/2073-4395/13/9/2402/,Epistatic QTLs_v3.0
E00399,Triticum aestivum,Yield,yield,TAM113 and Gallagher,191 recombinant inbred line,ICIM,21BD_20MCG_20EMN_20CS_19CS_19BSP,6D,105,chr6D_458925995-chr6D_462634429,,6D,,chr6D_458925995-chr6D_462634429,,,,https://www.mdpi.com/2073-4395/13/9/2402/,Epistatic QTLs_v3.0
E00400,Triticum aestivum,Yield,yield,TAM113 and Gallagher,191 recombinant inbred line,ICIM,21BD_20MCG_20EMN_20CS_19CS_19BSP,7B,170,chr7B_739999411-chr7B_733197194,,7B,,chr7B_739999411-chr7B_733197194,,,,https://www.mdpi.com/2073-4395/13/9/2402/,Epistatic QTLs_v3.0
E00401,Triticum aestivum,Yield,yield,TAM113 and Gallagher,191 recombinant inbred line,ICIM,21BD_20MCG_20EMN_20CS_19CS_19BSP,4A,375,chr4A_708146969-chr4A_714382901,,4A,,chr4A_708146969-chr4A_714382901,,,,https://www.mdpi.com/2073-4395/13/9/2402/,Epistatic QTLs_v3.0
E00402,Triticum aestivum,Yield,yield,TAM113 and Gallagher,191 recombinant inbred line,ICIM,21BD_20MCG_20EMN_20CS_19CS_19BSP,2A,155,chr2A_58544178-chr2A_57986539,,2A,,chr2A_58544178-chr2A_57986539,,,,https://www.mdpi.com/2073-4395/13/9/2402/,Epistatic QTLs_v3.0
E00403,Triticum aestivum,Yield,yield,TAM113 and Gallagher,191 recombinant inbred line,ICIM,21BD_20MCG_20EMN_20CS_19CS_19BSP,7D,90,chr7D_63208599-chr7D_71584239,,7D,,chr7D_63208599-chr7D_71584239,,,,https://www.mdpi.com/2073-4395/13/9/2402/,Epistatic QTLs_v3.0
E00404,Triticum aestivum,Yield,yield,TAM113 and Gallagher,191 recombinant inbred line,ICIM,21BD_20MCG_20EMN_20CS_19CS_19BSP,5B,85,chr5B_685565921-chr5B_688161695,,5B,,chr5B_685565921-chr5B_688161695,,,,https://www.mdpi.com/2073-4395/13/9/2402/,Epistatic QTLs_v3.0
E00405,Triticum aestivum,Yield,yield,TAM113 and Gallagher,191 recombinant inbred line,ICIM,21BD_20MCG_20EMN_20CS_19CS_19BSP,3B,0,chr3B_10381969-chr3B_10445098,,3B,,chr3B_10381969-chr3B_10445098,,,,https://www.mdpi.com/2073-4395/13/9/2402/,Epistatic QTLs_v3.0
E00406,Triticum aestivum,Yield,yield,TAM113 and Gallagher,191 recombinant inbred line,ICIM,21BD_20MCG_20EMN_20CS_19CS_19BSP,4A,170,chr4A_576785490-chr4A_576650001,,4A,,chr4A_576785490-chr4A_576650001,,,,https://www.mdpi.com/2073-4395/13/9/2402/,Epistatic QTLs_v3.0
E00407,Triticum aestivum,Yield,yield,TAM113 and Gallagher,191 recombinant inbred line,ICIM,21BD_20MCG_20EMN_20CS_19CS_19BSP,3B,270,chr3B_753181515-chr3B_753122111,,3B,,chr3B_753181515-chr3B_753122111,,,,https://www.mdpi.com/2073-4395/13/9/2402/,Epistatic QTLs_v3.0
E00408,Triticum aestivum,Yield,yield,TAM113 and Gallagher,191 recombinant inbred line,ICIM,21BD_20MCG_20EMN_20CS_19CS_19BSP,7B,165,chr7B_730172104-chr7B_730376977,,7B,,chr7B_730172104-chr7B_730376977,,,,https://www.mdpi.com/2073-4395/13/9/2402/,Epistatic QTLs_v3.0
E00409,Triticum aestivum,Yield,yield,TAM113 and Gallagher,191 recombinant inbred line,ICIM,21BD_20MCG_20EMN_20CS_19CS_19BSP,3D,115,chr3D_577803947-chr3D_578540547,,3D,,chr3D_577803947-chr3D_578540547,,,,https://www.mdpi.com/2073-4395/13/9/2402/,Epistatic QTLs_v3.0
E00410,Triticum aestivum,Yield,yield,TAM113 and Gallagher,191 recombinant inbred line,ICIM,21BD_20MCG_20EMN_20CS_19CS_19BSP,5B,40,chr5B_20696411-chr5B_21483059,,5B,,chr5B_20696411-chr5B_21483059,,,,https://www.mdpi.com/2073-4395/13/9/2402/,Epistatic QTLs_v3.0
E00411,Triticum aestivum,Yield,yield,TAM113 and Gallagher,191 recombinant inbred line,ICIM,21BD_20MCG_20EMN_20CS_19CS_19BSP,4B,150,chr4B_141568079-chr4B_329875990,,4B,,chr4B_141568079-chr4B_329875990,,,,https://www.mdpi.com/2073-4395/13/9/2402/,Epistatic QTLs_v3.0
E00412,Triticum aestivum,Yield,yield,TAM113 and Gallagher,191 recombinant inbred line,ICIM,21BD_20MCG_20EMN_20CS_19CS_19BSP,5B,200,chr5B_478398846-chr5B_478429859,,5B,,chr5B_478398846-chr5B_478429859,,,,https://www.mdpi.com/2073-4395/13/9/2402/,Epistatic QTLs_v3.0
E00413,Triticum aestivum,Yield,yield,TAM113 and Gallagher,191 recombinant inbred line,ICIM,21BD_20MCG_20EMN_20CS_19CS_19BSP,7D,180,chr7D_383752030-chr7D_357258299,,7D,,chr7D_383752030-chr7D_357258299,,,,https://www.mdpi.com/2073-4395/13/9/2402/,Epistatic QTLs_v3.0
E00414,Triticum aestivum,Yield,yield,TAM113 and Gallagher,191 recombinant inbred line,ICIM,21BD_20MCG_20EMN_20CS_19CS_19BSP,5B,75,chr5B_684446911-chr5B_684889659,,5B,,chr5B_684446911-chr5B_684889659,,,,https://www.mdpi.com/2073-4395/13/9/2402/,Epistatic QTLs_v3.0
E00415,Triticum aestivum,Yield,yield,TAM113 and Gallagher,191 recombinant inbred line,ICIM,21BD_20MCG_20EMN_20CS_19CS_19BSP,7B,65,chr7B_610627264-chr7B_615525642,,7B,,chr7B_610627264-chr7B_615525642,,,,https://www.mdpi.com/2073-4395/13/9/2402/,Epistatic QTLs_v3.0
E00416,Triticum aestivum,Yield,yield,TAM113 and Gallagher,191 recombinant inbred line,ICIM,21BD_20MCG_20EMN_20CS_19CS_19BSP,7B,60,chr7B_595083159-chr7B_605867909,,7B,,chr7B_595083159-chr7B_605867909,,,,https://www.mdpi.com/2073-4395/13/9/2402/,Epistatic QTLs_v3.0
E00417,Triticum aestivum,Yield,yield,TAM113 and Gallagher,191 recombinant inbred line,ICIM,21BD_20MCG_20EMN_20CS_19CS_19BSP,5B,100,chr5B_238562927-chr5B_181868461,,5B,,chr5B_238562927-chr5B_181868461,,,,https://www.mdpi.com/2073-4395/13/9/2402/,Epistatic QTLs_v3.0
E00418,Triticum aestivum,Yield,yield,TAM113 and Gallagher,191 recombinant inbred line,ICIM,21BD_20MCG_20EMN_20CS_19CS_19BSP,7A,260,chr7A_697303628-chr7A_697623969,,7A,,chr7A_697303628-chr7A_697623969,,,,https://www.mdpi.com/2073-4395/13/9/2402/,Epistatic QTLs_v3.0
E00419,Triticum aestivum,Yield,yield,TAM113 and Gallagher,191 recombinant inbred line,ICIM,21BD_20MCG_20EMN_20CS_19CS_19BSP,7B,85,chr7B_652690696-chr7B_652635783,,7B,,chr7B_652690696-chr7B_652635783,,,,https://www.mdpi.com/2073-4395/13/9/2402/,Epistatic QTLs_v3.0
E00420,Triticum aestivum,Yield,yield,TAM113 and Gallagher,191 recombinant inbred line,ICIM,21BD_20MCG_20EMN_20CS_19CS_19BSP,3D,15,chr3D_19050539-chr3D_21746044,,3D,,chr3D_19050539-chr3D_21746044,,,,https://www.mdpi.com/2073-4395/13/9/2402/,Epistatic QTLs_v3.0
E00421,Triticum aestivum,Yield,yield,TAM113 and Gallagher,191 recombinant inbred line,ICIM,21BD_20MCG_20EMN_20CS_19CS_19BSP,4A,345,chr4A_700332641-chr4A_702126013,,4A,,chr4A_700332641-chr4A_702126013,,,,https://www.mdpi.com/2073-4395/13/9/2402/,Epistatic QTLs_v3.0
E00422,Triticum aestivum,Yield,yield,TAM113 and Gallagher,191 recombinant inbred line,ICIM,21BD_20MCG_20EMN_20CS_19CS_19BSP,7A,110,chr7A_83320767-chr7A_86612185,,7A,,chr7A_83320767-chr7A_86612185,,,,https://www.mdpi.com/2073-4395/13/9/2402/,Epistatic QTLs_v3.0
E00423,Triticum aestivum,Yield,yield,TAM113 and Gallagher,191 recombinant inbred line,ICIM,21BD_20MCG_20EMN_20CS_19CS_19BSP,7D,325,chr7D_606321871-chr7D_610424091,,7D,,chr7D_606321871-chr7D_610424091,,,,https://www.mdpi.com/2073-4395/13/9/2402/,Epistatic QTLs_v3.0
E00424,Triticum aestivum,Yield,yield,TAM113 and Gallagher,191 recombinant inbred line,ICIM,21BD_20MCG_20EMN_20CS_19CS_19BSP,4A,25,chr4A_36176781-chr4A_36414430,,4A,,chr4A_36176781-chr4A_36414430,,,,https://www.mdpi.com/2073-4395/13/9/2402/,Epistatic QTLs_v3.0
E00425,Triticum aestivum,Yield,yield,TAM113 and Gallagher,191 recombinant inbred line,ICIM,21BD_20MCG_20EMN_20CS_19CS_19BSP,5B,15,chr5B_581742436-chr5B_597955208,,5B,,chr5B_581742436-chr5B_597955208,,,,https://www.mdpi.com/2073-4395/13/9/2402/,Epistatic QTLs_v3.0
E00426,Triticum aestivum,Yield,yield,TAM113 and Gallagher,191 recombinant inbred line,ICIM,21BD_20MCG_20EMN_20CS_19CS_19BSP,6A,35,chr6A_54336392-chr6A_54336331,,6A,,chr6A_54336392-chr6A_54336331,,,,https://www.mdpi.com/2073-4395/13/9/2402/,Epistatic QTLs_v3.0
E00427,Triticum aestivum,Yield,yield,TAM113 and Gallagher,191 recombinant inbred line,ICIM,21BD_20MCG_20EMN_20CS_19CS_19BSP,5B,190,chr5B_453465427-chr5B_455748509,,5B,,chr5B_453465427-chr5B_455748509,,,,https://www.mdpi.com/2073-4395/13/9/2402/,Epistatic QTLs_v3.0
E00428,Triticum aestivum,Yield,yield,TAM113 and Gallagher,191 recombinant inbred line,ICIM,21BD_20MCG_20EMN_20CS_19CS_19BSP,6D,35,chr6D_292339268-chr6D_298317836,,6D,,chr6D_292339268-chr6D_298317836,,,,https://www.mdpi.com/2073-4395/13/9/2402/,Epistatic QTLs_v3.0
E00429,Triticum aestivum,Yield,yield,TAM113 and Gallagher,191 recombinant inbred line,ICIM,21BD_20MCG_20EMN_20CS_19CS_19BSP,5B,95,chr5B_691470718-chr5B_691309931,,5B,,chr5B_691470718-chr5B_691309931,,,,https://www.mdpi.com/2073-4395/13/9/2402/,Epistatic QTLs_v3.0
E00430,Triticum aestivum,Yield,yield,TAM113 and Gallagher,191 recombinant inbred line,ICIM,21BD_20MCG_20EMN_20CS_19CS_19BSP,4A,35,chr4A_85247805-chr4A_87242401,,4A,,chr4A_85247805-chr4A_87242401,,,,https://www.mdpi.com/2073-4395/13/9/2402/,Epistatic QTLs_v3.0
E00431,Triticum aestivum,Yield,yield,TAM113 and Gallagher,191 recombinant inbred line,ICIM,21BD_20MCG_20EMN_20CS_19CS_19BSP,7B,5,chr7B_2281299-chr7B_2888248,,7B,,chr7B_2281299-chr7B_2888248,,,,https://www.mdpi.com/2073-4395/13/9/2402/,Epistatic QTLs_v3.0
E00432,Triticum aestivum,Yield,yield,TAM113 and Gallagher,191 recombinant inbred line,ICIM,21BD_20MCG_20EMN_20CS_19CS_19BSP,7D,355,chr7D_628852776-chr7D_630972219,,7D,,chr7D_628852776-chr7D_630972219,,,,https://www.mdpi.com/2073-4395/13/9/2402/,Epistatic QTLs_v3.0
E00433,Triticum aestivum,Yield,yield,TAM113 and Gallagher,191 recombinant inbred line,ICIM,21BD_20MCG_20EMN_20CS_19CS_19BSP,7A,205,chr7A_627817031-chr7A_622364326,,7A,,chr7A_627817031-chr7A_622364326,,,,https://www.mdpi.com/2073-4395/13/9/2402/,Epistatic QTLs_v3.0
E00434,Triticum aestivum,Yield,yield,TAM113 and Gallagher,191 recombinant inbred line,ICIM,21BD_20MCG_20EMN_20CS_19CS_19BSP,7D,270,chr7D_580335894-chr7D_581611372,,7D,,chr7D_580335894-chr7D_581611372,,,,https://www.mdpi.com/2073-4395/13/9/2402/,Epistatic QTLs_v3.0
E00435,Triticum aestivum,Yield,yield,TAM113 and Gallagher,191 recombinant inbred line,ICIM,21BD_20MCG_20EMN_20CS_19CS_19BSP,5B,25,chr5B_13361005-chr5B_13448213,,5B,,chr5B_13361005-chr5B_13448213,,,,https://www.mdpi.com/2073-4395/13/9/2402/,Epistatic QTLs_v3.0
E00436,Triticum aestivum,Yield,yield,TAM113 and Gallagher,191 recombinant inbred line,ICIM,21BD_20MCG_20EMN_20CS_19CS_19BSP,4D,45,chr4D_106070576-chr4D_98830882,,4D,,chr4D_106070576-chr4D_98830882,,,,https://www.mdpi.com/2073-4395/13/9/2402/,Epistatic QTLs_v3.0
E00437,Triticum aestivum,Yield,yield,TAM113 and Gallagher,191 recombinant inbred line,ICIM,21BD_20MCG_20EMN_20CS_19CS_19BSP,6D,70,chr6D_437068248-chr6D_439297713,,6D,,chr6D_437068248-chr6D_439297713,,,,https://www.mdpi.com/2073-4395/13/9/2402/,Epistatic QTLs_v3.0
E00438,Triticum aestivum,Yield,yield,TAM113 and Gallagher,191 recombinant inbred line,ICIM,21BD_20MCG_20EMN_20CS_19CS_19BSP,6D,20,chr6D_10311612-chr6D_10444688,,6D,,chr6D_10311612-chr6D_10444688,,,,https://www.mdpi.com/2073-4395/13/9/2402/,Epistatic QTLs_v3.0
E00439,Triticum aestivum,Yield,yield,TAM113 and Gallagher,191 recombinant inbred line,ICIM,21BD_20MCG_20EMN_20CS_19CS_19BSP,5D,90,chr5D_536020765-chr5D_539348846,,5D,,chr5D_536020765-chr5D_539348846,,,,https://www.mdpi.com/2073-4395/13/9/2402/,Epistatic QTLs_v3.0
E00440,Triticum aestivum,Yield,yield,TAM113 and Gallagher,191 recombinant inbred line,ICIM,21BD_20MCG_20EMN_20CS_19CS_19BSP,5D,25,chr5D_439443627-chr5D_442495923,,5D,,chr5D_439443627-chr5D_442495923,,,,https://www.mdpi.com/2073-4395/13/9/2402/,Epistatic QTLs_v3.0
E00441,Triticum aestivum,Yield,yield,TAM113 and Gallagher,191 recombinant inbred line,ICIM,21BD_20MCG_20EMN_20CS_19CS_19BSP,5D,10,chr5D_9523515-chr5D_10211740,,5D,,chr5D_9523515-chr5D_10211740,,,,https://www.mdpi.com/2073-4395/13/9/2402/,Epistatic QTLs_v3.0
E00442,Triticum aestivum,Yield,yield,TAM113 and Gallagher,191 recombinant inbred line,ICIM,21BD_20MCG_20EMN_20CS_19CS_19BSP,7B,115,chr7B_684851966-chr7B_686166080,,7B,,chr7B_684851966-chr7B_686166080,,,,https://www.mdpi.com/2073-4395/13/9/2402/,Epistatic QTLs_v3.0
E00443,Triticum aestivum,Yield,yield,TAM113 and Gallagher,191 recombinant inbred line,ICIM,21BD_20MCG_20EMN_20CS_19CS_19BSP,7A,200,chr7A_609061391-chr7A_611227117,,7A,,chr7A_609061391-chr7A_611227117,,,,https://www.mdpi.com/2073-4395/13/9/2402/,Epistatic QTLs_v3.0
E00444,Triticum aestivum,Yield,yield,TAM113 and Gallagher,191 recombinant inbred line,ICIM,21BD_20MCG_20EMN_20CS_19CS_19BSP,2D,135,chr2D_237511987-chr2D_162797774,,2D,,chr2D_237511987-chr2D_162797774,,,,https://www.mdpi.com/2073-4395/13/9/2402/,Epistatic QTLs_v3.0
E00445,Triticum aestivum,Yield,yield,TAM113 and Gallagher,191 recombinant inbred line,ICIM,21BD_20MCG_20EMN_20CS_19CS_19BSP,5B,0,chr5B_978437-chr5B_847276,,5B,,chr5B_978437-chr5B_847276,,,,https://www.mdpi.com/2073-4395/13/9/2402/,Epistatic QTLs_v3.0
E00446,Triticum aestivum,Yield,yield,TAM113 and Gallagher,191 recombinant inbred line,ICIM,21BD_20MCG_20EMN_20CS_19CS_19BSP,7A,20,chr7A_17422487-chr7A_18786919,,7A,,chr7A_17422487-chr7A_18786919,,,,https://www.mdpi.com/2073-4395/13/9/2402/,Epistatic QTLs_v3.0
E00447,Triticum aestivum,Yield,yield,TAM113 and Gallagher,191 recombinant inbred line,ICIM,21BD_20MCG_20EMN_20CS_19CS_19BSP,7D,120,chr7D_92795100-chr7D_92517171,,7D,,chr7D_92795100-chr7D_92517171,,,,https://www.mdpi.com/2073-4395/13/9/2402/,Epistatic QTLs_v3.0
E00448,Triticum aestivum,Yield,yield,TAM113 and Gallagher,191 recombinant inbred line,ICIM,21BD_20MCG_20EMN_20CS_19CS_19BSP,5A,125,chr5A_582417100-chr5A_581732516,,5A,,chr5A_582417100-chr5A_581732516,,,,https://www.mdpi.com/2073-4395/13/9/2402/,Epistatic QTLs_v3.0
E00449,Triticum aestivum,Yield,yield,TAM113 and Gallagher,191 recombinant inbred line,ICIM,21BD_20MCG_20EMN_20CS_19CS_19BSP,6A,205,chr6A_591599260-chr6A_591872218,,6A,,chr6A_591599260-chr6A_591872218,,,,https://www.mdpi.com/2073-4395/13/9/2402/,Epistatic QTLs_v3.0
E00450,Triticum aestivum,Yield,yield,TAM113 and Gallagher,191 recombinant inbred line,ICIM,21BD_20MCG_20EMN_20CS_19CS_19BSP,5D,45,chr5D_473402372-chr5D_476121763,,5D,,chr5D_473402372-chr5D_476121763,,,,https://www.mdpi.com/2073-4395/13/9/2402/,Epistatic QTLs_v3.0
E00451,Triticum aestivum,Yield,yield,TAM113 and Gallagher,191 recombinant inbred line,ICIM,21BD_20MCG_20EMN_20CS_19CS_19BSP,7D,225,chr7D_501478635-chr7D_521008879,,7D,,chr7D_501478635-chr7D_521008879,,,,https://www.mdpi.com/2073-4395/13/9/2402/,Epistatic QTLs_v3.0
E00452,Triticum aestivum,Yield,yield,TAM113 and Gallagher,191 recombinant inbred line,ICIM,21BD_20MCG_20EMN_20CS_19CS_19BSP,7A,230,chr7A_662650085-chr7A_696982334,,7A,,chr7A_662650085-chr7A_696982334,,,,https://www.mdpi.com/2073-4395/13/9/2402/,Epistatic QTLs_v3.0
E00453,Triticum aestivum,Yield,yield,TAM113 and Gallagher,191 recombinant inbred line,ICIM,21BD_20MCG_20EMN_20CS_19CS_19BSP,4B,335,chr4B_657819200-chr4B_660031270,,4B,,chr4B_657819200-chr4B_660031270,,,,https://www.mdpi.com/2073-4395/13/9/2402/,Epistatic QTLs_v3.0
E00454,Triticum aestivum,Yield,yield,TAM113 and Gallagher,191 recombinant inbred line,ICIM,21BD_20MCG_20EMN_20CS_19CS_19BSP,3B,275,chr3B_752270057-chr3B_752270233,,3B,,chr3B_752270057-chr3B_752270233,,,,https://www.mdpi.com/2073-4395/13/9/2402/,Epistatic QTLs_v3.0
E00455,Triticum aestivum,Yield,yield,TAM113 and Gallagher,191 recombinant inbred line,ICIM,21BD_20MCG_20EMN_20CS_19CS_19BSP,7B,135,chr7B_706805727-chr7B_707128535,,7B,,chr7B_706805727-chr7B_707128535,,,,https://www.mdpi.com/2073-4395/13/9/2402/,Epistatic QTLs_v3.0
E00456,Triticum aestivum,Yield,yield,TAM113 and Gallagher,191 recombinant inbred line,ICIM,21BD_20MCG_20EMN_20CS_19CS_19BSP,7B,0,chr7B_891060-chr7B_34541,,7B,,chr7B_891060-chr7B_34541,,,,https://www.mdpi.com/2073-4395/13/9/2402/,Epistatic QTLs_v3.0
E00457,Triticum aestivum,Yield,yield,TAM113 and Gallagher,191 recombinant inbred line,ICIM,21BD_20MCG_20EMN_20CS_19CS_19BSP,5A,10,chr5A_7168421-chr5A_7360542,,5A,,chr5A_7168421-chr5A_7360542,,,,https://www.mdpi.com/2073-4395/13/9/2402/,Epistatic QTLs_v3.0
E00458,Triticum aestivum,Yield,yield,TAM113 and Gallagher,191 recombinant inbred line,ICIM,21BD_20MCG_20EMN_20CS_19CS_19BSP,5A,80,chr5A_502468273-chr5A_502685486,,5A,,chr5A_502468273-chr5A_502685486,,,,https://www.mdpi.com/2073-4395/13/9/2402/,Epistatic QTLs_v3.0
E00459,Triticum aestivum,Yield,yield,TAM113 and Gallagher,191 recombinant inbred line,ICIM,21BD_20MCG_20EMN_20CS_19CS_19BSP,5B,30,chr5B_616878063-chr5B_625986885,,5B,,chr5B_616878063-chr5B_625986885,,,,https://www.mdpi.com/2073-4395/13/9/2402/,Epistatic QTLs_v3.0
E00460,Triticum aestivum,Yield,yield,TAM113 and Gallagher,191 recombinant inbred line,ICIM,21BD_20MCG_20EMN_20CS_19CS_19BSP,5A,190,chr5A_673006084-chr5A_673426214,,5A,,chr5A_673006084-chr5A_673426214,,,,https://www.mdpi.com/2073-4395/13/9/2402/,Epistatic QTLs_v3.0
E00461,Triticum aestivum,Yield,yield,TAM113 and Gallagher,191 recombinant inbred line,ICIM,21BD_20MCG_20EMN_20CS_19CS_19BSP,6B,65,chr6B_656922280-chr6B_664441937,,6B,,chr6B_656922280-chr6B_664441937,,,,https://www.mdpi.com/2073-4395/13/9/2402/,Epistatic QTLs_v3.0
E00462,Triticum aestivum,Yield,yield,TAM113 and Gallagher,191 recombinant inbred line,ICIM,21BD_20MCG_20EMN_20CS_19CS_19BSP,7A,140,chr7A_358960137-chr7A_563244089,,7A,,chr7A_358960137-chr7A_563244089,,,,https://www.mdpi.com/2073-4395/13/9/2402/,Epistatic QTLs_v3.0
E00463,Triticum aestivum,Yield,yield,TAM113 and Gallagher,191 recombinant inbred line,ICIM,21BD_20MCG_20EMN_20CS_19CS_19BSP,6B,100,chr6B_687772067-chr6B_688258009,,6B,,chr6B_687772067-chr6B_688258009,,,,https://www.mdpi.com/2073-4395/13/9/2402/,Epistatic QTLs_v3.0
E00464,Triticum aestivum,Yield,yield,TAM113 and Gallagher,191 recombinant inbred line,ICIM,21BD_20MCG_20EMN_20CS_19CS_19BSP,7D,220,chr7D_482798976-chr7D_482347210,,7D,,chr7D_482798976-chr7D_482347210,,,,https://www.mdpi.com/2073-4395/13/9/2402/,Epistatic QTLs_v3.0
E00465,Triticum aestivum,Yield,yield,TAM113 and Gallagher,191 recombinant inbred line,ICIM,21BD_20MCG_20EMN_20CS_19CS_19BSP,4B,10,chr4B_11582859-chr4B_11992796,,4B,,chr4B_11582859-chr4B_11992796,,,,https://www.mdpi.com/2073-4395/13/9/2402/,Epistatic QTLs_v3.0
E00466,Triticum aestivum,Yield,yield,TAM113 and Gallagher,191 recombinant inbred line,ICIM,21BD_20MCG_20EMN_20CS_19CS_19BSP,7A,170,chr7A_535702272-chr7A_544263610,,7A,,chr7A_535702272-chr7A_544263610,,,,https://www.mdpi.com/2073-4395/13/9/2402/,Epistatic QTLs_v3.0
E00467,Triticum aestivum,Yield,yield,TAM113 and Gallagher,191 recombinant inbred line,ICIM,21BD_20MCG_20EMN_20CS_19CS_19BSP,6B,15,chr6B_16534805-chr6B_16321544,,6B,,chr6B_16534805-chr6B_16321544,,,,https://www.mdpi.com/2073-4395/13/9/2402/,Epistatic QTLs_v3.0
E00468,Triticum aestivum,Yield,yield,TAM113 and Gallagher,191 recombinant inbred line,ICIM,21BD_20MCG_20EMN_20CS_19CS_19BSP,2B,25,chr2B_18326111-chr2B_18359423,,2B,,chr2B_18326111-chr2B_18359423,,,,https://www.mdpi.com/2073-4395/13/9/2402/,Epistatic QTLs_v3.0
E00469,Triticum aestivum,Yield,yield,TAM113 and Gallagher,191 recombinant inbred line,ICIM,21BD_20MCG_20EMN_20CS_19CS_19BSP,7A,165,chr7A_480218740-chr7A_308138239,,7A,,chr7A_480218740-chr7A_308138239,,,,https://www.mdpi.com/2073-4395/13/9/2402/,Epistatic QTLs_v3.0
E00470,Triticum aestivum,Yield,yield,TAM113 and Gallagher,191 recombinant inbred line,ICIM,21BD_20MCG_20EMN_20CS_19CS_19BSP,4D,40,chr4D_61501870-chr4D_65213725,,4D,,chr4D_61501870-chr4D_65213725,,,,https://www.mdpi.com/2073-4395/13/9/2402/,Epistatic QTLs_v3.0
E00471,Triticum aestivum,Yield,yield,TAM113 and Gallagher,191 recombinant inbred line,ICIM,21BD_20MCG_20EMN_20CS_19CS_19BSP,7D,115,chr7D_91058561-chr7D_92285612,,7D,,chr7D_91058561-chr7D_92285612,,,,https://www.mdpi.com/2073-4395/13/9/2402/,Epistatic QTLs_v3.0
E00472,Triticum aestivum,Yield,yield,TAM113 and Gallagher,191 recombinant inbred line,ICIM,21BD_20MCG_20EMN_20CS_19CS_19BSP,6D,65,chr6D_432907933-chr6D_434450286,,6D,,chr6D_432907933-chr6D_434450286,,,,https://www.mdpi.com/2073-4395/13/9/2402/,Epistatic QTLs_v3.0
E00473,Triticum aestivum,Yield,yield,TAM113 and Gallagher,191 recombinant inbred line,ICIM,21BD_20MCG_20EMN_20CS_19CS_19BSP,7B,105,chr7B_676513873-chr7B_679611452,,7B,,chr7B_676513873-chr7B_679611452,,,,https://www.mdpi.com/2073-4395/13/9/2402/,Epistatic QTLs_v3.0
E00474,Triticum aestivum,Yield,yield,TAM113 and Gallagher,191 recombinant inbred line,ICIM,21BD_20MCG_20EMN_20CS_19CS_19BSP,5B,75,chr5B_54317537-chr5B_58062608,,5B,,chr5B_54317537-chr5B_58062608,,,,https://www.mdpi.com/2073-4395/13/9/2402/,Epistatic QTLs_v3.0
E00475,Triticum aestivum,Yield,yield,TAM113 and Gallagher,191 recombinant inbred line,ICIM,21BD_20MCG_20EMN_20CS_19CS_19BSP,6B,5,chr6B_12389416-chr6B_12683409,,6B,,chr6B_12389416-chr6B_12683409,,,,https://www.mdpi.com/2073-4395/13/9/2402/,Epistatic QTLs_v3.0
E00476,Triticum aestivum,Yield,yield,TAM113 and Gallagher,191 recombinant inbred line,ICIM,21BD_20MCG_20EMN_20CS_19CS_19BSP,4B,255,chr4B_530262559-chr4B_540165830,,4B,,chr4B_530262559-chr4B_540165830,,,,https://www.mdpi.com/2073-4395/13/9/2402/,Epistatic QTLs_v3.0
E00477,Triticum aestivum,Yield,yield,TAM113 and Gallagher,191 recombinant inbred line,ICIM,21BD_20MCG_20EMN_20CS_19CS_19BSP,4B,365,chr4B_665480010-chr4B_667257525,,4B,,chr4B_665480010-chr4B_667257525,,,,https://www.mdpi.com/2073-4395/13/9/2402/,Epistatic QTLs_v3.0
E00478,Triticum aestivum,Yield,yield,TAM113 and Gallagher,191 recombinant inbred line,ICIM,21BD_20MCG_20EMN_20CS_19CS_19BSP,5B,55,chr5B_670075057-chr5B_670130271,,5B,,chr5B_670075057-chr5B_670130271,,,,https://www.mdpi.com/2073-4395/13/9/2402/,Epistatic QTLs_v3.0
E00479,Triticum aestivum,Yield,yield,TAM113 and Gallagher,191 recombinant inbred line,ICIM,21BD_20MCG_20EMN_20CS_19CS_19BSP,4D,85,chr4D_489093709-chr4D_489707192,,4D,,chr4D_489093709-chr4D_489707192,,,,https://www.mdpi.com/2073-4395/13/9/2402/,Epistatic QTLs_v3.0
E00480,Triticum aestivum,Yield,yield,TAM113 and Gallagher,191 recombinant inbred line,ICIM,21BD_20MCG_20EMN_20CS_19CS_19BSP,7D,75,chr7D_56621175-chr7D_59903200,,7D,,chr7D_56621175-chr7D_59903200,,,,https://www.mdpi.com/2073-4395/13/9/2402/,Epistatic QTLs_v3.0
E00481,Triticum aestivum,Yield,yield,TAM113 and Gallagher,191 recombinant inbred line,ICIM,21BD_20MCG_20EMN_20CS_19CS_19BSP,7D,5,chr7D_12751010-chr7D_9376282,,7D,,chr7D_12751010-chr7D_9376282,,,,https://www.mdpi.com/2073-4395/13/9/2402/,Epistatic QTLs_v3.0
E00482,Triticum aestivum,Yield,yield,TAM113 and Gallagher,191 recombinant inbred line,ICIM,21BD_20MCG_20EMN_20CS_19CS_19BSP,7A,85,chr7A_69717306-chr7A_69906796,,7A,,chr7A_69717306-chr7A_69906796,,,,https://www.mdpi.com/2073-4395/13/9/2402/,Epistatic QTLs_v3.0
E00483,Triticum aestivum,Yield,yield,TAM113 and Gallagher,191 recombinant inbred line,ICIM,21BD_20MCG_20EMN_20CS_19CS_19BSP,5D,35,chr5D_41632159-chr5D_48419542,,5D,,chr5D_41632159-chr5D_48419542,,,,https://www.mdpi.com/2073-4395/13/9/2402/,Epistatic QTLs_v3.0
E00484,Triticum aestivum,Yield,yield,TAM113 and Gallagher,191 recombinant inbred line,ICIM,21BD_20MCG_20EMN_20CS_19CS_19BSP,7D,70,chr7D_52940821-chr7D_54833302,,7D,,chr7D_52940821-chr7D_54833302,,,,https://www.mdpi.com/2073-4395/13/9/2402/,Epistatic QTLs_v3.0
E00485,Triticum aestivum,Yield,yield,TAM113 and Gallagher,191 recombinant inbred line,ICIM,21BD_20MCG_20EMN_20CS_19CS_19BSP,4B,200,chr4B_480959023-chr4B_455942225,,4B,,chr4B_480959023-chr4B_455942225,,,,https://www.mdpi.com/2073-4395/13/9/2402/,Epistatic QTLs_v3.0
E00486,Triticum aestivum,Yield,yield,TAM113 and Gallagher,191 recombinant inbred line,ICIM,21BD_20MCG_20EMN_20CS_19CS_19BSP,6D,50,chr6D_399802196-chr6D_404214227,,6D,,chr6D_399802196-chr6D_404214227,,,,https://www.mdpi.com/2073-4395/13/9/2402/,Epistatic QTLs_v3.0
E00487,Triticum aestivum,Yield,yield,TAM113 and Gallagher,191 recombinant inbred line,ICIM,21BD_20MCG_20EMN_20CS_19CS_19BSP,5A,110,chr5A_564406368-chr5A_568096629,,5A,,chr5A_564406368-chr5A_568096629,,,,https://www.mdpi.com/2073-4395/13/9/2402/,Epistatic QTLs_v3.0
E00488,Triticum aestivum,Yield,yield,TAM113 and Gallagher,191 recombinant inbred line,ICIM,21BD_20MCG_20EMN_20CS_19CS_19BSP,6B,40,chr6B_29197482-chr6B_98561291,,6B,,chr6B_29197482-chr6B_98561291,,,,https://www.mdpi.com/2073-4395/13/9/2402/,Epistatic QTLs_v3.0
E00489,Triticum aestivum,Yield,yield,TAM113 and Gallagher,191 recombinant inbred line,ICIM,21BD_20MCG_20EMN_20CS_19CS_19BSP,5D,30,chr5D_444911711-chr5D_448684425,,5D,,chr5D_444911711-chr5D_448684425,,,,https://www.mdpi.com/2073-4395/13/9/2402/,Epistatic QTLs_v3.0
E00490,Triticum aestivum,Yield,awn length,Yannong 15 and Yannong 1212,188 recombinant inbred line,ICIM,eqAl-1A-1,1A,10,AX-110669146-AX-110511743,,1A,,AX-110669146-AX-110511743,,,,https://www.frontiersin.org/journals/plant-science/articles/10.3389/fpls.2024.1417588/full/,Epistatic QTLs_v3.0
E00491,Triticum aestivum,Yield,awn length,Yannong 15 and Yannong 1212,188 recombinant inbred line,ICIM,eqAl-1B-1,1B,60,AX-111125943-AX-108768730,,1B,,AX-111125943-AX-108768730,,,,https://www.frontiersin.org/journals/plant-science/articles/10.3389/fpls.2024.1417588/full/,Epistatic QTLs_v3.0
E00492,Triticum aestivum,Yield,awn length,Yannong 15 and Yannong 1212,188 recombinant inbred line,ICIM,eqAl-1B-3,1B,155,AX-108890271-AX-110444369,,1B,,AX-108890271-AX-110444369,,,,https://www.frontiersin.org/journals/plant-science/articles/10.3389/fpls.2024.1417588/full/,Epistatic QTLs_v3.0
E00493,Triticum aestivum,Yield,awn length,Yannong 15 and Yannong 1212,188 recombinant inbred line,ICIM,qAl-1D,1D,5,AX-110942989-AX-86175642,,1D,,AX-110942989-AX-86175642,,,,https://www.frontiersin.org/journals/plant-science/articles/10.3389/fpls.2024.1417588/full/,Epistatic QTLs_v3.0
E00494,Triticum aestivum,Yield,awn length,Yannong 15 and Yannong 1212,188 recombinant inbred line,ICIM,eqAl-1D-2,1D,115,AX-109944607-AX-111490142,,1D,,AX-109944607-AX-111490142,,,,https://www.frontiersin.org/journals/plant-science/articles/10.3389/fpls.2024.1417588/full/,Epistatic QTLs_v3.0
E00495,Triticum aestivum,Yield,awn length,Yannong 15 and Yannong 1212,188 recombinant inbred line,ICIM,eqAl-2A-1,2A,70,AX-109993653-AX-111747762,,2A,,AX-109993653-AX-111747762,,,,https://www.frontiersin.org/journals/plant-science/articles/10.3389/fpls.2024.1417588/full/,Epistatic QTLs_v3.0
E00496,Triticum aestivum,Yield,awn length,Yannong 15 and Yannong 1212,188 recombinant inbred line,ICIM,eqAl-2A-2,2A,115,AX-110451187-AX-108772133,,2A,,AX-110451187-AX-108772133,,,,https://www.frontiersin.org/journals/plant-science/articles/10.3389/fpls.2024.1417588/full/,Epistatic QTLs_v3.0
E00497,Triticum aestivum,Yield,awn length,Yannong 15 and Yannong 1212,188 recombinant inbred line,ICIM,eqAl- 2B.2-1,2B,55.52,AX-109579549-AX-94563800,,2B,,AX-109579549-AX-94563800,,,,https://www.frontiersin.org/journals/plant-science/articles/10.3389/fpls.2024.1417588/full/,Epistatic QTLs_v3.0
E00498,Triticum aestivum,Yield,awn length,Yannong 15 and Yannong 1212,188 recombinant inbred line,ICIM,eqAl- 2B.2-2,2B,65.52,AX-109579549-AX-94563800,,2B,,AX-109579549-AX-94563800,,,,https://www.frontiersin.org/journals/plant-science/articles/10.3389/fpls.2024.1417588/full/,Epistatic QTLs_v3.0
E00499,Triticum aestivum,Yield,awn length,Yannong 15 and Yannong 1212,188 recombinant inbred line,ICIM,eqAl- 2B.2-3,2B,70.52,AX-109579549-AX-94563800,,2B,,AX-109579549-AX-94563800,,,,https://www.frontiersin.org/journals/plant-science/articles/10.3389/fpls.2024.1417588/full/,Epistatic QTLs_v3.0
E00500,Triticum aestivum,Yield,awn length,Yannong 15 and Yannong 1212,188 recombinant inbred line,ICIM,qAl-2B.2,2B,90.52,AX-110947764-AX-109329366,,2B,,AX-110947764-AX-109329366,,,,https://www.frontiersin.org/journals/plant-science/articles/10.3389/fpls.2024.1417588/full/,Epistatic QTLs_v3.0
E00501,Triticum aestivum,Yield,awn length,Yannong 15 and Yannong 1212,188 recombinant inbred line,ICIM,eqAl-2D-1,2D,86.14,AX-109389372-AX-108912943,,2D,,AX-109389372-AX-108912943,,,,https://www.frontiersin.org/journals/plant-science/articles/10.3389/fpls.2024.1417588/full/,Epistatic QTLs_v3.0
E00502,Triticum aestivum,Yield,awn length,Yannong 15 and Yannong 1212,188 recombinant inbred line,ICIM,eqAl-3A-1,3A,115,AX-108973024-AX-110402974,,3A,,AX-108973024-AX-110402974,,,,https://www.frontiersin.org/journals/plant-science/articles/10.3389/fpls.2024.1417588/full/,Epistatic QTLs_v3.0
E00503,Triticum aestivum,Yield,awn length,Yannong 15 and Yannong 1212,188 recombinant inbred line,ICIM,eqAl-3D-1,3D,90,AX-108822945-AX-89699893,,3D,,AX-108822945-AX-89699893,,,,https://www.frontiersin.org/journals/plant-science/articles/10.3389/fpls.2024.1417588/full/,Epistatic QTLs_v3.0
E00504,Triticum aestivum,Yield,awn length,Yannong 15 and Yannong 1212,188 recombinant inbred line,ICIM,eqAl-4A-1,4A,40,AX-110498221-AX-108899858,,4A,,AX-110498221-AX-108899858,,,,https://www.frontiersin.org/journals/plant-science/articles/10.3389/fpls.2024.1417588/full/,Epistatic QTLs_v3.0
E00505,Triticum aestivum,Yield,awn length,Yannong 15 and Yannong 1212,188 recombinant inbred line,ICIM,eqAl-4D-1,4D,75,AX-89453387-AX-108786137,,4D,,AX-89453387-AX-108786137,,,,https://www.frontiersin.org/journals/plant-science/articles/10.3389/fpls.2024.1417588/full/,Epistatic QTLs_v3.0
E00506,Triticum aestivum,Yield,awn length,Yannong 15 and Yannong 1212,188 recombinant inbred line,ICIM,eqAl-1A-2,1A,15,AX-110669146-AX-110511743,,1A,,AX-110669146-AX-110511743,,,,https://www.frontiersin.org/journals/plant-science/articles/10.3389/fpls.2024.1417588/full/,Epistatic QTLs_v3.0
E00507,Triticum aestivum,Yield,awn length,Yannong 15 and Yannong 1212,188 recombinant inbred line,ICIM,eqAl-1B-2,1B,65,AX-111125943-AX-108768730,,1B,,AX-111125943-AX-108768730,,,,https://www.frontiersin.org/journals/plant-science/articles/10.3389/fpls.2024.1417588/full/,Epistatic QTLs_v3.0
E00508,Triticum aestivum,Yield,awn length,Yannong 15 and Yannong 1212,188 recombinant inbred line,ICIM,eqAl-1D-1,1D,10,AX-110942989-AX-86175642,,1D,,AX-110942989-AX-86175642,,,,https://www.frontiersin.org/journals/plant-science/articles/10.3389/fpls.2024.1417588/full/,Epistatic QTLs_v3.0
E00509,Triticum aestivum,Yield,awn length,Yannong 15 and Yannong 1212,188 recombinant inbred line,ICIM,qAl-2A,2A,75,AX-111747762-AX-111497412,,2A,,AX-111747762-AX-111497412,,,,https://www.frontiersin.org/journals/plant-science/articles/10.3389/fpls.2024.1417588/full/,Epistatic QTLs_v3.0
E00510,Triticum aestivum,Yield,awn length,Yannong 15 and Yannong 1212,188 recombinant inbred line,ICIM,eqAl-3A-2,3A,120,AX-108973024-AX-110402974,,3A,,AX-108973024-AX-110402974,,,,https://www.frontiersin.org/journals/plant-science/articles/10.3389/fpls.2024.1417588/full/,Epistatic QTLs_v3.0
E00511,Triticum aestivum,Yield,awn length,Yannong 15 and Yannong 1212,188 recombinant inbred line,ICIM,eqAl-5D-1,5D,165,AX-89753391-AX-111323000,,5D,,AX-89753391-AX-111323000,,,,https://www.frontiersin.org/journals/plant-science/articles/10.3389/fpls.2024.1417588/full/,Epistatic QTLs_v3.0
E00512,Triticum aestivum,Yield,awn length,Yannong 15 and Yannong 1212,188 recombinant inbred line,ICIM,eqAl-7A-1,7A,80,AX-111108929-AX-110997553,,7A,,AX-111108929-AX-110997553,,,,https://www.frontiersin.org/journals/plant-science/articles/10.3389/fpls.2024.1417588/full/,Epistatic QTLs_v3.0
E00513,Triticum aestivum,Yield,awn length,Yannong 15 and Yannong 1212,188 recombinant inbred line,ICIM,eqAl-7D-3,7D,55,AX-110830564-AX-111067707,,7D,,AX-110830564-AX-111067707,,,,https://www.frontiersin.org/journals/plant-science/articles/10.3389/fpls.2024.1417588/full/,Epistatic QTLs_v3.0
E00514,Triticum aestivum,Yield,awn length,Yannong 15 and Yannong 1212,188 recombinant inbred line,ICIM,eqAl-6D-3,6D,65,AX-109854414-AX-109915708,,6D,,AX-109854414-AX-109915708,,,,https://www.frontiersin.org/journals/plant-science/articles/10.3389/fpls.2024.1417588/full/,Epistatic QTLs_v3.0
E00515,Triticum aestivum,Yield,awn length,Yannong 15 and Yannong 1212,188 recombinant inbred line,ICIM,eqAl-4B,4B,35,AX-110488730-AX-108800362,,4B,,AX-110488730-AX-108800362,,,,https://www.frontiersin.org/journals/plant-science/articles/10.3389/fpls.2024.1417588/full/,Epistatic QTLs_v3.0
E00516,Triticum aestivum,Yield,awn length,Yannong 15 and Yannong 1212,188 recombinant inbred line,ICIM,qAl-5A.2,5A,50,AX-110651786-AX-110472912,,5A,,AX-110651786-AX-110472912,,,,https://www.frontiersin.org/journals/plant-science/articles/10.3389/fpls.2024.1417588/full/,Epistatic QTLs_v3.0
E00517,Triticum aestivum,Yield,awn length,Yannong 15 and Yannong 1212,188 recombinant inbred line,ICIM,eqAl-5B-1,5B,30,AX-109303068-AX-110981573,,5B,,AX-109303068-AX-110981573,,,,https://www.frontiersin.org/journals/plant-science/articles/10.3389/fpls.2024.1417588/full/,Epistatic QTLs_v3.0
E00518,Triticum aestivum,Yield,awn length,Yannong 15 and Yannong 1212,188 recombinant inbred line,ICIM,eqAl-3B.1,3B,15,AX-109299632-AX-111032711,,3B,,AX-109299632-AX-111032711,,,,https://www.frontiersin.org/journals/plant-science/articles/10.3389/fpls.2024.1417588/full/,Epistatic QTLs_v3.0
E00519,Triticum aestivum,Yield,awn length,Yannong 15 and Yannong 1212,188 recombinant inbred line,ICIM,eqAl-2D-2,2D,91.14,AX-109389372-AX-108912943,,2D,,AX-109389372-AX-108912943,,,,https://www.frontiersin.org/journals/plant-science/articles/10.3389/fpls.2024.1417588/full/,Epistatic QTLs_v3.0
E00520,Triticum aestivum,Yield,awn length,Yannong 15 and Yannong 1212,188 recombinant inbred line,ICIM,eqAl-3D-2,3D,95,AX-110687174-AX-111571185,,3D,,AX-110687174-AX-111571185,,,,https://www.frontiersin.org/journals/plant-science/articles/10.3389/fpls.2024.1417588/full/,Epistatic QTLs_v3.0
E00521,Triticum aestivum,Yield,awn length,Yannong 15 and Yannong 1212,188 recombinant inbred line,ICIM,eqAl-4A-2,4A,50,AX-108899858-AX-109335789,,4A,,AX-108899858-AX-109335789,,,,https://www.frontiersin.org/journals/plant-science/articles/10.3389/fpls.2024.1417588/full/,Epistatic QTLs_v3.0
E00522,Triticum aestivum,Yield,awn length,Yannong 15 and Yannong 1212,188 recombinant inbred line,ICIM,eqAl-4D-2,4D,80,AX-108939109-AX-109905441,,4D,,AX-108939109-AX-109905441,,,,https://www.frontiersin.org/journals/plant-science/articles/10.3389/fpls.2024.1417588/full/,Epistatic QTLs_v3.0
E00523,Triticum aestivum,Yield,thousand grain weight,HD2808/HUW,510 recombinant inbred line,,QHgws.iiwbr-4A.1,4A,,AX-94392668/AX-94986019,,4A,,AX-94392668/AX-94986019,,,,https://link.springer.com/article/10.1007/s11105-024-01500-2/,Epistatic QTLs_v3.0
E00524,Triticum aestivum,Yield,thousand grain weight,HD2808/HUW,510 recombinant inbred line,,QHtgw.iiwbr-3D.1,3D,,AX-94499340/AX-94534307,,3D,,AX-94499340/AX-94534307,,,,https://link.springer.com/article/10.1007/s11105-024-01500-2/,Epistatic QTLs_v3.0
E00525,Triticum aestivum,Yield,grain yield,HD2808/HUW,510 recombinant inbred line,,QTgy.iiwbr-5A.1,5A,,AX-94487713/AX-94954352,,5A,,AX-94487713/AX-94954352,,,,https://link.springer.com/article/10.1007/s11105-024-01500-2/,Epistatic QTLs_v3.0
E00526,Triticum aestivum,Yield,grain weight/spike,HD2808/HUW,510 recombinant inbred line,,QLgws.iiwbr-1A.1,1A,,AX-94630858/AX-94739433,,1A,,AX-94630858/AX-94739433,,,,https://link.springer.com/article/10.1007/s11105-024-01500-2/,Epistatic QTLs_v3.0
E00527,Triticum aestivum,Yield,grain weight/spike,HD2808/HUW,510 recombinant inbred line,,QTgws.iiwbr-2A.1,2A,,AX-94579991/AX-94751512,,2A,,AX-94579991/AX-94751512,,,,https://link.springer.com/article/10.1007/s11105-024-01500-2/,Epistatic QTLs_v3.0
E00528,Triticum aestivum,Yield,grain weight/spike,HD2808/HUW,510 recombinant inbred line,,QTgws.iiwbr-3A.1,3A,,AX-94725995/AX-94528102,,3A,,AX-94725995/AX-94528102,,,,https://link.springer.com/article/10.1007/s11105-024-01500-2/,Epistatic QTLs_v3.0
E00529,Triticum aestivum,Yield,thousand grain weight,HD2808/HUW,510 recombinant inbred line,,QHtgw.iiwbr-5A.1,5A,,AX-94487713/AX-94954352,,5A,,AX-94487713/AX-94954352,,,,https://link.springer.com/article/10.1007/s11105-024-01500-2/,Epistatic QTLs_v3.0
E00530,Triticum aestivum,Yield,thousand grain weight,HD2808/HUW,510 recombinant inbred line,,QHtgw.iiwbr-5A.1,5A,,AX-94512816/AX-94758045,,5A,,AX-94512816/AX-94758045,,,,https://link.springer.com/article/10.1007/s11105-024-01500-2/,Epistatic QTLs_v3.0
E00531,Triticum aestivum,Yield,thousand grain weight,HD2808/HUW,510 recombinant inbred line,,QHtgw.iiwbr-4A,4A,,AX-94445958/AX-94392668,,4A,,AX-94445958/AX-94392668,,,,https://link.springer.com/article/10.1007/s11105-024-01500-2/,Epistatic QTLs_v3.0
E00532,Triticum aestivum,Yield,thousand grain weight,HD2808/HUW,510 recombinant inbred line,,QHtgw.iiwbr-4A,4A,,AX-94392668/AX-94986019,,4A,,AX-94392668/AX-94986019,,,,https://link.springer.com/article/10.1007/s11105-024-01500-2/,Epistatic QTLs_v3.0
E00533,Triticum aestivum,Yield,grain weight/spike,HD2808/HUW,510 recombinant inbred line,,QHgws.iiwbr-4A.2,4A,,AX-94986019/AX-94506646,,4A,,AX-94986019/AX-94506646,,,,https://link.springer.com/article/10.1007/s11105-024-01500-2/,Epistatic QTLs_v3.0
E00534,Triticum aestivum,Yield,thousand grain weight,HD2808/HUW,510 recombinant inbred line,,QHtgw.iiwbr-3D.2,3D,,AX-94506282/AX-94505336,,3D,,AX-94506282/AX-94505336,,,,https://link.springer.com/article/10.1007/s11105-024-01500-2/,Epistatic QTLs_v3.0
E00535,Triticum aestivum,Yield,grain yield,HD2808/HUW,510 recombinant inbred line,,QTgy.iiwbr-5A.2,5A,,AX-94593879/AX-95155293,,5A,,AX-94593879/AX-95155293,,,,https://link.springer.com/article/10.1007/s11105-024-01500-2/,Epistatic QTLs_v3.0
E00536,Triticum aestivum,Yield,grain weight/spike,HD2808/HUW,510 recombinant inbred line,,QLgws.iiwbr-1A.2,1A,,AX-94547512/AX-95657280,,1A,,AX-94547512/AX-95657280,,,,https://link.springer.com/article/10.1007/s11105-024-01500-2/,Epistatic QTLs_v3.0
E00537,Triticum aestivum,Yield,grain weight/spike,HD2808/HUW,510 recombinant inbred line,,QTgws.iiwbr-2A.2,2A,,AX-94579991/AX-94751512,,2A,,AX-94579991/AX-94751512,,,,https://link.springer.com/article/10.1007/s11105-024-01500-2/,Epistatic QTLs_v3.0
E00538,Triticum aestivum,Yield,grain weight/spike,HD2808/HUW,510 recombinant inbred line,,QTgws.iiwbr-3A.2,3A,,AX-94725995/AX-94528102,,3A,,AX-94725995/AX-94528102,,,,https://link.springer.com/article/10.1007/s11105-024-01500-2/,Epistatic QTLs_v3.0
E00539,Triticum aestivum,Yield,thousand grain weight,HD2808/HUW,510 recombinant inbred line,,QHtgw.iiwbr-5A.2,5A,,AX-94593879/AX-95155293,,5A,,AX-94593879/AX-95155293,,,,https://link.springer.com/article/10.1007/s11105-024-01500-2/,Epistatic QTLs_v3.0
E00540,Triticum aestivum,Yield,thousand grain weight,HD2808/HUW,510 recombinant inbred line,,QHtgw.iiwbr-5A.2,5A,,AX-94511269/AX-94542868,,5A,,AX-94511269/AX-94542868,,,,https://link.springer.com/article/10.1007/s11105-024-01500-2/,Epistatic QTLs_v3.0
E00541,Triticum aestivum,Yield,thousand grain weight,HD2808/HUW,510 recombinant inbred line,,QHtgw.iiwbr-1D,1D,,AX-95216172/AX-94791821,,1D,,AX-95216172/AX-94791821,,,,https://link.springer.com/article/10.1007/s11105-024-01500-2/,Epistatic QTLs_v3.0
E00542,Triticum aestivum,Drought tolerance,grain yield from biomass sample,,,,,3A,35,chr3A_481086680-chr3A_652833032,,5D,0,chr5D_543828231-chr5D_544148230,10.6541,3.0651,"Wang, Z., Dhakal, S., Cerit, M., Wang, S., Rauf, Y., Yu, S., Maulana, F., Huang, W., Anderson, J.D., Ma, X.F. and Rudd, J.C., 2022. QTL mapping of yield components and kernel traits in wheat cultivars TAM 112 and Duster. Frontiers in Plant Science, 13, p.1057701.",https://www.frontiersin.org/journals/plant-science/articles/10.3389/fpls.2022.1057701/full,Epistatic QTLs_v3.0
E00543,Triticum aestivum,Drought tolerance,kernel area,,,,,4A,55,chr4A_612531321-chr4A_613396527,,6D,15,chr6D_462193069-chr6D_472765722,12.3311,2.4506,"Wang, Z., Dhakal, S., Cerit, M., Wang, S., Rauf, Y., Yu, S., Maulana, F., Huang, W., Anderson, J.D., Ma, X.F. and Rudd, J.C., 2022. QTL mapping of yield components and kernel traits in wheat cultivars TAM 112 and Duster. Frontiers in Plant Science, 13, p.1057701.",https://www.frontiersin.org/journals/plant-science/articles/10.3389/fpls.2022.1057701/full,Epistatic QTLs_v3.0
E00544,Triticum aestivum,Drought tolerance,kernel area,,,,,7A,60,chr7A_55923153-chr7A_55930688,,7B,80,chr7B_685324514-chr7B_693146174,10.7878,2.2168,"Wang, Z., Dhakal, S., Cerit, M., Wang, S., Rauf, Y., Yu, S., Maulana, F., Huang, W., Anderson, J.D., Ma, X.F. and Rudd, J.C., 2022. QTL mapping of yield components and kernel traits in wheat cultivars TAM 112 and Duster. Frontiers in Plant Science, 13, p.1057701.",https://www.frontiersin.org/journals/plant-science/articles/10.3389/fpls.2022.1057701/full,Epistatic QTLs_v3.0
E00545,Triticum aestivum,Drought tolerance,kernel length,,,,,2B,100,chr2B_717127511-chr2B_717627558,,3A,70,chr3A_711253712-chr3A_714525815,12.1009,2.3439,"Wang, Z., Dhakal, S., Cerit, M., Wang, S., Rauf, Y., Yu, S., Maulana, F., Huang, W., Anderson, J.D., Ma, X.F. and Rudd, J.C., 2022. QTL mapping of yield components and kernel traits in wheat cultivars TAM 112 and Duster. Frontiers in Plant Science, 13, p.1057701.",https://www.frontiersin.org/journals/plant-science/articles/10.3389/fpls.2022.1057701/full,Epistatic QTLs_v3.0
E00546,Triticum aestivum,Drought tolerance,kernel length,,,,,1A,0,chr1A_53856106-chr1A_256965302,,3B,10,chr3B_28295015-chr3B_28295151,10.9787,2.169,"Wang, Z., Dhakal, S., Cerit, M., Wang, S., Rauf, Y., Yu, S., Maulana, F., Huang, W., Anderson, J.D., Ma, X.F. and Rudd, J.C., 2022. QTL mapping of yield components and kernel traits in wheat cultivars TAM 112 and Duster. Frontiers in Plant Science, 13, p.1057701.",https://www.frontiersin.org/journals/plant-science/articles/10.3389/fpls.2022.1057701/full,Epistatic QTLs_v3.0
E00547,Triticum aestivum,Drought tolerance,kernel length,,,,,2A,25,chr2A_17405760-chr2A_21421383,,3B,20,chr3B_811063972-chr3B_814372706,10.5841,2.0428,"Wang, Z., Dhakal, S., Cerit, M., Wang, S., Rauf, Y., Yu, S., Maulana, F., Huang, W., Anderson, J.D., Ma, X.F. and Rudd, J.C., 2022. QTL mapping of yield components and kernel traits in wheat cultivars TAM 112 and Duster. Frontiers in Plant Science, 13, p.1057701.",https://www.frontiersin.org/journals/plant-science/articles/10.3389/fpls.2022.1057701/full,Epistatic QTLs_v3.0
E00548,Triticum aestivum,Drought tolerance,kernel length,,,,,2B,105,chr2B_740318375-chr2B_746680510,,3B,20,chr3B_811063972-chr3B_814372706,10.909,1.9632,"Wang, Z., Dhakal, S., Cerit, M., Wang, S., Rauf, Y., Yu, S., Maulana, F., Huang, W., Anderson, J.D., Ma, X.F. and Rudd, J.C., 2022. QTL mapping of yield components and kernel traits in wheat cultivars TAM 112 and Duster. Frontiers in Plant Science, 13, p.1057701.",https://www.frontiersin.org/journals/plant-science/articles/10.3389/fpls.2022.1057701/full,Epistatic QTLs_v3.0
E00549,Triticum aestivum,Drought tolerance,kernel length,,,,,2A,50,chr2A_32971753-chr2A_45100758,,4A,90,chr4A_683784629-chr4A_679074394,10.1041,1.8263,"Wang, Z., Dhakal, S., Cerit, M., Wang, S., Rauf, Y., Yu, S., Maulana, F., Huang, W., Anderson, J.D., Ma, X.F. and Rudd, J.C., 2022. QTL mapping of yield components and kernel traits in wheat cultivars TAM 112 and Duster. Frontiers in Plant Science, 13, p.1057701.",https://www.frontiersin.org/journals/plant-science/articles/10.3389/fpls.2022.1057701/full,Epistatic QTLs_v3.0
E00550,Triticum aestivum,Drought tolerance,kernel length,,,,,1B,5,chr1B_4341229-chr1B_1473807,,6B,20,chr6B_166994216-chr6B_173816122,10.6243,2.0561,"Wang, Z., Dhakal, S., Cerit, M., Wang, S., Rauf, Y., Yu, S., Maulana, F., Huang, W., Anderson, J.D., Ma, X.F. and Rudd, J.C., 2022. QTL mapping of yield components and kernel traits in wheat cultivars TAM 112 and Duster. Frontiers in Plant Science, 13, p.1057701.",https://www.frontiersin.org/journals/plant-science/articles/10.3389/fpls.2022.1057701/full,Epistatic QTLs_v3.0
E00551,Triticum aestivum,Drought tolerance,kernel length,,,,,2D,25,chr2D_612289680-chr2D_612289635,,6B,100,chr6B_688033393-chr6B_696923857,10.5736,1.8991,"Wang, Z., Dhakal, S., Cerit, M., Wang, S., Rauf, Y., Yu, S., Maulana, F., Huang, W., Anderson, J.D., Ma, X.F. and Rudd, J.C., 2022. QTL mapping of yield components and kernel traits in wheat cultivars TAM 112 and Duster. Frontiers in Plant Science, 13, p.1057701.",https://www.frontiersin.org/journals/plant-science/articles/10.3389/fpls.2022.1057701/full,Epistatic QTLs_v3.0
E00552,Triticum aestivum,Drought tolerance,kernel length,,,,,4A,55,chr4A_612531321-chr4A_613396527,,6D,15,chr6D_462193069-chr6D_472765722,10.8828,1.9359,"Wang, Z., Dhakal, S., Cerit, M., Wang, S., Rauf, Y., Yu, S., Maulana, F., Huang, W., Anderson, J.D., Ma, X.F. and Rudd, J.C., 2022. QTL mapping of yield components and kernel traits in wheat cultivars TAM 112 and Duster. Frontiers in Plant Science, 13, p.1057701.",https://www.frontiersin.org/journals/plant-science/articles/10.3389/fpls.2022.1057701/full,Epistatic QTLs_v3.0
E00553,Triticum aestivum,Drought tolerance,kernel length,,,,,3D,75,chr3D_598598569-chr3D_600510203,,7A,60,chr7A_55923153-chr7A_55930688,10.6064,2.0417,"Wang, Z., Dhakal, S., Cerit, M., Wang, S., Rauf, Y., Yu, S., Maulana, F., Huang, W., Anderson, J.D., Ma, X.F. and Rudd, J.C., 2022. QTL mapping of yield components and kernel traits in wheat cultivars TAM 112 and Duster. Frontiers in Plant Science, 13, p.1057701.",https://www.frontiersin.org/journals/plant-science/articles/10.3389/fpls.2022.1057701/full,Epistatic QTLs_v3.0
E00554,Triticum aestivum,Drought tolerance,kernel length,,,,,4A,20,chr4A_30316423-chr4A_90524634,,7A,90,chr7A_91496317-chr7A_586312006,10.2124,1.8988,"Wang, Z., Dhakal, S., Cerit, M., Wang, S., Rauf, Y., Yu, S., Maulana, F., Huang, W., Anderson, J.D., Ma, X.F. and Rudd, J.C., 2022. QTL mapping of yield components and kernel traits in wheat cultivars TAM 112 and Duster. Frontiers in Plant Science, 13, p.1057701.",https://www.frontiersin.org/journals/plant-science/articles/10.3389/fpls.2022.1057701/full,Epistatic QTLs_v3.0
E00555,Triticum aestivum,Drought tolerance,kernel length,,,,,6B,120,chr6B_698461345-chr6B_715926304,,7A,0,chr7A_686237013-chr7A_688257527,10.0556,2.0096,"Wang, Z., Dhakal, S., Cerit, M., Wang, S., Rauf, Y., Yu, S., Maulana, F., Huang, W., Anderson, J.D., Ma, X.F. and Rudd, J.C., 2022. QTL mapping of yield components and kernel traits in wheat cultivars TAM 112 and Duster. Frontiers in Plant Science, 13, p.1057701.",https://www.frontiersin.org/journals/plant-science/articles/10.3389/fpls.2022.1057701/full,Epistatic QTLs_v3.0
E00556,Triticum aestivum,Drought tolerance,kernel length,,,,,2D,20,chr2D_606085681-chr2D_601966666,,7D,150,chr7D_625595260-chr7D_628696166,10.8184,2.0859,"Wang, Z., Dhakal, S., Cerit, M., Wang, S., Rauf, Y., Yu, S., Maulana, F., Huang, W., Anderson, J.D., Ma, X.F. and Rudd, J.C., 2022. QTL mapping of yield components and kernel traits in wheat cultivars TAM 112 and Duster. Frontiers in Plant Science, 13, p.1057701.",https://www.frontiersin.org/journals/plant-science/articles/10.3389/fpls.2022.1057701/full,Epistatic QTLs_v3.0
E00557,Triticum aestivum,Drought tolerance,kernel perimeter,,,,,2A,25,chr2A_17405760-chr2A_21421383,,3B,20,chr3B_811063972-chr3B_814372706,10.7788,2.0913,"Wang, Z., Dhakal, S., Cerit, M., Wang, S., Rauf, Y., Yu, S., Maulana, F., Huang, W., Anderson, J.D., Ma, X.F. and Rudd, J.C., 2022. QTL mapping of yield components and kernel traits in wheat cultivars TAM 112 and Duster. Frontiers in Plant Science, 13, p.1057701.",https://www.frontiersin.org/journals/plant-science/articles/10.3389/fpls.2022.1057701/full,Epistatic QTLs_v3.0
E00558,Triticum aestivum,Drought tolerance,kernel perimeter,,,,,2D,120,chr2D_447252920-chr2D_545511580,,5B,0,chr5B_2793197-chr5B_6210335,11.4731,2.1935,"Wang, Z., Dhakal, S., Cerit, M., Wang, S., Rauf, Y., Yu, S., Maulana, F., Huang, W., Anderson, J.D., Ma, X.F. and Rudd, J.C., 2022. QTL mapping of yield components and kernel traits in wheat cultivars TAM 112 and Duster. Frontiers in Plant Science, 13, p.1057701.",https://www.frontiersin.org/journals/plant-science/articles/10.3389/fpls.2022.1057701/full,Epistatic QTLs_v3.0
E00559,Triticum aestivum,Drought tolerance,kernel perimeter,,,,,4A,125,chr4A_696726388-chr4A_702104558,,5B,30,chr5B_669588875-chr5B_680234342,10.7601,2.103,"Wang, Z., Dhakal, S., Cerit, M., Wang, S., Rauf, Y., Yu, S., Maulana, F., Huang, W., Anderson, J.D., Ma, X.F. and Rudd, J.C., 2022. QTL mapping of yield components and kernel traits in wheat cultivars TAM 112 and Duster. Frontiers in Plant Science, 13, p.1057701.",https://www.frontiersin.org/journals/plant-science/articles/10.3389/fpls.2022.1057701/full,Epistatic QTLs_v3.0
E00560,Triticum aestivum,Drought tolerance,kernel perimeter,,,,,3B,85,chr3B_758202881-chr3B_763230831,,6A,10,chr6A_60584725-chr6A_63109075,12.1682,2.3641,"Wang, Z., Dhakal, S., Cerit, M., Wang, S., Rauf, Y., Yu, S., Maulana, F., Huang, W., Anderson, J.D., Ma, X.F. and Rudd, J.C., 2022. QTL mapping of yield components and kernel traits in wheat cultivars TAM 112 and Duster. Frontiers in Plant Science, 13, p.1057701.",https://www.frontiersin.org/journals/plant-science/articles/10.3389/fpls.2022.1057701/full,Epistatic QTLs_v3.0
E00561,Triticum aestivum,Drought tolerance,kernel perimeter,,,,,3A,85,chr3A_719990763-chr3A_721359206,,6A,45,chr6A_591415809-chr6A_593812871,10.0611,1.9315,"Wang, Z., Dhakal, S., Cerit, M., Wang, S., Rauf, Y., Yu, S., Maulana, F., Huang, W., Anderson, J.D., Ma, X.F. and Rudd, J.C., 2022. QTL mapping of yield components and kernel traits in wheat cultivars TAM 112 and Duster. Frontiers in Plant Science, 13, p.1057701.",https://www.frontiersin.org/journals/plant-science/articles/10.3389/fpls.2022.1057701/full,Epistatic QTLs_v3.0
E00562,Triticum aestivum,Drought tolerance,kernel perimeter,,,,,5A,35,chr5A_619468596-chr5A_631682129,,6D,20,chr6D_12022888-chr6D_16008215,10.5522,2.0438,"Wang, Z., Dhakal, S., Cerit, M., Wang, S., Rauf, Y., Yu, S., Maulana, F., Huang, W., Anderson, J.D., Ma, X.F. and Rudd, J.C., 2022. QTL mapping of yield components and kernel traits in wheat cultivars TAM 112 and Duster. Frontiers in Plant Science, 13, p.1057701.",https://www.frontiersin.org/journals/plant-science/articles/10.3389/fpls.2022.1057701/full,Epistatic QTLs_v3.0
E00563,Triticum aestivum,Drought tolerance,kernel perimeter,,,,,4A,10,chr4A_16199852-chr4A_24499654,,7A,55,chr7A_48062085-chr7A_55923153,10.3541,1.9093,"Wang, Z., Dhakal, S., Cerit, M., Wang, S., Rauf, Y., Yu, S., Maulana, F., Huang, W., Anderson, J.D., Ma, X.F. and Rudd, J.C., 2022. QTL mapping of yield components and kernel traits in wheat cultivars TAM 112 and Duster. Frontiers in Plant Science, 13, p.1057701.",https://www.frontiersin.org/journals/plant-science/articles/10.3389/fpls.2022.1057701/full,Epistatic QTLs_v3.0
E00564,Triticum aestivum,Drought tolerance,kernel perimeter,,,,,7A,105,chr7A_580629647-chr7A_590672780,,7B,115,chr7B_727266333-chr7B_730112746,11.3443,2.4902,"Wang, Z., Dhakal, S., Cerit, M., Wang, S., Rauf, Y., Yu, S., Maulana, F., Huang, W., Anderson, J.D., Ma, X.F. and Rudd, J.C., 2022. QTL mapping of yield components and kernel traits in wheat cultivars TAM 112 and Duster. Frontiers in Plant Science, 13, p.1057701.",https://www.frontiersin.org/journals/plant-science/articles/10.3389/fpls.2022.1057701/full,Epistatic QTLs_v3.0
E00565,Triticum aestivum,Drought tolerance,kernel perimeter,,,,,2B,55,chr2B_76930626-chr2B_93047157,,7D,40,chr7D_106339399-chr7D_107475890,10.3791,2.0532,"Wang, Z., Dhakal, S., Cerit, M., Wang, S., Rauf, Y., Yu, S., Maulana, F., Huang, W., Anderson, J.D., Ma, X.F. and Rudd, J.C., 2022. QTL mapping of yield components and kernel traits in wheat cultivars TAM 112 and Duster. Frontiers in Plant Science, 13, p.1057701.",https://www.frontiersin.org/journals/plant-science/articles/10.3389/fpls.2022.1057701/full,Epistatic QTLs_v3.0
E00566,Triticum aestivum,Drought tolerance,KWID,,,,,6B,20,chr6B_28038735-chr6B_29759131,,7B,115,chr7B_727266333-chr7B_730112746,12.7727,3.8415,"Wang, Z., Dhakal, S., Cerit, M., Wang, S., Rauf, Y., Yu, S., Maulana, F., Huang, W., Anderson, J.D., Ma, X.F. and Rudd, J.C., 2022. QTL mapping of yield components and kernel traits in wheat cultivars TAM 112 and Duster. Frontiers in Plant Science, 13, p.1057701.",https://www.frontiersin.org/journals/plant-science/articles/10.3389/fpls.2022.1057701/full,Epistatic QTLs_v3.0
E00567,Triticum aestivum,Drought tolerance,heading date,,,,,1B,20,chr1B_22819742-chr1B_25327758,,2B,45,chr2B_57246450-chr2B_65095965,12.1185,1.961,"Wang, Z., Dhakal, S., Cerit, M., Wang, S., Rauf, Y., Yu, S., Maulana, F., Huang, W., Anderson, J.D., Ma, X.F. and Rudd, J.C., 2022. QTL mapping of yield components and kernel traits in wheat cultivars TAM 112 and Duster. Frontiers in Plant Science, 13, p.1057701.",https://www.frontiersin.org/journals/plant-science/articles/10.3389/fpls.2022.1057701/full,Epistatic QTLs_v3.0
E00568,Triticum aestivum,Drought tolerance,heading date,,,,,2B,35,chr2B_35320841-chr2B_42242271,,2D,65,chr2D_37233281-chr2D_37233258,12.3158,1.9795,"Wang, Z., Dhakal, S., Cerit, M., Wang, S., Rauf, Y., Yu, S., Maulana, F., Huang, W., Anderson, J.D., Ma, X.F. and Rudd, J.C., 2022. QTL mapping of yield components and kernel traits in wheat cultivars TAM 112 and Duster. Frontiers in Plant Science, 13, p.1057701.",https://www.frontiersin.org/journals/plant-science/articles/10.3389/fpls.2022.1057701/full,Epistatic QTLs_v3.0
E00569,Triticum aestivum,Drought tolerance,heading date,,,,,2A,0,chr2A_608006397-chr1D_2510554,,3A,50,chr3A_685437269-chr3A_691339965,10.3108,1.6361,"Wang, Z., Dhakal, S., Cerit, M., Wang, S., Rauf, Y., Yu, S., Maulana, F., Huang, W., Anderson, J.D., Ma, X.F. and Rudd, J.C., 2022. QTL mapping of yield components and kernel traits in wheat cultivars TAM 112 and Duster. Frontiers in Plant Science, 13, p.1057701.",https://www.frontiersin.org/journals/plant-science/articles/10.3389/fpls.2022.1057701/full,Epistatic QTLs_v3.0
E00570,Triticum aestivum,Drought tolerance,heading date,,,,,1A,50,chr1A_545853160-chr1A_545892458,,3D,45,chr3D_575110859-chr3D_585017950,10.5076,1.6683,"Wang, Z., Dhakal, S., Cerit, M., Wang, S., Rauf, Y., Yu, S., Maulana, F., Huang, W., Anderson, J.D., Ma, X.F. and Rudd, J.C., 2022. QTL mapping of yield components and kernel traits in wheat cultivars TAM 112 and Duster. Frontiers in Plant Science, 13, p.1057701.",https://www.frontiersin.org/journals/plant-science/articles/10.3389/fpls.2022.1057701/full,Epistatic QTLs_v3.0
E00571,Triticum aestivum,Drought tolerance,heading date,,,,,3B,5,chr3B_24817134-chr3B_25416402,,4A,130,chr4A_708557954-chr4A_705718526,10.701,1.7479,"Wang, Z., Dhakal, S., Cerit, M., Wang, S., Rauf, Y., Yu, S., Maulana, F., Huang, W., Anderson, J.D., Ma, X.F. and Rudd, J.C., 2022. QTL mapping of yield components and kernel traits in wheat cultivars TAM 112 and Duster. Frontiers in Plant Science, 13, p.1057701.",https://www.frontiersin.org/journals/plant-science/articles/10.3389/fpls.2022.1057701/full,Epistatic QTLs_v3.0
E00572,Triticum aestivum,Drought tolerance,heading date,,,,,5B,70,chr5B_453066705-chr5B_461597800,,6D,10,chr6D_9195090-chr6D_9826788,13.7947,2.2971,"Wang, Z., Dhakal, S., Cerit, M., Wang, S., Rauf, Y., Yu, S., Maulana, F., Huang, W., Anderson, J.D., Ma, X.F. and Rudd, J.C., 2022. QTL mapping of yield components and kernel traits in wheat cultivars TAM 112 and Duster. Frontiers in Plant Science, 13, p.1057701.",https://www.frontiersin.org/journals/plant-science/articles/10.3389/fpls.2022.1057701/full,Epistatic QTLs_v3.0
E00573,Triticum aestivum,Drought tolerance,heading date,,,,,5A,35,chr5A_619468596-chr5A_631682129,,6D,0,chr6D_110425575-chr6D_97915036,11.5355,1.8845,"Wang, Z., Dhakal, S., Cerit, M., Wang, S., Rauf, Y., Yu, S., Maulana, F., Huang, W., Anderson, J.D., Ma, X.F. and Rudd, J.C., 2022. QTL mapping of yield components and kernel traits in wheat cultivars TAM 112 and Duster. Frontiers in Plant Science, 13, p.1057701.",https://www.frontiersin.org/journals/plant-science/articles/10.3389/fpls.2022.1057701/full,Epistatic QTLs_v3.0
E00574,Triticum aestivum,Drought tolerance,heading date,,,,,5A,5,chr5A_572832639-chr5A_577717287,,7A,0,chr7A_2659045-chr7A_3765639,10.9709,1.797,"Wang, Z., Dhakal, S., Cerit, M., Wang, S., Rauf, Y., Yu, S., Maulana, F., Huang, W., Anderson, J.D., Ma, X.F. and Rudd, J.C., 2022. QTL mapping of yield components and kernel traits in wheat cultivars TAM 112 and Duster. Frontiers in Plant Science, 13, p.1057701.",https://www.frontiersin.org/journals/plant-science/articles/10.3389/fpls.2022.1057701/full,Epistatic QTLs_v3.0
E00575,Triticum aestivum,Drought tolerance,heading date,,,,,6B,55,chr6B_476197372-chr6B_476732733,,7A,55,chr7A_48062085-chr7A_55923153,12.308,1.8465,"Wang, Z., Dhakal, S., Cerit, M., Wang, S., Rauf, Y., Yu, S., Maulana, F., Huang, W., Anderson, J.D., Ma, X.F. and Rudd, J.C., 2022. QTL mapping of yield components and kernel traits in wheat cultivars TAM 112 and Duster. Frontiers in Plant Science, 13, p.1057701.",https://www.frontiersin.org/journals/plant-science/articles/10.3389/fpls.2022.1057701/full,Epistatic QTLs_v3.0
E00576,Triticum aestivum,Drought tolerance,heading date,,,,,2D,110,chr2D_108920528-chr2D_171955791,,1A,10,chr1A_563319769-chr7A_699006046,11.1414,1.7393,"Wang, Z., Dhakal, S., Cerit, M., Wang, S., Rauf, Y., Yu, S., Maulana, F., Huang, W., Anderson, J.D., Ma, X.F. and Rudd, J.C., 2022. QTL mapping of yield components and kernel traits in wheat cultivars TAM 112 and Duster. Frontiers in Plant Science, 13, p.1057701.",https://www.frontiersin.org/journals/plant-science/articles/10.3389/fpls.2022.1057701/full,Epistatic QTLs_v3.0
E00577,Triticum aestivum,Drought tolerance,harvest index,,,,,1B,65,chr1B_540346553-chr1B_556432841,,3B,15,chr3B_161446251-chr3B_174829540,10.6694,4.9319,"Wang, Z., Dhakal, S., Cerit, M., Wang, S., Rauf, Y., Yu, S., Maulana, F., Huang, W., Anderson, J.D., Ma, X.F. and Rudd, J.C., 2022. QTL mapping of yield components and kernel traits in wheat cultivars TAM 112 and Duster. Frontiers in Plant Science, 13, p.1057701.",https://www.frontiersin.org/journals/plant-science/articles/10.3389/fpls.2022.1057701/full,Epistatic QTLs_v3.0
E00578,Triticum aestivum,Drought tolerance,harvest index,,,,,1B,90,chr1B_636796017-chr1B_636862159,,2A,80,chr2A_565323821-chr2A_586905185,11.8351,1.8446,"Wang, Z., Dhakal, S., Cerit, M., Wang, S., Rauf, Y., Yu, S., Maulana, F., Huang, W., Anderson, J.D., Ma, X.F. and Rudd, J.C., 2022. QTL mapping of yield components and kernel traits in wheat cultivars TAM 112 and Duster. Frontiers in Plant Science, 13, p.1057701.",https://www.frontiersin.org/journals/plant-science/articles/10.3389/fpls.2022.1057701/full,Epistatic QTLs_v3.0
E00579,Triticum aestivum,Drought tolerance,harvest index,,,,,1A,65,chr1A_556760580-chr1A_564314347,,2B,65,chr2B_184326512-chr2B_184378679,10.2891,1.7927,"Wang, Z., Dhakal, S., Cerit, M., Wang, S., Rauf, Y., Yu, S., Maulana, F., Huang, W., Anderson, J.D., Ma, X.F. and Rudd, J.C., 2022. QTL mapping of yield components and kernel traits in wheat cultivars TAM 112 and Duster. Frontiers in Plant Science, 13, p.1057701.",https://www.frontiersin.org/journals/plant-science/articles/10.3389/fpls.2022.1057701/full,Epistatic QTLs_v3.0
E00580,Triticum aestivum,Drought tolerance,harvest index,,,,,2B,5,chr2B_5321166-chr2B_1239711,,2D,0,chr2D_682149-chr2D_2683386,11.8147,2.0625,"Wang, Z., Dhakal, S., Cerit, M., Wang, S., Rauf, Y., Yu, S., Maulana, F., Huang, W., Anderson, J.D., Ma, X.F. and Rudd, J.C., 2022. QTL mapping of yield components and kernel traits in wheat cultivars TAM 112 and Duster. Frontiers in Plant Science, 13, p.1057701.",https://www.frontiersin.org/journals/plant-science/articles/10.3389/fpls.2022.1057701/full,Epistatic QTLs_v3.0
E00581,Triticum aestivum,Drought tolerance,harvest index,,,,,1A,55,chr1A_549577527-chr1A_549857573,,3A,5,chr3A_44589346-chr3A_482182154,11.9423,1.7318,"Wang, Z., Dhakal, S., Cerit, M., Wang, S., Rauf, Y., Yu, S., Maulana, F., Huang, W., Anderson, J.D., Ma, X.F. and Rudd, J.C., 2022. QTL mapping of yield components and kernel traits in wheat cultivars TAM 112 and Duster. Frontiers in Plant Science, 13, p.1057701.",https://www.frontiersin.org/journals/plant-science/articles/10.3389/fpls.2022.1057701/full,Epistatic QTLs_v3.0
E00582,Triticum aestivum,Drought tolerance,harvest index,,,,,1B,75,chr1B_606589188-chr1B_612916294,,3B,10,chr3B_28295015-chr3B_28295151,10.269,1.7954,"Wang, Z., Dhakal, S., Cerit, M., Wang, S., Rauf, Y., Yu, S., Maulana, F., Huang, W., Anderson, J.D., Ma, X.F. and Rudd, J.C., 2022. QTL mapping of yield components and kernel traits in wheat cultivars TAM 112 and Duster. Frontiers in Plant Science, 13, p.1057701.",https://www.frontiersin.org/journals/plant-science/articles/10.3389/fpls.2022.1057701/full,Epistatic QTLs_v3.0
E00583,Triticum aestivum,Drought tolerance,harvest index,,,,,3A,90,chr3A_726274324-chr3A_726780669,,3B,10,chr3B_28295015-chr3B_28295151,12.2278,2.0323,"Wang, Z., Dhakal, S., Cerit, M., Wang, S., Rauf, Y., Yu, S., Maulana, F., Huang, W., Anderson, J.D., Ma, X.F. and Rudd, J.C., 2022. QTL mapping of yield components and kernel traits in wheat cultivars TAM 112 and Duster. Frontiers in Plant Science, 13, p.1057701.",https://www.frontiersin.org/journals/plant-science/articles/10.3389/fpls.2022.1057701/full,Epistatic QTLs_v3.0
E00584,Triticum aestivum,Drought tolerance,harvest index,,,,,1B,65,chr1B_540346553-chr1B_556432841,,3B,15,chr3B_161446251-chr3B_174829540,11.8051,1.9688,"Wang, Z., Dhakal, S., Cerit, M., Wang, S., Rauf, Y., Yu, S., Maulana, F., Huang, W., Anderson, J.D., Ma, X.F. and Rudd, J.C., 2022. QTL mapping of yield components and kernel traits in wheat cultivars TAM 112 and Duster. Frontiers in Plant Science, 13, p.1057701.",https://www.frontiersin.org/journals/plant-science/articles/10.3389/fpls.2022.1057701/full,Epistatic QTLs_v3.0
E00585,Triticum aestivum,Drought tolerance,harvest index,,,,,2B,65,chr2B_184326512-chr2B_184378679,,3B,35,chr3B_499455062-chr3B_492745026,13.0586,2.4528,"Wang, Z., Dhakal, S., Cerit, M., Wang, S., Rauf, Y., Yu, S., Maulana, F., Huang, W., Anderson, J.D., Ma, X.F. and Rudd, J.C., 2022. QTL mapping of yield components and kernel traits in wheat cultivars TAM 112 and Duster. Frontiers in Plant Science, 13, p.1057701.",https://www.frontiersin.org/journals/plant-science/articles/10.3389/fpls.2022.1057701/full,Epistatic QTLs_v3.0
E00586,Triticum aestivum,Drought tolerance,harvest index,,,,,1A,50,chr1A_545853160-chr1A_545892458,,3D,55,chr3D_588202832-chr3D_590806180,10.985,1.7065,"Wang, Z., Dhakal, S., Cerit, M., Wang, S., Rauf, Y., Yu, S., Maulana, F., Huang, W., Anderson, J.D., Ma, X.F. and Rudd, J.C., 2022. QTL mapping of yield components and kernel traits in wheat cultivars TAM 112 and Duster. Frontiers in Plant Science, 13, p.1057701.",https://www.frontiersin.org/journals/plant-science/articles/10.3389/fpls.2022.1057701/full,Epistatic QTLs_v3.0
E00587,Triticum aestivum,Drought tolerance,harvest index,,,,,2B,65,chr2B_184326512-chr2B_184378679,,4B,5,chr4B_644973890-chr4B_648063342,10.9038,1.8564,"Wang, Z., Dhakal, S., Cerit, M., Wang, S., Rauf, Y., Yu, S., Maulana, F., Huang, W., Anderson, J.D., Ma, X.F. and Rudd, J.C., 2022. QTL mapping of yield components and kernel traits in wheat cultivars TAM 112 and Duster. Frontiers in Plant Science, 13, p.1057701.",https://www.frontiersin.org/journals/plant-science/articles/10.3389/fpls.2022.1057701/full,Epistatic QTLs_v3.0
E00588,Triticum aestivum,Drought tolerance,harvest index,,,,,3B,5,chr3B_803849135-chr3B_804397668,,5A,10,chr5A_582105509-chr5A_580553868,11.7622,2.0304,"Wang, Z., Dhakal, S., Cerit, M., Wang, S., Rauf, Y., Yu, S., Maulana, F., Huang, W., Anderson, J.D., Ma, X.F. and Rudd, J.C., 2022. QTL mapping of yield components and kernel traits in wheat cultivars TAM 112 and Duster. Frontiers in Plant Science, 13, p.1057701.",https://www.frontiersin.org/journals/plant-science/articles/10.3389/fpls.2022.1057701/full,Epistatic QTLs_v3.0
E00589,Triticum aestivum,Drought tolerance,harvest index,,,,,1B,65,chr1B_540346553-chr1B_556432841,,5A,15,chr5A_578449873-chr5A_598638693,11.4348,1.7284,"Wang, Z., Dhakal, S., Cerit, M., Wang, S., Rauf, Y., Yu, S., Maulana, F., Huang, W., Anderson, J.D., Ma, X.F. and Rudd, J.C., 2022. QTL mapping of yield components and kernel traits in wheat cultivars TAM 112 and Duster. Frontiers in Plant Science, 13, p.1057701.",https://www.frontiersin.org/journals/plant-science/articles/10.3389/fpls.2022.1057701/full,Epistatic QTLs_v3.0
E00590,Triticum aestivum,Drought tolerance,harvest index,,,,,4A,60,chr4A_616836746-chr4A_626014517,,5A,75,chr5A_673854927-chr5A_678294082,10.4075,1.8156,"Wang, Z., Dhakal, S., Cerit, M., Wang, S., Rauf, Y., Yu, S., Maulana, F., Huang, W., Anderson, J.D., Ma, X.F. and Rudd, J.C., 2022. QTL mapping of yield components and kernel traits in wheat cultivars TAM 112 and Duster. Frontiers in Plant Science, 13, p.1057701.",https://www.frontiersin.org/journals/plant-science/articles/10.3389/fpls.2022.1057701/full,Epistatic QTLs_v3.0
E00591,Triticum aestivum,Drought tolerance,harvest index,,,,,3D,70,chr3D_596878153-chr3D_598598569,,5A,80,chr5A_680235142-chr5A_681251635,10.0913,1.7844,"Wang, Z., Dhakal, S., Cerit, M., Wang, S., Rauf, Y., Yu, S., Maulana, F., Huang, W., Anderson, J.D., Ma, X.F. and Rudd, J.C., 2022. QTL mapping of yield components and kernel traits in wheat cultivars TAM 112 and Duster. Frontiers in Plant Science, 13, p.1057701.",https://www.frontiersin.org/journals/plant-science/articles/10.3389/fpls.2022.1057701/full,Epistatic QTLs_v3.0
E00592,Triticum aestivum,Drought tolerance,harvest index,,,,,2D,65,chr2D_37233281-chr2D_37233258,,5B,55,chr5B_691808672-chr5B_691808788,10.6108,1.8473,"Wang, Z., Dhakal, S., Cerit, M., Wang, S., Rauf, Y., Yu, S., Maulana, F., Huang, W., Anderson, J.D., Ma, X.F. and Rudd, J.C., 2022. QTL mapping of yield components and kernel traits in wheat cultivars TAM 112 and Duster. Frontiers in Plant Science, 13, p.1057701.",https://www.frontiersin.org/journals/plant-science/articles/10.3389/fpls.2022.1057701/full,Epistatic QTLs_v3.0
E00593,Triticum aestivum,Drought tolerance,harvest index,,,,,3A,35,chr3A_481086680-chr3A_652833032,,5D,5,chr5D_550954706-chr5D_552375887,11.0269,1.8286,"Wang, Z., Dhakal, S., Cerit, M., Wang, S., Rauf, Y., Yu, S., Maulana, F., Huang, W., Anderson, J.D., Ma, X.F. and Rudd, J.C., 2022. QTL mapping of yield components and kernel traits in wheat cultivars TAM 112 and Duster. Frontiers in Plant Science, 13, p.1057701.",https://www.frontiersin.org/journals/plant-science/articles/10.3389/fpls.2022.1057701/full,Epistatic QTLs_v3.0
E00594,Triticum aestivum,Drought tolerance,harvest index,,,,,3B,95,chr3B_763268011-chr3B_769386792,,6A,0,chr6A_5233761-chr6A_5296425,11.6445,1.7556,"Wang, Z., Dhakal, S., Cerit, M., Wang, S., Rauf, Y., Yu, S., Maulana, F., Huang, W., Anderson, J.D., Ma, X.F. and Rudd, J.C., 2022. QTL mapping of yield components and kernel traits in wheat cultivars TAM 112 and Duster. Frontiers in Plant Science, 13, p.1057701.",https://www.frontiersin.org/journals/plant-science/articles/10.3389/fpls.2022.1057701/full,Epistatic QTLs_v3.0
E00595,Triticum aestivum,Drought tolerance,harvest index,,,,,5A,40,chr5A_633284206-chr5A_653953195,,6A,0,chr6A_5233761-chr6A_5296425,10.2267,1.7107,"Wang, Z., Dhakal, S., Cerit, M., Wang, S., Rauf, Y., Yu, S., Maulana, F., Huang, W., Anderson, J.D., Ma, X.F. and Rudd, J.C., 2022. QTL mapping of yield components and kernel traits in wheat cultivars TAM 112 and Duster. Frontiers in Plant Science, 13, p.1057701.",https://www.frontiersin.org/journals/plant-science/articles/10.3389/fpls.2022.1057701/full,Epistatic QTLs_v3.0
E00596,Triticum aestivum,Drought tolerance,harvest index,,,,,1A,85,chr1A_573392937-chr1A_573393087,,6B,0,chr6B_99241253-chr6B_92231393,13.0852,2.4206,"Wang, Z., Dhakal, S., Cerit, M., Wang, S., Rauf, Y., Yu, S., Maulana, F., Huang, W., Anderson, J.D., Ma, X.F. and Rudd, J.C., 2022. QTL mapping of yield components and kernel traits in wheat cultivars TAM 112 and Duster. Frontiers in Plant Science, 13, p.1057701.",https://www.frontiersin.org/journals/plant-science/articles/10.3389/fpls.2022.1057701/full,Epistatic QTLs_v3.0
E00597,Triticum aestivum,Drought tolerance,harvest index,,,,,7A,70,chr7A_76893220-chr7A_79814702,,7B,120,chr7B_732593691-chr7B_739989624,10.2676,1.5993,"Wang, Z., Dhakal, S., Cerit, M., Wang, S., Rauf, Y., Yu, S., Maulana, F., Huang, W., Anderson, J.D., Ma, X.F. and Rudd, J.C., 2022. QTL mapping of yield components and kernel traits in wheat cultivars TAM 112 and Duster. Frontiers in Plant Science, 13, p.1057701.",https://www.frontiersin.org/journals/plant-science/articles/10.3389/fpls.2022.1057701/full,Epistatic QTLs_v3.0
E00598,Triticum aestivum,Drought tolerance,harvest index,,,,,2A,10,chr2A_13116498-chr2A_17405760,,7D,5,chr7D_5347901-chr7D_8088712,10.871,1.7716,"Wang, Z., Dhakal, S., Cerit, M., Wang, S., Rauf, Y., Yu, S., Maulana, F., Huang, W., Anderson, J.D., Ma, X.F. and Rudd, J.C., 2022. QTL mapping of yield components and kernel traits in wheat cultivars TAM 112 and Duster. Frontiers in Plant Science, 13, p.1057701.",https://www.frontiersin.org/journals/plant-science/articles/10.3389/fpls.2022.1057701/full,Epistatic QTLs_v3.0
E00599,Triticum aestivum,Drought tolerance,harvest index,,,,,2A,80,chr2A_565323821-chr2A_586905185,,7D,110,chr7D_580885533-chr7D_596999236,10.2924,1.4083,"Wang, Z., Dhakal, S., Cerit, M., Wang, S., Rauf, Y., Yu, S., Maulana, F., Huang, W., Anderson, J.D., Ma, X.F. and Rudd, J.C., 2022. QTL mapping of yield components and kernel traits in wheat cultivars TAM 112 and Duster. Frontiers in Plant Science, 13, p.1057701.",https://www.frontiersin.org/journals/plant-science/articles/10.3389/fpls.2022.1057701/full,Epistatic QTLs_v3.0
E00600,Triticum aestivum,Drought tolerance,harvest index,,,,,2B,65,chr2B_184326512-chr2B_184378679,,3B,35,chr3B_499455062-chr3B_492745026,12.1286,5.1427,"Wang, Z., Dhakal, S., Cerit, M., Wang, S., Rauf, Y., Yu, S., Maulana, F., Huang, W., Anderson, J.D., Ma, X.F. and Rudd, J.C., 2022. QTL mapping of yield components and kernel traits in wheat cultivars TAM 112 and Duster. Frontiers in Plant Science, 13, p.1057701.",https://www.frontiersin.org/journals/plant-science/articles/10.3389/fpls.2022.1057701/full,Epistatic QTLs_v3.0
E00601,Triticum aestivum,Drought tolerance,plant height,,,,,1A,20,chr1A_504089876-chr1A_512475885,,2B,125,chr2B_752483215-chr2B_771809567,11.3281,1.6726,"Wang, Z., Dhakal, S., Cerit, M., Wang, S., Rauf, Y., Yu, S., Maulana, F., Huang, W., Anderson, J.D., Ma, X.F. and Rudd, J.C., 2022. QTL mapping of yield components and kernel traits in wheat cultivars TAM 112 and Duster. Frontiers in Plant Science, 13, p.1057701.",https://www.frontiersin.org/journals/plant-science/articles/10.3389/fpls.2022.1057701/full,Epistatic QTLs_v3.0
E00602,Triticum aestivum,Drought tolerance,plant height,,,,,1B,10,chr1B_3213121-chr1B_6473917,,2B,145,chr2B_800234376-chr2B_800188566,10.3618,1.8339,"Wang, Z., Dhakal, S., Cerit, M., Wang, S., Rauf, Y., Yu, S., Maulana, F., Huang, W., Anderson, J.D., Ma, X.F. and Rudd, J.C., 2022. QTL mapping of yield components and kernel traits in wheat cultivars TAM 112 and Duster. Frontiers in Plant Science, 13, p.1057701.",https://www.frontiersin.org/journals/plant-science/articles/10.3389/fpls.2022.1057701/full,Epistatic QTLs_v3.0
E00603,Triticum aestivum,Drought tolerance,plant height,,,,,2B,5,chr2B_5321166-chr2B_1239711,,2D,0,chr2D_682149-chr2D_2683386,10.1809,1.6876,"Wang, Z., Dhakal, S., Cerit, M., Wang, S., Rauf, Y., Yu, S., Maulana, F., Huang, W., Anderson, J.D., Ma, X.F. and Rudd, J.C., 2022. QTL mapping of yield components and kernel traits in wheat cultivars TAM 112 and Duster. Frontiers in Plant Science, 13, p.1057701.",https://www.frontiersin.org/journals/plant-science/articles/10.3389/fpls.2022.1057701/full,Epistatic QTLs_v3.0
E00604,Triticum aestivum,Drought tolerance,plant height,,,,,2A,5,chr2A_9954814-chr2A_13116354,,2D,15,chr2D_12415822-chr2D_14943940,10.9344,1.8298,"Wang, Z., Dhakal, S., Cerit, M., Wang, S., Rauf, Y., Yu, S., Maulana, F., Huang, W., Anderson, J.D., Ma, X.F. and Rudd, J.C., 2022. QTL mapping of yield components and kernel traits in wheat cultivars TAM 112 and Duster. Frontiers in Plant Science, 13, p.1057701.",https://www.frontiersin.org/journals/plant-science/articles/10.3389/fpls.2022.1057701/full,Epistatic QTLs_v3.0
E00605,Triticum aestivum,Drought tolerance,plant height,,,,,2D,60,chr2D_21555266-chr2D_41428274,,2D,120,chr2D_447252920-chr2D_545511580,10.0702,1.4547,"Wang, Z., Dhakal, S., Cerit, M., Wang, S., Rauf, Y., Yu, S., Maulana, F., Huang, W., Anderson, J.D., Ma, X.F. and Rudd, J.C., 2022. QTL mapping of yield components and kernel traits in wheat cultivars TAM 112 and Duster. Frontiers in Plant Science, 13, p.1057701.",https://www.frontiersin.org/journals/plant-science/articles/10.3389/fpls.2022.1057701/full,Epistatic QTLs_v3.0
E00606,Triticum aestivum,Drought tolerance,plant height,,,,,1B,65,chr1B_540346553-chr1B_556432841,,3B,30,chr3B_474767074-chr3B_476593055,10.2213,1.6915,"Wang, Z., Dhakal, S., Cerit, M., Wang, S., Rauf, Y., Yu, S., Maulana, F., Huang, W., Anderson, J.D., Ma, X.F. and Rudd, J.C., 2022. QTL mapping of yield components and kernel traits in wheat cultivars TAM 112 and Duster. Frontiers in Plant Science, 13, p.1057701.",https://www.frontiersin.org/journals/plant-science/articles/10.3389/fpls.2022.1057701/full,Epistatic QTLs_v3.0
E00607,Triticum aestivum,Drought tolerance,plant height,,,,,2A,25,chr2A_745016668-chr2A_754345906,,3B,80,chr3B_756611174-chr3B_756613889,13.6501,2.1824,"Wang, Z., Dhakal, S., Cerit, M., Wang, S., Rauf, Y., Yu, S., Maulana, F., Huang, W., Anderson, J.D., Ma, X.F. and Rudd, J.C., 2022. QTL mapping of yield components and kernel traits in wheat cultivars TAM 112 and Duster. Frontiers in Plant Science, 13, p.1057701.",https://www.frontiersin.org/journals/plant-science/articles/10.3389/fpls.2022.1057701/full,Epistatic QTLs_v3.0
E00608,Triticum aestivum,Drought tolerance,plant height,,,,,1D,10,chr1D_5730208-chr1D_7839161,,3D,5,chr3D_23877742-chr3D_29880187,10.7401,1.5665,"Wang, Z., Dhakal, S., Cerit, M., Wang, S., Rauf, Y., Yu, S., Maulana, F., Huang, W., Anderson, J.D., Ma, X.F. and Rudd, J.C., 2022. QTL mapping of yield components and kernel traits in wheat cultivars TAM 112 and Duster. Frontiers in Plant Science, 13, p.1057701.",https://www.frontiersin.org/journals/plant-science/articles/10.3389/fpls.2022.1057701/full,Epistatic QTLs_v3.0
E00609,Triticum aestivum,Drought tolerance,plant height,,,,,1A,50,chr1A_545853160-chr1A_545892458,,3D,60,chr3D_588202832-chr3D_590806180,10.7772,1.6782,"Wang, Z., Dhakal, S., Cerit, M., Wang, S., Rauf, Y., Yu, S., Maulana, F., Huang, W., Anderson, J.D., Ma, X.F. and Rudd, J.C., 2022. QTL mapping of yield components and kernel traits in wheat cultivars TAM 112 and Duster. Frontiers in Plant Science, 13, p.1057701.",https://www.frontiersin.org/journals/plant-science/articles/10.3389/fpls.2022.1057701/full,Epistatic QTLs_v3.0
E00610,Triticum aestivum,Drought tolerance,plant height,,,,,2A,0,chr2A_608006397-chr1D_2510554,,4A,80,chr4A_639058479-chr4A_641357261,10.1663,1.648,"Wang, Z., Dhakal, S., Cerit, M., Wang, S., Rauf, Y., Yu, S., Maulana, F., Huang, W., Anderson, J.D., Ma, X.F. and Rudd, J.C., 2022. QTL mapping of yield components and kernel traits in wheat cultivars TAM 112 and Duster. Frontiers in Plant Science, 13, p.1057701.",https://www.frontiersin.org/journals/plant-science/articles/10.3389/fpls.2022.1057701/full,Epistatic QTLs_v3.0
E00611,Triticum aestivum,Drought tolerance,plant height,,,,,3A,60,chr3A_691340003-chr3A_701350296,,4A,85,chr4A_685739757-chr4A_683784629,12.1434,1.7723,"Wang, Z., Dhakal, S., Cerit, M., Wang, S., Rauf, Y., Yu, S., Maulana, F., Huang, W., Anderson, J.D., Ma, X.F. and Rudd, J.C., 2022. QTL mapping of yield components and kernel traits in wheat cultivars TAM 112 and Duster. Frontiers in Plant Science, 13, p.1057701.",https://www.frontiersin.org/journals/plant-science/articles/10.3389/fpls.2022.1057701/full,Epistatic QTLs_v3.0
E00612,Triticum aestivum,Drought tolerance,plant height,,,,,2D,125,chr2D_447252920-chr2D_545511580,,4A,130,chr4A_708557954-chr4A_705718526,10.3026,1.5953,"Wang, Z., Dhakal, S., Cerit, M., Wang, S., Rauf, Y., Yu, S., Maulana, F., Huang, W., Anderson, J.D., Ma, X.F. and Rudd, J.C., 2022. QTL mapping of yield components and kernel traits in wheat cultivars TAM 112 and Duster. Frontiers in Plant Science, 13, p.1057701.",https://www.frontiersin.org/journals/plant-science/articles/10.3389/fpls.2022.1057701/full,Epistatic QTLs_v3.0
E00613,Triticum aestivum,Drought tolerance,plant height,,,,,1B,115,chr1B_660464558-chr1B_660745229,,4B,5,chr4B_644973890-chr4B_648063342,10.2374,1.7379,"Wang, Z., Dhakal, S., Cerit, M., Wang, S., Rauf, Y., Yu, S., Maulana, F., Huang, W., Anderson, J.D., Ma, X.F. and Rudd, J.C., 2022. QTL mapping of yield components and kernel traits in wheat cultivars TAM 112 and Duster. Frontiers in Plant Science, 13, p.1057701.",https://www.frontiersin.org/journals/plant-science/articles/10.3389/fpls.2022.1057701/full,Epistatic QTLs_v3.0
E00614,Triticum aestivum,Drought tolerance,plant height,,,,,1A,45,chr1A_541978057-chr1A_543780843,,5A,15,chr5A_578449873-chr5A_598638693,13.3556,2.004,"Wang, Z., Dhakal, S., Cerit, M., Wang, S., Rauf, Y., Yu, S., Maulana, F., Huang, W., Anderson, J.D., Ma, X.F. and Rudd, J.C., 2022. QTL mapping of yield components and kernel traits in wheat cultivars TAM 112 and Duster. Frontiers in Plant Science, 13, p.1057701.",https://www.frontiersin.org/journals/plant-science/articles/10.3389/fpls.2022.1057701/full,Epistatic QTLs_v3.0
E00615,Triticum aestivum,Drought tolerance,plant height,,,,,3D,20,chr3D_565181735-chr3D_565205937,,5A,20,chr5A_578449873-chr5A_598638693,12.7498,2.1084,"Wang, Z., Dhakal, S., Cerit, M., Wang, S., Rauf, Y., Yu, S., Maulana, F., Huang, W., Anderson, J.D., Ma, X.F. and Rudd, J.C., 2022. QTL mapping of yield components and kernel traits in wheat cultivars TAM 112 and Duster. Frontiers in Plant Science, 13, p.1057701.",https://www.frontiersin.org/journals/plant-science/articles/10.3389/fpls.2022.1057701/full,Epistatic QTLs_v3.0
E00616,Triticum aestivum,Drought tolerance,plant height,,,,,2A,30,chr2A_754712941-chr2A_755068015,,5A,80,chr5A_680235142-chr5A_681251635,10.5363,1.748,"Wang, Z., Dhakal, S., Cerit, M., Wang, S., Rauf, Y., Yu, S., Maulana, F., Huang, W., Anderson, J.D., Ma, X.F. and Rudd, J.C., 2022. QTL mapping of yield components and kernel traits in wheat cultivars TAM 112 and Duster. Frontiers in Plant Science, 13, p.1057701.",https://www.frontiersin.org/journals/plant-science/articles/10.3389/fpls.2022.1057701/full,Epistatic QTLs_v3.0
E00617,Triticum aestivum,Drought tolerance,plant height,,,,,4A,55,chr4A_612531321-chr4A_613396527,,5A,80,chr5A_680235142-chr5A_681251635,10.2152,1.7015,"Wang, Z., Dhakal, S., Cerit, M., Wang, S., Rauf, Y., Yu, S., Maulana, F., Huang, W., Anderson, J.D., Ma, X.F. and Rudd, J.C., 2022. QTL mapping of yield components and kernel traits in wheat cultivars TAM 112 and Duster. Frontiers in Plant Science, 13, p.1057701.",https://www.frontiersin.org/journals/plant-science/articles/10.3389/fpls.2022.1057701/full,Epistatic QTLs_v3.0
E00618,Triticum aestivum,Drought tolerance,plant height,,,,,1B,15,chr1B_9800079-chr1B_9581760,,5B,5,chr5B_753941-chr5B_8055650,10.5812,1.7272,"Wang, Z., Dhakal, S., Cerit, M., Wang, S., Rauf, Y., Yu, S., Maulana, F., Huang, W., Anderson, J.D., Ma, X.F. and Rudd, J.C., 2022. QTL mapping of yield components and kernel traits in wheat cultivars TAM 112 and Duster. Frontiers in Plant Science, 13, p.1057701.",https://www.frontiersin.org/journals/plant-science/articles/10.3389/fpls.2022.1057701/full,Epistatic QTLs_v3.0
E00619,Triticum aestivum,Drought tolerance,plant height,,,,,3B,25,chr3B_819747547-chr3B_818336545,,5B,50,chr5B_75220656-chr5B_84798682,11.382,1.8857,"Wang, Z., Dhakal, S., Cerit, M., Wang, S., Rauf, Y., Yu, S., Maulana, F., Huang, W., Anderson, J.D., Ma, X.F. and Rudd, J.C., 2022. QTL mapping of yield components and kernel traits in wheat cultivars TAM 112 and Duster. Frontiers in Plant Science, 13, p.1057701.",https://www.frontiersin.org/journals/plant-science/articles/10.3389/fpls.2022.1057701/full,Epistatic QTLs_v3.0
E00620,Triticum aestivum,Drought tolerance,plant height,,,,,4A,55,chr4A_612531321-chr4A_613396527,,5B,35,chr5B_669588875-chr5B_680234342,12.5582,1.9144,"Wang, Z., Dhakal, S., Cerit, M., Wang, S., Rauf, Y., Yu, S., Maulana, F., Huang, W., Anderson, J.D., Ma, X.F. and Rudd, J.C., 2022. QTL mapping of yield components and kernel traits in wheat cultivars TAM 112 and Duster. Frontiers in Plant Science, 13, p.1057701.",https://www.frontiersin.org/journals/plant-science/articles/10.3389/fpls.2022.1057701/full,Epistatic QTLs_v3.0
E00621,Triticum aestivum,Drought tolerance,plant height,,,,,5B,0,chr5B_601420264-chr5B_606299994,,5D,45,chr5D_374257292-chr5D_400410614,10.5922,1.6819,"Wang, Z., Dhakal, S., Cerit, M., Wang, S., Rauf, Y., Yu, S., Maulana, F., Huang, W., Anderson, J.D., Ma, X.F. and Rudd, J.C., 2022. QTL mapping of yield components and kernel traits in wheat cultivars TAM 112 and Duster. Frontiers in Plant Science, 13, p.1057701.",https://www.frontiersin.org/journals/plant-science/articles/10.3389/fpls.2022.1057701/full,Epistatic QTLs_v3.0
E00622,Triticum aestivum,Drought tolerance,plant height,,,,,3B,5,chr3B_803849135-chr3B_804397668,,6A,20,chr6A_13893583-chr6A_16388807,11.2043,1.8346,"Wang, Z., Dhakal, S., Cerit, M., Wang, S., Rauf, Y., Yu, S., Maulana, F., Huang, W., Anderson, J.D., Ma, X.F. and Rudd, J.C., 2022. QTL mapping of yield components and kernel traits in wheat cultivars TAM 112 and Duster. Frontiers in Plant Science, 13, p.1057701.",https://www.frontiersin.org/journals/plant-science/articles/10.3389/fpls.2022.1057701/full,Epistatic QTLs_v3.0
E00623,Triticum aestivum,Drought tolerance,plant height,,,,,2B,35,chr2B_35320841-chr2B_42242271,,6A,35,chr6A_574253510-chr6A_583269008,10.9639,1.5193,"Wang, Z., Dhakal, S., Cerit, M., Wang, S., Rauf, Y., Yu, S., Maulana, F., Huang, W., Anderson, J.D., Ma, X.F. and Rudd, J.C., 2022. QTL mapping of yield components and kernel traits in wheat cultivars TAM 112 and Duster. Frontiers in Plant Science, 13, p.1057701.",https://www.frontiersin.org/journals/plant-science/articles/10.3389/fpls.2022.1057701/full,Epistatic QTLs_v3.0
E00624,Triticum aestivum,Drought tolerance,plant height,,,,,2A,90,chr2A_684122587-chr2A_691116258,,6A,60,chr6A_595184239-chr6A_600279898,10.1498,1.6242,"Wang, Z., Dhakal, S., Cerit, M., Wang, S., Rauf, Y., Yu, S., Maulana, F., Huang, W., Anderson, J.D., Ma, X.F. and Rudd, J.C., 2022. QTL mapping of yield components and kernel traits in wheat cultivars TAM 112 and Duster. Frontiers in Plant Science, 13, p.1057701.",https://www.frontiersin.org/journals/plant-science/articles/10.3389/fpls.2022.1057701/full,Epistatic QTLs_v3.0
E00625,Triticum aestivum,Drought tolerance,plant height,,,,,6B,5,chr6B_122491939-chr6B_123376316,,6D,25,chr6D_16203913-chr6D_19412836,14.6711,2.276,"Wang, Z., Dhakal, S., Cerit, M., Wang, S., Rauf, Y., Yu, S., Maulana, F., Huang, W., Anderson, J.D., Ma, X.F. and Rudd, J.C., 2022. QTL mapping of yield components and kernel traits in wheat cultivars TAM 112 and Duster. Frontiers in Plant Science, 13, p.1057701.",https://www.frontiersin.org/journals/plant-science/articles/10.3389/fpls.2022.1057701/full,Epistatic QTLs_v3.0
E00626,Triticum aestivum,Drought tolerance,plant height,,,,,2D,40,chr2D_21555266-chr2D_41428274,,7A,30,chr7A_31997375-chr7A_32018142,10.5281,1.7113,"Wang, Z., Dhakal, S., Cerit, M., Wang, S., Rauf, Y., Yu, S., Maulana, F., Huang, W., Anderson, J.D., Ma, X.F. and Rudd, J.C., 2022. QTL mapping of yield components and kernel traits in wheat cultivars TAM 112 and Duster. Frontiers in Plant Science, 13, p.1057701.",https://www.frontiersin.org/journals/plant-science/articles/10.3389/fpls.2022.1057701/full,Epistatic QTLs_v3.0
E00627,Triticum aestivum,Drought tolerance,plant height,,,,,6B,105,chr6B_688033393-chr6B_696923857,,7A,90,chr7A_91496317-chr7A_586312006,13.3931,1.7427,"Wang, Z., Dhakal, S., Cerit, M., Wang, S., Rauf, Y., Yu, S., Maulana, F., Huang, W., Anderson, J.D., Ma, X.F. and Rudd, J.C., 2022. QTL mapping of yield components and kernel traits in wheat cultivars TAM 112 and Duster. Frontiers in Plant Science, 13, p.1057701.",https://www.frontiersin.org/journals/plant-science/articles/10.3389/fpls.2022.1057701/full,Epistatic QTLs_v3.0
E00628,Triticum aestivum,Drought tolerance,plant height,,,,,5D,10,chr5D_556005725-chr5D_558974926,,7B,30,chr7B_601468044-chr7B_608303345,12.5574,1.9935,"Wang, Z., Dhakal, S., Cerit, M., Wang, S., Rauf, Y., Yu, S., Maulana, F., Huang, W., Anderson, J.D., Ma, X.F. and Rudd, J.C., 2022. QTL mapping of yield components and kernel traits in wheat cultivars TAM 112 and Duster. Frontiers in Plant Science, 13, p.1057701.",https://www.frontiersin.org/journals/plant-science/articles/10.3389/fpls.2022.1057701/full,Epistatic QTLs_v3.0
E00629,Triticum aestivum,Drought tolerance,kernels spike-1,,,,,1B,0,chr1B_17146000-chr1B_17145999,,2A,100,chr2A_705790851-chr2A_719525996,11.4363,1.908,"Wang, Z., Dhakal, S., Cerit, M., Wang, S., Rauf, Y., Yu, S., Maulana, F., Huang, W., Anderson, J.D., Ma, X.F. and Rudd, J.C., 2022. QTL mapping of yield components and kernel traits in wheat cultivars TAM 112 and Duster. Frontiers in Plant Science, 13, p.1057701.",https://www.frontiersin.org/journals/plant-science/articles/10.3389/fpls.2022.1057701/full,Epistatic QTLs_v3.0
E00630,Triticum aestivum,Drought tolerance,kernels spike-1,,,,,1B,35,chr1B_25327828-chr1B_40302960,,5B,20,chr5B_622544850-chr5B_659665940,10.0676,1.7138,"Wang, Z., Dhakal, S., Cerit, M., Wang, S., Rauf, Y., Yu, S., Maulana, F., Huang, W., Anderson, J.D., Ma, X.F. and Rudd, J.C., 2022. QTL mapping of yield components and kernel traits in wheat cultivars TAM 112 and Duster. Frontiers in Plant Science, 13, p.1057701.",https://www.frontiersin.org/journals/plant-science/articles/10.3389/fpls.2022.1057701/full,Epistatic QTLs_v3.0
E00631,Triticum aestivum,Drought tolerance,kernels spike-1,,,,,4D,15,chr4D_467639736-chr4D_480514255,,6D,0,chr6D_2486014-chr6D_70342,10.3527,2.0453,"Wang, Z., Dhakal, S., Cerit, M., Wang, S., Rauf, Y., Yu, S., Maulana, F., Huang, W., Anderson, J.D., Ma, X.F. and Rudd, J.C., 2022. QTL mapping of yield components and kernel traits in wheat cultivars TAM 112 and Duster. Frontiers in Plant Science, 13, p.1057701.",https://www.frontiersin.org/journals/plant-science/articles/10.3389/fpls.2022.1057701/full,Epistatic QTLs_v3.0
E00632,Triticum aestivum,Drought tolerance,kernels spike-1,,,,,5B,50,chr5B_681383346-chr5B_691461070,,7A,30,chr7A_31997375-chr7A_32018142,15.1093,2.302,"Wang, Z., Dhakal, S., Cerit, M., Wang, S., Rauf, Y., Yu, S., Maulana, F., Huang, W., Anderson, J.D., Ma, X.F. and Rudd, J.C., 2022. QTL mapping of yield components and kernel traits in wheat cultivars TAM 112 and Duster. Frontiers in Plant Science, 13, p.1057701.",https://www.frontiersin.org/journals/plant-science/articles/10.3389/fpls.2022.1057701/full,Epistatic QTLs_v3.0
E00633,Triticum aestivum,Drought tolerance,single culm weight,,,,,2B,35,chr2B_35320841-chr2B_42242271,,1A,10,chr1A_563319769-chr7A_699006046,10.7532,2.4683,"Wang, Z., Dhakal, S., Cerit, M., Wang, S., Rauf, Y., Yu, S., Maulana, F., Huang, W., Anderson, J.D., Ma, X.F. and Rudd, J.C., 2022. QTL mapping of yield components and kernel traits in wheat cultivars TAM 112 and Duster. Frontiers in Plant Science, 13, p.1057701.",https://www.frontiersin.org/journals/plant-science/articles/10.3389/fpls.2022.1057701/full,Epistatic QTLs_v3.0
E00634,Triticum aestivum,Drought tolerance,single head dry weight,,,,,2B,40,chr2B_35320841-chr2B_42242271,,4B,0,chr4B_637464489-chr4B_637351954,10.9504,2.1934,"Wang, Z., Dhakal, S., Cerit, M., Wang, S., Rauf, Y., Yu, S., Maulana, F., Huang, W., Anderson, J.D., Ma, X.F. and Rudd, J.C., 2022. QTL mapping of yield components and kernel traits in wheat cultivars TAM 112 and Duster. Frontiers in Plant Science, 13, p.1057701.",https://www.frontiersin.org/journals/plant-science/articles/10.3389/fpls.2022.1057701/full,Epistatic QTLs_v3.0
E00635,Triticum aestivum,Drought tolerance,single head dry weight,,,,,4D,10,chr4D_438112013-chr4D_467639736,,6A,0,chr6A_5233761-chr6A_5296425,11.385,2.3661,"Wang, Z., Dhakal, S., Cerit, M., Wang, S., Rauf, Y., Yu, S., Maulana, F., Huang, W., Anderson, J.D., Ma, X.F. and Rudd, J.C., 2022. QTL mapping of yield components and kernel traits in wheat cultivars TAM 112 and Duster. Frontiers in Plant Science, 13, p.1057701.",https://www.frontiersin.org/journals/plant-science/articles/10.3389/fpls.2022.1057701/full,Epistatic QTLs_v3.0
E00636,Triticum aestivum,Drought tolerance,single head dry weight,,,,,6D,5,chr6D_7168107-chr1D_4643750,,6B,90,chr6B_682311248-chr6B_682560368,12.063,2.2507,"Wang, Z., Dhakal, S., Cerit, M., Wang, S., Rauf, Y., Yu, S., Maulana, F., Huang, W., Anderson, J.D., Ma, X.F. and Rudd, J.C., 2022. QTL mapping of yield components and kernel traits in wheat cultivars TAM 112 and Duster. Frontiers in Plant Science, 13, p.1057701.",https://www.frontiersin.org/journals/plant-science/articles/10.3389/fpls.2022.1057701/full,Epistatic QTLs_v3.0
E00637,Triticum aestivum,Drought tolerance,single head dry weight,,,,,3B,75,chr3B_741968043-chr3B_747080379,,7A,60,chr7A_55923153-chr7A_55930688,12.4189,2.3867,"Wang, Z., Dhakal, S., Cerit, M., Wang, S., Rauf, Y., Yu, S., Maulana, F., Huang, W., Anderson, J.D., Ma, X.F. and Rudd, J.C., 2022. QTL mapping of yield components and kernel traits in wheat cultivars TAM 112 and Duster. Frontiers in Plant Science, 13, p.1057701.",https://www.frontiersin.org/journals/plant-science/articles/10.3389/fpls.2022.1057701/full,Epistatic QTLs_v3.0
E00638,Triticum aestivum,Drought tolerance,single head dry weight,,,,,5B,65,chr5B_437990363-chr5B_439722923,,7B,45,chr7B_649463084-chr7B_654700715,10.1445,2.1358,"Wang, Z., Dhakal, S., Cerit, M., Wang, S., Rauf, Y., Yu, S., Maulana, F., Huang, W., Anderson, J.D., Ma, X.F. and Rudd, J.C., 2022. QTL mapping of yield components and kernel traits in wheat cultivars TAM 112 and Duster. Frontiers in Plant Science, 13, p.1057701.",https://www.frontiersin.org/journals/plant-science/articles/10.3389/fpls.2022.1057701/full,Epistatic QTLs_v3.0
E00639,Triticum aestivum,Drought tolerance,single head dry weight,,,,,5B,60,chr5B_699730367-chr5B_693907009,,7D,100,chr7D_580885533-chr7D_596999236,10.6077,1.8235,"Wang, Z., Dhakal, S., Cerit, M., Wang, S., Rauf, Y., Yu, S., Maulana, F., Huang, W., Anderson, J.D., Ma, X.F. and Rudd, J.C., 2022. QTL mapping of yield components and kernel traits in wheat cultivars TAM 112 and Duster. Frontiers in Plant Science, 13, p.1057701.",https://www.frontiersin.org/journals/plant-science/articles/10.3389/fpls.2022.1057701/full,Epistatic QTLs_v3.0
E00640,Triticum aestivum,Drought tolerance,single head dry weight,,,,,6B,0,chr6B_195536-chr6B_3582946,,7D,160,chr7D_635868283-chr7D_634092040,11.7261,2.2817,"Wang, Z., Dhakal, S., Cerit, M., Wang, S., Rauf, Y., Yu, S., Maulana, F., Huang, W., Anderson, J.D., Ma, X.F. and Rudd, J.C., 2022. QTL mapping of yield components and kernel traits in wheat cultivars TAM 112 and Duster. Frontiers in Plant Science, 13, p.1057701.",https://www.frontiersin.org/journals/plant-science/articles/10.3389/fpls.2022.1057701/full,Epistatic QTLs_v3.0
E00641,Triticum aestivum,Drought tolerance,spikes m-2,,,,,2D,20,chr2D_606085681-chr2D_601966666,,6A,0,chr6A_39180994-chr6A_39207975,10.2822,2.4128,"Wang, Z., Dhakal, S., Cerit, M., Wang, S., Rauf, Y., Yu, S., Maulana, F., Huang, W., Anderson, J.D., Ma, X.F. and Rudd, J.C., 2022. QTL mapping of yield components and kernel traits in wheat cultivars TAM 112 and Duster. Frontiers in Plant Science, 13, p.1057701.",https://www.frontiersin.org/journals/plant-science/articles/10.3389/fpls.2022.1057701/full,Epistatic QTLs_v3.0
E00642,Triticum aestivum,Drought tolerance,thousand kernel weight,,,,,1B,10,chr1B_3213121-chr1B_6473917,,2A,85,chr2A_673026987-chr2A_679842556,12.8683,1.6101,"Wang, Z., Dhakal, S., Cerit, M., Wang, S., Rauf, Y., Yu, S., Maulana, F., Huang, W., Anderson, J.D., Ma, X.F. and Rudd, J.C., 2022. QTL mapping of yield components and kernel traits in wheat cultivars TAM 112 and Duster. Frontiers in Plant Science, 13, p.1057701.",https://www.frontiersin.org/journals/plant-science/articles/10.3389/fpls.2022.1057701/full,Epistatic QTLs_v3.0
E00643,Triticum aestivum,Drought tolerance,thousand kernel weight,,,,,1B,15,chr1B_9800079-chr1B_9581760,,2A,0,chr2A_735744179-chr2A_735570356,12.5164,1.6358,"Wang, Z., Dhakal, S., Cerit, M., Wang, S., Rauf, Y., Yu, S., Maulana, F., Huang, W., Anderson, J.D., Ma, X.F. and Rudd, J.C., 2022. QTL mapping of yield components and kernel traits in wheat cultivars TAM 112 and Duster. Frontiers in Plant Science, 13, p.1057701.",https://www.frontiersin.org/journals/plant-science/articles/10.3389/fpls.2022.1057701/full,Epistatic QTLs_v3.0
E00644,Triticum aestivum,Drought tolerance,thousand kernel weight,,,,,2A,5,chr2A_739438982-chr2A_740094646,,2A,10,chr2A_744368595-chr2A_745016668,14.1301,1.614,"Wang, Z., Dhakal, S., Cerit, M., Wang, S., Rauf, Y., Yu, S., Maulana, F., Huang, W., Anderson, J.D., Ma, X.F. and Rudd, J.C., 2022. QTL mapping of yield components and kernel traits in wheat cultivars TAM 112 and Duster. Frontiers in Plant Science, 13, p.1057701.",https://www.frontiersin.org/journals/plant-science/articles/10.3389/fpls.2022.1057701/full,Epistatic QTLs_v3.0
E00645,Triticum aestivum,Drought tolerance,thousand kernel weight,,,,,1B,0,chr1B_17146000-chr1B_17145999,,2B,45,chr2B_57246450-chr2B_65095965,10.6058,1.4351,"Wang, Z., Dhakal, S., Cerit, M., Wang, S., Rauf, Y., Yu, S., Maulana, F., Huang, W., Anderson, J.D., Ma, X.F. and Rudd, J.C., 2022. QTL mapping of yield components and kernel traits in wheat cultivars TAM 112 and Duster. Frontiers in Plant Science, 13, p.1057701.",https://www.frontiersin.org/journals/plant-science/articles/10.3389/fpls.2022.1057701/full,Epistatic QTLs_v3.0
E00646,Triticum aestivum,Drought tolerance,thousand kernel weight,,,,,2B,45,chr2B_57246450-chr2B_65095965,,2D,60,chr2D_21555266-chr2D_41428274,13.6118,1.572,"Wang, Z., Dhakal, S., Cerit, M., Wang, S., Rauf, Y., Yu, S., Maulana, F., Huang, W., Anderson, J.D., Ma, X.F. and Rudd, J.C., 2022. QTL mapping of yield components and kernel traits in wheat cultivars TAM 112 and Duster. Frontiers in Plant Science, 13, p.1057701.",https://www.frontiersin.org/journals/plant-science/articles/10.3389/fpls.2022.1057701/full,Epistatic QTLs_v3.0
E00647,Triticum aestivum,Drought tolerance,thousand kernel weight,,,,,2D,25,chr2D_14942377-chr2D_15967380,,2D,130,chr2D_545511580-chr2D_555805070,10.8456,1.3048,"Wang, Z., Dhakal, S., Cerit, M., Wang, S., Rauf, Y., Yu, S., Maulana, F., Huang, W., Anderson, J.D., Ma, X.F. and Rudd, J.C., 2022. QTL mapping of yield components and kernel traits in wheat cultivars TAM 112 and Duster. Frontiers in Plant Science, 13, p.1057701.",https://www.frontiersin.org/journals/plant-science/articles/10.3389/fpls.2022.1057701/full,Epistatic QTLs_v3.0
E00648,Triticum aestivum,Drought tolerance,thousand kernel weight,,,,,2D,120,chr2D_447252920-chr2D_545511580,,3A,0,chr3A_44589346-chr3A_482182154,12.126,1.486,"Wang, Z., Dhakal, S., Cerit, M., Wang, S., Rauf, Y., Yu, S., Maulana, F., Huang, W., Anderson, J.D., Ma, X.F. and Rudd, J.C., 2022. QTL mapping of yield components and kernel traits in wheat cultivars TAM 112 and Duster. Frontiers in Plant Science, 13, p.1057701.",https://www.frontiersin.org/journals/plant-science/articles/10.3389/fpls.2022.1057701/full,Epistatic QTLs_v3.0
E00649,Triticum aestivum,Drought tolerance,thousand kernel weight,,,,,2B,100,chr2B_717127511-chr2B_717627558,,3A,70,chr3A_711253712-chr3A_714525815,11.192,1.3906,"Wang, Z., Dhakal, S., Cerit, M., Wang, S., Rauf, Y., Yu, S., Maulana, F., Huang, W., Anderson, J.D., Ma, X.F. and Rudd, J.C., 2022. QTL mapping of yield components and kernel traits in wheat cultivars TAM 112 and Duster. Frontiers in Plant Science, 13, p.1057701.",https://www.frontiersin.org/journals/plant-science/articles/10.3389/fpls.2022.1057701/full,Epistatic QTLs_v3.0
E00650,Triticum aestivum,Drought tolerance,thousand kernel weight,,,,,1A,5,chr1A_259478530-chr1A_258859399,,3A,100,chr3A_737173523-chr3A_736970958,11.9447,1.5757,"Wang, Z., Dhakal, S., Cerit, M., Wang, S., Rauf, Y., Yu, S., Maulana, F., Huang, W., Anderson, J.D., Ma, X.F. and Rudd, J.C., 2022. QTL mapping of yield components and kernel traits in wheat cultivars TAM 112 and Duster. Frontiers in Plant Science, 13, p.1057701.",https://www.frontiersin.org/journals/plant-science/articles/10.3389/fpls.2022.1057701/full,Epistatic QTLs_v3.0
E00651,Triticum aestivum,Drought tolerance,thousand kernel weight,,,,,1D,50,chr1D_41345723-chr1D_50005070,,3A,110,chr3A_743442702-chr3A_743766990,16.3428,2.1211,"Wang, Z., Dhakal, S., Cerit, M., Wang, S., Rauf, Y., Yu, S., Maulana, F., Huang, W., Anderson, J.D., Ma, X.F. and Rudd, J.C., 2022. QTL mapping of yield components and kernel traits in wheat cultivars TAM 112 and Duster. Frontiers in Plant Science, 13, p.1057701.",https://www.frontiersin.org/journals/plant-science/articles/10.3389/fpls.2022.1057701/full,Epistatic QTLs_v3.0
E00652,Triticum aestivum,Drought tolerance,thousand kernel weight,,,,,2A,55,chr2A_43656738-chr2A_52119902,,3B,0,chr3B_851797-chr3B_2276738,10.0836,1.235,"Wang, Z., Dhakal, S., Cerit, M., Wang, S., Rauf, Y., Yu, S., Maulana, F., Huang, W., Anderson, J.D., Ma, X.F. and Rudd, J.C., 2022. QTL mapping of yield components and kernel traits in wheat cultivars TAM 112 and Duster. Frontiers in Plant Science, 13, p.1057701.",https://www.frontiersin.org/journals/plant-science/articles/10.3389/fpls.2022.1057701/full,Epistatic QTLs_v3.0
E00653,Triticum aestivum,Drought tolerance,thousand kernel weight,,,,,1B,65,chr1B_540346553-chr1B_556432841,,3B,0,chr3B_55731020-chr3B_55515071,10.7184,1.3888,"Wang, Z., Dhakal, S., Cerit, M., Wang, S., Rauf, Y., Yu, S., Maulana, F., Huang, W., Anderson, J.D., Ma, X.F. and Rudd, J.C., 2022. QTL mapping of yield components and kernel traits in wheat cultivars TAM 112 and Duster. Frontiers in Plant Science, 13, p.1057701.",https://www.frontiersin.org/journals/plant-science/articles/10.3389/fpls.2022.1057701/full,Epistatic QTLs_v3.0
E00654,Triticum aestivum,Drought tolerance,thousand kernel weight,,,,,2A,0,chr2A_608006397-chr1D_2510554,,3B,20,chr3B_323332152-chr3B_240411998,11.8978,1.5422,"Wang, Z., Dhakal, S., Cerit, M., Wang, S., Rauf, Y., Yu, S., Maulana, F., Huang, W., Anderson, J.D., Ma, X.F. and Rudd, J.C., 2022. QTL mapping of yield components and kernel traits in wheat cultivars TAM 112 and Duster. Frontiers in Plant Science, 13, p.1057701.",https://www.frontiersin.org/journals/plant-science/articles/10.3389/fpls.2022.1057701/full,Epistatic QTLs_v3.0
E00655,Triticum aestivum,Drought tolerance,thousand kernel weight,,,,,1A,75,chr1A_556760580-chr1A_564314347,,3D,65,chr3D_590806180-chr3D_594754829,10.3381,1.2293,"Wang, Z., Dhakal, S., Cerit, M., Wang, S., Rauf, Y., Yu, S., Maulana, F., Huang, W., Anderson, J.D., Ma, X.F. and Rudd, J.C., 2022. QTL mapping of yield components and kernel traits in wheat cultivars TAM 112 and Duster. Frontiers in Plant Science, 13, p.1057701.",https://www.frontiersin.org/journals/plant-science/articles/10.3389/fpls.2022.1057701/full,Epistatic QTLs_v3.0
E00656,Triticum aestivum,Drought tolerance,thousand kernel weight,,,,,2A,100,chr2A_705790851-chr2A_719525996,,4A,25,chr4A_30316423-chr4A_90524634,13.5187,1.5873,"Wang, Z., Dhakal, S., Cerit, M., Wang, S., Rauf, Y., Yu, S., Maulana, F., Huang, W., Anderson, J.D., Ma, X.F. and Rudd, J.C., 2022. QTL mapping of yield components and kernel traits in wheat cultivars TAM 112 and Duster. Frontiers in Plant Science, 13, p.1057701.",https://www.frontiersin.org/journals/plant-science/articles/10.3389/fpls.2022.1057701/full,Epistatic QTLs_v3.0
E00657,Triticum aestivum,Drought tolerance,thousand kernel weight,,,,,3A,110,chr3A_743442702-chr3A_743766990,,4A,30,chr4A_117705530-chr4A_601241599,11.3639,1.341,"Wang, Z., Dhakal, S., Cerit, M., Wang, S., Rauf, Y., Yu, S., Maulana, F., Huang, W., Anderson, J.D., Ma, X.F. and Rudd, J.C., 2022. QTL mapping of yield components and kernel traits in wheat cultivars TAM 112 and Duster. Frontiers in Plant Science, 13, p.1057701.",https://www.frontiersin.org/journals/plant-science/articles/10.3389/fpls.2022.1057701/full,Epistatic QTLs_v3.0
E00658,Triticum aestivum,Drought tolerance,thousand kernel weight,,,,,2B,40,chr2B_35320841-chr2B_42242271,,4A,95,chr4A_677954671-chr4A_668081610,10.2705,1.3474,"Wang, Z., Dhakal, S., Cerit, M., Wang, S., Rauf, Y., Yu, S., Maulana, F., Huang, W., Anderson, J.D., Ma, X.F. and Rudd, J.C., 2022. QTL mapping of yield components and kernel traits in wheat cultivars TAM 112 and Duster. Frontiers in Plant Science, 13, p.1057701.",https://www.frontiersin.org/journals/plant-science/articles/10.3389/fpls.2022.1057701/full,Epistatic QTLs_v3.0
E00659,Triticum aestivum,Drought tolerance,thousand kernel weight,,,,,3B,0,chr3B_796512666-chr3B_798685313,,4A,95,chr4A_677954671-chr4A_668081610,10.3042,1.2942,"Wang, Z., Dhakal, S., Cerit, M., Wang, S., Rauf, Y., Yu, S., Maulana, F., Huang, W., Anderson, J.D., Ma, X.F. and Rudd, J.C., 2022. QTL mapping of yield components and kernel traits in wheat cultivars TAM 112 and Duster. Frontiers in Plant Science, 13, p.1057701.",https://www.frontiersin.org/journals/plant-science/articles/10.3389/fpls.2022.1057701/full,Epistatic QTLs_v3.0
E00660,Triticum aestivum,Drought tolerance,thousand kernel weight,,,,,3D,30,chr3D_572633771-chr3D_572133364,,4A,115,chr4A_690243345-chr4A_689350623,12.0016,1.574,"Wang, Z., Dhakal, S., Cerit, M., Wang, S., Rauf, Y., Yu, S., Maulana, F., Huang, W., Anderson, J.D., Ma, X.F. and Rudd, J.C., 2022. QTL mapping of yield components and kernel traits in wheat cultivars TAM 112 and Duster. Frontiers in Plant Science, 13, p.1057701.",https://www.frontiersin.org/journals/plant-science/articles/10.3389/fpls.2022.1057701/full,Epistatic QTLs_v3.0
E00661,Triticum aestivum,Drought tolerance,thousand kernel weight,,,,,4A,50,chr4A_610248930-chr4A_610053603,,4A,125,chr4A_696726388-chr4A_702104558,11.2395,1.4771,"Wang, Z., Dhakal, S., Cerit, M., Wang, S., Rauf, Y., Yu, S., Maulana, F., Huang, W., Anderson, J.D., Ma, X.F. and Rudd, J.C., 2022. QTL mapping of yield components and kernel traits in wheat cultivars TAM 112 and Duster. Frontiers in Plant Science, 13, p.1057701.",https://www.frontiersin.org/journals/plant-science/articles/10.3389/fpls.2022.1057701/full,Epistatic QTLs_v3.0
E00662,Triticum aestivum,Drought tolerance,thousand kernel weight,,,,,2A,90,chr2A_684122587-chr2A_691116258,,4B,0,chr4B_11986573-chr4B_12615686,11.4751,1.4605,"Wang, Z., Dhakal, S., Cerit, M., Wang, S., Rauf, Y., Yu, S., Maulana, F., Huang, W., Anderson, J.D., Ma, X.F. and Rudd, J.C., 2022. QTL mapping of yield components and kernel traits in wheat cultivars TAM 112 and Duster. Frontiers in Plant Science, 13, p.1057701.",https://www.frontiersin.org/journals/plant-science/articles/10.3389/fpls.2022.1057701/full,Epistatic QTLs_v3.0
E00663,Triticum aestivum,Drought tolerance,thousand kernel weight,,,,,2B,85,chr2B_645304851-chr2B_653748284,,4B,15,chr4B_652279052-chr4B_653972527,10.8807,1.4267,"Wang, Z., Dhakal, S., Cerit, M., Wang, S., Rauf, Y., Yu, S., Maulana, F., Huang, W., Anderson, J.D., Ma, X.F. and Rudd, J.C., 2022. QTL mapping of yield components and kernel traits in wheat cultivars TAM 112 and Duster. Frontiers in Plant Science, 13, p.1057701.",https://www.frontiersin.org/journals/plant-science/articles/10.3389/fpls.2022.1057701/full,Epistatic QTLs_v3.0
E00664,Triticum aestivum,Drought tolerance,thousand kernel weight,,,,,2A,0,chr2A_735744179-chr2A_735570356,,5B,10,chr5B_8944420-chr5B_9284837,13.8776,1.6844,"Wang, Z., Dhakal, S., Cerit, M., Wang, S., Rauf, Y., Yu, S., Maulana, F., Huang, W., Anderson, J.D., Ma, X.F. and Rudd, J.C., 2022. QTL mapping of yield components and kernel traits in wheat cultivars TAM 112 and Duster. Frontiers in Plant Science, 13, p.1057701.",https://www.frontiersin.org/journals/plant-science/articles/10.3389/fpls.2022.1057701/full,Epistatic QTLs_v3.0
E00665,Triticum aestivum,Drought tolerance,thousand kernel weight,,,,,3A,80,chr3A_716253426-chr3A_720446482,,5B,5,chr5B_616722555-chr5B_622544850,10.1348,1.2095,"Wang, Z., Dhakal, S., Cerit, M., Wang, S., Rauf, Y., Yu, S., Maulana, F., Huang, W., Anderson, J.D., Ma, X.F. and Rudd, J.C., 2022. QTL mapping of yield components and kernel traits in wheat cultivars TAM 112 and Duster. Frontiers in Plant Science, 13, p.1057701.",https://www.frontiersin.org/journals/plant-science/articles/10.3389/fpls.2022.1057701/full,Epistatic QTLs_v3.0
E00666,Triticum aestivum,Drought tolerance,thousand kernel weight,,,,,5A,0,chr5A_569526789-chr5A_569868341,,5B,25,chr5B_664727553-chr5B_665809930,11.4229,1.5206,"Wang, Z., Dhakal, S., Cerit, M., Wang, S., Rauf, Y., Yu, S., Maulana, F., Huang, W., Anderson, J.D., Ma, X.F. and Rudd, J.C., 2022. QTL mapping of yield components and kernel traits in wheat cultivars TAM 112 and Duster. Frontiers in Plant Science, 13, p.1057701.",https://www.frontiersin.org/journals/plant-science/articles/10.3389/fpls.2022.1057701/full,Epistatic QTLs_v3.0
E00667,Triticum aestivum,Drought tolerance,thousand kernel weight,,,,,4A,125,chr4A_696726388-chr4A_702104558,,5B,30,chr5B_669588875-chr5B_680234342,10.1274,1.2883,"Wang, Z., Dhakal, S., Cerit, M., Wang, S., Rauf, Y., Yu, S., Maulana, F., Huang, W., Anderson, J.D., Ma, X.F. and Rudd, J.C., 2022. QTL mapping of yield components and kernel traits in wheat cultivars TAM 112 and Duster. Frontiers in Plant Science, 13, p.1057701.",https://www.frontiersin.org/journals/plant-science/articles/10.3389/fpls.2022.1057701/full,Epistatic QTLs_v3.0
E00668,Triticum aestivum,Drought tolerance,thousand kernel weight,,,,,3B,30,chr3B_474767074-chr3B_476593055,,5B,55,chr5B_691808672-chr5B_691808788,10.2272,1.4152,"Wang, Z., Dhakal, S., Cerit, M., Wang, S., Rauf, Y., Yu, S., Maulana, F., Huang, W., Anderson, J.D., Ma, X.F. and Rudd, J.C., 2022. QTL mapping of yield components and kernel traits in wheat cultivars TAM 112 and Duster. Frontiers in Plant Science, 13, p.1057701.",https://www.frontiersin.org/journals/plant-science/articles/10.3389/fpls.2022.1057701/full,Epistatic QTLs_v3.0
E00669,Triticum aestivum,Drought tolerance,thousand kernel weight,,,,,2A,75,chr2A_102123476-chr2A_274548650,,5B,60,chr5B_699730367-chr5B_693907009,12.449,1.6001,"Wang, Z., Dhakal, S., Cerit, M., Wang, S., Rauf, Y., Yu, S., Maulana, F., Huang, W., Anderson, J.D., Ma, X.F. and Rudd, J.C., 2022. QTL mapping of yield components and kernel traits in wheat cultivars TAM 112 and Duster. Frontiers in Plant Science, 13, p.1057701.",https://www.frontiersin.org/journals/plant-science/articles/10.3389/fpls.2022.1057701/full,Epistatic QTLs_v3.0
E00670,Triticum aestivum,Drought tolerance,thousand kernel weight,,,,,2A,10,chr2A_744368595-chr2A_745016668,,5D,40,chr5D_360132082-chr5D_368946340,12.1118,1.5617,"Wang, Z., Dhakal, S., Cerit, M., Wang, S., Rauf, Y., Yu, S., Maulana, F., Huang, W., Anderson, J.D., Ma, X.F. and Rudd, J.C., 2022. QTL mapping of yield components and kernel traits in wheat cultivars TAM 112 and Duster. Frontiers in Plant Science, 13, p.1057701.",https://www.frontiersin.org/journals/plant-science/articles/10.3389/fpls.2022.1057701/full,Epistatic QTLs_v3.0
E00671,Triticum aestivum,Drought tolerance,thousand kernel weight,,,,,5A,10,chr5A_582105509-chr5A_580553868,,5D,15,chr5D_506095489-chr5D_522511330,10.5869,1.3257,"Wang, Z., Dhakal, S., Cerit, M., Wang, S., Rauf, Y., Yu, S., Maulana, F., Huang, W., Anderson, J.D., Ma, X.F. and Rudd, J.C., 2022. QTL mapping of yield components and kernel traits in wheat cultivars TAM 112 and Duster. Frontiers in Plant Science, 13, p.1057701.",https://www.frontiersin.org/journals/plant-science/articles/10.3389/fpls.2022.1057701/full,Epistatic QTLs_v3.0
E00672,Triticum aestivum,Drought tolerance,thousand kernel weight,,,,,4A,100,chr4A_660640774-chr4A_649801931,,6A,0,chr6A_5233761-chr6A_5296425,10.569,1.3986,"Wang, Z., Dhakal, S., Cerit, M., Wang, S., Rauf, Y., Yu, S., Maulana, F., Huang, W., Anderson, J.D., Ma, X.F. and Rudd, J.C., 2022. QTL mapping of yield components and kernel traits in wheat cultivars TAM 112 and Duster. Frontiers in Plant Science, 13, p.1057701.",https://www.frontiersin.org/journals/plant-science/articles/10.3389/fpls.2022.1057701/full,Epistatic QTLs_v3.0
E00673,Triticum aestivum,Drought tolerance,thousand kernel weight,,,,,2A,0,chr2A_735744179-chr2A_735570356,,6A,10,chr6A_3691352-chr6A_7165920,10.3059,1.3328,"Wang, Z., Dhakal, S., Cerit, M., Wang, S., Rauf, Y., Yu, S., Maulana, F., Huang, W., Anderson, J.D., Ma, X.F. and Rudd, J.C., 2022. QTL mapping of yield components and kernel traits in wheat cultivars TAM 112 and Duster. Frontiers in Plant Science, 13, p.1057701.",https://www.frontiersin.org/journals/plant-science/articles/10.3389/fpls.2022.1057701/full,Epistatic QTLs_v3.0
E00674,Triticum aestivum,Drought tolerance,thousand kernel weight,,,,,2A,25,chr2A_17405760-chr2A_21421383,,6A,15,chr6A_97697960-chr6A_88806286,10.177,1.2631,"Wang, Z., Dhakal, S., Cerit, M., Wang, S., Rauf, Y., Yu, S., Maulana, F., Huang, W., Anderson, J.D., Ma, X.F. and Rudd, J.C., 2022. QTL mapping of yield components and kernel traits in wheat cultivars TAM 112 and Duster. Frontiers in Plant Science, 13, p.1057701.",https://www.frontiersin.org/journals/plant-science/articles/10.3389/fpls.2022.1057701/full,Epistatic QTLs_v3.0
E00675,Triticum aestivum,Drought tolerance,thousand kernel weight,,,,,3B,30,chr3B_474767074-chr3B_476593055,,6B,10,chr6B_18228551-chr6B_27650296,10.2516,1.1989,"Wang, Z., Dhakal, S., Cerit, M., Wang, S., Rauf, Y., Yu, S., Maulana, F., Huang, W., Anderson, J.D., Ma, X.F. and Rudd, J.C., 2022. QTL mapping of yield components and kernel traits in wheat cultivars TAM 112 and Duster. Frontiers in Plant Science, 13, p.1057701.",https://www.frontiersin.org/journals/plant-science/articles/10.3389/fpls.2022.1057701/full,Epistatic QTLs_v3.0
E00676,Triticum aestivum,Drought tolerance,thousand kernel weight,,,,,1A,70,chr1A_556760580-chr1A_564314347,,6B,55,chr6B_476197372-chr6B_476732733,12.4867,1.3848,"Wang, Z., Dhakal, S., Cerit, M., Wang, S., Rauf, Y., Yu, S., Maulana, F., Huang, W., Anderson, J.D., Ma, X.F. and Rudd, J.C., 2022. QTL mapping of yield components and kernel traits in wheat cultivars TAM 112 and Duster. Frontiers in Plant Science, 13, p.1057701.",https://www.frontiersin.org/journals/plant-science/articles/10.3389/fpls.2022.1057701/full,Epistatic QTLs_v3.0
E00677,Triticum aestivum,Drought tolerance,thousand kernel weight,,,,,3A,110,chr3A_743442702-chr3A_743766990,,6B,70,chr6B_659254341-chr6B_675338844,10.3831,1.3009,"Wang, Z., Dhakal, S., Cerit, M., Wang, S., Rauf, Y., Yu, S., Maulana, F., Huang, W., Anderson, J.D., Ma, X.F. and Rudd, J.C., 2022. QTL mapping of yield components and kernel traits in wheat cultivars TAM 112 and Duster. Frontiers in Plant Science, 13, p.1057701.",https://www.frontiersin.org/journals/plant-science/articles/10.3389/fpls.2022.1057701/full,Epistatic QTLs_v3.0
E00678,Triticum aestivum,Drought tolerance,thousand kernel weight,,,,,5D,0,chr5D_491526372-chr5D_492138421,,6D,5,chr6D_5091061-chr6D_5093708,10.5153,1.4131,"Wang, Z., Dhakal, S., Cerit, M., Wang, S., Rauf, Y., Yu, S., Maulana, F., Huang, W., Anderson, J.D., Ma, X.F. and Rudd, J.C., 2022. QTL mapping of yield components and kernel traits in wheat cultivars TAM 112 and Duster. Frontiers in Plant Science, 13, p.1057701.",https://www.frontiersin.org/journals/plant-science/articles/10.3389/fpls.2022.1057701/full,Epistatic QTLs_v3.0
E00679,Triticum aestivum,Drought tolerance,thousand kernel weight,,,,,5B,25,chr5B_19648339-chr5B_41266932,,6D,25,chr6D_436296601-chr6D_433499616,10.5192,1.3822,"Wang, Z., Dhakal, S., Cerit, M., Wang, S., Rauf, Y., Yu, S., Maulana, F., Huang, W., Anderson, J.D., Ma, X.F. and Rudd, J.C., 2022. QTL mapping of yield components and kernel traits in wheat cultivars TAM 112 and Duster. Frontiers in Plant Science, 13, p.1057701.",https://www.frontiersin.org/journals/plant-science/articles/10.3389/fpls.2022.1057701/full,Epistatic QTLs_v3.0
E00680,Triticum aestivum,Drought tolerance,thousand kernel weight,,,,,1B,35,chr1B_25327828-chr1B_40302960,,6D,35,chr6D_439587357-chr6D_447217196,11.2733,1.4026,"Wang, Z., Dhakal, S., Cerit, M., Wang, S., Rauf, Y., Yu, S., Maulana, F., Huang, W., Anderson, J.D., Ma, X.F. and Rudd, J.C., 2022. QTL mapping of yield components and kernel traits in wheat cultivars TAM 112 and Duster. Frontiers in Plant Science, 13, p.1057701.",https://www.frontiersin.org/journals/plant-science/articles/10.3389/fpls.2022.1057701/full,Epistatic QTLs_v3.0
E00681,Triticum aestivum,Drought tolerance,thousand kernel weight,,,,,4A,55,chr4A_612531321-chr4A_613396527,,6D,15,chr6D_462193069-chr6D_472765722,12.0104,1.4676,"Wang, Z., Dhakal, S., Cerit, M., Wang, S., Rauf, Y., Yu, S., Maulana, F., Huang, W., Anderson, J.D., Ma, X.F. and Rudd, J.C., 2022. QTL mapping of yield components and kernel traits in wheat cultivars TAM 112 and Duster. Frontiers in Plant Science, 13, p.1057701.",https://www.frontiersin.org/journals/plant-science/articles/10.3389/fpls.2022.1057701/full,Epistatic QTLs_v3.0
E00682,Triticum aestivum,Drought tolerance,thousand kernel weight,,,,,2A,25,chr2A_745016668-chr2A_754345906,,7A,20,chr7A_14443946-chr7A_17421614,10.6134,1.1293,"Wang, Z., Dhakal, S., Cerit, M., Wang, S., Rauf, Y., Yu, S., Maulana, F., Huang, W., Anderson, J.D., Ma, X.F. and Rudd, J.C., 2022. QTL mapping of yield components and kernel traits in wheat cultivars TAM 112 and Duster. Frontiers in Plant Science, 13, p.1057701.",https://www.frontiersin.org/journals/plant-science/articles/10.3389/fpls.2022.1057701/full,Epistatic QTLs_v3.0
E00683,Triticum aestivum,Drought tolerance,thousand kernel weight,,,,,6D,0,chr6D_456821895-chr6D_458140633,,7A,20,chr7A_14443946-chr7A_17421614,12.5601,1.531,"Wang, Z., Dhakal, S., Cerit, M., Wang, S., Rauf, Y., Yu, S., Maulana, F., Huang, W., Anderson, J.D., Ma, X.F. and Rudd, J.C., 2022. QTL mapping of yield components and kernel traits in wheat cultivars TAM 112 and Duster. Frontiers in Plant Science, 13, p.1057701.",https://www.frontiersin.org/journals/plant-science/articles/10.3389/fpls.2022.1057701/full,Epistatic QTLs_v3.0
E00684,Triticum aestivum,Drought tolerance,thousand kernel weight,,,,,3D,70,chr3D_596878153-chr3D_598598569,,7A,30,chr7A_31997375-chr7A_32018142,11.8333,1.4721,"Wang, Z., Dhakal, S., Cerit, M., Wang, S., Rauf, Y., Yu, S., Maulana, F., Huang, W., Anderson, J.D., Ma, X.F. and Rudd, J.C., 2022. QTL mapping of yield components and kernel traits in wheat cultivars TAM 112 and Duster. Frontiers in Plant Science, 13, p.1057701.",https://www.frontiersin.org/journals/plant-science/articles/10.3389/fpls.2022.1057701/full,Epistatic QTLs_v3.0
E00685,Triticum aestivum,Drought tolerance,thousand kernel weight,,,,,5B,45,chr5B_681383346-chr5B_691461070,,7A,30,chr7A_31997375-chr7A_32018142,10.3572,1.2282,"Wang, Z., Dhakal, S., Cerit, M., Wang, S., Rauf, Y., Yu, S., Maulana, F., Huang, W., Anderson, J.D., Ma, X.F. and Rudd, J.C., 2022. QTL mapping of yield components and kernel traits in wheat cultivars TAM 112 and Duster. Frontiers in Plant Science, 13, p.1057701.",https://www.frontiersin.org/journals/plant-science/articles/10.3389/fpls.2022.1057701/full,Epistatic QTLs_v3.0
E00686,Triticum aestivum,Drought tolerance,thousand kernel weight,,,,,1B,55,chr1B_200967289-chr1B_171660902,,7A,65,chr7A_65491836-chr7A_69311457,12.4929,1.5708,"Wang, Z., Dhakal, S., Cerit, M., Wang, S., Rauf, Y., Yu, S., Maulana, F., Huang, W., Anderson, J.D., Ma, X.F. and Rudd, J.C., 2022. QTL mapping of yield components and kernel traits in wheat cultivars TAM 112 and Duster. Frontiers in Plant Science, 13, p.1057701.",https://www.frontiersin.org/journals/plant-science/articles/10.3389/fpls.2022.1057701/full,Epistatic QTLs_v3.0
E00687,Triticum aestivum,Drought tolerance,thousand kernel weight,,,,,2D,40,chr2D_21555266-chr2D_41428274,,7A,65,chr7A_65491836-chr7A_69311457,11.2776,1.3612,"Wang, Z., Dhakal, S., Cerit, M., Wang, S., Rauf, Y., Yu, S., Maulana, F., Huang, W., Anderson, J.D., Ma, X.F. and Rudd, J.C., 2022. QTL mapping of yield components and kernel traits in wheat cultivars TAM 112 and Duster. Frontiers in Plant Science, 13, p.1057701.",https://www.frontiersin.org/journals/plant-science/articles/10.3389/fpls.2022.1057701/full,Epistatic QTLs_v3.0
E00688,Triticum aestivum,Drought tolerance,thousand kernel weight,,,,,2A,25,chr2A_17405760-chr2A_21421383,,7A,85,chr7A_85912049-chr7A_91661556,10.3258,1.2258,"Wang, Z., Dhakal, S., Cerit, M., Wang, S., Rauf, Y., Yu, S., Maulana, F., Huang, W., Anderson, J.D., Ma, X.F. and Rudd, J.C., 2022. QTL mapping of yield components and kernel traits in wheat cultivars TAM 112 and Duster. Frontiers in Plant Science, 13, p.1057701.",https://www.frontiersin.org/journals/plant-science/articles/10.3389/fpls.2022.1057701/full,Epistatic QTLs_v3.0
E00689,Triticum aestivum,Drought tolerance,thousand kernel weight,,,,,3D,5,chr3D_23877742-chr3D_29880187,,1A,15,chr1A_563319769-chr7A_699006046,11.1669,1.4482,"Wang, Z., Dhakal, S., Cerit, M., Wang, S., Rauf, Y., Yu, S., Maulana, F., Huang, W., Anderson, J.D., Ma, X.F. and Rudd, J.C., 2022. QTL mapping of yield components and kernel traits in wheat cultivars TAM 112 and Duster. Frontiers in Plant Science, 13, p.1057701.",https://www.frontiersin.org/journals/plant-science/articles/10.3389/fpls.2022.1057701/full,Epistatic QTLs_v3.0
E00690,Triticum aestivum,Drought tolerance,thousand kernel weight,,,,,3A,45,chr3A_670829231-chr3A_685437269,,7A,5,chr7A_729936984-chr7A_729835910,10.2054,1.3073,"Wang, Z., Dhakal, S., Cerit, M., Wang, S., Rauf, Y., Yu, S., Maulana, F., Huang, W., Anderson, J.D., Ma, X.F. and Rudd, J.C., 2022. QTL mapping of yield components and kernel traits in wheat cultivars TAM 112 and Duster. Frontiers in Plant Science, 13, p.1057701.",https://www.frontiersin.org/journals/plant-science/articles/10.3389/fpls.2022.1057701/full,Epistatic QTLs_v3.0
E00691,Triticum aestivum,Drought tolerance,thousand kernel weight,,,,,4A,140,chr4A_719112519-chr4A_719971550,,7B,0,chr7B_60454872-chr7B_60780829,11.4165,1.4655,"Wang, Z., Dhakal, S., Cerit, M., Wang, S., Rauf, Y., Yu, S., Maulana, F., Huang, W., Anderson, J.D., Ma, X.F. and Rudd, J.C., 2022. QTL mapping of yield components and kernel traits in wheat cultivars TAM 112 and Duster. Frontiers in Plant Science, 13, p.1057701.",https://www.frontiersin.org/journals/plant-science/articles/10.3389/fpls.2022.1057701/full,Epistatic QTLs_v3.0
E00692,Triticum aestivum,Drought tolerance,thousand kernel weight,,,,,6D,35,chr6D_20593938-chr6D_20468354,,7B,25,chr7B_592544900-chr7B_590186617,12.6455,1.6613,"Wang, Z., Dhakal, S., Cerit, M., Wang, S., Rauf, Y., Yu, S., Maulana, F., Huang, W., Anderson, J.D., Ma, X.F. and Rudd, J.C., 2022. QTL mapping of yield components and kernel traits in wheat cultivars TAM 112 and Duster. Frontiers in Plant Science, 13, p.1057701.",https://www.frontiersin.org/journals/plant-science/articles/10.3389/fpls.2022.1057701/full,Epistatic QTLs_v3.0
E00693,Triticum aestivum,Drought tolerance,thousand kernel weight,,,,,2D,0,chr2D_628984551-chr2D_629271077,,7B,40,chr7B_632331441-chr7B_630939963,10.5465,1.3906,"Wang, Z., Dhakal, S., Cerit, M., Wang, S., Rauf, Y., Yu, S., Maulana, F., Huang, W., Anderson, J.D., Ma, X.F. and Rudd, J.C., 2022. QTL mapping of yield components and kernel traits in wheat cultivars TAM 112 and Duster. Frontiers in Plant Science, 13, p.1057701.",https://www.frontiersin.org/journals/plant-science/articles/10.3389/fpls.2022.1057701/full,Epistatic QTLs_v3.0
E00694,Triticum aestivum,Drought tolerance,thousand kernel weight,,,,,6B,50,chr6B_632434334-chr6B_640351349,,7B,50,chr7B_660650188-chr7B_670542529,10.8708,1.4466,"Wang, Z., Dhakal, S., Cerit, M., Wang, S., Rauf, Y., Yu, S., Maulana, F., Huang, W., Anderson, J.D., Ma, X.F. and Rudd, J.C., 2022. QTL mapping of yield components and kernel traits in wheat cultivars TAM 112 and Duster. Frontiers in Plant Science, 13, p.1057701.",https://www.frontiersin.org/journals/plant-science/articles/10.3389/fpls.2022.1057701/full,Epistatic QTLs_v3.0
E00695,Triticum aestivum,Drought tolerance,thousand kernel weight,,,,,7A,55,chr7A_48062085-chr7A_55923153,,7B,80,chr7B_685324514-chr7B_693146174,10.0472,1.2073,"Wang, Z., Dhakal, S., Cerit, M., Wang, S., Rauf, Y., Yu, S., Maulana, F., Huang, W., Anderson, J.D., Ma, X.F. and Rudd, J.C., 2022. QTL mapping of yield components and kernel traits in wheat cultivars TAM 112 and Duster. Frontiers in Plant Science, 13, p.1057701.",https://www.frontiersin.org/journals/plant-science/articles/10.3389/fpls.2022.1057701/full,Epistatic QTLs_v3.0
E00696,Triticum aestivum,Drought tolerance,thousand kernel weight,,,,,7A,0,chr7A_724114984-chr7A_724115122,,7B,85,chr7B_696590591-chr7B_697120461,11.6823,1.4904,"Wang, Z., Dhakal, S., Cerit, M., Wang, S., Rauf, Y., Yu, S., Maulana, F., Huang, W., Anderson, J.D., Ma, X.F. and Rudd, J.C., 2022. QTL mapping of yield components and kernel traits in wheat cultivars TAM 112 and Duster. Frontiers in Plant Science, 13, p.1057701.",https://www.frontiersin.org/journals/plant-science/articles/10.3389/fpls.2022.1057701/full,Epistatic QTLs_v3.0
E00697,Triticum aestivum,Drought tolerance,thousand kernel weight,,,,,5B,75,chr5B_707475373-chr5B_707446835,,7B,110,chr7B_724809721-chr7B_724809726,10.3539,1.3513,"Wang, Z., Dhakal, S., Cerit, M., Wang, S., Rauf, Y., Yu, S., Maulana, F., Huang, W., Anderson, J.D., Ma, X.F. and Rudd, J.C., 2022. QTL mapping of yield components and kernel traits in wheat cultivars TAM 112 and Duster. Frontiers in Plant Science, 13, p.1057701.",https://www.frontiersin.org/journals/plant-science/articles/10.3389/fpls.2022.1057701/full,Epistatic QTLs_v3.0
E00698,Triticum aestivum,Drought tolerance,thousand kernel weight,,,,,6B,20,chr6B_28038735-chr6B_29759131,,7B,115,chr7B_727266333-chr7B_730112746,14.1407,1.8256,"Wang, Z., Dhakal, S., Cerit, M., Wang, S., Rauf, Y., Yu, S., Maulana, F., Huang, W., Anderson, J.D., Ma, X.F. and Rudd, J.C., 2022. QTL mapping of yield components and kernel traits in wheat cultivars TAM 112 and Duster. Frontiers in Plant Science, 13, p.1057701.",https://www.frontiersin.org/journals/plant-science/articles/10.3389/fpls.2022.1057701/full,Epistatic QTLs_v3.0
E00699,Triticum aestivum,Drought tolerance,thousand kernel weight,,,,,1D,65,chr1D_342880050-chr1D_416665644,,7B,125,chr7B_741343070-chr7B_741510820,10.5166,1.2871,"Wang, Z., Dhakal, S., Cerit, M., Wang, S., Rauf, Y., Yu, S., Maulana, F., Huang, W., Anderson, J.D., Ma, X.F. and Rudd, J.C., 2022. QTL mapping of yield components and kernel traits in wheat cultivars TAM 112 and Duster. Frontiers in Plant Science, 13, p.1057701.",https://www.frontiersin.org/journals/plant-science/articles/10.3389/fpls.2022.1057701/full,Epistatic QTLs_v3.0
E00700,Triticum aestivum,Drought tolerance,thousand kernel weight,,,,,4A,90,chr4A_683784629-chr4A_679074394,,7D,0,chr7D_2437289-chr7D_2870354,11.5275,1.5656,"Wang, Z., Dhakal, S., Cerit, M., Wang, S., Rauf, Y., Yu, S., Maulana, F., Huang, W., Anderson, J.D., Ma, X.F. and Rudd, J.C., 2022. QTL mapping of yield components and kernel traits in wheat cultivars TAM 112 and Duster. Frontiers in Plant Science, 13, p.1057701.",https://www.frontiersin.org/journals/plant-science/articles/10.3389/fpls.2022.1057701/full,Epistatic QTLs_v3.0
E00701,Triticum aestivum,Drought tolerance,thousand kernel weight,,,,,7D,0,chr7D_2437289-chr7D_2870354,,7D,15,chr7D_68774974-chr7D_82443850,11.543,1.4578,"Wang, Z., Dhakal, S., Cerit, M., Wang, S., Rauf, Y., Yu, S., Maulana, F., Huang, W., Anderson, J.D., Ma, X.F. and Rudd, J.C., 2022. QTL mapping of yield components and kernel traits in wheat cultivars TAM 112 and Duster. Frontiers in Plant Science, 13, p.1057701.",https://www.frontiersin.org/journals/plant-science/articles/10.3389/fpls.2022.1057701/full,Epistatic QTLs_v3.0
E00702,Triticum aestivum,Drought tolerance,thousand kernel weight,,,,,2B,55,chr2B_76930626-chr2B_93047157,,7D,40,chr7D_106339399-chr7D_107475890,13.7308,1.7046,"Wang, Z., Dhakal, S., Cerit, M., Wang, S., Rauf, Y., Yu, S., Maulana, F., Huang, W., Anderson, J.D., Ma, X.F. and Rudd, J.C., 2022. QTL mapping of yield components and kernel traits in wheat cultivars TAM 112 and Duster. Frontiers in Plant Science, 13, p.1057701.",https://www.frontiersin.org/journals/plant-science/articles/10.3389/fpls.2022.1057701/full,Epistatic QTLs_v3.0
E00703,Triticum aestivum,Drought tolerance,thousand kernel weight,,,,,4A,70,chr4A_626014517-chr4A_626061566,,7D,55,chr7D_166253046-chr7D_183169285,12.3044,1.5998,"Wang, Z., Dhakal, S., Cerit, M., Wang, S., Rauf, Y., Yu, S., Maulana, F., Huang, W., Anderson, J.D., Ma, X.F. and Rudd, J.C., 2022. QTL mapping of yield components and kernel traits in wheat cultivars TAM 112 and Duster. Frontiers in Plant Science, 13, p.1057701.",https://www.frontiersin.org/journals/plant-science/articles/10.3389/fpls.2022.1057701/full,Epistatic QTLs_v3.0
E00704,Triticum aestivum,Drought tolerance,thousand kernel weight,,,,,2A,55,chr2A_43656738-chr2A_52119902,,7D,65,chr7D_535979831-chr7D_548807756,12.261,1.5136,"Wang, Z., Dhakal, S., Cerit, M., Wang, S., Rauf, Y., Yu, S., Maulana, F., Huang, W., Anderson, J.D., Ma, X.F. and Rudd, J.C., 2022. QTL mapping of yield components and kernel traits in wheat cultivars TAM 112 and Duster. Frontiers in Plant Science, 13, p.1057701.",https://www.frontiersin.org/journals/plant-science/articles/10.3389/fpls.2022.1057701/full,Epistatic QTLs_v3.0
E00705,Triticum aestivum,Drought tolerance,thousand kernel weight,,,,,7B,5,chr7B_66259902-chr7B_71270046,,7D,65,chr7D_535979831-chr7D_548807756,10.3418,1.4097,"Wang, Z., Dhakal, S., Cerit, M., Wang, S., Rauf, Y., Yu, S., Maulana, F., Huang, W., Anderson, J.D., Ma, X.F. and Rudd, J.C., 2022. QTL mapping of yield components and kernel traits in wheat cultivars TAM 112 and Duster. Frontiers in Plant Science, 13, p.1057701.",https://www.frontiersin.org/journals/plant-science/articles/10.3389/fpls.2022.1057701/full,Epistatic QTLs_v3.0
E00706,Triticum aestivum,Drought tolerance,thousand kernel weight,,,,,6B,0,chr6B_195536-chr6B_3582946,,7D,120,chr7D_602799445-chr7D_603678199,12.2849,1.5799,"Wang, Z., Dhakal, S., Cerit, M., Wang, S., Rauf, Y., Yu, S., Maulana, F., Huang, W., Anderson, J.D., Ma, X.F. and Rudd, J.C., 2022. QTL mapping of yield components and kernel traits in wheat cultivars TAM 112 and Duster. Frontiers in Plant Science, 13, p.1057701.",https://www.frontiersin.org/journals/plant-science/articles/10.3389/fpls.2022.1057701/full,Epistatic QTLs_v3.0
E00707,Triticum aestivum,Drought tolerance,thousand kernel weight,,,,,5A,45,chr5A_633284206-chr5A_653953195,,7D,125,chr7D_608409697-chr7D_607550643,10.5851,1.2,"Wang, Z., Dhakal, S., Cerit, M., Wang, S., Rauf, Y., Yu, S., Maulana, F., Huang, W., Anderson, J.D., Ma, X.F. and Rudd, J.C., 2022. QTL mapping of yield components and kernel traits in wheat cultivars TAM 112 and Duster. Frontiers in Plant Science, 13, p.1057701.",https://www.frontiersin.org/journals/plant-science/articles/10.3389/fpls.2022.1057701/full,Epistatic QTLs_v3.0
E00708,Triticum aestivum,Drought tolerance,thousand kernel weight,,,,,7D,65,chr7D_535979831-chr7D_548807756,,7D,145,chr7D_622077366-chr7D_621770225,12.9961,1.6114,"Wang, Z., Dhakal, S., Cerit, M., Wang, S., Rauf, Y., Yu, S., Maulana, F., Huang, W., Anderson, J.D., Ma, X.F. and Rudd, J.C., 2022. QTL mapping of yield components and kernel traits in wheat cultivars TAM 112 and Duster. Frontiers in Plant Science, 13, p.1057701.",https://www.frontiersin.org/journals/plant-science/articles/10.3389/fpls.2022.1057701/full,Epistatic QTLs_v3.0
E00709,Triticum aestivum,Drought tolerance,thousand kernel weight,,,,,2B,15,chr2B_19980212-chr2B_24938541,,7D,40,chr7D_106339399-chr7D_107475890,10.0565,2.329,"Wang, Z., Dhakal, S., Cerit, M., Wang, S., Rauf, Y., Yu, S., Maulana, F., Huang, W., Anderson, J.D., Ma, X.F. and Rudd, J.C., 2022. QTL mapping of yield components and kernel traits in wheat cultivars TAM 112 and Duster. Frontiers in Plant Science, 13, p.1057701.",https://www.frontiersin.org/journals/plant-science/articles/10.3389/fpls.2022.1057701/full,Epistatic QTLs_v3.0
E00710,Triticum aestivum,Drought tolerance,test weight,,,,,2A,75,chr2A_102123476-chr2A_274548650,,3D,0,chr3D_5379972-chr3D_4475282,10.1608,2.5135,"Wang, Z., Dhakal, S., Cerit, M., Wang, S., Rauf, Y., Yu, S., Maulana, F., Huang, W., Anderson, J.D., Ma, X.F. and Rudd, J.C., 2022. QTL mapping of yield components and kernel traits in wheat cultivars TAM 112 and Duster. Frontiers in Plant Science, 13, p.1057701.",https://www.frontiersin.org/journals/plant-science/articles/10.3389/fpls.2022.1057701/full,Epistatic QTLs_v3.0
E00711,Triticum aestivum,Drought tolerance,yield form whole plot,,,,,2D,5,chr2D_3015065-chr2D_10907676,,2D,20,chr2D_606085681-chr2D_601966666,10.0674,1.7363,"Wang, Z., Dhakal, S., Cerit, M., Wang, S., Rauf, Y., Yu, S., Maulana, F., Huang, W., Anderson, J.D., Ma, X.F. and Rudd, J.C., 2022. QTL mapping of yield components and kernel traits in wheat cultivars TAM 112 and Duster. Frontiers in Plant Science, 13, p.1057701.",https://www.frontiersin.org/journals/plant-science/articles/10.3389/fpls.2022.1057701/full,Epistatic QTLs_v3.0
E00712,Triticum aestivum,Drought tolerance,yield form whole plot,,,,,1B,65,chr1B_540346553-chr1B_556432841,,3B,20,chr3B_811063972-chr3B_814372706,11.2246,1.5826,"Wang, Z., Dhakal, S., Cerit, M., Wang, S., Rauf, Y., Yu, S., Maulana, F., Huang, W., Anderson, J.D., Ma, X.F. and Rudd, J.C., 2022. QTL mapping of yield components and kernel traits in wheat cultivars TAM 112 and Duster. Frontiers in Plant Science, 13, p.1057701.",https://www.frontiersin.org/journals/plant-science/articles/10.3389/fpls.2022.1057701/full,Epistatic QTLs_v3.0
E00713,Triticum aestivum,Drought tolerance,yield form whole plot,,,,,1A,35,chr1A_532785977-chr1A_533697856,,3D,0,chr3D_20533322-chr3D_21080912,10.5039,1.3093,"Wang, Z., Dhakal, S., Cerit, M., Wang, S., Rauf, Y., Yu, S., Maulana, F., Huang, W., Anderson, J.D., Ma, X.F. and Rudd, J.C., 2022. QTL mapping of yield components and kernel traits in wheat cultivars TAM 112 and Duster. Frontiers in Plant Science, 13, p.1057701.",https://www.frontiersin.org/journals/plant-science/articles/10.3389/fpls.2022.1057701/full,Epistatic QTLs_v3.0
E00714,Triticum aestivum,Drought tolerance,yield form whole plot,,,,,3B,45,chr3B_571999745-chr3B_570524418,,5B,20,chr5B_16001707-chr5B_18749057,11.8389,1.7399,"Wang, Z., Dhakal, S., Cerit, M., Wang, S., Rauf, Y., Yu, S., Maulana, F., Huang, W., Anderson, J.D., Ma, X.F. and Rudd, J.C., 2022. QTL mapping of yield components and kernel traits in wheat cultivars TAM 112 and Duster. Frontiers in Plant Science, 13, p.1057701.",https://www.frontiersin.org/journals/plant-science/articles/10.3389/fpls.2022.1057701/full,Epistatic QTLs_v3.0
E00715,Triticum aestivum,Drought tolerance,yield form whole plot,,,,,4A,15,chr4A_24828760-chr4A_28592884,,5B,65,chr5B_437990363-chr5B_439722923,12.2256,1.9929,"Wang, Z., Dhakal, S., Cerit, M., Wang, S., Rauf, Y., Yu, S., Maulana, F., Huang, W., Anderson, J.D., Ma, X.F. and Rudd, J.C., 2022. QTL mapping of yield components and kernel traits in wheat cultivars TAM 112 and Duster. Frontiers in Plant Science, 13, p.1057701.",https://www.frontiersin.org/journals/plant-science/articles/10.3389/fpls.2022.1057701/full,Epistatic QTLs_v3.0
E00716,Triticum aestivum,Drought tolerance,yield form whole plot,,,,,3D,75,chr3D_598598569-chr3D_600510203,,6A,35,chr6A_574253510-chr6A_583269008,10.8208,1.784,"Wang, Z., Dhakal, S., Cerit, M., Wang, S., Rauf, Y., Yu, S., Maulana, F., Huang, W., Anderson, J.D., Ma, X.F. and Rudd, J.C., 2022. QTL mapping of yield components and kernel traits in wheat cultivars TAM 112 and Duster. Frontiers in Plant Science, 13, p.1057701.",https://www.frontiersin.org/journals/plant-science/articles/10.3389/fpls.2022.1057701/full,Epistatic QTLs_v3.0
E00717,Triticum aestivum,Drought tolerance,yield form whole plot,,,,,1B,5,chr1B_4341229-chr1B_1473807,,6A,45,chr6A_591415809-chr6A_593812871,10.5017,1.6121,"Wang, Z., Dhakal, S., Cerit, M., Wang, S., Rauf, Y., Yu, S., Maulana, F., Huang, W., Anderson, J.D., Ma, X.F. and Rudd, J.C., 2022. QTL mapping of yield components and kernel traits in wheat cultivars TAM 112 and Duster. Frontiers in Plant Science, 13, p.1057701.",https://www.frontiersin.org/journals/plant-science/articles/10.3389/fpls.2022.1057701/full,Epistatic QTLs_v3.0
E00718,Triticum aestivum,Drought tolerance,yield form whole plot,,,,,2B,15,chr2B_19980212-chr2B_24938541,,6B,5,chr6B_14524560-chr7B_74277815,11.2036,1.7905,"Wang, Z., Dhakal, S., Cerit, M., Wang, S., Rauf, Y., Yu, S., Maulana, F., Huang, W., Anderson, J.D., Ma, X.F. and Rudd, J.C., 2022. QTL mapping of yield components and kernel traits in wheat cultivars TAM 112 and Duster. Frontiers in Plant Science, 13, p.1057701.",https://www.frontiersin.org/journals/plant-science/articles/10.3389/fpls.2022.1057701/full,Epistatic QTLs_v3.0
E00719,Triticum aestivum,Drought tolerance,yield form whole plot,,,,,4A,85,chr4A_685739757-chr4A_683784629,,6B,80,chr6B_659254341-chr6B_675338844,10.0527,1.9682,"Wang, Z., Dhakal, S., Cerit, M., Wang, S., Rauf, Y., Yu, S., Maulana, F., Huang, W., Anderson, J.D., Ma, X.F. and Rudd, J.C., 2022. QTL mapping of yield components and kernel traits in wheat cultivars TAM 112 and Duster. Frontiers in Plant Science, 13, p.1057701.",https://www.frontiersin.org/journals/plant-science/articles/10.3389/fpls.2022.1057701/full,Epistatic QTLs_v3.0
E00720,Triticum aestivum,Drought tolerance,yield form whole plot,,,,,3A,75,chr3A_711253712-chr3A_714525815,,6D,0,chr6D_2486014-chr6D_70342,14.0854,1.9672,"Wang, Z., Dhakal, S., Cerit, M., Wang, S., Rauf, Y., Yu, S., Maulana, F., Huang, W., Anderson, J.D., Ma, X.F. and Rudd, J.C., 2022. QTL mapping of yield components and kernel traits in wheat cultivars TAM 112 and Duster. Frontiers in Plant Science, 13, p.1057701.",https://www.frontiersin.org/journals/plant-science/articles/10.3389/fpls.2022.1057701/full,Epistatic QTLs_v3.0
E00721,Triticum aestivum,Drought tolerance,yield form whole plot,,,,,6D,25,chr6D_16203913-chr6D_19412836,,7A,25,chr7A_24986088-chr7A_27049725,11.231,1.8458,"Wang, Z., Dhakal, S., Cerit, M., Wang, S., Rauf, Y., Yu, S., Maulana, F., Huang, W., Anderson, J.D., Ma, X.F. and Rudd, J.C., 2022. QTL mapping of yield components and kernel traits in wheat cultivars TAM 112 and Duster. Frontiers in Plant Science, 13, p.1057701.",https://www.frontiersin.org/journals/plant-science/articles/10.3389/fpls.2022.1057701/full,Epistatic QTLs_v3.0
E00722,Triticum aestivum,Drought tolerance,yield form whole plot,,,,,5B,35,chr5B_669588875-chr5B_680234342,,7A,85,chr7A_85912049-chr7A_91661556,11.7502,1.605,"Wang, Z., Dhakal, S., Cerit, M., Wang, S., Rauf, Y., Yu, S., Maulana, F., Huang, W., Anderson, J.D., Ma, X.F. and Rudd, J.C., 2022. QTL mapping of yield components and kernel traits in wheat cultivars TAM 112 and Duster. Frontiers in Plant Science, 13, p.1057701.",https://www.frontiersin.org/journals/plant-science/articles/10.3389/fpls.2022.1057701/full,Epistatic QTLs_v3.0
E00723,Triticum aestivum,Drought tolerance,yield form whole plot,,,,,1B,55,chr1B_200967289-chr1B_171660902,,7B,0,chr7B_60454872-chr7B_60780829,15.3521,2.7867,"Wang, Z., Dhakal, S., Cerit, M., Wang, S., Rauf, Y., Yu, S., Maulana, F., Huang, W., Anderson, J.D., Ma, X.F. and Rudd, J.C., 2022. QTL mapping of yield components and kernel traits in wheat cultivars TAM 112 and Duster. Frontiers in Plant Science, 13, p.1057701.",https://www.frontiersin.org/journals/plant-science/articles/10.3389/fpls.2022.1057701/full,Epistatic QTLs_v3.0
E00724,Triticum aestivum,Drought tolerance,yield form whole plot,,,,,2A,0,chr2A_608006397-chr1D_2510554,,7B,80,chr7B_685324514-chr7B_693146174,10.1067,1.6046,"Wang, Z., Dhakal, S., Cerit, M., Wang, S., Rauf, Y., Yu, S., Maulana, F., Huang, W., Anderson, J.D., Ma, X.F. and Rudd, J.C., 2022. QTL mapping of yield components and kernel traits in wheat cultivars TAM 112 and Duster. Frontiers in Plant Science, 13, p.1057701.",https://www.frontiersin.org/journals/plant-science/articles/10.3389/fpls.2022.1057701/full,Epistatic QTLs_v3.0
E00725,Triticum aestivum,Drought tolerance,yield form whole plot,,,,,2D,5,chr2D_3015065-chr2D_10907676,,7D,115,chr7D_598521158-chr7D_598763485,11.4856,2.3778,"Wang, Z., Dhakal, S., Cerit, M., Wang, S., Rauf, Y., Yu, S., Maulana, F., Huang, W., Anderson, J.D., Ma, X.F. and Rudd, J.C., 2022. QTL mapping of yield components and kernel traits in wheat cultivars TAM 112 and Duster. Frontiers in Plant Science, 13, p.1057701.",https://www.frontiersin.org/journals/plant-science/articles/10.3389/fpls.2022.1057701/full,Epistatic QTLs_v3.0
E00726,Triticum aestivum,Drought tolerance,yield form whole plot,,,,,2A,25,chr2A_17405760-chr2A_21421383,,7D,155,chr7D_628696166-chr7D_635868283,11.1289,2.3954,"Wang, Z., Dhakal, S., Cerit, M., Wang, S., Rauf, Y., Yu, S., Maulana, F., Huang, W., Anderson, J.D., Ma, X.F. and Rudd, J.C., 2022. QTL mapping of yield components and kernel traits in wheat cultivars TAM 112 and Duster. Frontiers in Plant Science, 13, p.1057701.",https://www.frontiersin.org/journals/plant-science/articles/10.3389/fpls.2022.1057701/full,Epistatic QTLs_v3.0
E00727,Triticum aestivum,Drought tolerance,sheath length,,,,,1B,740.1613,AX-109650167-AX-111713555,,2A,0.928,AX-108835053-AX-109404799,4.1961,2.0954,"Liu, X., Sun, T., Zhou, Z., Tong, Y., Zhou, Z., Cao, H., Qu, J., Li, Z., Yang, Q., Xu, M. and Zhang, B., 2025. Quantitative trait locus mapping for salt and drought tolerance traits in wheat (Triticum aestivum L.).",https://www.researchsquare.com/article/rs-5916007/v1,Epistatic QTLs_v3.0
E00728,Triticum aestivum,Drought tolerance,sheath length,,,,,1A,85.1312,AX-110438204-AX-109932820,,1B,745.1613,AX-110359707-AX-109649293,4.2372,2.967,"Liu, X., Sun, T., Zhou, Z., Tong, Y., Zhou, Z., Cao, H., Qu, J., Li, Z., Yang, Q., Xu, M. and Zhang, B., 2025. Quantitative trait locus mapping for salt and drought tolerance traits in wheat (Triticum aestivum L.).",https://www.researchsquare.com/article/rs-5916007/v1,Epistatic QTLs_v3.0
E00729,Triticum aestivum,Drought tolerance,sheath length,,,,,4A,641.9098,AX-108889285-AX-112286181,,7A,646.9536,AX-109850910-AX-110543868,4.4835,2.5151,"Liu, X., Sun, T., Zhou, Z., Tong, Y., Zhou, Z., Cao, H., Qu, J., Li, Z., Yang, Q., Xu, M. and Zhang, B., 2025. Quantitative trait locus mapping for salt and drought tolerance traits in wheat (Triticum aestivum L.).",https://www.researchsquare.com/article/rs-5916007/v1,Epistatic QTLs_v3.0
E00730,Triticum aestivum,Drought tolerance,sheath length,,,,,4B,530.7005,AX-109295336-AX-109842571,,6A,55.0105,AX-112287894-AX-108833606,4.5923,2.322,"Liu, X., Sun, T., Zhou, Z., Tong, Y., Zhou, Z., Cao, H., Qu, J., Li, Z., Yang, Q., Xu, M. and Zhang, B., 2025. Quantitative trait locus mapping for salt and drought tolerance traits in wheat (Triticum aestivum L.).",https://www.researchsquare.com/article/rs-5916007/v1,Epistatic QTLs_v3.0
E00731,Triticum aestivum,Drought tolerance,sheath length,,,,,5A,225.6679,AX-110587615-AX-108776507,,7A,701.9536,AX-109345519-AX-109818898,4.6089,2.404,"Liu, X., Sun, T., Zhou, Z., Tong, Y., Zhou, Z., Cao, H., Qu, J., Li, Z., Yang, Q., Xu, M. and Zhang, B., 2025. Quantitative trait locus mapping for salt and drought tolerance traits in wheat (Triticum aestivum L.).",https://www.researchsquare.com/article/rs-5916007/v1,Epistatic QTLs_v3.0
E00732,Triticum aestivum,Drought tolerance,seedling length,,,,,3B,522.1675,AX-111610217-AX-109406585,,5B,365.3226,AX-109846736-AX-111116044,4.113,4.0582,"Liu, X., Sun, T., Zhou, Z., Tong, Y., Zhou, Z., Cao, H., Qu, J., Li, Z., Yang, Q., Xu, M. and Zhang, B., 2025. Quantitative trait locus mapping for salt and drought tolerance traits in wheat (Triticum aestivum L.).",https://www.researchsquare.com/article/rs-5916007/v1,Epistatic QTLs_v3.0
E00733,Triticum aestivum,Drought tolerance,seedling length,,,,,5B,600.3226,AX-109601421-AX-109939306,,7D,22.7876,AX-111680983-AX-110451562,4.1257,1.2931,"Liu, X., Sun, T., Zhou, Z., Tong, Y., Zhou, Z., Cao, H., Qu, J., Li, Z., Yang, Q., Xu, M. and Zhang, B., 2025. Quantitative trait locus mapping for salt and drought tolerance traits in wheat (Triticum aestivum L.).",https://www.researchsquare.com/article/rs-5916007/v1,Epistatic QTLs_v3.0
E00734,Triticum aestivum,Drought tolerance,seedling length,,,,,2D,86.7467,AX-108901497-AX-112290193,,5D,480.6189,AX-111140170-AX-94653079,4.1705,1.2924,"Liu, X., Sun, T., Zhou, Z., Tong, Y., Zhou, Z., Cao, H., Qu, J., Li, Z., Yang, Q., Xu, M. and Zhang, B., 2025. Quantitative trait locus mapping for salt and drought tolerance traits in wheat (Triticum aestivum L.).",https://www.researchsquare.com/article/rs-5916007/v1,Epistatic QTLs_v3.0
E00735,Triticum aestivum,Drought tolerance,seedling length,,,,,1A,100.1312,AX-111659850-AX-108922862,,7D,567.7876,AX-108770812-AX-109504962,4.2199,1.791,"Liu, X., Sun, T., Zhou, Z., Tong, Y., Zhou, Z., Cao, H., Qu, J., Li, Z., Yang, Q., Xu, M. and Zhang, B., 2025. Quantitative trait locus mapping for salt and drought tolerance traits in wheat (Triticum aestivum L.).",https://www.researchsquare.com/article/rs-5916007/v1,Epistatic QTLs_v3.0
E00736,Triticum aestivum,Drought tolerance,seedling length,,,,,3B,607.1675,AX-111059839-AX-95631983,,5A,570.6679,AX-109907430-AX-94937080,4.3106,1.1487,"Liu, X., Sun, T., Zhou, Z., Tong, Y., Zhou, Z., Cao, H., Qu, J., Li, Z., Yang, Q., Xu, M. and Zhang, B., 2025. Quantitative trait locus mapping for salt and drought tolerance traits in wheat (Triticum aestivum L.).",https://www.researchsquare.com/article/rs-5916007/v1,Epistatic QTLs_v3.0
E00737,Triticum aestivum,Drought tolerance,seedling length,,,,,3B,767.1675,AX-108842950-AX-111152674,,4A,621.9098,AX-108941938-AX-109957843,4.5187,1.1613,"Liu, X., Sun, T., Zhou, Z., Tong, Y., Zhou, Z., Cao, H., Qu, J., Li, Z., Yang, Q., Xu, M. and Zhang, B., 2025. Quantitative trait locus mapping for salt and drought tolerance traits in wheat (Triticum aestivum L.).",https://www.researchsquare.com/article/rs-5916007/v1,Epistatic QTLs_v3.0
E00738,Triticum aestivum,Drought tolerance,seedling length,,,,,3B,737.1675,AX-110997387-AX-109281450,,4D,45.5291,AX-110594285-AX-111004748,4.7886,1.3223,"Liu, X., Sun, T., Zhou, Z., Tong, Y., Zhou, Z., Cao, H., Qu, J., Li, Z., Yang, Q., Xu, M. and Zhang, B., 2025. Quantitative trait locus mapping for salt and drought tolerance traits in wheat (Triticum aestivum L.).",https://www.researchsquare.com/article/rs-5916007/v1,Epistatic QTLs_v3.0
E00739,Triticum aestivum,Drought tolerance,seedling length,,,,,2B,190.0577,AX-109957390-AX-110078833,,4B,555.7005,AX-108884022-AX-109852815,4.9597,1.4743,"Liu, X., Sun, T., Zhou, Z., Tong, Y., Zhou, Z., Cao, H., Qu, J., Li, Z., Yang, Q., Xu, M. and Zhang, B., 2025. Quantitative trait locus mapping for salt and drought tolerance traits in wheat (Triticum aestivum L.).",https://www.researchsquare.com/article/rs-5916007/v1,Epistatic QTLs_v3.0
E00740,Triticum aestivum,Drought tolerance,seedling length,,,,,4A,46.9098,AX-111163489-AX-111591351,,7A,721.9536,AX-111642114-AX-110585318,5.048,1.2691,"Liu, X., Sun, T., Zhou, Z., Tong, Y., Zhou, Z., Cao, H., Qu, J., Li, Z., Yang, Q., Xu, M. and Zhang, B., 2025. Quantitative trait locus mapping for salt and drought tolerance traits in wheat (Triticum aestivum L.).",https://www.researchsquare.com/article/rs-5916007/v1,Epistatic QTLs_v3.0
E00741,Triticum aestivum,Drought tolerance,seedling length,,,,,1A,5.1312,AX-110063323-AX-108920530,,5A,595.6679,AX-110010456-AX-111241314,5.2128,1.365,"Liu, X., Sun, T., Zhou, Z., Tong, Y., Zhou, Z., Cao, H., Qu, J., Li, Z., Yang, Q., Xu, M. and Zhang, B., 2025. Quantitative trait locus mapping for salt and drought tolerance traits in wheat (Triticum aestivum L.).",https://www.researchsquare.com/article/rs-5916007/v1,Epistatic QTLs_v3.0
E00742,Triticum aestivum,Drought tolerance,seedling length,,,,,3B,727.1675,AX-110466140-AX-110389261,,7B,725.0621,AX-95078974-AX-111764724,5.4572,1.3694,"Liu, X., Sun, T., Zhou, Z., Tong, Y., Zhou, Z., Cao, H., Qu, J., Li, Z., Yang, Q., Xu, M. and Zhang, B., 2025. Quantitative trait locus mapping for salt and drought tolerance traits in wheat (Triticum aestivum L.).",https://www.researchsquare.com/article/rs-5916007/v1,Epistatic QTLs_v3.0
E00743,Triticum aestivum,Drought tolerance,maximum root length,,,,,7A,471.9536,AX-111494125-AX-109851571,,7B,580.0621,AX-110501441-AX-108950677,4.0889,1.1624,"Liu, X., Sun, T., Zhou, Z., Tong, Y., Zhou, Z., Cao, H., Qu, J., Li, Z., Yang, Q., Xu, M. and Zhang, B., 2025. Quantitative trait locus mapping for salt and drought tolerance traits in wheat (Triticum aestivum L.).",https://www.researchsquare.com/article/rs-5916007/v1,Epistatic QTLs_v3.0
E00744,Triticum aestivum,Drought tolerance,maximum root length,,,,,6B,650.7647,AX-108891753-AX-109974459,,7D,617.7876,AX-109127197-AX-110174830,4.1271,0.8928,"Liu, X., Sun, T., Zhou, Z., Tong, Y., Zhou, Z., Cao, H., Qu, J., Li, Z., Yang, Q., Xu, M. and Zhang, B., 2025. Quantitative trait locus mapping for salt and drought tolerance traits in wheat (Triticum aestivum L.).",https://www.researchsquare.com/article/rs-5916007/v1,Epistatic QTLs_v3.0
E00745,Triticum aestivum,Drought tolerance,maximum root length,,,,,1D,480.1343,AX-108821534-AX-94386946,,3B,37.1675,AX-110029041-AX-109855283,4.1624,0.8074,"Liu, X., Sun, T., Zhou, Z., Tong, Y., Zhou, Z., Cao, H., Qu, J., Li, Z., Yang, Q., Xu, M. and Zhang, B., 2025. Quantitative trait locus mapping for salt and drought tolerance traits in wheat (Triticum aestivum L.).",https://www.researchsquare.com/article/rs-5916007/v1,Epistatic QTLs_v3.0
E00746,Triticum aestivum,Drought tolerance,maximum root length,,,,,6D,165.4398,AX-109452186-AX-108821954,,6D,450.4398,AX-111501437-AX-109815305,4.3014,3.9365,"Liu, X., Sun, T., Zhou, Z., Tong, Y., Zhou, Z., Cao, H., Qu, J., Li, Z., Yang, Q., Xu, M. and Zhang, B., 2025. Quantitative trait locus mapping for salt and drought tolerance traits in wheat (Triticum aestivum L.).",https://www.researchsquare.com/article/rs-5916007/v1,Epistatic QTLs_v3.0
E00747,Triticum aestivum,Drought tolerance,maximum root length,,,,,4A,266.9098,AX-111163489-AX-111591351,,4A,281.9098,AX-111163489-AX-111591351,4.3071,3.9137,"Liu, X., Sun, T., Zhou, Z., Tong, Y., Zhou, Z., Cao, H., Qu, J., Li, Z., Yang, Q., Xu, M. and Zhang, B., 2025. Quantitative trait locus mapping for salt and drought tolerance traits in wheat (Triticum aestivum L.).",https://www.researchsquare.com/article/rs-5916007/v1,Epistatic QTLs_v3.0
E00748,Triticum aestivum,Drought tolerance,maximum root length,,,,,5D,435.6189,AX-110368685-AX-110100651,,7B,460.0621,AX-110439986-AX-110937982,4.3216,0.9299,"Liu, X., Sun, T., Zhou, Z., Tong, Y., Zhou, Z., Cao, H., Qu, J., Li, Z., Yang, Q., Xu, M. and Zhang, B., 2025. Quantitative trait locus mapping for salt and drought tolerance traits in wheat (Triticum aestivum L.).",https://www.researchsquare.com/article/rs-5916007/v1,Epistatic QTLs_v3.0
E00749,Triticum aestivum,Drought tolerance,maximum root length,,,,,3B,687.1675,AX-109846305-AX-109354651,,5B,35.3226,AX-108822507-AX-94627936,4.3466,3.9804,"Liu, X., Sun, T., Zhou, Z., Tong, Y., Zhou, Z., Cao, H., Qu, J., Li, Z., Yang, Q., Xu, M. and Zhang, B., 2025. Quantitative trait locus mapping for salt and drought tolerance traits in wheat (Triticum aestivum L.).",https://www.researchsquare.com/article/rs-5916007/v1,Epistatic QTLs_v3.0
E00750,Triticum aestivum,Drought tolerance,maximum root length,,,,,1A,530.1312,AX-109621748-AX-109429774,,6D,455.4398,AX-110438066-AX-109194293,4.3628,0.8988,"Liu, X., Sun, T., Zhou, Z., Tong, Y., Zhou, Z., Cao, H., Qu, J., Li, Z., Yang, Q., Xu, M. and Zhang, B., 2025. Quantitative trait locus mapping for salt and drought tolerance traits in wheat (Triticum aestivum L.).",https://www.researchsquare.com/article/rs-5916007/v1,Epistatic QTLs_v3.0
E00751,Triticum aestivum,Drought tolerance,maximum root length,,,,,1A,460.1312,AX-110584782-AX-111178015,,4D,505.5291,AX-108988554-AX-111480164,4.6128,1.131,"Liu, X., Sun, T., Zhou, Z., Tong, Y., Zhou, Z., Cao, H., Qu, J., Li, Z., Yang, Q., Xu, M. and Zhang, B., 2025. Quantitative trait locus mapping for salt and drought tolerance traits in wheat (Triticum aestivum L.).",https://www.researchsquare.com/article/rs-5916007/v1,Epistatic QTLs_v3.0
E00752,Triticum aestivum,Drought tolerance,maximum root length,,,,,2D,636.7467,AX-110475509-AX-109949983,,5B,285.3226,AX-94627936-AX-109846736,4.6508,4.0152,"Liu, X., Sun, T., Zhou, Z., Tong, Y., Zhou, Z., Cao, H., Qu, J., Li, Z., Yang, Q., Xu, M. and Zhang, B., 2025. Quantitative trait locus mapping for salt and drought tolerance traits in wheat (Triticum aestivum L.).",https://www.researchsquare.com/article/rs-5916007/v1,Epistatic QTLs_v3.0
E00753,Triticum aestivum,Drought tolerance,maximum root length,,,,,2A,35.928,AX-110525526-AX-109362948,,4D,440.5291,AX-111444133-AX-110618708,4.8973,0.9027,"Liu, X., Sun, T., Zhou, Z., Tong, Y., Zhou, Z., Cao, H., Qu, J., Li, Z., Yang, Q., Xu, M. and Zhang, B., 2025. Quantitative trait locus mapping for salt and drought tolerance traits in wheat (Triticum aestivum L.).",https://www.researchsquare.com/article/rs-5916007/v1,Epistatic QTLs_v3.0
E00754,Triticum aestivum,Drought tolerance,maximum root length,,,,,4A,686.9098,AX-110614619-AX-109388589,,4B,0.7005,AX-109377598-AX-108750428,5.7858,1.0842,"Liu, X., Sun, T., Zhou, Z., Tong, Y., Zhou, Z., Cao, H., Qu, J., Li, Z., Yang, Q., Xu, M. and Zhang, B., 2025. Quantitative trait locus mapping for salt and drought tolerance traits in wheat (Triticum aestivum L.).",https://www.researchsquare.com/article/rs-5916007/v1,Epistatic QTLs_v3.0
E00755,Triticum aestivum,Drought tolerance,maximum root length,,,,,3B,682.1675,AX-111740244-AX-111066962,,7B,580.0621,AX-110501441-AX-108950677,6.0944,1.5054,"Liu, X., Sun, T., Zhou, Z., Tong, Y., Zhou, Z., Cao, H., Qu, J., Li, Z., Yang, Q., Xu, M. and Zhang, B., 2025. Quantitative trait locus mapping for salt and drought tolerance traits in wheat (Triticum aestivum L.).",https://www.researchsquare.com/article/rs-5916007/v1,Epistatic QTLs_v3.0
E00756,Triticum aestivum,Drought tolerance,root number,,,,,3B,217.1675,AX-110073730-AX-109409051,,7A,666.9536,AX-109874881-AX-109579561,4.0229,2.1433,"Liu, X., Sun, T., Zhou, Z., Tong, Y., Zhou, Z., Cao, H., Qu, J., Li, Z., Yang, Q., Xu, M. and Zhang, B., 2025. Quantitative trait locus mapping for salt and drought tolerance traits in wheat (Triticum aestivum L.).",https://www.researchsquare.com/article/rs-5916007/v1,Epistatic QTLs_v3.0
E00757,Triticum aestivum,Drought tolerance,root number,,,,,3A,175.763,AX-111661409-AX-110484697,,3B,822.1675,AX-110975659-AX-109358303,4.0944,3.3769,"Liu, X., Sun, T., Zhou, Z., Tong, Y., Zhou, Z., Cao, H., Qu, J., Li, Z., Yang, Q., Xu, M. and Zhang, B., 2025. Quantitative trait locus mapping for salt and drought tolerance traits in wheat (Triticum aestivum L.).",https://www.researchsquare.com/article/rs-5916007/v1,Epistatic QTLs_v3.0
E00758,Triticum aestivum,Drought tolerance,root number,,,,,6A,595.0105,AX-110551366-AX-110946537,,6D,450.4398,AX-111501437-AX-109815305,4.1669,1.0328,"Liu, X., Sun, T., Zhou, Z., Tong, Y., Zhou, Z., Cao, H., Qu, J., Li, Z., Yang, Q., Xu, M. and Zhang, B., 2025. Quantitative trait locus mapping for salt and drought tolerance traits in wheat (Triticum aestivum L.).",https://www.researchsquare.com/article/rs-5916007/v1,Epistatic QTLs_v3.0
E00759,Triticum aestivum,Drought tolerance,root number,,,,,5B,680.3226,AX-109038715-AX-109019393,,7A,726.9536,AX-108871600-AX-109644161,4.1744,0.903,"Liu, X., Sun, T., Zhou, Z., Tong, Y., Zhou, Z., Cao, H., Qu, J., Li, Z., Yang, Q., Xu, M. and Zhang, B., 2025. Quantitative trait locus mapping for salt and drought tolerance traits in wheat (Triticum aestivum L.).",https://www.researchsquare.com/article/rs-5916007/v1,Epistatic QTLs_v3.0
E00760,Triticum aestivum,Drought tolerance,root number,,,,,4B,530.7005,AX-109295336-AX-109842571,,6B,80.7647,AX-111073523-AX-111794707,4.1978,0.9239,"Liu, X., Sun, T., Zhou, Z., Tong, Y., Zhou, Z., Cao, H., Qu, J., Li, Z., Yang, Q., Xu, M. and Zhang, B., 2025. Quantitative trait locus mapping for salt and drought tolerance traits in wheat (Triticum aestivum L.).",https://www.researchsquare.com/article/rs-5916007/v1,Epistatic QTLs_v3.0
E00761,Triticum aestivum,Drought tolerance,root number,,,,,1D,305.1343,AX-110490771-AX-111584875,,4B,30.7005,AX-109988872-AX-109284839,4.3029,1.6674,"Liu, X., Sun, T., Zhou, Z., Tong, Y., Zhou, Z., Cao, H., Qu, J., Li, Z., Yang, Q., Xu, M. and Zhang, B., 2025. Quantitative trait locus mapping for salt and drought tolerance traits in wheat (Triticum aestivum L.).",https://www.researchsquare.com/article/rs-5916007/v1,Epistatic QTLs_v3.0
E00762,Triticum aestivum,Drought tolerance,root number,,,,,2D,556.7467,AX-89716596-AX-111709709,,7B,660.0621,AX-108806417-AX-111475380,4.3032,0.8969,"Liu, X., Sun, T., Zhou, Z., Tong, Y., Zhou, Z., Cao, H., Qu, J., Li, Z., Yang, Q., Xu, M. and Zhang, B., 2025. Quantitative trait locus mapping for salt and drought tolerance traits in wheat (Triticum aestivum L.).",https://www.researchsquare.com/article/rs-5916007/v1,Epistatic QTLs_v3.0
E00763,Triticum aestivum,Drought tolerance,root number,,,,,2B,790.0577,AX-110444554-AX-109471163,,3B,747.1675,AX-108926598-AX-95239631,4.4503,1.7559,"Liu, X., Sun, T., Zhou, Z., Tong, Y., Zhou, Z., Cao, H., Qu, J., Li, Z., Yang, Q., Xu, M. and Zhang, B., 2025. Quantitative trait locus mapping for salt and drought tolerance traits in wheat (Triticum aestivum L.).",https://www.researchsquare.com/article/rs-5916007/v1,Epistatic QTLs_v3.0
E00764,Triticum aestivum,Drought tolerance,root number,,,,,5A,220.6679,AX-109892357-AX-111597712,,5D,465.6189,AX-109188063-AX-111917011,5.3295,1.0637,"Liu, X., Sun, T., Zhou, Z., Tong, Y., Zhou, Z., Cao, H., Qu, J., Li, Z., Yang, Q., Xu, M. and Zhang, B., 2025. Quantitative trait locus mapping for salt and drought tolerance traits in wheat (Triticum aestivum L.).",https://www.researchsquare.com/article/rs-5916007/v1,Epistatic QTLs_v3.0
E00765,Triticum aestivum,Drought tolerance,seedling fresh weight,,,,,2D,641.7467,AX-111737096-AX-110030153,,4B,670.7005,AX-110436516-AX-110025178,4.1227,1.7643,"Liu, X., Sun, T., Zhou, Z., Tong, Y., Zhou, Z., Cao, H., Qu, J., Li, Z., Yang, Q., Xu, M. and Zhang, B., 2025. Quantitative trait locus mapping for salt and drought tolerance traits in wheat (Triticum aestivum L.).",https://www.researchsquare.com/article/rs-5916007/v1,Epistatic QTLs_v3.0
E00766,Triticum aestivum,Drought tolerance,seedling fresh weight,,,,,1B,535.1613,AX-110374546-AX-110549191,,5B,560.3226,AX-111066225-AX-109031891,4.1352,1.4919,"Liu, X., Sun, T., Zhou, Z., Tong, Y., Zhou, Z., Cao, H., Qu, J., Li, Z., Yang, Q., Xu, M. and Zhang, B., 2025. Quantitative trait locus mapping for salt and drought tolerance traits in wheat (Triticum aestivum L.).",https://www.researchsquare.com/article/rs-5916007/v1,Epistatic QTLs_v3.0
E00767,Triticum aestivum,Drought tolerance,seedling fresh weight,,,,,7B,45.0621,AX-110571529-AX-108794184,,7B,725.0621,AX-95078974-AX-111764724,4.3602,3.0505,"Liu, X., Sun, T., Zhou, Z., Tong, Y., Zhou, Z., Cao, H., Qu, J., Li, Z., Yang, Q., Xu, M. and Zhang, B., 2025. Quantitative trait locus mapping for salt and drought tolerance traits in wheat (Triticum aestivum L.).",https://www.researchsquare.com/article/rs-5916007/v1,Epistatic QTLs_v3.0
E00768,Triticum aestivum,Drought tolerance,seedling fresh weight,,,,,3B,742.1675,AX-110911339-AX-109891283,,7B,715.0621,AX-95117905-AX-111019900,4.5856,1.8108,"Liu, X., Sun, T., Zhou, Z., Tong, Y., Zhou, Z., Cao, H., Qu, J., Li, Z., Yang, Q., Xu, M. and Zhang, B., 2025. Quantitative trait locus mapping for salt and drought tolerance traits in wheat (Triticum aestivum L.).",https://www.researchsquare.com/article/rs-5916007/v1,Epistatic QTLs_v3.0
E00769,Triticum aestivum,Drought tolerance,seedling fresh weight,,,,,3A,410.763,AX-109416489-AX-111049355,,5B,540.3226,AX-109969015-AX-108832208,4.7385,4.7769,"Liu, X., Sun, T., Zhou, Z., Tong, Y., Zhou, Z., Cao, H., Qu, J., Li, Z., Yang, Q., Xu, M. and Zhang, B., 2025. Quantitative trait locus mapping for salt and drought tolerance traits in wheat (Triticum aestivum L.).",https://www.researchsquare.com/article/rs-5916007/v1,Epistatic QTLs_v3.0
E00770,Triticum aestivum,Drought tolerance,seedling fresh weight,,,,,3A,665.763,AX-111063960-AX-110419393,,3A,685.763,AX-110546423-AX-108729743,5.5878,2.3341,"Liu, X., Sun, T., Zhou, Z., Tong, Y., Zhou, Z., Cao, H., Qu, J., Li, Z., Yang, Q., Xu, M. and Zhang, B., 2025. Quantitative trait locus mapping for salt and drought tolerance traits in wheat (Triticum aestivum L.).",https://www.researchsquare.com/article/rs-5916007/v1,Epistatic QTLs_v3.0
E00771,Triticum aestivum,Drought tolerance,root fresh weight,,,,,2B,750.0577,AX-110617886-AX-110456559,,6B,705.7647,AX-111020460-AX-109842321,4.1476,0.9533,"Liu, X., Sun, T., Zhou, Z., Tong, Y., Zhou, Z., Cao, H., Qu, J., Li, Z., Yang, Q., Xu, M. and Zhang, B., 2025. Quantitative trait locus mapping for salt and drought tolerance traits in wheat (Triticum aestivum L.).",https://www.researchsquare.com/article/rs-5916007/v1,Epistatic QTLs_v3.0
E00772,Triticum aestivum,Drought tolerance,root fresh weight,,,,,4A,316.9098,AX-111591351-AX-94881516,,4B,25.7005,AX-109871279-AX-108879111,4.2508,4.7442,"Liu, X., Sun, T., Zhou, Z., Tong, Y., Zhou, Z., Cao, H., Qu, J., Li, Z., Yang, Q., Xu, M. and Zhang, B., 2025. Quantitative trait locus mapping for salt and drought tolerance traits in wheat (Triticum aestivum L.).",https://www.researchsquare.com/article/rs-5916007/v1,Epistatic QTLs_v3.0
E00773,Triticum aestivum,Drought tolerance,root fresh weight,,,,,6B,20.7647,AX-95240811-AX-109986401,,7B,630.0621,AX-95107074-AX-109842606,4.3517,0.9558,"Liu, X., Sun, T., Zhou, Z., Tong, Y., Zhou, Z., Cao, H., Qu, J., Li, Z., Yang, Q., Xu, M. and Zhang, B., 2025. Quantitative trait locus mapping for salt and drought tolerance traits in wheat (Triticum aestivum L.).",https://www.researchsquare.com/article/rs-5916007/v1,Epistatic QTLs_v3.0
E00774,Triticum aestivum,Drought tolerance,root fresh weight,,,,,2B,50.0577,AX-109364692-AX-111111325,,5B,230.3226,AX-108822507-AX-94627936,4.391,4.4959,"Liu, X., Sun, T., Zhou, Z., Tong, Y., Zhou, Z., Cao, H., Qu, J., Li, Z., Yang, Q., Xu, M. and Zhang, B., 2025. Quantitative trait locus mapping for salt and drought tolerance traits in wheat (Triticum aestivum L.).",https://www.researchsquare.com/article/rs-5916007/v1,Epistatic QTLs_v3.0
E00775,Triticum aestivum,Drought tolerance,root fresh weight,,,,,4B,515.7005,AX-108870912-AX-109321753,,4B,650.7005,AX-110483442-AX-109929747,4.4135,1.0209,"Liu, X., Sun, T., Zhou, Z., Tong, Y., Zhou, Z., Cao, H., Qu, J., Li, Z., Yang, Q., Xu, M. and Zhang, B., 2025. Quantitative trait locus mapping for salt and drought tolerance traits in wheat (Triticum aestivum L.).",https://www.researchsquare.com/article/rs-5916007/v1,Epistatic QTLs_v3.0
E00776,Triticum aestivum,Drought tolerance,root fresh weight,,,,,1A,55.1312,AX-111672799-AX-94460833,,7A,726.9536,AX-108871600-AX-109644161,4.4372,1.0088,"Liu, X., Sun, T., Zhou, Z., Tong, Y., Zhou, Z., Cao, H., Qu, J., Li, Z., Yang, Q., Xu, M. and Zhang, B., 2025. Quantitative trait locus mapping for salt and drought tolerance traits in wheat (Triticum aestivum L.).",https://www.researchsquare.com/article/rs-5916007/v1,Epistatic QTLs_v3.0
E00777,Triticum aestivum,Drought tolerance,root fresh weight,,,,,4A,606.9098,AX-109544265-AX-108745653,,7A,596.9536,AX-109924132-AX-111457262,4.6696,1.0156,"Liu, X., Sun, T., Zhou, Z., Tong, Y., Zhou, Z., Cao, H., Qu, J., Li, Z., Yang, Q., Xu, M. and Zhang, B., 2025. Quantitative trait locus mapping for salt and drought tolerance traits in wheat (Triticum aestivum L.).",https://www.researchsquare.com/article/rs-5916007/v1,Epistatic QTLs_v3.0
E00778,Triticum aestivum,Drought tolerance,root fresh weight,,,,,3D,520.0805,AX-94785859-AX-111163387,,5B,710.3226,AX-109532143-AX-108809488,4.7239,0.9928,"Liu, X., Sun, T., Zhou, Z., Tong, Y., Zhou, Z., Cao, H., Qu, J., Li, Z., Yang, Q., Xu, M. and Zhang, B., 2025. Quantitative trait locus mapping for salt and drought tolerance traits in wheat (Triticum aestivum L.).",https://www.researchsquare.com/article/rs-5916007/v1,Epistatic QTLs_v3.0
E00779,Triticum aestivum,Drought tolerance,root fresh weight,,,,,3A,390.763,AX-109416489-AX-111049355,,3A,695.763,AX-111000376-AX-110538880,4.9727,4.5707,"Liu, X., Sun, T., Zhou, Z., Tong, Y., Zhou, Z., Cao, H., Qu, J., Li, Z., Yang, Q., Xu, M. and Zhang, B., 2025. Quantitative trait locus mapping for salt and drought tolerance traits in wheat (Triticum aestivum L.).",https://www.researchsquare.com/article/rs-5916007/v1,Epistatic QTLs_v3.0
E00780,Triticum aestivum,Drought tolerance,seedling dry weight,,,,,3A,225.763,AX-109930806-AX-94495161,,3A,625.763,AX-109298595-AX-108863940,4.2506,1.6602,"Liu, X., Sun, T., Zhou, Z., Tong, Y., Zhou, Z., Cao, H., Qu, J., Li, Z., Yang, Q., Xu, M. and Zhang, B., 2025. Quantitative trait locus mapping for salt and drought tolerance traits in wheat (Triticum aestivum L.).",https://www.researchsquare.com/article/rs-5916007/v1,Epistatic QTLs_v3.0
E00781,Triticum aestivum,Drought tolerance,seedling dry weight,,,,,5B,550.3226,AX-110524034-AX-89473763,,7B,705.0621,AX-110934681-AX-109832798,4.2656,1.6963,"Liu, X., Sun, T., Zhou, Z., Tong, Y., Zhou, Z., Cao, H., Qu, J., Li, Z., Yang, Q., Xu, M. and Zhang, B., 2025. Quantitative trait locus mapping for salt and drought tolerance traits in wheat (Triticum aestivum L.).",https://www.researchsquare.com/article/rs-5916007/v1,Epistatic QTLs_v3.0
E00782,Triticum aestivum,Drought tolerance,seedling dry weight,,,,,2D,536.7467,AX-109972625-AX-109459272,,7B,50.0621,AX-110571529-AX-108794184,4.3034,3.0971,"Liu, X., Sun, T., Zhou, Z., Tong, Y., Zhou, Z., Cao, H., Qu, J., Li, Z., Yang, Q., Xu, M. and Zhang, B., 2025. Quantitative trait locus mapping for salt and drought tolerance traits in wheat (Triticum aestivum L.).",https://www.researchsquare.com/article/rs-5916007/v1,Epistatic QTLs_v3.0
E00783,Triticum aestivum,Drought tolerance,seedling dry weight,,,,,2A,595.928,AX-110024874-AX-110707250,,2D,386.7467,AX-111597515-AX-110675161,4.3277,1.5804,"Liu, X., Sun, T., Zhou, Z., Tong, Y., Zhou, Z., Cao, H., Qu, J., Li, Z., Yang, Q., Xu, M. and Zhang, B., 2025. Quantitative trait locus mapping for salt and drought tolerance traits in wheat (Triticum aestivum L.).",https://www.researchsquare.com/article/rs-5916007/v1,Epistatic QTLs_v3.0
E00784,Triticum aestivum,Drought tolerance,seedling dry weight,,,,,1A,55.1312,AX-111672799-AX-94460833,,7A,741.9536,AX-111477436-AX-109951419,4.3332,1.7224,"Liu, X., Sun, T., Zhou, Z., Tong, Y., Zhou, Z., Cao, H., Qu, J., Li, Z., Yang, Q., Xu, M. and Zhang, B., 2025. Quantitative trait locus mapping for salt and drought tolerance traits in wheat (Triticum aestivum L.).",https://www.researchsquare.com/article/rs-5916007/v1,Epistatic QTLs_v3.0
E00785,Triticum aestivum,Drought tolerance,seedling dry weight,,,,,1A,515.1312,AX-109903085-AX-109358339,,4A,621.9098,AX-108941938-AX-109957843,4.4664,1.4688,"Liu, X., Sun, T., Zhou, Z., Tong, Y., Zhou, Z., Cao, H., Qu, J., Li, Z., Yang, Q., Xu, M. and Zhang, B., 2025. Quantitative trait locus mapping for salt and drought tolerance traits in wheat (Triticum aestivum L.).",https://www.researchsquare.com/article/rs-5916007/v1,Epistatic QTLs_v3.0
E00786,Triticum aestivum,Drought tolerance,seedling dry weight,,,,,4B,135.7005,AX-109389019-AX-108974320,,4B,195.7005,AX-109931700-AX-109055844,4.6124,1.5713,"Liu, X., Sun, T., Zhou, Z., Tong, Y., Zhou, Z., Cao, H., Qu, J., Li, Z., Yang, Q., Xu, M. and Zhang, B., 2025. Quantitative trait locus mapping for salt and drought tolerance traits in wheat (Triticum aestivum L.).",https://www.researchsquare.com/article/rs-5916007/v1,Epistatic QTLs_v3.0
E00787,Triticum aestivum,Drought tolerance,seedling dry weight,,,,,1B,725.1613,AX-109376365-AX-109841224,,4B,515.7005,AX-108870912-AX-109321753,4.9575,1.9115,"Liu, X., Sun, T., Zhou, Z., Tong, Y., Zhou, Z., Cao, H., Qu, J., Li, Z., Yang, Q., Xu, M. and Zhang, B., 2025. Quantitative trait locus mapping for salt and drought tolerance traits in wheat (Triticum aestivum L.).",https://www.researchsquare.com/article/rs-5916007/v1,Epistatic QTLs_v3.0
E00788,Triticum aestivum,Drought tolerance,root dry weight,,,,,2D,526.7467,AX-109986855-AX-110982403,,3A,685.763,AX-110546423-AX-108729743,4.0415,1.1261,"Liu, X., Sun, T., Zhou, Z., Tong, Y., Zhou, Z., Cao, H., Qu, J., Li, Z., Yang, Q., Xu, M. and Zhang, B., 2025. Quantitative trait locus mapping for salt and drought tolerance traits in wheat (Triticum aestivum L.).",https://www.researchsquare.com/article/rs-5916007/v1,Epistatic QTLs_v3.0
E00789,Triticum aestivum,Drought tolerance,root dry weight,,,,,4A,6.9098,AX-110716536-AX-86163036,,5D,450.6189,AX-111465859-AX-108759486,4.0268,1.6284,"Liu, X., Sun, T., Zhou, Z., Tong, Y., Zhou, Z., Cao, H., Qu, J., Li, Z., Yang, Q., Xu, M. and Zhang, B., 2025. Quantitative trait locus mapping for salt and drought tolerance traits in wheat (Triticum aestivum L.).",https://www.researchsquare.com/article/rs-5916007/v1,Epistatic QTLs_v3.0
E00790,Triticum aestivum,Drought tolerance,root dry weight,,,,,5B,700.3226,AX-110988825-AX-110991763,,6A,435.0105,AX-109063873-AX-110590550,4.2069,1.5334,"Liu, X., Sun, T., Zhou, Z., Tong, Y., Zhou, Z., Cao, H., Qu, J., Li, Z., Yang, Q., Xu, M. and Zhang, B., 2025. Quantitative trait locus mapping for salt and drought tolerance traits in wheat (Triticum aestivum L.).",https://www.researchsquare.com/article/rs-5916007/v1,Epistatic QTLs_v3.0
E00791,Triticum aestivum,Drought tolerance,root dry weight,,,,,1B,555.1613,AX-94514811-AX-110005201,,3A,0.763,AX-95181209-AX-111011679,4.311,1.4825,"Liu, X., Sun, T., Zhou, Z., Tong, Y., Zhou, Z., Cao, H., Qu, J., Li, Z., Yang, Q., Xu, M. and Zhang, B., 2025. Quantitative trait locus mapping for salt and drought tolerance traits in wheat (Triticum aestivum L.).",https://www.researchsquare.com/article/rs-5916007/v1,Epistatic QTLs_v3.0
E00792,Triticum aestivum,Drought tolerance,root dry weight,,,,,2A,170.928,AX-110617782-AX-111496485,,6D,340.4398,AX-109452186-AX-108821954,4.366,2.1402,"Liu, X., Sun, T., Zhou, Z., Tong, Y., Zhou, Z., Cao, H., Qu, J., Li, Z., Yang, Q., Xu, M. and Zhang, B., 2025. Quantitative trait locus mapping for salt and drought tolerance traits in wheat (Triticum aestivum L.).",https://www.researchsquare.com/article/rs-5916007/v1,Epistatic QTLs_v3.0
E00793,Triticum aestivum,Drought tolerance,root dry weight,,,,,1D,485.1343,AX-108771785-AX-110428172,,7A,1.9536,AX-111462004-AX-110368999,4.4517,1.7455,"Liu, X., Sun, T., Zhou, Z., Tong, Y., Zhou, Z., Cao, H., Qu, J., Li, Z., Yang, Q., Xu, M. and Zhang, B., 2025. Quantitative trait locus mapping for salt and drought tolerance traits in wheat (Triticum aestivum L.).",https://www.researchsquare.com/article/rs-5916007/v1,Epistatic QTLs_v3.0
E00794,Triticum aestivum,Drought tolerance,root dry weight,,,,,2A,605.928,AX-108822367-AX-86178576,,2D,436.7467,AX-110021725-AX-109869224,4.5127,1.943,"Liu, X., Sun, T., Zhou, Z., Tong, Y., Zhou, Z., Cao, H., Qu, J., Li, Z., Yang, Q., Xu, M. and Zhang, B., 2025. Quantitative trait locus mapping for salt and drought tolerance traits in wheat (Triticum aestivum L.).",https://www.researchsquare.com/article/rs-5916007/v1,Epistatic QTLs_v3.0
E00795,Triticum aestivum,Drought tolerance,root dry weight,,,,,1B,650.1613,AX-111076949-AX-109822875,,5A,480.6679,AX-109271781-AX-110367957,4.6643,2.1002,"Liu, X., Sun, T., Zhou, Z., Tong, Y., Zhou, Z., Cao, H., Qu, J., Li, Z., Yang, Q., Xu, M. and Zhang, B., 2025. Quantitative trait locus mapping for salt and drought tolerance traits in wheat (Triticum aestivum L.).",https://www.researchsquare.com/article/rs-5916007/v1,Epistatic QTLs_v3.0
E00796,Triticum aestivum,Nematode Resistance,Heterodera avenae,HUW 468 × C 306,149 RILs,ICIM,QCcnr.ccsu-1B.4,1B,38,WSNP5306-WSNP2694,QCcnr.ccsu-1B.4,1B,,,,3.0394,"Pundir S, Singh R, Singh VK, Sharma S, Balyan HS, Gupta PK, Sharma S. Mapping of QTLs and meta-QTLs for Heterodera avenae Woll. resistance in common wheat (Triticum aestivum L.). BMC Plant Biology. 2023 Oct 31;23(1):529/",https://doi.org/10.1186/s12870-023-04526-y/,Epistatic QTLs_v3.0
E00797,Triticum aestivum,Nematode Resistance,Heterodera avenae,HUW 468 × C 306,149 RILs,ICIM,QCcnr.ccsu-1D.3,1D,47,WSNP6895-WSNP5300,QCcnr.ccsu-1D.4,1D,,,,3.0101,"Pundir S, Singh R, Singh VK, Sharma S, Balyan HS, Gupta PK, Sharma S. Mapping of QTLs and meta-QTLs for Heterodera avenae Woll. resistance in common wheat (Triticum aestivum L.). BMC Plant Biology. 2023 Oct 31;23(1):529/",https://doi.org/10.1186/s12870-023-04526-y/,Epistatic QTLs_v3.0
E00798,Triticum aestivum,Nematode Resistance,Heterodera avenae,HUW 468 × C 306,149 RILs,ICIM,QCcnr.ccsu-5D.2,5D,33,WSNP5848-WSNP5491,QCcnr.ccsu-5D.2,5D,,,,2.9927,"Pundir S, Singh R, Singh VK, Sharma S, Balyan HS, Gupta PK, Sharma S. Mapping of QTLs and meta-QTLs for Heterodera avenae Woll. resistance in common wheat (Triticum aestivum L.). BMC Plant Biology. 2023 Oct 31;23(1):529/",https://doi.org/10.1186/s12870-023-04526-y/,Epistatic QTLs_v3.0
E00799,Triticum aestivum,Nematode Resistance,Heterodera avenae,HUW 468 × C 306,149 RILs,ICIM,QCcnr.ccsu-6A.5,6A,119,WSNP5230-WSNP7,QCcnr.ccsu-6A.5,6A,,,,2.9482,"Pundir S, Singh R, Singh VK, Sharma S, Balyan HS, Gupta PK, Sharma S. Mapping of QTLs and meta-QTLs for Heterodera avenae Woll. resistance in common wheat (Triticum aestivum L.). BMC Plant Biology. 2023 Oct 31;23(1):529/",https://doi.org/10.1186/s12870-023-04526-y/,Epistatic QTLs_v3.0
E00800,Triticum aestivum,Nematode Resistance,Heterodera avenae,HUW 468 × C 306,149 RILs,ICIM,QCcnr.ccsu-7A.3,7A,32,WSNP3445-WSNP5244,QCcnr.ccsu-7A.6,7A,,,,2.9385,"Pundir S, Singh R, Singh VK, Sharma S, Balyan HS, Gupta PK, Sharma S. Mapping of QTLs and meta-QTLs for Heterodera avenae Woll. resistance in common wheat (Triticum aestivum L.). BMC Plant Biology. 2023 Oct 31;23(1):529/",https://doi.org/10.1186/s12870-023-04526-y/,Epistatic QTLs_v3.0
E00801,Triticum aestivum,Nematode Resistance,Heterodera avenae,HUW 468 × C 306,149 RILs,ICIM,QCcnr.ccsu-5A.9,5A,349,WSNP6033-WSNP2268,QCcnr.ccsu-5A.10,5A,,,,2.9164,"Pundir S, Singh R, Singh VK, Sharma S, Balyan HS, Gupta PK, Sharma S. Mapping of QTLs and meta-QTLs for Heterodera avenae Woll. resistance in common wheat (Triticum aestivum L.). BMC Plant Biology. 2023 Oct 31;23(1):529/",https://doi.org/10.1186/s12870-023-04526-y/,Epistatic QTLs_v3.0
E00802,Triticum aestivum,Nematode Resistance,Heterodera avenae,HUW 468 × C 306,149 RILs,ICIM,QCcnr.ccsu-5A.4,5A,101,WSNP550-WSNP6133,QCcnr.ccsu-6A.2,6A,,,,2.9054,"Pundir S, Singh R, Singh VK, Sharma S, Balyan HS, Gupta PK, Sharma S. Mapping of QTLs and meta-QTLs for Heterodera avenae Woll. resistance in common wheat (Triticum aestivum L.). BMC Plant Biology. 2023 Oct 31;23(1):529/",https://doi.org/10.1186/s12870-023-04526-y/,Epistatic QTLs_v3.0
E00803,Triticum aestivum,Nematode Resistance,Heterodera avenae,HUW 468 × C 306,149 RILs,ICIM,QCcnr.ccsu-5B.2,5B,80,WSNP3762-WSNP6244,QCcnr.ccsu-7D.1,7D,,,,2.8195,"Pundir S, Singh R, Singh VK, Sharma S, Balyan HS, Gupta PK, Sharma S. Mapping of QTLs and meta-QTLs for Heterodera avenae Woll. resistance in common wheat (Triticum aestivum L.). BMC Plant Biology. 2023 Oct 31;23(1):529/",https://doi.org/10.1186/s12870-023-04526-y/,Epistatic QTLs_v3.0
E00804,Triticum aestivum,Nematode Resistance,Heterodera avenae,HUW 468 × C 306,149 RILs,ICIM,QCcnr.ccsu-1A.1,1A,11,WSNP2451-WSNP2935,QCcnr.ccsu-1A.2,1A,,,,2.8147,"Pundir S, Singh R, Singh VK, Sharma S, Balyan HS, Gupta PK, Sharma S. Mapping of QTLs and meta-QTLs for Heterodera avenae Woll. resistance in common wheat (Triticum aestivum L.). BMC Plant Biology. 2023 Oct 31;23(1):529/",https://doi.org/10.1186/s12870-023-04526-y/,Epistatic QTLs_v3.0
E00805,Triticum aestivum,Nematode Resistance,Heterodera avenae,HUW 468 × C 306,149 RILs,ICIM,QCcnr.ccsu-2A.8,2A,129,WSNP2316-WSNP3948,QCcnr.ccsu-2A.8,2A,,,,2.7765,"Pundir S, Singh R, Singh VK, Sharma S, Balyan HS, Gupta PK, Sharma S. Mapping of QTLs and meta-QTLs for Heterodera avenae Woll. resistance in common wheat (Triticum aestivum L.). BMC Plant Biology. 2023 Oct 31;23(1):529/",https://doi.org/10.1186/s12870-023-04526-y/,Epistatic QTLs_v3.0
E00806,Triticum aestivum,Nematode Resistance,Heterodera avenae,HUW 468 × C 306,149 RILs,ICIM,QCcnr.ccsu-6D.1,6D,10,WSNP3101-WSNP5727,QCcnr.ccsu-6D.1,6D,,,,2.7492,"Pundir S, Singh R, Singh VK, Sharma S, Balyan HS, Gupta PK, Sharma S. Mapping of QTLs and meta-QTLs for Heterodera avenae Woll. resistance in common wheat (Triticum aestivum L.). BMC Plant Biology. 2023 Oct 31;23(1):529/",https://doi.org/10.1186/s12870-023-04526-y/,Epistatic QTLs_v3.0
E00807,Triticum aestivum,Nematode Resistance,Heterodera avenae,HUW 468 × C 306,149 RILs,ICIM,QCcnr.ccsu-4B.3,4B,29,WSNP2749-WSNP531,QCcnr.ccsu-4B.3,4B,,,,2.6957,"Pundir S, Singh R, Singh VK, Sharma S, Balyan HS, Gupta PK, Sharma S. Mapping of QTLs and meta-QTLs for Heterodera avenae Woll. resistance in common wheat (Triticum aestivum L.). BMC Plant Biology. 2023 Oct 31;23(1):529/",https://doi.org/10.1186/s12870-023-04526-y/,Epistatic QTLs_v3.0
E00808,Triticum aestivum,Nematode Resistance,Heterodera avenae,HUW 468 × C 306,149 RILs,ICIM,QCcnr.ccsu-2A.1,2A,18,WSNP6862-WSNP4934,QCcnr.ccsu-5A.7,5A,,,,2.6796,"Pundir S, Singh R, Singh VK, Sharma S, Balyan HS, Gupta PK, Sharma S. Mapping of QTLs and meta-QTLs for Heterodera avenae Woll. resistance in common wheat (Triticum aestivum L.). BMC Plant Biology. 2023 Oct 31;23(1):529/",https://doi.org/10.1186/s12870-023-04526-y/,Epistatic QTLs_v3.0
E00809,Triticum aestivum,Nematode Resistance,Heterodera avenae,HUW 468 × C 306,149 RILs,ICIM,QCcnr.ccsu-5B.7,5B,180,WSNP812-WSNP6049,QCcnr.ccsu-5D.1,5D,,,,2.6521,"Pundir S, Singh R, Singh VK, Sharma S, Balyan HS, Gupta PK, Sharma S. Mapping of QTLs and meta-QTLs for Heterodera avenae Woll. resistance in common wheat (Triticum aestivum L.). BMC Plant Biology. 2023 Oct 31;23(1):529/",https://doi.org/10.1186/s12870-023-04526-y/,Epistatic QTLs_v3.0
E00810,Triticum aestivum,Nematode Resistance,Heterodera avenae,HUW 468 × C 306,149 RILs,ICIM,QCcnr.ccsu-3A.11,3A,117,WSNP6054-WSNP430,QCcnr.ccsu-3A.12,3A,,,,2.5951,"Pundir S, Singh R, Singh VK, Sharma S, Balyan HS, Gupta PK, Sharma S. Mapping of QTLs and meta-QTLs for Heterodera avenae Woll. resistance in common wheat (Triticum aestivum L.). BMC Plant Biology. 2023 Oct 31;23(1):529/",https://doi.org/10.1186/s12870-023-04526-y/,Epistatic QTLs_v3.0
E00811,Triticum aestivum,Nematode Resistance,Heterodera avenae,HUW 468 × C 306,149 RILs,ICIM,QCcnr.ccsu-2A.1,2A,17,WSNP6862-WSNP4934,QCcnr.ccsu-7A.1,7A,,,,2.5667,"Pundir S, Singh R, Singh VK, Sharma S, Balyan HS, Gupta PK, Sharma S. Mapping of QTLs and meta-QTLs for Heterodera avenae Woll. resistance in common wheat (Triticum aestivum L.). BMC Plant Biology. 2023 Oct 31;23(1):529/",https://doi.org/10.1186/s12870-023-04526-y/,Epistatic QTLs_v3.0
E00812,Triticum aestivum,Nematode Resistance,Heterodera avenae,HUW 468 × C 306,149 RILs,ICIM,QCcnr.ccsu-2B.3,2B,112,WSNP4462-WSNP2097,QCcnr.ccsu-2B.5,2B,,,,2.551,"Pundir S, Singh R, Singh VK, Sharma S, Balyan HS, Gupta PK, Sharma S. Mapping of QTLs and meta-QTLs for Heterodera avenae Woll. resistance in common wheat (Triticum aestivum L.). BMC Plant Biology. 2023 Oct 31;23(1):529/",https://doi.org/10.1186/s12870-023-04526-y/,Epistatic QTLs_v3.0
E00813,Triticum aestivum,Nematode Resistance,Heterodera avenae,HUW 468 × C 306,149 RILs,ICIM,QCcnr.ccsu-7D.2,7D,12,WSNP2296-WSNP1778,QCcnr.ccsu-7D.2,7D,,,,2.5336,"Pundir S, Singh R, Singh VK, Sharma S, Balyan HS, Gupta PK, Sharma S. Mapping of QTLs and meta-QTLs for Heterodera avenae Woll. resistance in common wheat (Triticum aestivum L.). BMC Plant Biology. 2023 Oct 31;23(1):529/",https://doi.org/10.1186/s12870-023-04526-y/,Epistatic QTLs_v3.0
E00814,Triticum aestivum,Nematode Resistance,Heterodera avenae,HUW 468 × C 306,149 RILs,ICIM,QCcnr.ccsu-5B.2,5B,78,WSNP3762-WSNP6244,QCcnr.ccsu-5B.3,5B,,,,2.5223,"Pundir S, Singh R, Singh VK, Sharma S, Balyan HS, Gupta PK, Sharma S. Mapping of QTLs and meta-QTLs for Heterodera avenae Woll. resistance in common wheat (Triticum aestivum L.). BMC Plant Biology. 2023 Oct 31;23(1):529/",https://doi.org/10.1186/s12870-023-04526-y/,Epistatic QTLs_v3.0
E00815,Triticum aestivum,Nematode Resistance,Heterodera avenae,HUW 468 × C 306,149 RILs,ICIM,QCcnr.ccsu-4A.1,4A,13,WSNP2992-WSNP5830,QCcnr.ccsu-4A.3,4A,,,,2.4766,"Pundir S, Singh R, Singh VK, Sharma S, Balyan HS, Gupta PK, Sharma S. Mapping of QTLs and meta-QTLs for Heterodera avenae Woll. resistance in common wheat (Triticum aestivum L.). BMC Plant Biology. 2023 Oct 31;23(1):529/",https://doi.org/10.1186/s12870-023-04526-y/,Epistatic QTLs_v3.0
E00816,Triticum aestivum,Nematode Resistance,Heterodera avenae,HUW 468 × C 306,149 RILs,ICIM,QCcnr.ccsu-7B.5,7B,93,WSNP1064-WSNP4586,QCcnr.ccsu-7B.8,7B,,,,2.4684,"Pundir S, Singh R, Singh VK, Sharma S, Balyan HS, Gupta PK, Sharma S. Mapping of QTLs and meta-QTLs for Heterodera avenae Woll. resistance in common wheat (Triticum aestivum L.). BMC Plant Biology. 2023 Oct 31;23(1):529/",https://doi.org/10.1186/s12870-023-04526-y/,Epistatic QTLs_v3.0
E00817,Triticum aestivum,Nematode Resistance,Heterodera avenae,HUW 468 × C 306,149 RILs,ICIM,QCcnr.ccsu-6A.3,6A,74,WSNP5653-WSNP261,QCcnr.ccsu-7D.2,7D,,,,2.2921,"Pundir S, Singh R, Singh VK, Sharma S, Balyan HS, Gupta PK, Sharma S. Mapping of QTLs and meta-QTLs for Heterodera avenae Woll. resistance in common wheat (Triticum aestivum L.). BMC Plant Biology. 2023 Oct 31;23(1):529/",https://doi.org/10.1186/s12870-023-04526-y/,Epistatic QTLs_v3.0
E00818,Triticum aestivum,Nematode Resistance,Heterodera avenae,HUW 468 × C 306,149 RILs,ICIM,QCcnr.ccsu-2B.4,2B,114,WSNP1823-WSNP5896,QCcnr.ccsu-5A.7,5A,,,,2.1895,"Pundir S, Singh R, Singh VK, Sharma S, Balyan HS, Gupta PK, Sharma S. Mapping of QTLs and meta-QTLs for Heterodera avenae Woll. resistance in common wheat (Triticum aestivum L.). BMC Plant Biology. 2023 Oct 31;23(1):529/",https://doi.org/10.1186/s12870-023-04526-y/,Epistatic QTLs_v3.0
E00819,Triticum aestivum,Nematode Resistance,Heterodera avenae,HUW 468 × C 306,149 RILs,ICIM,QCcnr.ccsu-2D.1,2D,62,WSNP3429-WSNP5211,QCcnr.ccsu-2D.2,2D,,,,1.8427,"Pundir S, Singh R, Singh VK, Sharma S, Balyan HS, Gupta PK, Sharma S. Mapping of QTLs and meta-QTLs for Heterodera avenae Woll. resistance in common wheat (Triticum aestivum L.). BMC Plant Biology. 2023 Oct 31;23(1):529/",https://doi.org/10.1186/s12870-023-04526-y/,Epistatic QTLs_v3.0
E00820,Triticum aestivum,Nematode Resistance,Heterodera avenae,HUW 468 × C 306,149 RILs,ICIM,QCcnr.ccsu-2A.2,2A,21,WSNP6862-WSNP4934,QCcnr.ccsu-6A.7,6A,,,,1.4541,"Pundir S, Singh R, Singh VK, Sharma S, Balyan HS, Gupta PK, Sharma S. Mapping of QTLs and meta-QTLs for Heterodera avenae Woll. resistance in common wheat (Triticum aestivum L.). BMC Plant Biology. 2023 Oct 31;23(1):529/",https://doi.org/10.1186/s12870-023-04526-y/,Epistatic QTLs_v3.0
E00821,Triticum aestivum,Nematode Resistance,Heterodera avenae,HUW 468 × C 306,149 RILs,ICIM,QCcnr.ccsu-5D.3,5D,119,WSNP7000-WSNP659,QCcnr.ccsu-7B.7,7B,,,,1.3525,"Pundir S, Singh R, Singh VK, Sharma S, Balyan HS, Gupta PK, Sharma S. Mapping of QTLs and meta-QTLs for Heterodera avenae Woll. resistance in common wheat (Triticum aestivum L.). BMC Plant Biology. 2023 Oct 31;23(1):529/",https://doi.org/10.1186/s12870-023-04526-y/,Epistatic QTLs_v3.0
E00822,Triticum aestivum,Nematode Resistance,Heterodera avenae,HUW 468 × C 306,149 RILs,ICIM,QCcnr.ccsu-4D.1,4D,6,WSNP2027-WSNP2475,QCcnr.ccsu-4D.2,4D,,,,1.1468,"Pundir S, Singh R, Singh VK, Sharma S, Balyan HS, Gupta PK, Sharma S. Mapping of QTLs and meta-QTLs for Heterodera avenae Woll. resistance in common wheat (Triticum aestivum L.). BMC Plant Biology. 2023 Oct 31;23(1):529/",https://doi.org/10.1186/s12870-023-04526-y/,Epistatic QTLs_v3.0
E00823,Triticum aestivum,Nematode Resistance,Heterodera avenae,HUW 468 × C 306,149 RILs,ICIM,QCcnr.ccsu-5B.5,5B,153,WSNP3605-WSNP5661,QCcnr.ccsu-7B.4,7B,,,,0.9861,"Pundir S, Singh R, Singh VK, Sharma S, Balyan HS, Gupta PK, Sharma S. Mapping of QTLs and meta-QTLs for Heterodera avenae Woll. resistance in common wheat (Triticum aestivum L.). BMC Plant Biology. 2023 Oct 31;23(1):529/",https://doi.org/10.1186/s12870-023-04526-y/,Epistatic QTLs_v3.0
E00824,Triticum aestivum,Nematode Resistance,Heterodera avenae,HUW 468 × C 306,149 RILs,ICIM,QCcnr.ccsu-4B.8,4B,154,WSNP4610-WSNP1102,QCcnr.ccsu-5A.3,5A,,,,0.7969,"Pundir S, Singh R, Singh VK, Sharma S, Balyan HS, Gupta PK, Sharma S. Mapping of QTLs and meta-QTLs for Heterodera avenae Woll. resistance in common wheat (Triticum aestivum L.). BMC Plant Biology. 2023 Oct 31;23(1):529/",https://doi.org/10.1186/s12870-023-04526-y/,Epistatic QTLs_v3.0
E00825,Triticum aestivum,Nematode Resistance,Heterodera avenae,HUW 468 × C 306,149 RILs,ICIM,QCcnr.ccsu-3A.10,3A,92,WSNP5792-WSNP6916,QCcnr.ccsu-7A.4,7A,,,,0.7806,"Pundir S, Singh R, Singh VK, Sharma S, Balyan HS, Gupta PK, Sharma S. Mapping of QTLs and meta-QTLs for Heterodera avenae Woll. resistance in common wheat (Triticum aestivum L.). BMC Plant Biology. 2023 Oct 31;23(1):529/",https://doi.org/10.1186/s12870-023-04526-y/,Epistatic QTLs_v3.0
E00826,Triticum aestivum,Nematode Resistance,Heterodera avenae,HUW 468 × C 306,149 RILs,ICIM,QCcnr.ccsu-1D.5,1D,89,WSNP736-WSNP2506,QCcnr.ccsu-7B.6,7B,,,,0.7736,"Pundir S, Singh R, Singh VK, Sharma S, Balyan HS, Gupta PK, Sharma S. Mapping of QTLs and meta-QTLs for Heterodera avenae Woll. resistance in common wheat (Triticum aestivum L.). BMC Plant Biology. 2023 Oct 31;23(1):529/",https://doi.org/10.1186/s12870-023-04526-y/,Epistatic QTLs_v3.0
E00827,Triticum aestivum,Nematode Resistance,Heterodera avenae,HUW 468 × C 306,149 RILs,ICIM,QCcnr.ccsu-3A.7,3A,56,WSNP2016-WSNP1870,QCcnr.ccsu-4B.5,4B,,,,0.7696,"Pundir S, Singh R, Singh VK, Sharma S, Balyan HS, Gupta PK, Sharma S. Mapping of QTLs and meta-QTLs for Heterodera avenae Woll. resistance in common wheat (Triticum aestivum L.). BMC Plant Biology. 2023 Oct 31;23(1):529/",https://doi.org/10.1186/s12870-023-04526-y/,Epistatic QTLs_v3.0
E00828,Triticum aestivum,Nematode Resistance,Heterodera avenae,HUW 468 × C 306,149 RILs,ICIM,QCcnr.ccsu-3D.1,3D,29,WSNP689-WSNP4467,QCcnr.ccsu-5B.6,5B,,,,0.7554,"Pundir S, Singh R, Singh VK, Sharma S, Balyan HS, Gupta PK, Sharma S. Mapping of QTLs and meta-QTLs for Heterodera avenae Woll. resistance in common wheat (Triticum aestivum L.). BMC Plant Biology. 2023 Oct 31;23(1):529/",https://doi.org/10.1186/s12870-023-04526-y/,Epistatic QTLs_v3.0
E00829,Triticum aestivum,Nematode Resistance,Heterodera avenae,HUW 468 × C 306,149 RILs,ICIM,QCcnr.ccsu-2A.6,2A,99,WSNP2760-WSNP2208,QCcnr.ccsu-2B.6,2B,,,,0.7537,"Pundir S, Singh R, Singh VK, Sharma S, Balyan HS, Gupta PK, Sharma S. Mapping of QTLs and meta-QTLs for Heterodera avenae Woll. resistance in common wheat (Triticum aestivum L.). BMC Plant Biology. 2023 Oct 31;23(1):529/",https://doi.org/10.1186/s12870-023-04526-y/,Epistatic QTLs_v3.0
E00830,Triticum aestivum,Nematode Resistance,Heterodera avenae,HUW 468 × C 306,149 RILs,ICIM,QCcnr.ccsu-4B.2,4B,5,WSNP4564-WSNP5286,QCcnr.ccsu-7B.4,7B,,,,0.7404,"Pundir S, Singh R, Singh VK, Sharma S, Balyan HS, Gupta PK, Sharma S. Mapping of QTLs and meta-QTLs for Heterodera avenae Woll. resistance in common wheat (Triticum aestivum L.). BMC Plant Biology. 2023 Oct 31;23(1):529/",https://doi.org/10.1186/s12870-023-04526-y/,Epistatic QTLs_v3.0
E00831,Triticum aestivum,Nematode Resistance,Heterodera avenae,HUW 468 × C 306,149 RILs,ICIM,QCcnr.ccsu-6B.1,6B,0,WSNP3691-WSNP2557,QCcnr.ccsu-6B.2,6B,,,,0.6003,"Pundir S, Singh R, Singh VK, Sharma S, Balyan HS, Gupta PK, Sharma S. Mapping of QTLs and meta-QTLs for Heterodera avenae Woll. resistance in common wheat (Triticum aestivum L.). BMC Plant Biology. 2023 Oct 31;23(1):529/",https://doi.org/10.1186/s12870-023-04526-y/,Epistatic QTLs_v3.0
E00832,Triticum aestivum,Nematode Resistance,Heterodera avenae,HUW 468 × C 306,149 RILs,ICIM,QCcnr.ccsu-1B.8,1B,110,WSNP4917-WSNP1091,QCcnr.ccsu-4B.7,4B,,,,0.5793,"Pundir S, Singh R, Singh VK, Sharma S, Balyan HS, Gupta PK, Sharma S. Mapping of QTLs and meta-QTLs for Heterodera avenae Woll. resistance in common wheat (Triticum aestivum L.). BMC Plant Biology. 2023 Oct 31;23(1):529/",https://doi.org/10.1186/s12870-023-04526-y/,Epistatic QTLs_v3.0
E00833,Triticum aestivum,Nematode Resistance,Heterodera avenae,HUW 468 × C 306,149 RILs,ICIM,QCcnr.ccsu-1A.3,1A,42,WSNP5213-WSNP6031,QCcnr.ccsu-3A.2,3A,,,,0.5151,"Pundir S, Singh R, Singh VK, Sharma S, Balyan HS, Gupta PK, Sharma S. Mapping of QTLs and meta-QTLs for Heterodera avenae Woll. resistance in common wheat (Triticum aestivum L.). BMC Plant Biology. 2023 Oct 31;23(1):529/",https://doi.org/10.1186/s12870-023-04526-y/,Epistatic QTLs_v3.0
E00834,Triticum aestivum,Nematode Resistance,Heterodera avenae,HUW 468 × C 306,149 RILs,ICIM,QCcnr.ccsu-1B.7,1B,88,WSNP4270-WSNP179,QCcnr.ccsu-5A.10,5A,,,,0.4922,"Pundir S, Singh R, Singh VK, Sharma S, Balyan HS, Gupta PK, Sharma S. Mapping of QTLs and meta-QTLs for Heterodera avenae Woll. resistance in common wheat (Triticum aestivum L.). BMC Plant Biology. 2023 Oct 31;23(1):529/",https://doi.org/10.1186/s12870-023-04526-y/,Epistatic QTLs_v3.0
E00835,Triticum aestivum,Nematode Resistance,Heterodera avenae,HUW 468 × C 306,149 RILs,ICIM,QCcnr.ccsu-1B.5,1B,42,WSNP5306-WSNP2694,QCcnr.ccsu-1B.6,1B,,,,10.0127,"Pundir S, Singh R, Singh VK, Sharma S, Balyan HS, Gupta PK, Sharma S. Mapping of QTLs and meta-QTLs for Heterodera avenae Woll. resistance in common wheat (Triticum aestivum L.). BMC Plant Biology. 2023 Oct 31;23(1):529/",https://doi.org/10.1186/s12870-023-04526-y/,Epistatic QTLs_v3.0
E00836,Triticum aestivum,Nematode Resistance,Heterodera avenae,HUW 468 × C 306,149 RILs,ICIM,QCcnr.ccsu-5A.9,5A,349,WSNP6033-WSNP2268,QCcnr.ccsu-5A.10,5A,,,,7.0503,"Pundir S, Singh R, Singh VK, Sharma S, Balyan HS, Gupta PK, Sharma S. Mapping of QTLs and meta-QTLs for Heterodera avenae Woll. resistance in common wheat (Triticum aestivum L.). BMC Plant Biology. 2023 Oct 31;23(1):529/",https://doi.org/10.1186/s12870-023-04526-y/,Epistatic QTLs_v3.0
E00837,Triticum aestivum,Nematode Resistance,Heterodera avenae,HUW 468 × C 306,149 RILs,ICIM,QCcnr.ccsu-7B.1,7B,52,WSNP6802-WSNP3017,QCcnr.ccsu-7B.2,7B,,,,5.346,"Pundir S, Singh R, Singh VK, Sharma S, Balyan HS, Gupta PK, Sharma S. Mapping of QTLs and meta-QTLs for Heterodera avenae Woll. resistance in common wheat (Triticum aestivum L.). BMC Plant Biology. 2023 Oct 31;23(1):529/",https://doi.org/10.1186/s12870-023-04526-y/,Epistatic QTLs_v3.0
E00838,Triticum aestivum,Nematode Resistance,Heterodera avenae,HUW 468 × C 306,149 RILs,ICIM,QCcnr.ccsu-5A.6,5A,197,WSNP5465-WSNP3885,QCcnr.ccsu-6A.1,6A,,,,4.3616,"Pundir S, Singh R, Singh VK, Sharma S, Balyan HS, Gupta PK, Sharma S. Mapping of QTLs and meta-QTLs for Heterodera avenae Woll. resistance in common wheat (Triticum aestivum L.). BMC Plant Biology. 2023 Oct 31;23(1):529/",https://doi.org/10.1186/s12870-023-04526-y/,Epistatic QTLs_v3.0
E00839,Triticum aestivum,Nematode Resistance,Heterodera avenae,HUW 468 × C 306,149 RILs,ICIM,QCcnr.ccsu-3B.1,3B,31,WSNP2290-WSNP352,QCcnr.ccsu-4B.4,4B,,,,4.2054,"Pundir S, Singh R, Singh VK, Sharma S, Balyan HS, Gupta PK, Sharma S. Mapping of QTLs and meta-QTLs for Heterodera avenae Woll. resistance in common wheat (Triticum aestivum L.). BMC Plant Biology. 2023 Oct 31;23(1):529/",https://doi.org/10.1186/s12870-023-04526-y/,Epistatic QTLs_v3.0
E00840,Triticum aestivum,Nematode Resistance,Heterodera avenae,HUW 468 × C 306,149 RILs,ICIM,QCcnr.ccsu-2A.3,2A,27,WSNP4831-WSNP208,QCcnr.ccsu-3A.9,3A,,,,4.0289,"Pundir S, Singh R, Singh VK, Sharma S, Balyan HS, Gupta PK, Sharma S. Mapping of QTLs and meta-QTLs for Heterodera avenae Woll. resistance in common wheat (Triticum aestivum L.). BMC Plant Biology. 2023 Oct 31;23(1):529/",https://doi.org/10.1186/s12870-023-04526-y/,Epistatic QTLs_v3.0
E00841,Triticum aestivum,Nematode Resistance,Heterodera avenae,HUW 468 × C 306,149 RILs,ICIM,QCcnr.ccsu-2A.7,2A,104,WSNP2208-WSNP2220,QCcnr.ccsu-6A.8,6A,,,,3.9252,"Pundir S, Singh R, Singh VK, Sharma S, Balyan HS, Gupta PK, Sharma S. Mapping of QTLs and meta-QTLs for Heterodera avenae Woll. resistance in common wheat (Triticum aestivum L.). BMC Plant Biology. 2023 Oct 31;23(1):529/",https://doi.org/10.1186/s12870-023-04526-y/,Epistatic QTLs_v3.0
E00842,Triticum aestivum,Nematode Resistance,Heterodera avenae,HUW 468 × C 306,149 RILs,ICIM,QCcnr.ccsu-5B.4,5B,95,WSNP6569-WSNP4174,QCcnr.ccsu-6A.4,6A,,,,3.48,"Pundir S, Singh R, Singh VK, Sharma S, Balyan HS, Gupta PK, Sharma S. Mapping of QTLs and meta-QTLs for Heterodera avenae Woll. resistance in common wheat (Triticum aestivum L.). BMC Plant Biology. 2023 Oct 31;23(1):529/",https://doi.org/10.1186/s12870-023-04526-y/,Epistatic QTLs_v3.0
E00843,Triticum aestivum,Nematode Resistance,Heterodera avenae,HUW 468 × C 306,149 RILs,ICIM,QCcnr.ccsu-3A.8,3A,75,WSNP4176-WSNP5372,QCcnr.ccsu-7B.9,7B,,,,2.8635,"Pundir S, Singh R, Singh VK, Sharma S, Balyan HS, Gupta PK, Sharma S. Mapping of QTLs and meta-QTLs for Heterodera avenae Woll. resistance in common wheat (Triticum aestivum L.). BMC Plant Biology. 2023 Oct 31;23(1):529/",https://doi.org/10.1186/s12870-023-04526-y/,Epistatic QTLs_v3.0
E00844,Triticum aestivum,Nematode Resistance,Heterodera avenae,HUW 468 × C 306,149 RILs,ICIM,QCcnr.ccsu-1D.1,1D,15,WSNP3269-WSNP4019,QCcnr.ccsu-7D.3,7D,,,,2.7349,"Pundir S, Singh R, Singh VK, Sharma S, Balyan HS, Gupta PK, Sharma S. Mapping of QTLs and meta-QTLs for Heterodera avenae Woll. resistance in common wheat (Triticum aestivum L.). BMC Plant Biology. 2023 Oct 31;23(1):529/",https://doi.org/10.1186/s12870-023-04526-y/,Epistatic QTLs_v3.0
E00845,Triticum aestivum,Nematode Resistance,Heterodera avenae,HUW 468 × C 306,149 RILs,ICIM,QCcnr.ccsu-3A.3,3A,18,WSNP5078-WSNP4320,QCcnr.ccsu-5A.2,5A,,,,2.6296,"Pundir S, Singh R, Singh VK, Sharma S, Balyan HS, Gupta PK, Sharma S. Mapping of QTLs and meta-QTLs for Heterodera avenae Woll. resistance in common wheat (Triticum aestivum L.). BMC Plant Biology. 2023 Oct 31;23(1):529/",https://doi.org/10.1186/s12870-023-04526-y/,Epistatic QTLs_v3.0
E00846,Triticum aestivum,Nematode Resistance,Heterodera avenae,HUW 468 × C 306,149 RILs,ICIM,QCcnr.ccsu-1D.2,1D,16,WSNP4019-WSNP2831,QCcnr.ccsu-6A.6,6A,,,,2.4945,"Pundir S, Singh R, Singh VK, Sharma S, Balyan HS, Gupta PK, Sharma S. Mapping of QTLs and meta-QTLs for Heterodera avenae Woll. resistance in common wheat (Triticum aestivum L.). BMC Plant Biology. 2023 Oct 31;23(1):529/",https://doi.org/10.1186/s12870-023-04526-y/,Epistatic QTLs_v3.0
E00847,Triticum aestivum,Nematode Resistance,Heterodera avenae,HUW 468 × C 306,149 RILs,ICIM,QCcnr.ccsu-2B.7,2B,195,WSNP119-WSNP4536,QCcnr.ccsu-5B.1,5B,,,,2.3818,"Pundir S, Singh R, Singh VK, Sharma S, Balyan HS, Gupta PK, Sharma S. Mapping of QTLs and meta-QTLs for Heterodera avenae Woll. resistance in common wheat (Triticum aestivum L.). BMC Plant Biology. 2023 Oct 31;23(1):529/",https://doi.org/10.1186/s12870-023-04526-y/,Epistatic QTLs_v3.0
E00848,Triticum aestivum,Nematode Resistance,Heterodera avenae,HUW 468 × C 306,149 RILs,ICIM,QCcnr.ccsu-2A.1,2A,18,WSNP6862-WSNP4934,QCcnr.ccsu-6A.7,6A,,,,7.492,"Pundir S, Singh R, Singh VK, Sharma S, Balyan HS, Gupta PK, Sharma S. Mapping of QTLs and meta-QTLs for Heterodera avenae Woll. resistance in common wheat (Triticum aestivum L.). BMC Plant Biology. 2023 Oct 31;23(1):529/",https://doi.org/10.1186/s12870-023-04526-y/,Epistatic QTLs_v3.0
E00849,Triticum aestivum,Nematode Resistance,Heterodera avenae,HUW 468 × C 306,149 RILs,ICIM,QCcnr.ccsu-2A.5,2A,7,WSNP6862-WSNP4934,QCcnr.ccsu-4A.2,4A,,,,5.7649,"Pundir S, Singh R, Singh VK, Sharma S, Balyan HS, Gupta PK, Sharma S. Mapping of QTLs and meta-QTLs for Heterodera avenae Woll. resistance in common wheat (Triticum aestivum L.). BMC Plant Biology. 2023 Oct 31;23(1):529/",https://doi.org/10.1186/s12870-023-04526-y/,Epistatic QTLs_v3.0
E00850,Triticum aestivum,Nematode Resistance,Heterodera avenae,HUW 468 × C 306,149 RILs,ICIM,QCcnr.ccsu-3A.4,3A,32,WSNP5347-WSNP1228,QCcnr.ccsu-3A.5,3A,,,,5.3825,"Pundir S, Singh R, Singh VK, Sharma S, Balyan HS, Gupta PK, Sharma S. Mapping of QTLs and meta-QTLs for Heterodera avenae Woll. resistance in common wheat (Triticum aestivum L.). BMC Plant Biology. 2023 Oct 31;23(1):529/",https://doi.org/10.1186/s12870-023-04526-y/,Epistatic QTLs_v3.0
E00851,Triticum aestivum,Nematode Resistance,Heterodera avenae,HUW 468 × C 306,149 RILs,ICIM,QCcnr.ccsu-7A.2,7A,15,WSNP5296-WSNP6353,QCcnr.ccsu-7A.5,7A,,,,5.3518,"Pundir S, Singh R, Singh VK, Sharma S, Balyan HS, Gupta PK, Sharma S. Mapping of QTLs and meta-QTLs for Heterodera avenae Woll. resistance in common wheat (Triticum aestivum L.). BMC Plant Biology. 2023 Oct 31;23(1):529/",https://doi.org/10.1186/s12870-023-04526-y/,Epistatic QTLs_v3.0
E00852,Triticum aestivum,Nematode Resistance,Heterodera avenae,HUW 468 × C 306,149 RILs,ICIM,QCcnr.ccsu-4B.5,4B,92,WSNP3541-WSNP4213,QCcnr.ccsu-4B.6,4B,,,,4.2368,"Pundir S, Singh R, Singh VK, Sharma S, Balyan HS, Gupta PK, Sharma S. Mapping of QTLs and meta-QTLs for Heterodera avenae Woll. resistance in common wheat (Triticum aestivum L.). BMC Plant Biology. 2023 Oct 31;23(1):529/",https://doi.org/10.1186/s12870-023-04526-y/,Epistatic QTLs_v3.0
E00853,Triticum aestivum,Nematode Resistance,Heterodera avenae,HUW 468 × C 306,149 RILs,ICIM,QCcnr.ccsu-5A.1,5A,16,WSNP4120-WSNP4852,QCcnr.ccsu-7B.3,7B,,,,4.0032,"Pundir S, Singh R, Singh VK, Sharma S, Balyan HS, Gupta PK, Sharma S. Mapping of QTLs and meta-QTLs for Heterodera avenae Woll. resistance in common wheat (Triticum aestivum L.). BMC Plant Biology. 2023 Oct 31;23(1):529/",https://doi.org/10.1186/s12870-023-04526-y/,Epistatic QTLs_v3.0
E00854,Triticum aestivum,Nematode Resistance,Heterodera avenae,HUW 468 × C 306,149 RILs,ICIM,QCcnr.ccsu-3A.6,3A,55,WSNP2409-WSNP2016,QCcnr.ccsu-4B.1,4B,,,,3.7593,"Pundir S, Singh R, Singh VK, Sharma S, Balyan HS, Gupta PK, Sharma S. Mapping of QTLs and meta-QTLs for Heterodera avenae Woll. resistance in common wheat (Triticum aestivum L.). BMC Plant Biology. 2023 Oct 31;23(1):529/",https://doi.org/10.1186/s12870-023-04526-y/,Epistatic QTLs_v3.0
E00855,Triticum aestivum,Nematode Resistance,Heterodera avenae,HUW 468 × C 306,149 RILs,ICIM,QCcnr.ccsu-2B.2,2B,91,WSNP6061-WSNP6121,QCcnr.ccsu-5A.8,5A,,,,3.5936,"Pundir S, Singh R, Singh VK, Sharma S, Balyan HS, Gupta PK, Sharma S. Mapping of QTLs and meta-QTLs for Heterodera avenae Woll. resistance in common wheat (Triticum aestivum L.). BMC Plant Biology. 2023 Oct 31;23(1):529/",https://doi.org/10.1186/s12870-023-04526-y/,Epistatic QTLs_v3.0
E00856,Triticum aestivum,Nematode Resistance,Heterodera avenae,HUW 468 × C 306,149 RILs,ICIM,QCcnr.ccsu-2A.9,2A,248,WSNP5609-WSNP6304,QCcnr.ccsu-2B.1,2B,,,,2.8817,"Pundir S, Singh R, Singh VK, Sharma S, Balyan HS, Gupta PK, Sharma S. Mapping of QTLs and meta-QTLs for Heterodera avenae Woll. resistance in common wheat (Triticum aestivum L.). BMC Plant Biology. 2023 Oct 31;23(1):529/",https://doi.org/10.1186/s12870-023-04526-y/,Epistatic QTLs_v3.0
E00857,Triticum aestivum,Nematode Resistance,Heterodera avenae,HUW 468 × C 306,149 RILs,ICIM,QCcnr.ccsu-4B.8,4B,154,WSNP4610-WSNP1102,QCcnr.ccsu-7B.4,7B,,,,2.8444,"Pundir S, Singh R, Singh VK, Sharma S, Balyan HS, Gupta PK, Sharma S. Mapping of QTLs and meta-QTLs for Heterodera avenae Woll. resistance in common wheat (Triticum aestivum L.). BMC Plant Biology. 2023 Oct 31;23(1):529/",https://doi.org/10.1186/s12870-023-04526-y/,Epistatic QTLs_v3.0
E00858,Triticum aestivum,Nematode Resistance,Heterodera avenae,HUW 468 × C 306,149 RILs,ICIM,QCcnr.ccsu-3A.5,3A,37,WSNP1228-WSNP6307,QCcnr.ccsu-5A.5,5A,,,,2.5004,"Pundir S, Singh R, Singh VK, Sharma S, Balyan HS, Gupta PK, Sharma S. Mapping of QTLs and meta-QTLs for Heterodera avenae Woll. resistance in common wheat (Triticum aestivum L.). BMC Plant Biology. 2023 Oct 31;23(1):529/",https://doi.org/10.1186/s12870-023-04526-y/,Epistatic QTLs_v3.0
E00859,Triticum aestivum,Nematode Resistance,Heterodera avenae,HUW 468 × C 306,149 RILs,ICIM,QCcnr.ccsu-6A.8,6A,183,WSNP2036-WSNP734,QCcnr.ccsu-6B.3,6B,,,,2.3532,"Pundir S, Singh R, Singh VK, Sharma S, Balyan HS, Gupta PK, Sharma S. Mapping of QTLs and meta-QTLs for Heterodera avenae Woll. resistance in common wheat (Triticum aestivum L.). BMC Plant Biology. 2023 Oct 31;23(1):529/",https://doi.org/10.1186/s12870-023-04526-y/,Epistatic QTLs_v3.0
E00860,Triticum aestivum,Physiological Traits,Awn leangth,,,,eqAl-1A-1,1A,10,"AX-110669146, AX-110511743",eqAl-1A-2,1A,15,"AX-110669146, AX-110511743",12.75,2.29,,https://www.frontiersin.org/journals/plant-science/articles/10.3389/fpls.2024.1417588/full,Epistatic QTLs_v3.0
E00861,Triticum aestivum,Physiological Traits,Awn leangth,,,,eqAl-1B-1,1B,60,"AX-111125943, AX-108768730",eqAl-1B-2,1B,65,"AX-111125943, AX-108768730",18.46,3.01,,https://www.frontiersin.org/journals/plant-science/articles/10.3389/fpls.2024.1417588/full,Epistatic QTLs_v3.0
E00862,Triticum aestivum,Physiological Traits,Awn leangth,,,,eqAl-1B-3,1B,155,"AX-108890271, AX-110444369",eqAl- 2B.2-3,2B,70.52,"AX-108890271, AX-110444369",7.67,2.26,,https://www.frontiersin.org/journals/plant-science/articles/10.3389/fpls.2024.1417588/full,Epistatic QTLs_v3.0
E00863,Triticum aestivum,Physiological Traits,Awn leangth,,,,qAl-1D,1D,5,"AX-110942989, AX-86175642",eqAl-1D-1,1D,10,"AX-110942989, AX-86175642",15.35,2.29,,https://www.frontiersin.org/journals/plant-science/articles/10.3389/fpls.2024.1417588/full,Epistatic QTLs_v3.0
E00864,Triticum aestivum,Physiological Traits,Awn leangth,,,,eqAl-1D-2,1D,115,"AX-109944607, AX-111490142",qAl-2B.2,2B,90.52,"AX-109944607, AX-111490142",8.71,2.04,,https://www.frontiersin.org/journals/plant-science/articles/10.3389/fpls.2024.1417588/full,Epistatic QTLs_v3.0
E00865,Triticum aestivum,Physiological Traits,Awn leangth,,,,eqAl-2A-1,2A,70,"AX-109993653, AX-111747762",qAl-2A,2A,75,"AX-109993653, AX-111747762",15.87,3.1,,https://www.frontiersin.org/journals/plant-science/articles/10.3389/fpls.2024.1417588/full,Epistatic QTLs_v3.0
E00866,Triticum aestivum,Physiological Traits,Awn leangth,,,,eqAl-2A-2,2A,115,"AX-110451187, AX-108772133",qAl-2B.2,2B,90.52,"AX-110451187, AX-108772133",9.68,1.83,,https://www.frontiersin.org/journals/plant-science/articles/10.3389/fpls.2024.1417588/full,Epistatic QTLs_v3.0
E00867,Triticum aestivum,Physiological Traits,Awn leangth,,,,eqAl- 2B.2-1,2B,55.52,"AX-109579549, AX-94563800",eqAl- 2B.2-2,2B,65.52,"AX-109579549, AX-94563800",13.74,2.34,,https://www.frontiersin.org/journals/plant-science/articles/10.3389/fpls.2024.1417588/full,Epistatic QTLs_v3.0
E00868,Triticum aestivum,Physiological Traits,Awn leangth,,,,eqAl- 2B.2-2,2B,65.52,"AX-109579549, AX-94563800",eqAl-3A-2,3A,120,"AX-109579549, AX-94563800",5.47,2.25,,https://www.frontiersin.org/journals/plant-science/articles/10.3389/fpls.2024.1417588/full,Epistatic QTLs_v3.0
E00869,Triticum aestivum,Physiological Traits,Awn leangth,,,,eqAl- 2B.2-2,2B,65.52,"AX-109579549, AX-94563800",eqAl-5D-1,5D,165,"AX-109579549, AX-94563800",6,2.26,,https://www.frontiersin.org/journals/plant-science/articles/10.3389/fpls.2024.1417588/full,Epistatic QTLs_v3.0
E00870,Triticum aestivum,Physiological Traits,Awn leangth,,,,eqAl- 2B.2-2,2B,65.52,"AX-109579549, AX-94563800",eqAl-7A-1,7A,80,"AX-109579549, AX-94563800",6.02,2.12,,https://www.frontiersin.org/journals/plant-science/articles/10.3389/fpls.2024.1417588/full,Epistatic QTLs_v3.0
E00871,Triticum aestivum,Physiological Traits,Awn leangth,,,,eqAl- 2B.2-2,2B,65.52,"AX-109579549, AX-94563800",eqAl-7D-3,7D,55,"AX-109579549, AX-94563800",6.49,2.26,,https://www.frontiersin.org/journals/plant-science/articles/10.3389/fpls.2024.1417588/full,Epistatic QTLs_v3.0
E00872,Triticum aestivum,Physiological Traits,Awn leangth,,,,eqAl- 2B.2-2,2B,65.52,"AX-109579549, AX-94563800",eqAl-6D-3,6D,65,"AX-109579549, AX-94563800",7.38,2.46,,https://www.frontiersin.org/journals/plant-science/articles/10.3389/fpls.2024.1417588/full,Epistatic QTLs_v3.0
E00873,Triticum aestivum,Physiological Traits,Awn leangth,,,,eqAl- 2B.2-2,2B,65.52,"AX-109579549, AX-94563800",eqAl-4B,4B,35,"AX-109579549, AX-94563800",9.03,2.39,,https://www.frontiersin.org/journals/plant-science/articles/10.3389/fpls.2024.1417588/full,Epistatic QTLs_v3.0
E00874,Triticum aestivum,Physiological Traits,Awn leangth,,,,eqAl- 2B.2-2,2B,65.52,"AX-109579549, AX-94563800",qAl-5A.2,5A,50,"AX-109579549, AX-94563800",17.44,2.64,,https://www.frontiersin.org/journals/plant-science/articles/10.3389/fpls.2024.1417588/full,Epistatic QTLs_v3.0
E00875,Triticum aestivum,Physiological Traits,Awn leangth,,,,eqAl- 2B.2-3,2B,70.52,"AX-109579549, AX-94563800",eqAl-5B-1,5B,30,"AX-109579549, AX-94563800",8.98,2.26,,https://www.frontiersin.org/journals/plant-science/articles/10.3389/fpls.2024.1417588/full,Epistatic QTLs_v3.0
E00876,Triticum aestivum,Physiological Traits,Awn leangth,,,,qAl-2B.2,2B,90.52,"AX-110947764, AX-109329366",eqAl-3B.1,3B,15,"AX-110947764, AX-109329366",5.66,2,,https://www.frontiersin.org/journals/plant-science/articles/10.3389/fpls.2024.1417588/full,Epistatic QTLs_v3.0
E00877,Triticum aestivum,Physiological Traits,Awn leangth,,,,eqAl-2D-1,2D,86.14,"AX-109389372, AX-108912943",eqAl-2D-2,2D,91.14,"AX-109389372, AX-108912943",7.1,2.18,,https://www.frontiersin.org/journals/plant-science/articles/10.3389/fpls.2024.1417588/full,Epistatic QTLs_v3.0
E00878,Triticum aestivum,Physiological Traits,Awn leangth,,,,eqAl-3A-1,3A,115,"AX-108973024, AX-110402974",eqAl-3A-2,3A,120,"AX-108973024, AX-110402974",11.68,2.3,,https://www.frontiersin.org/journals/plant-science/articles/10.3389/fpls.2024.1417588/full,Epistatic QTLs_v3.0
E00879,Triticum aestivum,Physiological Traits,Awn leangth,,,,eqAl-3D-1,3D,90,"AX-108822945, AX-89699893",eqAl-3D-2,3D,95,"AX-108822945, AX-89699893",18.04,3.02,,https://www.frontiersin.org/journals/plant-science/articles/10.3389/fpls.2024.1417588/full,Epistatic QTLs_v3.0
E00880,Triticum aestivum,Physiological Traits,Awn leangth,,,,eqAl-4A-1,4A,40,"AX-110498221, AX-108899858",eqAl-4A-2,4A,50,"AX-110498221, AX-108899858",18.46,3.03,,https://www.frontiersin.org/journals/plant-science/articles/10.3389/fpls.2024.1417588/full,Epistatic QTLs_v3.0
E00881,Triticum aestivum,Physiological Traits,Awn leangth,,,,eqAl-4D-1,4D,75,"AX-89453387, AX-108786137",eqAl-4D-2,4D,80,"AX-89453387, AX-108786137",15.05,2.28,,https://www.frontiersin.org/journals/plant-science/articles/10.3389/fpls.2024.1417588/full,Epistatic QTLs_v3.0
E00882,Triticum aestivum,Physiological Traits,Awn leangth,,,,eqAl5A.1-1,5A,40,"AX-110028038, AX-95172283",eqAl-5A-2,5A,45,"AX-110028038, AX-95172283",12.9,2.27,,https://www.frontiersin.org/journals/plant-science/articles/10.3389/fpls.2024.1417588/full,Epistatic QTLs_v3.0
E00883,Triticum aestivum,Physiological Traits,Awn leangth,,,,eqAl-5B-2,5B,170,"AX-95629586, AX-108748458",eqAl-5B-3,5B,180,"AX-95629586, AX-108748458",11.95,2.26,,https://www.frontiersin.org/journals/plant-science/articles/10.3389/fpls.2024.1417588/full,Epistatic QTLs_v3.0
E00884,Triticum aestivum,Physiological Traits,Awn leangth,,,,eqAl-5D-1,5D,165,"AX-89753391, AX-111323000",eqAl-5D-2,5D,170,"AX-89753391, AX-111323000",22.35,3.01,,https://www.frontiersin.org/journals/plant-science/articles/10.3389/fpls.2024.1417588/full,Epistatic QTLs_v3.0
E00885,Triticum aestivum,Physiological Traits,Awn leangth,,,,eqAl-6A-1,6A,10,"AX-108729212, AX-111249450",eqAl-6A-2,6A,15,"AX-108729212, AX-111249450",12.47,2.59,,https://www.frontiersin.org/journals/plant-science/articles/10.3389/fpls.2024.1417588/full,Epistatic QTLs_v3.0
E00886,Triticum aestivum,Physiological Traits,Awn leangth,,,,eqAl-6B-1,6B,85,"AX-111236313, AX-109829250",eqAl-6B-2,6B,90,"AX-111236313, AX-109829250",9.67,2.25,,https://www.frontiersin.org/journals/plant-science/articles/10.3389/fpls.2024.1417588/full,Epistatic QTLs_v3.0
E00887,Triticum aestivum,Physiological Traits,Awn leangth,,,,eqAl-6D-1,6D,30,"AX-109823189, AX-109346183",eqAl-6D-2,6D,35,"AX-109823189, AX-109346183",21.26,3.01,,https://www.frontiersin.org/journals/plant-science/articles/10.3389/fpls.2024.1417588/full,Epistatic QTLs_v3.0
E00888,Triticum aestivum,Physiological Traits,Awn leangth,,,,eqAl-7A-2,7A,110,"AX-111697416, AX-108941844",eqAl-7A-3,7A,115,"AX-111697416, AX-108941844",14.37,2.27,,https://www.frontiersin.org/journals/plant-science/articles/10.3389/fpls.2024.1417588/full,Epistatic QTLs_v3.0
E00889,Triticum aestivum,Physiological Traits,Awn leangth,,,,eqAl-7D-1,7D,10,"AX-109788290, AX-110707055",eqAl-7D-2,7D,15,"AX-109788290, AX-110707055",13.71,3.01,,https://www.frontiersin.org/journals/plant-science/articles/10.3389/fpls.2024.1417588/full,Epistatic QTLs_v3.0
E00890,Triticum aestivum,Morphological trait,kernel length,,,,,1A,480263033-480263101,SNP_12033,,1A,36470465-36470533,SNP_9406,,,,https://doi.org/10.1007/s12298-022-01164-w,Epistatic QTLs_v3.0
E00891,Triticum aestivum,Morphological trait,kernel length,,,,,3A,624861333-624861401,SNP_1736,,3A,487470885-487470953,SNP_6204,,,,https://doi.org/10.1007/s12298-022-01164-w,Epistatic QTLs_v3.0
E00892,Triticum aestivum,Morphological trait,kernel length,,,,,6B,616449494-616449562,SNP_12419,,6B,510681396-510681464,SNP_8883,,,,https://doi.org/10.1007/s12298-022-01164-w,Epistatic QTLs_v3.0
E00893,Triticum aestivum,Morphological trait,kernel length,,,,,3A,648549295-648549363,SNP_13119,,3A,44352216-44352284,SNP_4632,,,,https://doi.org/10.1007/s12298-022-01164-w,Epistatic QTLs_v3.0
E00894,Triticum aestivum,Morphological trait,Grain cross sectional area,,,,,2B,784544677-784544727,SNP_9704,,2B,706220042-706220110,SNP_10375,,,,https://link.springer.com/article/10.1007/s12298-022-01164-w,Epistatic QTLs_v3.0
E00895,Triticum aestivum,Morphological trait,Grain cross sectional area,,,,,1B,474848125-474848182,SNP_9934,,1B,184319777-184319845,SNP_3448,,,,https://link.springer.com/article/10.1007/s12298-022-01164-w,Epistatic QTLs_v3.0
E00896,Triticum aestivum,Morphological trait,Grain cross sectional area,,,,,2B,184319777-184319845,SNP_3448,,2B,474848125-474848182,SNP_9934,,,,https://link.springer.com/article/10.1007/s12298-022-01164-w,Epistatic QTLs_v3.0
E00897,Triticum aestivum,Morphological trait,Grain cross sectional area,,,,,2A,761768863-761768931,SNP_12817,,2A,52338357-52338425,SNP_2786,,,,https://link.springer.com/article/10.1007/s12298-022-01164-w,Epistatic QTLs_v3.0
E00898,Triticum aestivum,Morphological trait,Grain width,,,,,1B,555294085-555294153,SNP_9371,,1B,577227418-577227486,SNP_162,,,,https://link.springer.com/article/10.1007/s12298-022-01164-w,Epistatic QTLs_v3.0
E00899,Triticum aestivum,Morphological trait,Grain length width ratio,,,,,1A,6341227-6341295,SNP_11360*,,1A,43824419-43824487,SNP_12855,,,,https://link.springer.com/article/10.1007/s12298-022-01164-w,Epistatic QTLs_v3.0
E00900,Triticum aestivum,Morphological trait,Grain length width ratio,,,,,7B,739999777-739999837,SNP_11245*,,7B,678267823-678267891,SNP_2977,,,,https://link.springer.com/article/10.1007/s12298-022-01164-w,Epistatic QTLs_v3.0
E00901,Triticum aestivum,Morphological trait,Grain length width ratio,,,,,4B,66799362-66799430,SNP_2179,,4B,547290640-547290708,SNP_4865,,,,https://link.springer.com/article/10.1007/s12298-022-01164-w,Epistatic QTLs_v3.0
E00902,Triticum aestivum,Morphological trait,Grain filling duration,,,,,3B,99700936-99701004,SNP_6689,,3B,617654688-617654756,SNP_9513,,,,https://link.springer.com/article/10.1007/s12298-022-01164-w,Epistatic QTLs_v3.0
E00903,Triticum aestivum,Morphological trait,Grain filling duration,,,,,4A,110875760-110875818,SNP_456,,4A,701694584-701694652,SNP_6884,,,,https://link.springer.com/article/10.1007/s12298-022-01164-w,Epistatic QTLs_v3.0
E00904,Triticum aestivum,Morphological trait,Grain filling duration,,,,,3B,737436817-737436885,SNP_6753,,3B,549314893-549314961,SNP_2816,,,,https://link.springer.com/article/10.1007/s12298-022-01164-w,Epistatic QTLs_v3.0
E00905,Triticum aestivum,Morphological trait,Grain width,,,,,1B,585326349-585326417,SNP_1874,,1B,27691865-27691930,SNP_2859,,,,https://link.springer.com/article/10.1007/s12298-022-01164-w,Epistatic QTLs_v3.0
E00906,Triticum aestivum,Morphological trait,Grain width,,,,,2D,631948472-631948532,SNP_8974,,2D,761768863-761768931,SNP_12817,,,,https://link.springer.com/article/10.1007/s12298-022-01164-w,Epistatic QTLs_v3.0
E00907,Triticum aestivum,Morphological trait,Grain width,,,,,3A,715576111-715576179,SNP_13748,,3A,78592443-78592511,SNP_8369,,,,https://link.springer.com/article/10.1007/s12298-022-01164-w,Epistatic QTLs_v3.0
E00908,Triticum aestivum,Morphological trait,Grain length width ratio,,,,,2A,24066040-24066108,SNP_6264,,2A,487470885-487470953,SNP_6204,,,,https://link.springer.com/article/10.1007/s12298-022-01164-w,Epistatic QTLs_v3.0
E00909,Triticum aestivum,Morphological trait,Grain length width ratio,,,,,7A,40019510-40019578,SNP_9606,,7A,248342578-248342646,SNP_5091,,,,https://link.springer.com/article/10.1007/s12298-022-01164-w,Epistatic QTLs_v3.0
E00910,Triticum aestivum,Morphological trait,,,,,,3B,667773380-667773448,SNP_10960,,3B,6341227-6341295,SNP_11360,,,,https://link.springer.com/article/10.1007/s12298-022-01164-w,Epistatic QTLs_v3.0
E00911,Triticum aestivum,Morphological trait,Grain filling duration,,,,,3D,589646481-589646549,SNP_12978,,3D,511756358-511756426,SNP_144,,,,https://link.springer.com/article/10.1007/s12298-022-01164-w,Epistatic QTLs_v3.0
E00912,Triticum aestivum,Morphological trait,Grain filling duration,,,,,7B,692926318-692926386,SNP_2888,,7B,731195297-731195365,SNP_8476,,,,https://link.springer.com/article/10.1007/s12298-022-01164-w,Epistatic QTLs_v3.0
E00913,Triticum aestivum,Morphological trait,Grain filling duration,,,,,1B,416775773-416775841,SNP_195,,1B,711688085-711688146,SNP_194,,,,https://link.springer.com/article/10.1007/s12298-022-01164-w,Epistatic QTLs_v3.0
E00914,Triticum aestivum,Morphological trait,Grain filling duration,,,,,2B,727243826-727243894,SNP_8941,,2B,761768863-761768931,SNP_12817,,,,https://link.springer.com/article/10.1007/s12298-022-01164-w,Epistatic QTLs_v3.0
E00915,Triticum aestivum,Morphological trait,Grain filling duration,,,,,2B,705886798-705886866,SNP_10711,,2B,48048270-48048324,SNP_9784,,,,https://link.springer.com/article/10.1007/s12298-022-01164-w,Epistatic QTLs_v3.0
E00916,Triticum aestivum,Morphological trait,Grain filling duration,,,,,5A,613018374-613018442,SNP_4317,,5A,795441456-795441524,SNP_12498,,,,https://link.springer.com/article/10.1007/s12298-022-01164-w,Epistatic QTLs_v3.0
E00917,Triticum aestivum,Morphological trait,Grain filling duration,,,,,5A,535674218-535674284,SNP_6823,,5A,712771002-712771070,SNP_10873,,,,https://link.springer.com/article/10.1007/s12298-022-01164-w,Epistatic QTLs_v3.0
E00918,Triticum aestivum,Morphological trait,Grain filling duration,,,,,2D,82867198-82867237,SNP_5634*,,2D,480099548-480099616,SNP_1974,,,,https://link.springer.com/article/10.1007/s12298-022-01164-w,Epistatic QTLs_v3.0
E00919,Triticum aestivum,Morphological trait,kernel length,,,,QKl3A.6,3A,410.763,AX-109416489-AX- 111049355,QKl5D.2,3A,470.6189,AX-111175690-AX- 109382782,,,,https://doi.org/10.3390/plants14121848,Epistatic QTLs_v3.0
E00920,Triticum aestivum,Morphological trait,kernel length,,,,QKl4A.3,4A,581.9098,AX-110526171-AX-111830901,QKl6D.6,4A,400.4398,AX-108821954-AX- 110689037,,,,https://doi.org/10.3390/plants14121848,Epistatic QTLs_v3.0
E00921,Triticum aestivum,Morphological trait,Kernel number per spikes,,,,eQKnps.sau-2D,2D,280,,eQKnps.sau-4D.1,4D,215,,,,,https://doi.org/10.3390/ijms241814289,Epistatic QTLs_v3.0
E00922,Triticum aestivum,Morphological trait,Kernel number per spikes,,,,eQKnps.sau-2B,2B,175,,eQKnps.sau-4D.2,4D,220,,,,,https://doi.org/10.3390/ijms241814289,Epistatic QTLs_v3.0
E00923,Triticum aestivum,Morphological trait,Kernel number per spikes,,,,eQKnps.sau-3B,3B,15,,eQKnps.sau-5A,5A,0,,,,,https://doi.org/10.3390/ijms241814289,Epistatic QTLs_v3.0
E00924,Triticum aestivum,Morphological trait,Kernel number per spikes,,,,eQKnps.sau-1D,1D,165,,eQKnps.sau-5D,5D,85,,,,,https://doi.org/10.3390/ijms241814289,Epistatic QTLs_v3.0
E00925,Triticum aestivum,Morphological Trait,Root Dry Weight,,,,,2A,355,wmc728.1-wmc473.3,,2A,,,,0.43,,,Epistatic QTLs_v3.0
E00926,Triticum aestivum,Morphological Trait,Root Dry Weight,,,,,2A,355,wmc728.1-wmc473.3,,2A,,,,0.49,,,Epistatic QTLs_v3.0
E00927,Triticum aestivum,Morphological Trait,Root Dry Weight,,,,,2A,350,wmc728.1-wmc473.3,,2A,,,,0.56,,,Epistatic QTLs_v3.0
E00928,Triticum aestivum,Morphological Trait,Root Dry Weight,,,,,7A,0,wmc607-wmc633,,7A,,,,0.32,,,Epistatic QTLs_v3.0
E00929,Triticum aestivum,Morphological Trait,Root Dry Weight,,,,,2A,195,barc220-wmc728.1,,2A,,,,0.52,,,Epistatic QTLs_v3.0
E00930,Triticum aestivum,Morphological Trait,Root Dry Weight,,,,,5D,220,wmc264-wmc324,,5D,,,,0.28,,,Epistatic QTLs_v3.0
E00931,Triticum aestivum,Morphological Trait,Root Dry Weight,,,,,2A,195,barc220-wmc728.1,,2A,,,,0.51,,,Epistatic QTLs_v3.0
E00932,Triticum aestivum,Morphological Trait,Root Dry Weight,,,,,6D,140,cfd132-wmc550.1,,6D,,,,0.53,,,Epistatic QTLs_v3.0
E00933,Triticum aestivum,Morphological Trait,Root Dry Weight,,,,,5A,80,gwm156-wmc617.4,,5A,,,,0.61,,,Epistatic QTLs_v3.0
E00934,Triticum aestivum,Morphological Trait,Root Dry Weight,,,,,7A,15,wmc607-wmc633,,7A,,,,0.48,,,Epistatic QTLs_v3.0
E00935,Triticum aestivum,Morphological Trait,Root Dry Weight,,,,,4A,175,wmc262-wmc617.2,,4A,,,,0.64,,,Epistatic QTLs_v3.0
E00936,Triticum aestivum,Morphological Trait,Root Dry Weight,,,,,Un,526.7467,AX-109986855-AX-110982403,,Un,,,,1.1261,,,Epistatic QTLs_v3.0
E00937,Triticum aestivum,Morphological Trait,Root Dry Weight,,,,,Un,25.0805,AX-111713694-AX-109688927,,Un,,,,1.9388,,,Epistatic QTLs_v3.0
E00938,Triticum aestivum,Morphological Trait,Root Dry Weight,,,,,Un,35.1312,AX-109492724-AX-109960241,,Un,,,,1.3689,,,Epistatic QTLs_v3.0
E00939,Triticum aestivum,Morphological Trait,Root Dry Weight,,,,,Un,652.1675,AX-110532858-AX-110001583,,Un,,,,2.2324,,,Epistatic QTLs_v3.0
E00940,Triticum aestivum,Morphological Trait,Root Dry Weight,,,,,Un,565.0805,AX-110566282-AX-109340084,,Un,,,,2.2591,,,Epistatic QTLs_v3.0
E00941,Triticum aestivum,Morphological Trait,Root Dry Weight,,,,,Un,395.763,AX-109416489-AX-111049355,,Un,,,,4.1695,,,Epistatic QTLs_v3.0
E00942,Triticum aestivum,Morphological Trait,Root Dry Weight,,,,,Un,662.1675,AX-110508076-AX-110476680,,Un,,,,4.3389,,,Epistatic QTLs_v3.0
E00943,Triticum aestivum,Morphological Trait,Root Dry Weight,,,,,Un,11.9536,AX-111576650-AX-108794218,,Un,,,,1.4754,,,Epistatic QTLs_v3.0
E00944,Triticum aestivum,Morphological Trait,Root Dry Weight,,,,,Un,705.1613,AX-108785775-AX-109912784,,Un,,,,1.4552,,,Epistatic QTLs_v3.0
E00945,Triticum aestivum,Morphological Trait,Root Dry Weight,,,,,Un,626.7467,AX-109277962-AX-109898408,,Un,,,,0.8874,,,Epistatic QTLs_v3.0
E00946,Triticum aestivum,Morphological Trait,Root Dry Weight,,,,,Un,480.6679,AX-109271781-AX-110367957,,Un,,,,1.0547,,,Epistatic QTLs_v3.0
E00947,Triticum aestivum,Morphological Trait,Root Dry Weight,,,,,Un,425.0577,AX-109435799-AX-109444172,,Un,,,,1.3128,,,Epistatic QTLs_v3.0
E00948,Triticum aestivum,Morphological Trait,Root Dry Weight,,,,,Un,380.4398,AX-108821954-AX-110689037,,Un,,,,4.8955,,,Epistatic QTLs_v3.0
E00949,Triticum aestivum,Morphological Trait,Root Dry Weight,,,,,Un,555.6679,AX-110539684-AX-110692951,,Un,,,,1.0616,,,Epistatic QTLs_v3.0
E00950,Triticum aestivum,Morphological Trait,Root Dry Weight,,,,,Un,580.0105,AX-109467855-AX-108836281,,Un,,,,1.6948,,,Epistatic QTLs_v3.0
E00951,Triticum aestivum,Morphological Trait,Root Dry Weight,,,,,Un,631.9098,AX-111080459-AX-109301417,,Un,,,,1.2356,,,Epistatic QTLs_v3.0
E00952,Triticum aestivum,Morphological Trait,Root Dry Weight,,,,,Un,410.763,AX-109416489-AX-111049355,,Un,,,,4.5656,,,Epistatic QTLs_v3.0
E00953,Triticum aestivum,Morphological Trait,Root Dry Weight,,,,,Un,6.9098,AX-110716536-AX-86163036,,Un,,,,1.6284,,,Epistatic QTLs_v3.0
E00954,Triticum aestivum,Morphological Trait,Root Dry Weight,,,,,Un,700.3226,AX-110988825-AX-110991763,,Un,,,,1.5334,,,Epistatic QTLs_v3.0
E00955,Triticum aestivum,Morphological Trait,Root Dry Weight,,,,,Un,555.1613,AX-94514811-AX-110005201,,Un,,,,1.4825,,,Epistatic QTLs_v3.0
E00956,Triticum aestivum,Morphological Trait,Root Dry Weight,,,,,Un,170.928,AX-110617782-AX-111496485,,Un,,,,2.1402,,,Epistatic QTLs_v3.0
E00957,Triticum aestivum,Morphological Trait,Root Dry Weight,,,,,Un,485.1343,AX-108771785-AX-110428172,,Un,,,,1.7455,,,Epistatic QTLs_v3.0
E00958,Triticum aestivum,Morphological Trait,Root Dry Weight,,,,,Un,605.928,AX-108822367-AX-86178576,,Un,,,,1.943,,,Epistatic QTLs_v3.0
E00959,Triticum aestivum,Morphological Trait,Root Dry Weight,,,,,Un,650.1613,AX-111076949-AX-109822875,,Un,,,,2.1002,,,Epistatic QTLs_v3.0
E00960,Triticum aestivum,Morphological Trait,Root Fresh Weight,,,,,Un,31.7467,AX-111593853-AX-111696354,,Un,,,,2.6335,,,Epistatic QTLs_v3.0
E00961,Triticum aestivum,Morphological Trait,Root Fresh Weight,,,,,Un,530.0105,AX-111018239-AX-110117565,,Un,,,,1.2763,,,Epistatic QTLs_v3.0
E00962,Triticum aestivum,Morphological Trait,Root Fresh Weight,,,,,Un,25.1343,AX-109320713-AX-111363260,,Un,,,,1.5275,,,Epistatic QTLs_v3.0
E00963,Triticum aestivum,Morphological Trait,Root Fresh Weight,,,,,Un,331.9536,AX-111265016-AX-111583959,,Un,,,,1.2222,,,Epistatic QTLs_v3.0
E00964,Triticum aestivum,Morphological Trait,Root Fresh Weight,,,,,Un,720.928,AX-89683854-AX-109488271,,Un,,,,2.0473,,,Epistatic QTLs_v3.0
E00965,Triticum aestivum,Morphological Trait,Root Fresh Weight,,,,,Un,65.0577,AX-109541135-AX-109296542,,Un,,,,1.5845,,,Epistatic QTLs_v3.0
E00966,Triticum aestivum,Morphological Trait,Root Fresh Weight,,,,,Un,620.928,AX-111707919-AX-86179679,,Un,,,,1.0426,,,Epistatic QTLs_v3.0
E00967,Triticum aestivum,Morphological Trait,Root Fresh Weight,,,,,Un,680.1613,AX-110101967-AX-109324462,,Un,,,,1.0383,,,Epistatic QTLs_v3.0
E00968,Triticum aestivum,Morphological Trait,Root Fresh Weight,,,,,Un,50.7005,AX-94957045-AX-110407242,,Un,,,,1.1962,,,Epistatic QTLs_v3.0
E00969,Triticum aestivum,Morphological Trait,Root Fresh Weight,,,,,Un,695.6679,AX-110053920-AX-108941124,,Un,,,,1.0008,,,Epistatic QTLs_v3.0
E00970,Triticum aestivum,Morphological Trait,Root Fresh Weight,,,,,Un,520.1312,AX-111025999-AX-108789918,,Un,,,,1.031,,,Epistatic QTLs_v3.0
E00971,Triticum aestivum,Morphological Trait,Root Fresh Weight,,,,,Un,735.928,AX-109416009-AX-109892338,,Un,,,,0.9617,,,Epistatic QTLs_v3.0
E00972,Triticum aestivum,Morphological Trait,Root Fresh Weight,,,,,Un,777.1675,AX-111574998-AX-108899175,,Un,,,,1.2702,,,Epistatic QTLs_v3.0
E00973,Triticum aestivum,Morphological Trait,Root Fresh Weight,,,,,Un,395.7005,AX-110998404-AX-111182682,,Un,,,,2.4635,,,Epistatic QTLs_v3.0
E00974,Triticum aestivum,Morphological Trait,Root Fresh Weight,,,,,Un,560.1312,AX-109827638-AX-109576379,,Un,,,,3.4329,,,Epistatic QTLs_v3.0
E00975,Triticum aestivum,Morphological Trait,Root Fresh Weight,,,,,Un,15.0805,AX-110034840-AX-95240079,,Un,,,,3.7924,,,Epistatic QTLs_v3.0
E00976,Triticum aestivum,Morphological Trait,Root Fresh Weight,,,,,Un,560.1312,AX-109827638-AX-109576379,,Un,,,,3.3399,,,Epistatic QTLs_v3.0
E00977,Triticum aestivum,Morphological Trait,Root Fresh Weight,,,,,Un,410.763,AX-109416489-AX-111049355,,Un,,,,2.6177,,,Epistatic QTLs_v3.0
E00978,Triticum aestivum,Morphological Trait,Root Fresh Weight,,,,,Un,85.0577,AX-109974331-AX-111679288,,Un,,,,2.2099,,,Epistatic QTLs_v3.0
E00979,Triticum aestivum,Morphological Trait,Root Fresh Weight,,,,,Un,135.0577,AX-110430429-AX-111680749,,Un,,,,1.473,,,Epistatic QTLs_v3.0
E00980,Triticum aestivum,Morphological Trait,Root Fresh Weight,,,,,Un,750.0577,AX-110617886-AX-110456559,,Un,,,,0.9533,,,Epistatic QTLs_v3.0
E00981,Triticum aestivum,Morphological Trait,Root Fresh Weight,,,,,Un,316.9098,AX-111591351-AX-94881516,,Un,,,,4.7442,,,Epistatic QTLs_v3.0
E00982,Triticum aestivum,Morphological Trait,Root Fresh Weight,,,,,Un,20.7647,AX-95240811-AX-109986401,,Un,,,,0.9558,,,Epistatic QTLs_v3.0
E00983,Triticum aestivum,Morphological Trait,Root Fresh Weight,,,,,Un,50.0577,AX-109364692-AX-111111325,,Un,,,,4.4959,,,Epistatic QTLs_v3.0
E00984,Triticum aestivum,Morphological Trait,Root Fresh Weight,,,,,Un,515.7005,AX-108870912-AX-109321753,,Un,,,,1.0209,,,Epistatic QTLs_v3.0
E00985,Triticum aestivum,Morphological Trait,Root Fresh Weight,,,,,Un,55.1312,AX-111672799-AX-94460833,,Un,,,,1.0088,,,Epistatic QTLs_v3.0
E00986,Triticum aestivum,Morphological Trait,Root Fresh Weight,,,,,Un,606.9098,AX-109544265-AX-108745653,,Un,,,,1.0156,,,Epistatic QTLs_v3.0
E00987,Triticum aestivum,Morphological Trait,Root Fresh Weight,,,,,Un,520.0805,AX-94785859-AX-111163387,,Un,,,,0.9928,,,Epistatic QTLs_v3.0
E00988,Triticum aestivum,Morphological Trait,Root Fresh Weight,,,,,Un,390.763,AX-109416489-AX-111049355,,Un,,,,4.5707,,,Epistatic QTLs_v3.0
E00989,Triticum aestivum,Morphological Trait,Median Root Length,,,,,2D,25,AX-108767381-AX-111722527,,2D,,,,16.5613,,,Epistatic QTLs_v3.0
E00990,Triticum aestivum,Morphological Trait,Median Root Length,,,,,2B,25,AX-109548273-AX-109577269,,2B,,,,22.0288,,,Epistatic QTLs_v3.0
E00991,Triticum aestivum,Morphological Trait,Median Root Length,,,,,5A,30,AX-109916689-AX-110006805,,5A,,,,18.8155,,,Epistatic QTLs_v3.0
E00992,Triticum aestivum,Morphological Trait,Median Root Length,,,,,Un,185.1613,AX-95170745-AX-94698465,,Un,,,,1.7143,,,Epistatic QTLs_v3.0
E00993,Triticum aestivum,Morphological Trait,Median Root Length,,,,,Un,395.3226,AX-109846736-AX-111116044,,Un,,,,1.6495,,,Epistatic QTLs_v3.0
E00994,Triticum aestivum,Morphological Trait,Median Root Length,,,,,Un,470.6189,AX-111175690-AX-109382782,,Un,,,,1.6225,,,Epistatic QTLs_v3.0
E00995,Triticum aestivum,Morphological Trait,Median Root Length,,,,,Un,65.3226,AX-108822507-AX-94627936,,Un,,,,1.6595,,,Epistatic QTLs_v3.0
E00996,Triticum aestivum,Morphological Trait,Median Root Length,,,,,Un,67.7876,AX-109525349-AX-109904893,,Un,,,,1.4584,,,Epistatic QTLs_v3.0
E00997,Triticum aestivum,Morphological Trait,Median Root Length,,,,,Un,140.0577,AX-86185539-AX-108940544,,Un,,,,0.3077,,,Epistatic QTLs_v3.0
E00998,Triticum aestivum,Morphological Trait,Median Root Length,,,,,Un,300.763,AX-94495161-AX-109416489,,Un,,,,1.8107,,,Epistatic QTLs_v3.0
E00999,Triticum aestivum,Morphological Trait,Median Root Length,,,,,Un,130.763,AX-111661409-AX-110484697,,Un,,,,1.7209,,,Epistatic QTLs_v3.0
E01000,Triticum aestivum,Morphological Trait,Median Root Length,,,,,Un,195.3226,AX-108822507-AX-94627936,,Un,,,,1.7671,,,Epistatic QTLs_v3.0
E01001,Triticum aestivum,Morphological Trait,Median Root Length,,,,,Un,475.1343,AX-109829676-AX-95097609,,Un,,,,1.6832,,,Epistatic QTLs_v3.0
E01002,Triticum aestivum,Morphological Trait,Median Root Length,,,,,Un,200.4398,AX-109452186-AX-108821954,,Un,,,,1.7715,,,Epistatic QTLs_v3.0
E01003,Triticum aestivum,Morphological Trait,Median Root Length,,,,,Un,506.9098,AX-111591351-AX-94881516,,Un,,,,1.819,,,Epistatic QTLs_v3.0
E01004,Triticum aestivum,Morphological Trait,Median Root Length,,,,,Un,475.1343,AX-109829676-AX-95097609,,Un,,,,1.6347,,,Epistatic QTLs_v3.0
E01005,Triticum aestivum,Morphological Trait,Median Root Length,,,,,Un,405.0577,AX-110115984-AX-109955500,,Un,,,,1.4885,,,Epistatic QTLs_v3.0
E01006,Triticum aestivum,Morphological Trait,Median Root Length,,,,,Un,5.1312,AX-110063323-AX-108920530,,Un,,,,0.3194,,,Epistatic QTLs_v3.0
E01007,Triticum aestivum,Morphological Trait,Median Root Length,,,,,Un,530.763,AX-111523636-AX-94485283,,Un,,,,0.3802,,,Epistatic QTLs_v3.0
E01008,Triticum aestivum,Morphological Trait,Median Root Length,,,,,Un,125.7647,AX-110068322-AX-110007311,,Un,,,,1.5624,,,Epistatic QTLs_v3.0
E01009,Triticum aestivum,Morphological Trait,Median Root Length,,,,,Un,30.6189,AX-89489968-AX-89648518,,Un,,,,0.3601,,,Epistatic QTLs_v3.0
E01010,Triticum aestivum,Morphological Trait,Median Root Length,,,,,Un,475.1343,AX-109829676-AX-95097609,,Un,,,,1.6725,,,Epistatic QTLs_v3.0
E01011,Triticum aestivum,Morphological Trait,Median Root Length,,,,,Un,300.763,AX-94495161-AX-109416489,,Un,,,,1.7594,,,Epistatic QTLs_v3.0
E01012,Triticum aestivum,Morphological Trait,Median Root Length,,,,,Un,180.4398,AX-109452186-AX-108821954,,Un,,,,1.7015,,,Epistatic QTLs_v3.0
E01013,Triticum aestivum,Morphological Trait,Median Root Length,,,,,Un,705.0577,AX-108751787-AX-111192228,,Un,,,,0.352,,,Epistatic QTLs_v3.0
E01014,Triticum aestivum,Morphological Trait,Median Root Length,,,,,Un,116.9098,AX-111163489-AX-111591351,,Un,,,,1.7536,,,Epistatic QTLs_v3.0
E01015,Triticum aestivum,Morphological Trait,Median Root Length,,,,,Un,455.7005,AX-109493306-AX-109473770,,Un,,,,1.7583,,,Epistatic QTLs_v3.0
E01016,Triticum aestivum,Morphological Trait,Median Root Length,,,,,Un,475.1343,AX-109829676-AX-95097609,,Un,,,,1.6446,,,Epistatic QTLs_v3.0
E01017,Triticum aestivum,Morphological Trait,Median Root Length,,,,,Un,85.1312,AX-110438204-AX-109932820,,Un,,,,1.4952,,,Epistatic QTLs_v3.0
E01018,Triticum aestivum,Morphological Trait,Median Root Length,,,,,Un,85.1312,AX-110438204-AX-109932820,,Un,,,,1.5511,,,Epistatic QTLs_v3.0
E01019,Triticum aestivum,Morphological Trait,Median Root Length,,,,,Un,85.1312,AX-110438204-AX-109932820,,Un,,,,1.5363,,,Epistatic QTLs_v3.0
E01020,Triticum aestivum,Morphological Trait,Median Root Length,,,,,Un,46.7467,AX-109303093-AX-110234653,,Un,,,,0.3686,,,Epistatic QTLs_v3.0
E01021,Triticum aestivum,Morphological Trait,Median Root Length,,,,,Un,455.7005,AX-109493306-AX-109473770,,Un,,,,1.7866,,,Epistatic QTLs_v3.0
E01022,Triticum aestivum,Morphological Trait,Median Root Length,,,,,Un,25.7647,AX-109941055-AX-94668801,,Un,,,,0.9922,,,Epistatic QTLs_v3.0
E01023,Triticum aestivum,Morphological Trait,Median Root Length,,,,,Un,85.1312,AX-110438204-AX-109932820,,Un,,,,1.5133,,,Epistatic QTLs_v3.0
E01024,Triticum aestivum,Morphological Trait,Median Root Length,,,,,Un,300.763,AX-94495161-AX-109416489,,Un,,,,1.7868,,,Epistatic QTLs_v3.0
E01025,Triticum aestivum,Morphological Trait,Median Root Length,,,,,Un,186.9098,AX-111163489-AX-111591351,,Un,,,,1.7803,,,Epistatic QTLs_v3.0
E01026,Triticum aestivum,Morphological Trait,Median Root Length,,,,,Un,295.763,AX-94495161-AX-109416489,,Un,,,,1.7898,,,Epistatic QTLs_v3.0
E01027,Triticum aestivum,Morphological Trait,Median Root Length,,,,,Un,345.763,AX-94495161-AX-109416489,,Un,,,,1.7275,,,Epistatic QTLs_v3.0
E01028,Triticum aestivum,Morphological Trait,Median Root Length,,,,,Un,216.9098,AX-111163489-AX-111591351,,Un,,,,1.8047,,,Epistatic QTLs_v3.0
E01029,Triticum aestivum,Morphological Trait,Median Root Length,,,,,Un,305.763,AX-94495161-AX-109416489,,Un,,,,1.8173,,,Epistatic QTLs_v3.0
E01030,Triticum aestivum,Morphological Trait,Median Root Length,,,,,Un,215.3226,AX-108822507-AX-94627936,,Un,,,,1.8048,,,Epistatic QTLs_v3.0
E01031,Triticum aestivum,Morphological Trait,Median Root Length,,,,,Un,490.3226,AX-109846736-AX-111116044,,Un,,,,1.8893,,,Epistatic QTLs_v3.0
E01032,Triticum aestivum,Morphological Trait,Median Root Length,,,,,Un,355.4398,AX-108821954-AX-110689037,,Un,,,,1.7539,,,Epistatic QTLs_v3.0
E01033,Triticum aestivum,Morphological Trait,Median Root Length,,,,,Un,440.7005,AX-109493306-AX-109473770,,Un,,,,1.8025,,,Epistatic QTLs_v3.0
E01034,Triticum aestivum,Morphological Trait,Median Root Length,,,,,Un,561.9098,AX-111591351-AX-94881516,,Un,,,,1.7736,,,Epistatic QTLs_v3.0
E01035,Triticum aestivum,Morphological Trait,Median Root Length,,,,,Un,120.1613,AX-94544160-AX-95170745,,Un,,,,2.0115,,,Epistatic QTLs_v3.0
E01036,Triticum aestivum,Morphological Trait,Median Root Length,,,,,Un,372.1675,AX-109649919-AX-110038137,,Un,,,,1.7635,,,Epistatic QTLs_v3.0
E01037,Triticum aestivum,Morphological Trait,Median Root Length,,,,,Un,345.763,AX-94495161-AX-109416489,,Un,,,,4.3947,,,Epistatic QTLs_v3.0
E01038,Triticum aestivum,Morphological Trait,Median Root Length,,,,,Un,70.0805,AX-111428736-AX-109516184,,Un,,,,1.1181,,,Epistatic QTLs_v3.0
E01039,Triticum aestivum,Morphological Trait,Median Root Length,,,,,Un,692.1675,AX-110430627-AX-110483848,,Un,,,,2.0244,,,Epistatic QTLs_v3.0
E01040,Triticum aestivum,Morphological Trait,Median Root Length,,,,,Un,711.9098,AX-108781957-AX-95079762,,Un,,,,1.1487,,,Epistatic QTLs_v3.0
E01041,Triticum aestivum,Morphological Trait,Median Root Length,,,,,Un,20.4398,AX-109349057-AX-109983482,,Un,,,,1.1067,,,Epistatic QTLs_v3.0
E01042,Triticum aestivum,Morphological Trait,Median Root Length,,,,,Un,571.9098,AX-110526171-AX-111830901,,Un,,,,2.3717,,,Epistatic QTLs_v3.0
E01043,Triticum aestivum,Morphological Trait,Median Root Length,,,,,Un,365.1312,AX-111140826-AX-109827706,,Un,,,,1.4296,,,Epistatic QTLs_v3.0
E01044,Triticum aestivum,Morphological Trait,Median Root Length,,,,,Un,610.763,AX-109649512-AX-111540751,,Un,,,,1.1872,,,Epistatic QTLs_v3.0
E01045,Triticum aestivum,Morphological Trait,Median Root Length,,,,,Un,471.9536,AX-111494125-AX-109851571,,Un,,,,1.1624,,,Epistatic QTLs_v3.0
E01046,Triticum aestivum,Morphological Trait,Median Root Length,,,,,Un,650.7647,AX-108891753-AX-109974459,,Un,,,,0.8928,,,Epistatic QTLs_v3.0
E01047,Triticum aestivum,Morphological Trait,Median Root Length,,,,,Un,480.1343,AX-108821534-AX-94386946,,Un,,,,0.8074,,,Epistatic QTLs_v3.0
E01048,Triticum aestivum,Morphological Trait,Median Root Length,,,,,Un,165.4398,AX-109452186-AX-108821954,,Un,,,,3.9365,,,Epistatic QTLs_v3.0
E01049,Triticum aestivum,Morphological Trait,Median Root Length,,,,,Un,266.9098,AX-111163489-AX-111591351,,Un,,,,3.9137,,,Epistatic QTLs_v3.0
E01050,Triticum aestivum,Morphological Trait,Median Root Length,,,,,Un,435.6189,AX-110368685-AX-110100651,,Un,,,,0.9299,,,Epistatic QTLs_v3.0
E01051,Triticum aestivum,Morphological Trait,Median Root Length,,,,,Un,687.1675,AX-109846305-AX-109354651,,Un,,,,3.9804,,,Epistatic QTLs_v3.0
E01052,Triticum aestivum,Morphological Trait,Median Root Length,,,,,Un,530.1312,AX-109621748-AX-109429774,,Un,,,,0.8988,,,Epistatic QTLs_v3.0
E01053,Triticum aestivum,Morphological Trait,Median Root Length,,,,,Un,460.1312,AX-110584782-AX-111178015,,Un,,,,1.131,,,Epistatic QTLs_v3.0
E01054,Triticum aestivum,Morphological Trait,Median Root Length,,,,,Un,636.7467,AX-110475509-AX-109949983,,Un,,,,4.0152,,,Epistatic QTLs_v3.0
E01055,Triticum aestivum,Morphological Trait,Median Root Length,,,,,Un,35.928,AX-110525526-AX-109362948,,Un,,,,0.9027,,,Epistatic QTLs_v3.0
E01056,Triticum aestivum,Morphological Trait,Median Root Length,,,,,Un,686.9098,AX-110614619-AX-109388589,,Un,,,,1.0842,,,Epistatic QTLs_v3.0
E01057,Triticum aestivum,Morphological Trait,Median Root Length,,,,,Un,185.1613,AX-95170745-AX-94698465,,Un,,,,1.6706,,,Epistatic QTLs_v3.0
E01058,Triticum aestivum,Morphological Trait,Median Root Length,,,,,Un,682.1675,AX-111740244-AX-111066962,,Un,,,,1.5054,,,Epistatic QTLs_v3.0
E01059,Triticum aestivum,Morphological Trait,Root Length,,,,,1D,,Xgdm126,,1D,,,,2.28,,,Epistatic QTLs_v3.0
E01060,Triticum aestivum,Morphological Trait,Root Length,,,,,1D,,Xgdm126,,1D,,,,2.42,,,Epistatic QTLs_v3.0
E01061,Triticum aestivum,Morphological Trait,Root Length,,,,,1D,,Xgdm126,,1D,,,,6.18,,,Epistatic QTLs_v3.0
E01062,Triticum aestivum,Morphological Trait,Root length,,,,,4B,55,AX-111477393-AX-110398050,,4B,,,,4.53,,,Epistatic QTLs_v3.0
E01063,Triticum aestivum,Morphological Trait,Root Numbers,,,,,Un,100.928,AX-111582736-AX-110040923,,Un,,,,2.0044,,,Epistatic QTLs_v3.0
E01064,Triticum aestivum,Morphological Trait,Root Numbers,,,,,Un,150.0805,AX-95008504-AX-108737097,,Un,,,,1.7327,,,Epistatic QTLs_v3.0
E01065,Triticum aestivum,Morphological Trait,Root Numbers,,,,,Un,550.6189,AX-110824131-AX-110057856,,Un,,,,3.184,,,Epistatic QTLs_v3.0
E01066,Triticum aestivum,Morphological Trait,Root Numbers,,,,,Un,435.1312,AX-110391018-AX-110173584,,Un,,,,2.4314,,,Epistatic QTLs_v3.0
E01067,Triticum aestivum,Morphological Trait,Root Numbers,,,,,Un,375.1343,AX-109864377-AX-111484181,,Un,,,,1.805,,,Epistatic QTLs_v3.0
E01068,Triticum aestivum,Morphological Trait,Root Numbers,,,,,Un,495.0105,AX-110946179-AX-110984090,,Un,,,,2.1472,,,Epistatic QTLs_v3.0
E01069,Triticum aestivum,Morphological Trait,Root Numbers,,,,,Un,807.1675,AX-111097357-AX-108892020,,Un,,,,2.241,,,Epistatic QTLs_v3.0
E01070,Triticum aestivum,Morphological Trait,Root Numbers,,,,,Un,295.6189,AX-110399580-AX-111260934,,Un,,,,2.7338,,,Epistatic QTLs_v3.0
E01071,Triticum aestivum,Morphological Trait,Root Numbers,,,,,Un,455.1343,AX-109530293-AX-109352933,,Un,,,,1.9353,,,Epistatic QTLs_v3.0
E01072,Triticum aestivum,Morphological Trait,Root Numbers,,,,,Un,255.3226,AX-108822507-AX-94627936,,Un,,,,7.1083,,,Epistatic QTLs_v3.0
E01073,Triticum aestivum,Morphological Trait,Root Numbers,,,,,Un,187.1675,AX-111672319-AX-109913603,,Un,,,,2.9718,,,Epistatic QTLs_v3.0
E01074,Triticum aestivum,Morphological Trait,Root Numbers,,,,,Un,635.6679,AX-108761227-AX-109330975,,Un,,,,2.3148,,,Epistatic QTLs_v3.0
E01075,Triticum aestivum,Morphological Trait,Root Numbers,,,,,Un,217.1675,AX-110073730-AX-109409051,,Un,,,,2.1433,,,Epistatic QTLs_v3.0
E01076,Triticum aestivum,Morphological Trait,Root Numbers,,,,,Un,175.763,AX-111661409-AX-110484697,,Un,,,,3.3769,,,Epistatic QTLs_v3.0
E01077,Triticum aestivum,Morphological Trait,Root Numbers,,,,,Un,595.0105,AX-110551366-AX-110946537,,Un,,,,1.0328,,,Epistatic QTLs_v3.0
E01078,Triticum aestivum,Morphological Trait,Root Numbers,,,,,Un,680.3226,AX-109038715-AX-109019393,,Un,,,,0.903,,,Epistatic QTLs_v3.0
E01079,Triticum aestivum,Morphological Trait,Root Numbers,,,,,Un,530.7005,AX-109295336-AX-109842571,,Un,,,,0.9239,,,Epistatic QTLs_v3.0
E01080,Triticum aestivum,Morphological Trait,Root Numbers,,,,,Un,305.1343,AX-110490771-AX-111584875,,Un,,,,1.6674,,,Epistatic QTLs_v3.0
E01081,Triticum aestivum,Morphological Trait,Root Numbers,,,,,Un,556.7467,AX-89716596-AX-111709709,,Un,,,,0.8969,,,Epistatic QTLs_v3.0
E01082,Triticum aestivum,Morphological Trait,Root Numbers,,,,,Un,790.0577,AX-110444554-AX-109471163,,Un,,,,1.7559,,,Epistatic QTLs_v3.0
E01083,Triticum aestivum,Morphological Trait,Root Numbers,,,,,Un,220.6679,AX-109892357-AX-111597712,,Un,,,,1.0637,,,Epistatic QTLs_v3.0
E01084,Triticum aestivum,Morphological Trait,total root tip number,,,,,1D,100,AX-108813568-AX-111342069,,1D,,,,9.64,,,Epistatic QTLs_v3.0
E01085,Triticum aestivum,Morphological Trait,lateral root tip number,,,,,1D,100,AX-108813568-AX-111342069,,1D,,,,9.8,,,Epistatic QTLs_v3.0
E01086,Triticum aestivum,Morphological Trait,Tiller Number,,,,,2A,65,AX-110464869-AX-110074851,,2A,,,,2.9,,,Epistatic QTLs_v3.0
E01087,Triticum aestivum,Morphological Trait,Tiller Number,,,,,7B,25,AX-111450645-AX-110991982,,7B,,,,7.65,,,Epistatic QTLs_v3.0
E01088,Triticum aestivum,Zink content,Grain Zn content,,,,,2A,CIM,EQZn-2A1,,2A,,,,,,,Epistatic QTLs_v3.0
E01089,Triticum aestivum,Zink content,Grain Zn content,,,,,2A,CIM,EQZn-2A2,,2A,,,,,,,Epistatic QTLs_v3.0
E01090,Triticum aestivum,Developmental traits,Heading date,,,,Qhd.tamu.2B,2B,20,"chr2B_18621222, chr2B_19448507",Qhd.tamu.5B,5B,35,"chr5B_592211698, chr5B_594137409",,,"Dogan et al., 2023",https://www.mdpi.com/2073-4395/13/3/689,Epistatic QTLs_v3.0
E01091,Triticum aestivum,Developmental traits,Heading date,,,,Qhd.tamu.3B,3B,0,"chr3B_25416402, chr3B_25533752",Qhd.tamu.5B,5B,60,"chr5B_659029395, chr5B_659973318",,,"Dogan et al., 2023",https://www.mdpi.com/2073-4395/13/3/689,Epistatic QTLs_v3.0
E01092,Triticum aestivum,Developmental traits,Heading date,,,,Qhd.tamu.1A,1A,20,"chr1A_536622753, chr1A_544076998",Qhd.tamu.5A,5A,75,"chr5A_456261322, chr5A_471688493",,,"Dogan et al., 2023",https://www.mdpi.com/2073-4395/13/3/689,Epistatic QTLs_v3.0
E01093,Triticum aestivum,Developmental traits,Heading date,,,,Qhd.tamu.1A,1A,20,"chr1A_22608630, chr1A_22934718",Qhd.tamu.2D,2D,0,"chr2D_15967462, chr2D_16239282",,,"Dogan et al., 2023",https://www.mdpi.com/2073-4395/13/3/689,Epistatic QTLs_v3.0
E01094,Triticum aestivum,Developmental traits,Heading date,,,,Qhd.tamu.1A,1A,55,"chr1A_560339128, chr1A_561306007",Qhd.tamu.6B,6B,5,"chr6B_12721235, chr6B_14331190",,,"Dogan et al., 2023",https://www.mdpi.com/2073-4395/13/3/689,Epistatic QTLs_v3.0
E01095,Triticum aestivum,Developmental traits,Heading date,,,,Qhd.tamu.1D,1D,75,"chr1D_412504493, chr1D_411312538",Qhd.tamu.5A,5A,70,"chr5A_672823928, chr5A_678294082",,,"Dogan et al., 2023",https://www.mdpi.com/2073-4395/13/3/689,Epistatic QTLs_v3.0
E01096,Triticum aestivum,Developmental traits,Heading date,,,,Qhd.tamu.5A,5A,10,"chr5A_584664469, chr5A_597084613",Qhd.tamu.6A,6A,0,"chr6A_595061983, chr6A_597944195",,,"Dogan et al., 2023",https://www.mdpi.com/2073-4395/13/3/689,Epistatic QTLs_v3.0
E01097,Triticum aestivum,Developmental traits,Heading date,,,,Qhd.tamu.1A,1A,0,"chr1A_503450631, chr1A_504089876",Qhd.tamu.2D,2D,5,"chr2D_21535446, chr2D_24954816",,,"Dogan et al., 2023",https://www.mdpi.com/2073-4395/13/3/689,Epistatic QTLs_v3.0
E01098,Triticum aestivum,Developmental traits,Heading date,,,,Qhd.tamu.5A,5A,30,"chr5A_633284206, chr5A_663832890",Qhd.tamu.5B,5B,80,"chr5B_679029342, chr5B_680234342",,,"Dogan et al., 2023",https://www.mdpi.com/2073-4395/13/3/689,Epistatic QTLs_v3.0
E01099,Triticum aestivum,Developmental traits,Heading date,,,,Qhd.tamu.5A,5A,85,"chr5A_476356601, chr5A_480477514",Qhd.tamu.7A,7A,15,"chr7A_533596187, chr7A_539327960",,,"Dogan et al., 2023",https://www.mdpi.com/2073-4395/13/3/689,Epistatic QTLs_v3.0
E01100,Triticum aestivum,Developmental traits,Heading date,,,,Qhd.tamu.5A,5A,65,"chr5A_439561124, chr5A_456261263",Qhd.tamu.7B,7B,25,"chr7B_699139846, chr7B_701672367",,,"Dogan et al., 2023",https://www.mdpi.com/2073-4395/13/3/689,Epistatic QTLs_v3.0
E01101,Triticum aestivum,Developmental traits,Heading date,,,,Qhd.tamu.2D,2D,50,"chr2D_57148132, chr2D_58740240",Qhd.tamu.7B,7B,85,"chr7B_742285043, chr7B_742285110",,,"Dogan et al., 2023",https://www.mdpi.com/2073-4395/13/3/689,Epistatic QTLs_v3.0
E01102,Triticum aestivum,Developmental traits,Heading date,,,,Qhd.tamu.2D,2D,40,"chr2D_44894266, chr2D_56646794",Qhd.tamu.5B,5B,80,"chr5B_418509797, chr5B_461597800",,,"Dogan et al., 2023",https://www.mdpi.com/2073-4395/13/3/689,Epistatic QTLs_v3.0
E01103,Triticum aestivum,Developmental traits,Heading date,,,,Qhd.tamu.5A,5A,0,"chr5A_579325088, chr5A_580553868",Qhd.tamu.7A,7A,10,"chr7A_306220818, chr7A_379923831",,,"Dogan et al., 2023",https://www.mdpi.com/2073-4395/13/3/689,Epistatic QTLs_v3.0
E01104,Triticum aestivum,Developmental traits,Heading date,,,,Qhd.tamu.1A,1A,80,"chr1A_582694261, chr1A_585686156",Qhd.tamu.5A,5A,60,"chr5A_666598497, chr5A_666702194",,,"Dogan et al., 2023",https://www.mdpi.com/2073-4395/13/3/689,Epistatic QTLs_v3.0
E01105,Triticum aestivum,Developmental traits,Heading date,,,,Qhd.tamu.5B,5B,55,"chr5B_652567974, chr5B_653425957",Qhd.tamu.6D,6D,10,"chr6D_18671500, chr6D_23768989",,,"Dogan et al., 2023",https://www.mdpi.com/2073-4395/13/3/689,Epistatic QTLs_v3.0
E01106,Triticum aestivum,Developmental traits,Heading date,,,,Qhd.tamu.1D,1D,10,"chr1D_4721261, chr1D_9865388",Qhd.tamu.3A,3A,0,"chr3A_556341745, chr3A_574179133",,,"Dogan et al., 2023",https://www.mdpi.com/2073-4395/13/3/689,Epistatic QTLs_v3.0
E01107,Triticum aestivum,Developmental traits,Heading date,,,,Qhd.tamu.3A,3A,75,"chr3A_699533973, chr3A_723348071",Qhd.tamu.6A,6A,40,"chr6A_12087589, chr6A_23415012",,,"Dogan et al., 2023",https://www.mdpi.com/2073-4395/13/3/689,Epistatic QTLs_v3.0
E01108,Triticum aestivum,Developmental traits,Heading date,,,,Qhd.tamu.1D,1D,0,"chr1D_4721261, chr1D_9865388",Qhd.tamu.5A,5A,25,"chr5A_10899038, chr5A_18653270",,,"Dogan et al., 2023",https://www.mdpi.com/2073-4395/13/3/689,Epistatic QTLs_v3.0
E01109,Triticum aestivum,Developmental traits,Heading date,,,,Qhd.tamu.5A,5A,70,"chr5A_456261322, chr5A_471688493",Qhd.tamu.5B,5B,25,"chr5B_536525932, chr5B_580976799",,,"Dogan et al., 2023",https://www.mdpi.com/2073-4395/13/3/689,Epistatic QTLs_v3.0
E01110,Triticum aestivum,Developmental traits,Heading date,,,,Qhd.tamu.6A,6A,10,"chr6A_3776825, chr6A_5569348",Qhd.tamu.7B,7B,5,"chr7B_682378305, chr7B_682921368",,,"Dogan et al., 2023",https://www.mdpi.com/2073-4395/13/3/689,Epistatic QTLs_v3.0
E01111,Triticum aestivum,Developmental traits,Heading date,,,,Qhd.tamu.4A,4A,15,"chr4A_30316423, chr4A_37829974",Qhd.tamu.5A,5A,30,"chr5A_18653400, chr5A_47121484",,,"Dogan et al., 2023",https://www.mdpi.com/2073-4395/13/3/689,Epistatic QTLs_v3.0
E01112,Triticum aestivum,Developmental traits,Heading date,,,,Qhd.tamu.1D,1D,20,"chr1D_9809877, chr1D_10218423",Qhd.tamu.6A,6A,5,"chr6A_595061983, chr6A_597944195",,,"Dogan et al., 2023",https://www.mdpi.com/2073-4395/13/3/689,Epistatic QTLs_v3.0
E01113,Triticum aestivum,Developmental traits,Heading date,,,,Qhd.tamu.1B,1B,5,"chr1B_651545461, chr1B_662014071",Qhd.tamu.7B,7B,0,"chr7B_10959205, chr7B_11703747",,,"Dogan et al., 2023",https://www.mdpi.com/2073-4395/13/3/689,Epistatic QTLs_v3.0
E01114,Triticum aestivum,Developmental traits,Heading date,,,,Qhd.tamu.1B,1B,30,"chr1B_683266424, chr1B_686867708",Qhd.tamu.5B,5B,0,"chr5B_535114133, chr5B_536520005",,,"Dogan et al., 2023",https://www.mdpi.com/2073-4395/13/3/689,Epistatic QTLs_v3.0
E01115,Triticum aestivum,Developmental traits,Heading date,,,,Qhd.tamu.2B,2B,175,"chr2B_727690667, chr2B_732350824",Qhd.tamu.5A,5A,75,"chr5A_685736403, chr5A_688302437",,,"Dogan et al., 2023",https://www.mdpi.com/2073-4395/13/3/689,Epistatic QTLs_v3.0
E01116,Triticum aestivum,Developmental traits,Heading date,,,,Qhd.tamu.4A,4A,10,"chr4A_17844589, chr4A_29081432",Qhd.tamu.4A,4A,20,"chr4A_38374439, chr4A_38673991",,,"Dogan et al., 2023",https://www.mdpi.com/2073-4395/13/3/689,Epistatic QTLs_v3.0
E01117,Triticum aestivum,Developmental traits,Heading date,,,,Qhd.tamu.5A,5A,95,"chr5A_487764169, chr5A_488416614",Qhd.tamu.5B,5B,60,"chr5B_38508182, chr5B_48296029",,,"Dogan et al., 2023",https://www.mdpi.com/2073-4395/13/3/689,Epistatic QTLs_v3.0
E01118,Triticum aestivum,Developmental traits,Heading date,,,,Qhd.tamu.2D,2D,50,"chr2D_57148132, chr2D_58740240",Qhd.tamu.5A,5A,25,"chr5A_613572934, chr5A_631682129",,,"Dogan et al., 2023",https://www.mdpi.com/2073-4395/13/3/689,Epistatic QTLs_v3.0
E01119,Triticum aestivum,Developmental traits,Heading date,,,,Qhd.tamu.3B,3B,120,"chr3B_791862603, chr3B_799714911",Qhd.tamu.6B,6B,20,"chr6B_17377808, chr6B_22887198",,,"Dogan et al., 2023",https://www.mdpi.com/2073-4395/13/3/689,Epistatic QTLs_v3.0
E01120,Triticum aestivum,Developmental traits,Heading date,,,,Qhd.tamu.2B,2B,160,"chr2B_706876539, chr2B_708129024",Qhd.tamu.7A,7A,60,"chr7A_671239519, chr7A_672045442",,,"Dogan et al., 2023",https://www.mdpi.com/2073-4395/13/3/689,Epistatic QTLs_v3.0
E01121,Triticum aestivum,Developmental traits,Heading date,,,,Qhd.tamu.5B,5B,65,"chr5B_669020900, chr5B_669448557",Qhd.tamu.5B,5B,75,"chr5B_672252349, chr5B_672858830",,,"Dogan et al., 2023",https://www.mdpi.com/2073-4395/13/3/689,Epistatic QTLs_v3.0
E01122,Triticum aestivum,Developmental traits,Heading date,,,,Qhd.tamu.2B,2B,0,"chr2B_6264495, chr2B_6253672",Qhd.tamu.2B,2B,95,"chr2B_104301918, chr2B_104301722",,,"Dogan et al., 2023",https://www.mdpi.com/2073-4395/13/3/689,Epistatic QTLs_v3.0
E01123,Triticum aestivum,Developmental traits,Heading date,,,,Qhd.tamu.1A,1A,20,"chr1A_536622753, chr1A_544076998",Qhd.tamu.6A,6A,20,"chr6A_602914081, chr6A_609428285",,,"Dogan et al., 2023",https://www.mdpi.com/2073-4395/13/3/689,Epistatic QTLs_v3.0
E01124,Triticum aestivum,Developmental traits,Heading date,,,,Qhd.tamu.2A,2A,125,"chr2A_756611507, chr2A_758357153",Qhd.tamu.6B,6B,0,"chr6B_4600091, chr6B_3582984",,,"Dogan et al., 2023",https://www.mdpi.com/2073-4395/13/3/689,Epistatic QTLs_v3.0
E01125,Triticum aestivum,Developmental traits,Heading date,,,,Qhd.tamu.4B,4B,0,"chr4B_1706532, chr4B_4187439",Qhd.tamu.5B,5B,70,"chr5B_669479604, chr5B_669588775",,,"Dogan et al., 2023",https://www.mdpi.com/2073-4395/13/3/689,Epistatic QTLs_v3.0
E01126,Triticum aestivum,Developmental traits,Heading date,,,,Qhd.tamu.4B,4B,15,"chr4B_651996393, chr4B_652854434",Qhd.tamu.6A,6A,20,"chr6A_602914081, chr6A_609428285",,,"Dogan et al., 2023",https://www.mdpi.com/2073-4395/13/3/689,Epistatic QTLs_v3.0
E01127,Triticum aestivum,Developmental traits,Heading date,,,,Qhd.tamu.1A,1A,0,"chr1A_11409042, chr1A_12172904",Qhd.tamu.7D,7D,15,"chr7D_13929700, chr7D_14194685",,,"Dogan et al., 2023",https://www.mdpi.com/2073-4395/13/3/689,Epistatic QTLs_v3.0
E01128,Triticum aestivum,Developmental traits,Heading date,,,,Qhd.tamu.2A,2A,60,"chr2A_695422537, chr2A_699911890",Qhd.tamu.7A,7A,70,"chr7A_55923153, chr7A_55930688",,,"Dogan et al., 2023",https://www.mdpi.com/2073-4395/13/3/689,Epistatic QTLs_v3.0
E01129,Triticum aestivum,Developmental traits,Heading date,,,,Qhd.tamu.3A,3A,25,"chr3A_18155861, chr3A_26833859",Qhd.tamu.5B,5B,40,"chr5B_599842195, chr5B_598297231",,,"Dogan et al., 2023",https://www.mdpi.com/2073-4395/13/3/689,Epistatic QTLs_v3.0
E01130,Triticum aestivum,Developmental traits,Heading date,,,,Qhd.tamu.3A,3A,50,"chr3A_699533973, chr3A_723348071",Qhd.tamu.5B,5B,40,"chr5B_599842195, chr5B_598297231",,,"Dogan et al., 2023",https://www.mdpi.com/2073-4395/13/3/689,Epistatic QTLs_v3.0
E01131,Triticum aestivum,Developmental traits,Heading date,,,,Qhd.tamu.3D,3D,50,"chr3D_528154650, chr3D_565812181",Qhd.tamu.4B,4B,50,"chr4B_665317866, chr4B_670758036",,,"Dogan et al., 2023",https://www.mdpi.com/2073-4395/13/3/689,Epistatic QTLs_v3.0
E01132,Triticum aestivum,Developmental traits,Heading date,,,,Qhd.tamu.1A,1A,0,"chr1A_503450631, chr1A_504089876",Qhd.tamu.3B,3B,50,"chr3B_639149438, chr3B_701761644",,,"Dogan et al., 2023",https://www.mdpi.com/2073-4395/13/3/689,Epistatic QTLs_v3.0
E01133,Triticum aestivum,Developmental traits,Heading date,,,,Qhd.tamu.2D,2D,45,"chr2D_44894266, chr2D_56646794",Qhd.tamu.6A,6A,85,"chr6A_76926356, chr6A_559342209",,,"Dogan et al., 2023",https://www.mdpi.com/2073-4395/13/3/689,Epistatic QTLs_v3.0
E01134,Triticum aestivum,Developmental traits,Heading date,,,,Qhd.tamu.5A,5A,80,"chr5A_456261322, chr5A_471688493",Qhd.tamu.5D,5D,0,"chr5D_547558575, chr5D_547603543",,,"Dogan et al., 2023",https://www.mdpi.com/2073-4395/13/3/689,Epistatic QTLs_v3.0
E01135,Triticum aestivum,Developmental traits,Days to heading,,,,,7A,0.55339,M10129,,7A,0.80967,M13836,,,"Malik et al., 2021",https://link.springer.com/article/10.1007/s11032-021-01240-1,Epistatic QTLs_v3.0
E01136,Triticum aestivum,Developmental traits,Days to heading,,,,,Un,,M5047,,Un,,M8735,,,"Malik et al., 2021",https://link.springer.com/article/10.1007/s11032-021-01240-1,Epistatic QTLs_v3.0
E01137,Triticum aestivum,Developmental traits,Days to heading,,,,,Un,,M14346,,Un,,M8735,,,"Malik et al., 2021",https://link.springer.com/article/10.1007/s11032-021-01240-1,Epistatic QTLs_v3.0
E01138,Triticum aestivum,Developmental traits,Days to heading,,,,,3A,2.3193752,M4210,,3A,,M8735,,,"Malik et al., 2021",https://link.springer.com/article/10.1007/s11032-021-01240-1,Epistatic QTLs_v3.0
E01139,Triticum aestivum,Developmental traits,Days to heading,,,,,Un,,M9526,,Un,,M15840,,,"Malik et al., 2021",https://link.springer.com/article/10.1007/s11032-021-01240-1,Epistatic QTLs_v3.0
E01140,Triticum aestivum,Developmental traits,Days to heading,,,,,Un,,M15756,,Un,,M5966,,,"Malik et al., 2021",https://link.springer.com/article/10.1007/s11032-021-01240-1,Epistatic QTLs_v3.0
E01141,Triticum aestivum,Developmental traits,Days to anthesis,,,,,7B,0.80967,M13836,,7B,0.55339,M10129,,,"Malik et al., 2021",https://link.springer.com/article/10.1007/s11032-021-01240-1,Epistatic QTLs_v3.0
E01142,Triticum aestivum,Developmental traits,Days to anthesis,,,,,Un,,M8735,,Un,,M14346,,,"Malik et al., 2021",https://link.springer.com/article/10.1007/s11032-021-01240-1,Epistatic QTLs_v3.0
E01143,Triticum aestivum,Developmental traits,Days to anthesis,,,,,7A,0.55339,M10129,,7A,0.80967,M13836,,,"Malik et al., 2021",https://link.springer.com/article/10.1007/s11032-021-01240-1,Epistatic QTLs_v3.0
E01144,Triticum aestivum,Developmental traits,Days to anthesis,,,,,Un,,M5047,,Un,,M8735,,,"Malik et al., 2021",https://link.springer.com/article/10.1007/s11032-021-01240-1,Epistatic QTLs_v3.0
E01145,Triticum aestivum,Developmental traits,Days to anthesis,,,,,Un,,M15840,,Un,,M9526,,,"Malik et al., 2021",https://link.springer.com/article/10.1007/s11032-021-01240-1,Epistatic QTLs_v3.0
E01146,Triticum aestivum,Developmental traits,Days to anthesis,,,,,Un,,M15756,,Un,,M5966,,,"Malik et al., 2021",https://link.springer.com/article/10.1007/s11032-021-01240-1,Epistatic QTLs_v3.0
E01147,Triticum aestivum,Developmental traits,Days to maturity,,,,,1A,0.6644299,M9877,,1A,1.607716667,M8239,,,"Malik et al., 2021",https://link.springer.com/article/10.1007/s11032-021-01240-1,Epistatic QTLs_v3.0
E01148,Triticum aestivum,Developmental traits,Days to maturity,,,,,5A,1.14889,M3393,,5A,0.80967,M13836,,,"Malik et al., 2021",https://link.springer.com/article/10.1007/s11032-021-01240-1,Epistatic QTLs_v3.0
E01149,Triticum aestivum,Developmental traits,Days to maturity,,,,,7B,0.80967,M13836,,7B,0.55339,M10129,,,"Malik et al., 2021",https://link.springer.com/article/10.1007/s11032-021-01240-1,Epistatic QTLs_v3.0
E01150,Triticum aestivum,Developmental traits,Days to maturity,,,,,7A,0.55339,M10129,,7A,0.80967,M13836,,,"Malik et al., 2021",https://link.springer.com/article/10.1007/s11032-021-01240-1,Epistatic QTLs_v3.0
E01151,Triticum aestivum,Developmental traits,Days to maturity,,,,,7B,0.80967,M13836,,7B,1.14889,M3393,,,"Malik et al., 2021",https://link.springer.com/article/10.1007/s11032-021-01240-1,Epistatic QTLs_v3.0
E01152,Triticum aestivum,Developmental traits,Grain filling duration,,,,,2B,1.5079701,M13252,,2B,,M12889,,,"Malik et al., 2021",https://link.springer.com/article/10.1007/s11032-021-01240-1,Epistatic QTLs_v3.0
E01153,Triticum aestivum,Developmental traits,Grain filling duration,,,,,Un,,M14911,,Un,,M13159,,,"Malik et al., 2021",https://link.springer.com/article/10.1007/s11032-021-01240-1,Epistatic QTLs_v3.0
E01154,Triticum aestivum,Developmental traits,Heading date,,,,TaHd008,1B,41095790,AX-158545204,TaHd120,1B,698124968,AX-158565287,,,"Benaouda et al., 2022",https://link.springer.com/article/10.1007/s00122-022-04152-6,Epistatic QTLs_v3.0
E01155,Triticum aestivum,Developmental traits,Heading date,,,,TaHd011,1B,566980275,AX-89615400,TaHd145,1B,613483581,GENE_4208_229,,,"Benaouda et al., 2022",https://link.springer.com/article/10.1007/s00122-022-04152-6,Epistatic QTLs_v3.0
E01156,Triticum aestivum,Developmental traits,Heading date,,,,TaHd011,1B,566980275,AX-89615400,TaHd159,1B,712672683,Kukri_c66579_206,,,"Benaouda et al., 2022",https://link.springer.com/article/10.1007/s00122-022-04152-6,Epistatic QTLs_v3.0
E01157,Triticum aestivum,Developmental traits,Heading date,,,,TaHd016,1B,671196915,AX-89537486,TaHd127,1B,555179293,BS00076169_51,,,"Benaouda et al., 2022",https://link.springer.com/article/10.1007/s00122-022-04152-6,Epistatic QTLs_v3.0
E01158,Triticum aestivum,Developmental traits,Heading date,,,,TaHd032,2B,154252646,AX-158547474,TaHd150,2B,71038456,TA003528_0548,,,"Benaouda et al., 2022",https://link.springer.com/article/10.1007/s00122-022-04152-6,Epistatic QTLs_v3.0
E01159,Triticum aestivum,Developmental traits,Heading date,,,,TaHd050,3B,370966100,Excalibur_c14803_1088,TaHd001,3B,6323655,Kukri_c8390_1102,,,"Benaouda et al., 2022",https://link.springer.com/article/10.1007/s00122-022-04152-6,Epistatic QTLs_v3.0
E01160,Triticum aestivum,Developmental traits,Heading date,,,,TaHd056,3B,502922399,AX-158536736,TaHd050,3B,370966100,Excalibur_c14803_1088,,,"Benaouda et al., 2022",https://link.springer.com/article/10.1007/s00122-022-04152-6,Epistatic QTLs_v3.0
E01161,Triticum aestivum,Developmental traits,Heading date,,,,TaHd073,4A,725662722,AX-110415935,TaHd120,4A,698124968,AX-158565287,,,"Benaouda et al., 2022",https://link.springer.com/article/10.1007/s00122-022-04152-6,Epistatic QTLs_v3.0
E01162,Triticum aestivum,Developmental traits,Heading date,,,,TaHd074,4B,13427465,AX-110504460,TaHd120,4B,698124968,AX-158565287,,,"Benaouda et al., 2022",https://link.springer.com/article/10.1007/s00122-022-04152-6,Epistatic QTLs_v3.0
E01163,Triticum aestivum,Developmental traits,Heading date,,,,TaHd076,4B,17091460,AX-158538813,TaHd120,4B,698124968,AX-158565287,,,"Benaouda et al., 2022",https://link.springer.com/article/10.1007/s00122-022-04152-6,Epistatic QTLs_v3.0
E01164,Triticum aestivum,Developmental traits,Heading date,,,,TaHd077,4B,49936874,AX-158583100,TaHd085,4B,575908171,AX-158598920,,,"Benaouda et al., 2022",https://link.springer.com/article/10.1007/s00122-022-04152-6,Epistatic QTLs_v3.0
E01165,Triticum aestivum,Developmental traits,Heading date,,,,TaHd078,4B,52833650,AX-158583105,TaHd085,4B,575908171,AX-158598920,,,"Benaouda et al., 2022",https://link.springer.com/article/10.1007/s00122-022-04152-6,Epistatic QTLs_v3.0
E01166,Triticum aestivum,Developmental traits,Heading date,,,,TaHd079,4B,76127758,AX-158583099,TaHd085,4B,575908171,AX-158598920,,,"Benaouda et al., 2022",https://link.springer.com/article/10.1007/s00122-022-04152-6,Epistatic QTLs_v3.0
E01167,Triticum aestivum,Developmental traits,Heading date,,,,TaHd082,4B,226851988,AX-158583101,TaHd085,4B,575908171,AX-158598920,,,"Benaouda et al., 2022",https://link.springer.com/article/10.1007/s00122-022-04152-6,Epistatic QTLs_v3.0
E01168,Triticum aestivum,Developmental traits,Heading date,,,,TaHd083,4B,295048265,AX-158550351,TaHd050,4B,370966100,Excalibur_c14803_1088,,,"Benaouda et al., 2022",https://link.springer.com/article/10.1007/s00122-022-04152-6,Epistatic QTLs_v3.0
E01169,Triticum aestivum,Developmental traits,Heading date,,,,TaHd083,4B,295048265,AX-158550351,TaHd131,4B,655450076,AX-158621334,,,"Benaouda et al., 2022",https://link.springer.com/article/10.1007/s00122-022-04152-6,Epistatic QTLs_v3.0
E01170,Triticum aestivum,Developmental traits,Heading date,,,,TaHd101,5A,88032042,AX-110574552,TaHd120,5A,698124968,AX-158565287,,,"Benaouda et al., 2022",https://link.springer.com/article/10.1007/s00122-022-04152-6,Epistatic QTLs_v3.0
E01171,Triticum aestivum,Developmental traits,Heading date,,,,TaHd120,5A,698124968,AX-158565287,TaHd026,5A,58324615,IACX1098,,,"Benaouda et al., 2022",https://link.springer.com/article/10.1007/s00122-022-04152-6,Epistatic QTLs_v3.0
E01172,Triticum aestivum,Developmental traits,Heading date,,,,TaHd120,5A,698124968,AX-158565287,TaHd050,5A,370966100,Excalibur_c14803_1088,,,"Benaouda et al., 2022",https://link.springer.com/article/10.1007/s00122-022-04152-6,Epistatic QTLs_v3.0
E01173,Triticum aestivum,Developmental traits,Heading date,,,,TaHd120,5A,698124968,AX-158565287,TaHd094,5A,14844440,BS00100185_51,,,"Benaouda et al., 2022",https://link.springer.com/article/10.1007/s00122-022-04152-6,Epistatic QTLs_v3.0
E01174,Triticum aestivum,Developmental traits,Heading date,,,,TaHd120,5A,698124968,AX-158565287,TaHd097,5A,41427419,wsnp_Ra_rep_c69221_66574148,,,"Benaouda et al., 2022",https://link.springer.com/article/10.1007/s00122-022-04152-6,Epistatic QTLs_v3.0
E01175,Triticum aestivum,Developmental traits,Heading date,,,,TaHd120,5A,698124968,AX-158565287,TaHd102,5A,117495484,GENE_3500_336,,,"Benaouda et al., 2022",https://link.springer.com/article/10.1007/s00122-022-04152-6,Epistatic QTLs_v3.0
E01176,Triticum aestivum,Developmental traits,Heading date,,,,TaHd120,5A,698124968,AX-158565287,TaHd106,5A,304460984,BS00062996_51,,,"Benaouda et al., 2022",https://link.springer.com/article/10.1007/s00122-022-04152-6,Epistatic QTLs_v3.0
E01177,Triticum aestivum,Developmental traits,Heading date,,,,TaHd120,5A,698124968,AX-158565287,TaHd107,5A,393918811,RAC875_c12507_531,,,"Benaouda et al., 2022",https://link.springer.com/article/10.1007/s00122-022-04152-6,Epistatic QTLs_v3.0
E01178,Triticum aestivum,Developmental traits,Heading date,,,,TaHd120,5A,698124968,AX-158565287,TaHd130,5A,646230623,AX-158621280,,,"Benaouda et al., 2022",https://link.springer.com/article/10.1007/s00122-022-04152-6,Epistatic QTLs_v3.0
E01179,Triticum aestivum,Developmental traits,Heading date,,,,TaHd120,5A,698124968,AX-158565287,TaHd133,5A,94339848,wsnp_Ra_c17541_26430903,,,"Benaouda et al., 2022",https://link.springer.com/article/10.1007/s00122-022-04152-6,Epistatic QTLs_v3.0
E01180,Triticum aestivum,Developmental traits,Heading date,,,,TaHd129,5B,587071168,AX-111486916,TaHd077,5B,49936874,AX-158583100,,,"Benaouda et al., 2022",https://link.springer.com/article/10.1007/s00122-022-04152-6,Epistatic QTLs_v3.0
E01181,Triticum aestivum,Developmental traits,Heading date,,,,TaHd129,5B,587071168,AX-111486916,TaHd078,5B,52833650,AX-158583105,,,"Benaouda et al., 2022",https://link.springer.com/article/10.1007/s00122-022-04152-6,Epistatic QTLs_v3.0
E01182,Triticum aestivum,Developmental traits,Heading date,,,,TaHd129,5B,587071168,AX-111486916,TaHd079,5B,76127758,AX-158583099,,,"Benaouda et al., 2022",https://link.springer.com/article/10.1007/s00122-022-04152-6,Epistatic QTLs_v3.0
E01183,Triticum aestivum,Developmental traits,Heading date,,,,TaHd139,5D,558242589,BS00003995_51,TaHd102,5D,117495484,GENE_3500_336,,,"Benaouda et al., 2022",https://link.springer.com/article/10.1007/s00122-022-04152-6,Epistatic QTLs_v3.0
E01184,Triticum aestivum,Developmental traits,Heading date,,,,TaHd146,6B,23619520,AX-158589441,TaHd050,6B,370966100,Excalibur_c14803_1088,,,"Benaouda et al., 2022",https://link.springer.com/article/10.1007/s00122-022-04152-6,Epistatic QTLs_v3.0
E01185,Triticum aestivum,Developmental traits,Heading date,,,,TaHd177,7D,73548381,AX-111073271,TaHd165,7D,585066140,wsnp_Ra_rep_c105182_89171305,,,"Benaouda et al., 2022",https://link.springer.com/article/10.1007/s00122-022-04152-6,Epistatic QTLs_v3.0
E01186,Triticum aestivum,Developmental traits,Heading date,,,,TaHd015,1B,654714930,AX-158544963,TaHd104,1B,158247085,wsnp_BE444644A_Ta_2_1,,,"Benaouda et al., 2022",https://link.springer.com/article/10.1007/s00122-022-04152-6,Epistatic QTLs_v3.0
E01187,Triticum aestivum,Developmental traits,Heading date,,,,TaHd029,2B,89552907,AX-158597419,TaHd098,2B,41427501,Ra_c69221_1167,,,"Benaouda et al., 2022",https://link.springer.com/article/10.1007/s00122-022-04152-6,Epistatic QTLs_v3.0
E01188,Triticum aestivum,Developmental traits,Heading date,,,,TaHd005,1A,549425883,AX-158569194,TaHd098,1A,41427501,Ra_c69221_1167,,,"Benaouda et al., 2022",https://link.springer.com/article/10.1007/s00122-022-04152-6,Epistatic QTLs_v3.0
E01189,Triticum aestivum,Developmental traits,Heading date,,,,TaHd015,1B,654714930,AX-158544963,TaHd098,1B,41427501,Ra_c69221_1167,,,"Benaouda et al., 2022",https://link.springer.com/article/10.1007/s00122-022-04152-6,Epistatic QTLs_v3.0
E01190,Triticum aestivum,Developmental traits,Heading date,,,,TaHd005,1A,549425883,AX-158569194,TaHd104,1A,158247085,wsnp_BE444644A_Ta_2_1,,,"Benaouda et al., 2022",https://link.springer.com/article/10.1007/s00122-022-04152-6,Epistatic QTLs_v3.0
E01191,Triticum aestivum,Developmental traits,Heading date,,,,TaHd013,1B,639071657,AX-158544962,TaHd104,1B,158247085,wsnp_BE444644A_Ta_2_1,,,"Benaouda et al., 2022",https://link.springer.com/article/10.1007/s00122-022-04152-6,Epistatic QTLs_v3.0
E01192,Triticum aestivum,Developmental traits,Heading date,,,,TaHd033,2B,683029170,BS00016650_51,TaHd047,2B,720436430,Ra_c4373_453,,,"Benaouda et al., 2022",https://link.springer.com/article/10.1007/s00122-022-04152-6,Epistatic QTLs_v3.0
E01193,Triticum aestivum,Developmental traits,Heading date,,,,TaHd033,2B,683029170,BS00016650_51,TaHd007,2B,6867216,BS00066271_51,,,"Benaouda et al., 2022",https://link.springer.com/article/10.1007/s00122-022-04152-6,Epistatic QTLs_v3.0
E01194,Triticum aestivum,Developmental traits,Heading date,,,,TaHd028,2B,79248172,AX-158547347,TaHd098,2B,41427501,Ra_c69221_1167,,,"Benaouda et al., 2022",https://link.springer.com/article/10.1007/s00122-022-04152-6,Epistatic QTLs_v3.0
E01195,Triticum aestivum,Developmental traits,Heading date,,,,TaHd075,4B,14396083,AX-158618765,TaHd104,4B,158247085,wsnp_BE444644A_Ta_2_1,,,"Benaouda et al., 2022",https://link.springer.com/article/10.1007/s00122-022-04152-6,Epistatic QTLs_v3.0
E01196,Triticum aestivum,Developmental traits,Heading date,,,,TaHd027,2B,63781688,AX-89718064,TaHd098,2B,41427501,Ra_c69221_1167,,,"Benaouda et al., 2022",https://link.springer.com/article/10.1007/s00122-022-04152-6,Epistatic QTLs_v3.0
E01197,Triticum aestivum,Developmental traits,Heading date,,,,TaHd013,1B,639071657,AX-158544962,TaHd082,1B,226851953,AX-158583101,,,"Benaouda et al., 2022",https://link.springer.com/article/10.1007/s00122-022-04152-6,Epistatic QTLs_v3.0
E01198,Triticum aestivum,Developmental traits,Heading date,,,,TaHd009,1B,44933639,Excalibur_c95656_129,TaHd098,1B,41427501,Ra_c69221_1167,,,"Benaouda et al., 2022",https://link.springer.com/article/10.1007/s00122-022-04152-6,Epistatic QTLs_v3.0
E01199,Triticum aestivum,Developmental traits,Heading date,,,,TaHd075,4B,14396083,AX-158618765,TaHd098,4B,41427501,Ra_c69221_1167,,,"Benaouda et al., 2022",https://link.springer.com/article/10.1007/s00122-022-04152-6,Epistatic QTLs_v3.0
E01200,Triticum aestivum,Developmental traits,Heading date,,,,TaHd013,1B,639071657,AX-158544962,TaHd098,1B,41427501,Ra_c69221_1167,,,"Benaouda et al., 2022",https://link.springer.com/article/10.1007/s00122-022-04152-6,Epistatic QTLs_v3.0
E01201,Triticum aestivum,Developmental traits,Heading date,,,,TaHd027,2B,63781688,AX-89718064,TaHd104,2B,158247085,wsnp_BE444644A_Ta_2_1,,,"Benaouda et al., 2022",https://link.springer.com/article/10.1007/s00122-022-04152-6,Epistatic QTLs_v3.0
E01202,Triticum aestivum,Developmental traits,Heading date,,,,TaHd098,5A,41427501,Ra_c69221_1167,TaHd010,5A,530481020,wsnp_BG606586B_Ta_2_13,,,"Benaouda et al., 2022",https://link.springer.com/article/10.1007/s00122-022-04152-6,Epistatic QTLs_v3.0
E01203,Triticum aestivum,Developmental traits,Heading date,,,,TaHd013,1B,639071657,AX-158544962,TaHd033,1B,683029170,BS00016650_51,,,"Benaouda et al., 2022",https://link.springer.com/article/10.1007/s00122-022-04152-6,Epistatic QTLs_v3.0
E01204,Triticum aestivum,Developmental traits,Heading date,,,,TaHd029,2B,89552907,AX-158597419,TaHd102,2B,117495535,GENE_3500_336,,,"Benaouda et al., 2022",https://link.springer.com/article/10.1007/s00122-022-04152-6,Epistatic QTLs_v3.0
E01205,Triticum aestivum,Developmental traits,Heading date,,,,TaHd013,1B,639071657,AX-158544962,TaHd079,1B,76127793,AX-158583099,,,"Benaouda et al., 2022",https://link.springer.com/article/10.1007/s00122-022-04152-6,Epistatic QTLs_v3.0
E01206,Triticum aestivum,Developmental traits,Heading date,,,,TaHd170,7A,722573912,BS00061911_51,TaHd098,7A,41427501,Ra_c69221_1167,,,"Benaouda et al., 2022",https://link.springer.com/article/10.1007/s00122-022-04152-6,Epistatic QTLs_v3.0
E01207,Triticum aestivum,Developmental traits,Heading date,,,,TaHd127,5B,555179343,BS00076169_51,TaHd098,5B,41427501,Ra_c69221_1167,,,"Benaouda et al., 2022",https://link.springer.com/article/10.1007/s00122-022-04152-6,Epistatic QTLs_v3.0
E01208,Triticum aestivum,Developmental traits,Heading date,,,,TaHd007,1B,6867216,BS00066271_51,TaHd098,1B,41427501,Ra_c69221_1167,,,"Benaouda et al., 2022",https://link.springer.com/article/10.1007/s00122-022-04152-6,Epistatic QTLs_v3.0
E01209,Triticum aestivum,Developmental traits,Heading date,,,,TaHd028,2B,79248172,AX-158547347,TaHd104,2B,158247085,wsnp_BE444644A_Ta_2_1,,,"Benaouda et al., 2022",https://link.springer.com/article/10.1007/s00122-022-04152-6,Epistatic QTLs_v3.0
E01210,Triticum aestivum,Developmental traits,Heading date,,,,TaHd160,6D,402872625,AX-110612307,TaHd023,6D,764103038,AX-158596231,,,"Benaouda et al., 2022",https://link.springer.com/article/10.1007/s00122-022-04152-6,Epistatic QTLs_v3.0
E01211,Triticum aestivum,Developmental traits,Heading date,,,,TaHd104,5A,158247085,wsnp_BE444644A_Ta_2_1,TaHd010,5A,530481020,wsnp_BG606586B_Ta_2_13,,,"Benaouda et al., 2022",https://link.springer.com/article/10.1007/s00122-022-04152-6,Epistatic QTLs_v3.0
E01212,Triticum aestivum,Developmental traits,Heading date,,,,TaHd135,5D,307085234,AX-158587070,TaHd098,5D,41427501,Ra_c69221_1167,,,"Benaouda et al., 2022",https://link.springer.com/article/10.1007/s00122-022-04152-6,Epistatic QTLs_v3.0
E01213,Triticum aestivum,Developmental traits,Heading date,,,,TaHd048,3A,724058885,AX-158523630,TaHd098,3A,41427501,Ra_c69221_1167,,,"Benaouda et al., 2022",https://link.springer.com/article/10.1007/s00122-022-04152-6,Epistatic QTLs_v3.0
E01214,Triticum aestivum,Developmental traits,Heading date,,,,TaHd116,5A,619687804,AX-158542764,TaHd098,5A,41427501,Ra_c69221_1167,,,"Benaouda et al., 2022",https://link.springer.com/article/10.1007/s00122-022-04152-6,Epistatic QTLs_v3.0
E01215,Triticum aestivum,Developmental traits,Heading date,,,,TaHd015,1B,654714930,AX-158544963,TaHd033,1B,683029170,BS00016650_51,,,"Benaouda et al., 2022",https://link.springer.com/article/10.1007/s00122-022-04152-6,Epistatic QTLs_v3.0
E01216,Triticum aestivum,Developmental traits,Days to anthesis,,,,QDa.ccsu-1A.1,1A,32.3,gwm0558,QDa.ccsu-5A.2,5A,48.5,wPt-8226,,,"Gahlot et al., 2017",https://journals.plos.org/plosone/article?id=10.1371/journal.pone.0182857,Epistatic QTLs_v3.0
E01217,Triticum aestivum,Developmental traits,Days to anthesis,,,,QDa.ccsu-1A.2,1A,39.7,wPt-6455,QDa.ccsu-3B.2,3B,39.8,gwm0383,,,"Gahlot et al., 2017",https://journals.plos.org/plosone/article?id=10.1371/journal.pone.0182857,Epistatic QTLs_v3.0
E01218,Triticum aestivum,Developmental traits,Days to anthesis,,,,QDa.ccsu-1B.2,1B,54.2,wPt-2526,QDa.ccsu-1D.1,1D,7,ksm0117D,,,"Gahlot et al., 2017",https://journals.plos.org/plosone/article?id=10.1371/journal.pone.0182857,Epistatic QTLs_v3.0
E01219,Triticum aestivum,Developmental traits,Days to anthesis,,,,QDa.ccsu-2A.2,2A,8.6,barc1138,QDa.ccsu-7A.2,7A,55,wPt-7299,,,"Gahlot et al., 2017",https://journals.plos.org/plosone/article?id=10.1371/journal.pone.0182857,Epistatic QTLs_v3.0
E01220,Triticum aestivum,Developmental traits,Days to anthesis,,,,QDa.ccsu-3A.1,3A,4.6,wPt-7992,QDa.ccsu-7B,7B,13.9,wPt-2305,,,"Gahlot et al., 2017",https://journals.plos.org/plosone/article?id=10.1371/journal.pone.0182857,Epistatic QTLs_v3.0
E01221,Triticum aestivum,Developmental traits,Days to anthesis,,,,QDa.ccsu-3A.2,3A,31.2,stm0018tgag,QDa.ccsu-3B.3,3B,45,gwm0108-3B,,,"Gahlot et al., 2017",https://journals.plos.org/plosone/article?id=10.1371/journal.pone.0182857,Epistatic QTLs_v3.0
E01222,Triticum aestivum,Developmental traits,Days to anthesis,,,,QDa.ccsu-4A.1,4A,6.7,wPt-7001,QDa.ccsu-5A.4,5A,70.2,Vrn-A1,,,"Gahlot et al., 2017",https://journals.plos.org/plosone/article?id=10.1371/journal.pone.0182857,Epistatic QTLs_v3.0
E01223,Triticum aestivum,Developmental traits,Days to anthesis,,,,QDa.ccsu-4D,4D,2,wmc0457,QDa.ccsu-5B,5B,8.1,barc0112,,,"Gahlot et al., 2017",https://journals.plos.org/plosone/article?id=10.1371/journal.pone.0182857,Epistatic QTLs_v3.0
E01224,Triticum aestivum,Developmental traits,Days to anthesis,,,,QDa.ccsu-7D,7D,0.5,wPt-5049,QDa.ccsu-7D.2,7D,41.9,cfd0021D,,,"Gahlot et al., 2017",https://journals.plos.org/plosone/article?id=10.1371/journal.pone.0182857,Epistatic QTLs_v3.0
E01225,Triticum aestivum,Developmental traits,Days to heading,,,,,2D,94,wPt-730613–wPt- 665836,,2D,101.3,wPt-9183–wpt1161,,,"Chen et al., 2015",https://link.springer.com/article/10.1007/s11032-015-0373-7/,Epistatic QTLs_v3.0
E01226,Triticum aestivum,Developmental traits,Days to flowering,,,,,2D,99,wPt-730613–wPt- 665836,,2D,101.3,wPt-9183–wpt1161,,,"Chen et al., 2015",https://link.springer.com/article/10.1007/s11032-015-0373-7/,Epistatic QTLs_v3.0
