id,species,trait,parameter,mqtl_name,chromosome,position_interval,associated_markers,pve,candidate_gene,reference,doi,source_file
M00001,Triticum turgidum ssp. dicoccoides),Quality traits,"Grain protein content,carbon isotope ratio",dicoccoides_MQTL_1A.2,1A,60.04,IWB53606-IWB48157,−,,https://www.frontiersin.org/journals/plant-science/articles/10.3389/fpls.2024.1305196/full,https://www.frontiersin.org/journals/plant-science/articles/10.3389/fpls.2024.1305196/full,Anjali Verma_Quality Traits MQTLs_Checked
M00002,Triticum turgidum ssp. dicoccoides),Quality traits,"Grain protein content,Harvest Index",dicoccoides_MQTL_1A.3,1A,86.88,IWB9711-IWB279,−,,https://www.frontiersin.org/journals/plant-science/articles/10.3389/fpls.2024.1305196/full,https://www.frontiersin.org/journals/plant-science/articles/10.3389/fpls.2024.1305196/full,Anjali Verma_Quality Traits MQTLs_Checked
M00003,Triticum turgidum ssp. dicoccoides),Quality traits,Harvest Index,dicoccoides_MQTL_1B.1,1B,28.16,barc119-IWA2577,−,,https://www.frontiersin.org/journals/plant-science/articles/10.3389/fpls.2024.1305196/full,https://www.frontiersin.org/journals/plant-science/articles/10.3389/fpls.2024.1305196/full,Anjali Verma_Quality Traits MQTLs_Checked
M00004,Triticum turgidum ssp. dicoccoides),Quality traits,Grain protein content,dicoccoides_MQTL_2A.2,2A,114.57,wPTt-8216-IWB16917,−,,https://www.frontiersin.org/journals/plant-science/articles/10.3389/fpls.2024.1305196/full,https://www.frontiersin.org/journals/plant-science/articles/10.3389/fpls.2024.1305196/full,Anjali Verma_Quality Traits MQTLs_Checked
M00005,Triticum turgidum ssp. dicoccoides),Quality traits,Harvest Index,dicoccoides_MQTL_2B.1,2B,50.99,IWB71313-gwm429,−,,https://www.frontiersin.org/journals/plant-science/articles/10.3389/fpls.2024.1305196/full,https://www.frontiersin.org/journals/plant-science/articles/10.3389/fpls.2024.1305196/full,Anjali Verma_Quality Traits MQTLs_Checked
M00006,Triticum turgidum ssp. dicoccoides),Quality traits,Grain protein content,dicoccoides_MQTL_2B.2,2B,123.8,IWA6453-IWB29225,−,,https://www.frontiersin.org/journals/plant-science/articles/10.3389/fpls.2024.1305196/full,https://www.frontiersin.org/journals/plant-science/articles/10.3389/fpls.2024.1305196/full,Anjali Verma_Quality Traits MQTLs_Checked
M00007,Triticum turgidum ssp. dicoccoides),Quality traits,Grain protein content,dicoccoides_MQTL_3A.2,3A,74.35,IWA5164-IWB69857,−,,https://www.frontiersin.org/journals/plant-science/articles/10.3389/fpls.2024.1305196/full,https://www.frontiersin.org/journals/plant-science/articles/10.3389/fpls.2024.1305196/full,Anjali Verma_Quality Traits MQTLs_Checked
M00008,Triticum turgidum ssp. dicoccoides),Quality traits,Carbon isotope ratio,dicoccoides_MQTL_3A.3,3A,100.25,IWB35484-IWB73344,−,,https://www.frontiersin.org/journals/plant-science/articles/10.3389/fpls.2024.1305196/full,https://www.frontiersin.org/journals/plant-science/articles/10.3389/fpls.2024.1305196/full,Anjali Verma_Quality Traits MQTLs_Checked
M00009,Triticum turgidum ssp. dicoccoides),Quality traits,Grain protein content,dicoccoides_MQTL_3B.1,3B,85.86,IWB40525-IWB52023,−,,https://www.frontiersin.org/journals/plant-science/articles/10.3389/fpls.2024.1305196/full,https://www.frontiersin.org/journals/plant-science/articles/10.3389/fpls.2024.1305196/full,Anjali Verma_Quality Traits MQTLs_Checked
M00010,Triticum turgidum ssp. dicoccoides),Quality traits,"Grain protein content,Harvest index",dicoccoides_MQTL_4A.1,4A,38.36,IWA4321-IWB34953,−,,https://www.frontiersin.org/journals/plant-science/articles/10.3389/fpls.2024.1305196/full,https://www.frontiersin.org/journals/plant-science/articles/10.3389/fpls.2024.1305196/full,Anjali Verma_Quality Traits MQTLs_Checked
M00011,Triticum turgidum ssp. dicoccoides),Quality traits,Grain protein content,dicoccoides_MQTL_4A.2,4A,131.23,IWB14913-wmc718,−,,https://www.frontiersin.org/journals/plant-science/articles/10.3389/fpls.2024.1305196/full,https://www.frontiersin.org/journals/plant-science/articles/10.3389/fpls.2024.1305196/full,Anjali Verma_Quality Traits MQTLs_Checked
M00012,Triticum turgidum ssp. dicoccoides),Quality traits,Grain protein content,dicoccoides_MQTL_4B.1,4B,16.38,IWB63596-WB34526,−,,https://www.frontiersin.org/journals/plant-science/articles/10.3389/fpls.2024.1305196/full,https://www.frontiersin.org/journals/plant-science/articles/10.3389/fpls.2024.1305196/full,Anjali Verma_Quality Traits MQTLs_Checked
M00013,Triticum turgidum ssp. dicoccoides),Quality traits,Grain protein content,dicoccoides_MQTL_4B.2,4B,78.98,IWA6197-IWB32903,−,,https://www.frontiersin.org/journals/plant-science/articles/10.3389/fpls.2024.1305196/full,https://www.frontiersin.org/journals/plant-science/articles/10.3389/fpls.2024.1305196/full,Anjali Verma_Quality Traits MQTLs_Checked
M00014,Triticum turgidum ssp. dicoccoides),Quality traits,Grain protein content,dicoccoides_MQTL_5A.1,5A,35.99,IWB31441-IWB30321,−,,https://www.frontiersin.org/journals/plant-science/articles/10.3389/fpls.2024.1305196/full,https://www.frontiersin.org/journals/plant-science/articles/10.3389/fpls.2024.1305196/full,Anjali Verma_Quality Traits MQTLs_Checked
M00015,Triticum turgidum ssp. dicoccoides),Quality traits,Carbon isotope ratio,dicoccoides_MQTL_5A.3,5A,106.33,IWA6573-WB2066,−,,https://www.frontiersin.org/journals/plant-science/articles/10.3389/fpls.2024.1305196/full,https://www.frontiersin.org/journals/plant-science/articles/10.3389/fpls.2024.1305196/full,Anjali Verma_Quality Traits MQTLs_Checked
M00016,Triticum turgidum ssp. dicoccoides),Quality traits,Grain protein content,dicoccoides_MQTL_5A.4,5A,142.55,IWB3132-SBG_143269,−,,https://www.frontiersin.org/journals/plant-science/articles/10.3389/fpls.2024.1305196/full,https://www.frontiersin.org/journals/plant-science/articles/10.3389/fpls.2024.1305196/full,Anjali Verma_Quality Traits MQTLs_Checked
M00017,Triticum turgidum ssp. dicoccoides),Quality traits,Grain protein content,dicoccoides_MQTL_5B.1,5B,52.54,IWA7227-IWA5280,−,,https://www.frontiersin.org/journals/plant-science/articles/10.3389/fpls.2024.1305196/full,https://www.frontiersin.org/journals/plant-science/articles/10.3389/fpls.2024.1305196/full,Anjali Verma_Quality Traits MQTLs_Checked
M00018,Triticum turgidum ssp. dicoccoides),Quality traits,Harvest Index,dicoccoides_MQTL_5B.2,5B,123.74,IWB40925-barc337,−,,https://www.frontiersin.org/journals/plant-science/articles/10.3389/fpls.2024.1305196/full,https://www.frontiersin.org/journals/plant-science/articles/10.3389/fpls.2024.1305196/full,Anjali Verma_Quality Traits MQTLs_Checked
M00019,Triticum turgidum ssp. dicoccoides),Quality traits,Grain protein content,dicoccoides_MQTL_6A.2,6A,84.95,IWB9445-IWB4417,−,,https://www.frontiersin.org/journals/plant-science/articles/10.3389/fpls.2024.1305196/full,https://www.frontiersin.org/journals/plant-science/articles/10.3389/fpls.2024.1305196/full,Anjali Verma_Quality Traits MQTLs_Checked
M00020,Triticum turgidum ssp. dicoccoides),Quality traits,Grain protein content,dicoccoides_MQTL_6B.1,6B,52.19,gwm518-barc68,−,,https://www.frontiersin.org/journals/plant-science/articles/10.3389/fpls.2024.1305196/full,https://www.frontiersin.org/journals/plant-science/articles/10.3389/fpls.2024.1305196/full,Anjali Verma_Quality Traits MQTLs_Checked
M00021,Triticum turgidum ssp. dicoccoides),Quality traits,"Grain protein content,Harvest index",dicoccoides_MQTL_6B.2,6B,74.40,IWA5966-IWB56000,−,,https://www.frontiersin.org/journals/plant-science/articles/10.3389/fpls.2024.1305196/full,https://www.frontiersin.org/journals/plant-science/articles/10.3389/fpls.2024.1305196/full,Anjali Verma_Quality Traits MQTLs_Checked
M00022,Triticum turgidum ssp. dicoccoides),Quality traits,Grain protein content,dicoccoides_MQTL_7A.2,7A,132.57,IWA7089-IWB45735,−,,https://www.frontiersin.org/journals/plant-science/articles/10.3389/fpls.2024.1305196/full,https://www.frontiersin.org/journals/plant-science/articles/10.3389/fpls.2024.1305196/full,Anjali Verma_Quality Traits MQTLs_Checked
M00023,Triticum turgidum ssp. dicoccoides),Quality traits,Grain protein content,dicoccoides_MQTL_7A.3,7A,170.72,IWB39743-wPt-5558,−,,https://www.frontiersin.org/journals/plant-science/articles/10.3389/fpls.2024.1305196/full,https://www.frontiersin.org/journals/plant-science/articles/10.3389/fpls.2024.1305196/full,Anjali Verma_Quality Traits MQTLs_Checked
M00024,Triticum turgidum ssp. dicoccoides),Quality traits,Harvest Index,dicoccoides_MQTL_7B.1,7B,8.5,IWB26957-IWB71139,−,,https://www.frontiersin.org/journals/plant-science/articles/10.3389/fpls.2024.1305196/full,https://www.frontiersin.org/journals/plant-science/articles/10.3389/fpls.2024.1305196/full,Anjali Verma_Quality Traits MQTLs_Checked
M00025,Triticum turgidum ssp. dicoccoides),Quality traits,Grain protein content,dicoccoides_MQTL_7B.3,7B,129.11,IWB23685-IWB24797,−,,https://www.frontiersin.org/journals/plant-science/articles/10.3389/fpls.2024.1305196/full,https://www.frontiersin.org/journals/plant-science/articles/10.3389/fpls.2024.1305196/full,Anjali Verma_Quality Traits MQTLs_Checked
M00026,Triticum aestivum,Quality traits,"Grain protein content,flour protein content",MQTL1A.1,1A,150.52,wPt-6709-wsnp_Ex_c2868_5293485,−,,https://pubmed.ncbi.nlm.nih.gov/37144681/,https://pubmed.ncbi.nlm.nih.gov/37144681/,Anjali Verma_Quality Traits MQTLs_Checked
M00027,Triticum aestivum,Quality traits,Grain protein content,MQTL1A.2,1A,219.04,Xcfd59-BS00003758_51,−,,https://pubmed.ncbi.nlm.nih.gov/37144681/,https://pubmed.ncbi.nlm.nih.gov/37144681/,Anjali Verma_Quality Traits MQTLs_Checked
M00028,Triticum aestivum,Quality traits,"Grain protein content,flour protein content",MQTL1A.3,1A,228.46,IAAV2072-Xbcd265,−,,https://pubmed.ncbi.nlm.nih.gov/37144681/,https://pubmed.ncbi.nlm.nih.gov/37144681/,Anjali Verma_Quality Traits MQTLs_Checked
M00029,Triticum aestivum,Quality traits,"Grain protein content,flour protein content",MQTL1B.1,1B,154.99,Xwpt-4655-Xwpt-1363,−,,https://pubmed.ncbi.nlm.nih.gov/37144681/,https://pubmed.ncbi.nlm.nih.gov/37144681/,Anjali Verma_Quality Traits MQTLs_Checked
M00030,Triticum aestivum,Quality traits,"Grain protein content,test weight",MQTL1B.2,1B,164.02,Xgwm18-Tdurum_contig63991_280,−,,https://pubmed.ncbi.nlm.nih.gov/37144681/,https://pubmed.ncbi.nlm.nih.gov/37144681/,Anjali Verma_Quality Traits MQTLs_Checked
M00031,Triticum aestivum,Quality traits,"Grain protein content,test weight",MQTL1B.3,1B,168.95,Xpsr949-wPt-2257,−,,https://pubmed.ncbi.nlm.nih.gov/37144681/,https://pubmed.ncbi.nlm.nih.gov/37144681/,Anjali Verma_Quality Traits MQTLs_Checked
M00032,Triticum aestivum,Quality traits,"Grain protein content,test weight",MQTL1B.4,1B,179.62,Xwpt-4532-wPt-4688,−,,https://pubmed.ncbi.nlm.nih.gov/37144681/,https://pubmed.ncbi.nlm.nih.gov/37144681/,Anjali Verma_Quality Traits MQTLs_Checked
M00033,Triticum aestivum,Quality traits,"wet gluten content,test weight",MQTL1D.1,1D,97.86,BS00079095_51-RAC875_c87321_108,−,,https://pubmed.ncbi.nlm.nih.gov/37144681/,https://pubmed.ncbi.nlm.nih.gov/37144681/,Anjali Verma_Quality Traits MQTLs_Checked
M00034,Triticum aestivum,Quality traits,wet gluten content,MQTL1D.2,1D,115.27,wPt-8854-Xcdo312,−,,https://pubmed.ncbi.nlm.nih.gov/37144681/,https://pubmed.ncbi.nlm.nih.gov/37144681/,Anjali Verma_Quality Traits MQTLs_Checked
M00035,Triticum aestivum,Quality traits,"Grain protein content,test weight",MQTL1D.3,1D,126.1,Kukri_c20062_389-wmc36,−,,https://pubmed.ncbi.nlm.nih.gov/37144681/,https://pubmed.ncbi.nlm.nih.gov/37144681/,Anjali Verma_Quality Traits MQTLs_Checked
M00036,Triticum aestivum,Quality traits,"Grain protein content,protein conten",MQTL2A.1,2A,60.69,Xwms445-IAAV1698,−,,https://pubmed.ncbi.nlm.nih.gov/37144681/,https://pubmed.ncbi.nlm.nih.gov/37144681/,Anjali Verma_Quality Traits MQTLs_Checked
M00037,Triticum aestivum,Quality traits,"Grain protein content,protein conten",MQTL2A.2,2A,84.38,wsnp_Ex_c7829_13320760-RAC875_c13390_174,−,,https://pubmed.ncbi.nlm.nih.gov/37144681/,https://pubmed.ncbi.nlm.nih.gov/37144681/,Anjali Verma_Quality Traits MQTLs_Checked
M00038,Triticum aestivum,Quality traits,"Grain protein content,protein conten",MQTL2A.3,2A,114.48,wPt-6245-Xgwm359,−,,https://pubmed.ncbi.nlm.nih.gov/37144681/,https://pubmed.ncbi.nlm.nih.gov/37144681/,Anjali Verma_Quality Traits MQTLs_Checked
M00039,Triticum aestivum,Quality traits,"Grain protein content,test weight",MQTL2A.4,2A,137.64,GENE-1246_393-GENE-1075_265,−,,https://pubmed.ncbi.nlm.nih.gov/37144681/,https://pubmed.ncbi.nlm.nih.gov/37144681/,Anjali Verma_Quality Traits MQTLs_Checked
M00040,Triticum aestivum,Quality traits,"Grain protein content, wet gluten content",MQTL2A.5,2A,173.82,wsnp_Ex_c2426_4542393-Xgwm294a,−,,https://pubmed.ncbi.nlm.nih.gov/37144681/,https://pubmed.ncbi.nlm.nih.gov/37144681/,Anjali Verma_Quality Traits MQTLs_Checked
M00041,Triticum aestivum,Quality traits,"Grain protein content, wet gluten content",MQTL2B.1,2B,77.29,Xpsr126-Tdurum_contig23273_426,−,,https://pubmed.ncbi.nlm.nih.gov/37144681/,https://pubmed.ncbi.nlm.nih.gov/37144681/,Anjali Verma_Quality Traits MQTLs_Checked
M00042,Triticum aestivum,Quality traits,"Grain protein content, wet gluten content,test weight",MQTL2B.2,2B,87.35,wsnp_Ra_c2842_5399988-BobWhite_c8113_532,−,,https://pubmed.ncbi.nlm.nih.gov/37144681/,https://pubmed.ncbi.nlm.nih.gov/37144681/,Anjali Verma_Quality Traits MQTLs_Checked
M00043,Triticum aestivum,Quality traits,"Grain protein content, wet gluten content",MQTL2B.3,2B,93.93,Excalibur_c33221_681-wsnp_Ex_c4024_7278036,−,,https://pubmed.ncbi.nlm.nih.gov/37144681/,https://pubmed.ncbi.nlm.nih.gov/37144681/,Anjali Verma_Quality Traits MQTLs_Checked
M00044,Triticum aestivum,Quality traits,"Grain protein content,flour protein content",MQTL2B.4,2B,96.92,Excalibur_c65341_303-BS00063905_51,−,,https://pubmed.ncbi.nlm.nih.gov/37144681/,https://pubmed.ncbi.nlm.nih.gov/37144681/,Anjali Verma_Quality Traits MQTLs_Checked
M00045,Triticum aestivum,Quality traits,"Grain protein content,flour protein content ,wet gluten content",MQTL2B.5,2B,101.48,BS00063905_51-RAC875_c2176_3046,−,,https://pubmed.ncbi.nlm.nih.gov/37144681/,https://pubmed.ncbi.nlm.nih.gov/37144681/,Anjali Verma_Quality Traits MQTLs_Checked
M00046,Triticum aestivum,Quality traits,Grain protein content,MQTL2B.6,2B,107.77,wsnp_Ra_c54256_57628288- Tdurum_contig41990_1324,−,,https://pubmed.ncbi.nlm.nih.gov/37144681/,https://pubmed.ncbi.nlm.nih.gov/37144681/,Anjali Verma_Quality Traits MQTLs_Checked
M00047,Triticum aestivum,Quality traits,"flour protein content ,test weight",MQTL2D.1,2D,39.36,Excalibur_c14317_401-Kukri_c74165_204,−,,https://pubmed.ncbi.nlm.nih.gov/37144681/,https://pubmed.ncbi.nlm.nih.gov/37144681/,Anjali Verma_Quality Traits MQTLs_Checked
M00048,Triticum aestivum,Quality traits,Grain protein content,MQTL2D.2,2D,68.88,Xbcd1970-Xwmc111,−,,https://pubmed.ncbi.nlm.nih.gov/37144681/,https://pubmed.ncbi.nlm.nih.gov/37144681/,Anjali Verma_Quality Traits MQTLs_Checked
M00049,Triticum aestivum,Quality traits,"Grain protein content,flour protein content",MQTL2D.3,2D,97.32,Xbcd111-Xbarc11,−,,https://pubmed.ncbi.nlm.nih.gov/37144681/,https://pubmed.ncbi.nlm.nih.gov/37144681/,Anjali Verma_Quality Traits MQTLs_Checked
M00050,Triticum aestivum,Quality traits,"Grain protein content,flour protein content,Protein content",MQTL2D.4,2D,109.45,Kukri_c4949_261-GENE-0581_156,−,,https://pubmed.ncbi.nlm.nih.gov/37144681/,https://pubmed.ncbi.nlm.nih.gov/37144681/,Anjali Verma_Quality Traits MQTLs_Checked
M00051,Triticum aestivum,Quality traits,"Grain protein content,,test weightGPC, protein content",MQTL2D.5,2D,152.7,Kukri_c365_345-Ex_c67599_547,−,,https://pubmed.ncbi.nlm.nih.gov/37144681/,https://pubmed.ncbi.nlm.nih.gov/37144681/,Anjali Verma_Quality Traits MQTLs_Checked
M00052,Triticum aestivum,Quality traits,Grain protein content,MQTL3A.1,3A,51.91,Xwmc532-Xcdo395,−,,https://pubmed.ncbi.nlm.nih.gov/37144681/,https://pubmed.ncbi.nlm.nih.gov/37144681/,Anjali Verma_Quality Traits MQTLs_Checked
M00053,Triticum aestivum,Quality traits,Grain protein content,MQTL3A.2,3A,61.66,Tdurum_contig42496_1426- Tdurum_contig55335_316,−,,https://pubmed.ncbi.nlm.nih.gov/37144681/,https://pubmed.ncbi.nlm.nih.gov/37144681/,Anjali Verma_Quality Traits MQTLs_Checked
M00054,Triticum aestivum,Quality traits,Grain protein content,MQTL3A.3,3A,72.35,wsnp_Ex_rep_c69864_68824236- Tdurum_contig98188_239,−,,https://pubmed.ncbi.nlm.nih.gov/37144681/,https://pubmed.ncbi.nlm.nih.gov/37144681/,Anjali Verma_Quality Traits MQTLs_Checked
M00055,Triticum aestivum,Quality traits,"Grain protein content,flour protein content",MQTL3A.4,3A,85.73,BS00022968_51-wsnp_Ku_c5359_9530161,−,,https://pubmed.ncbi.nlm.nih.gov/37144681/,https://pubmed.ncbi.nlm.nih.gov/37144681/,Anjali Verma_Quality Traits MQTLs_Checked
M00056,Triticum aestivum,Quality traits,"Grain protein content,flour protein content",MQTL3A.5,3A,95.6,Xcdo113-wsnp_Ex_c4923_8767234,−,,https://pubmed.ncbi.nlm.nih.gov/37144681/,https://pubmed.ncbi.nlm.nih.gov/37144681/,Anjali Verma_Quality Traits MQTLs_Checked
M00057,Triticum aestivum,Quality traits,"Grain protein content,test weight, protein content",MQTL3B.1,3B,208.4,Xwmc527-Tdurum_contig67693_344,−,,https://pubmed.ncbi.nlm.nih.gov/37144681/,https://pubmed.ncbi.nlm.nih.gov/37144681/,Anjali Verma_Quality Traits MQTLs_Checked
M00058,Triticum aestivum,Quality traits,Grain protein content,MQTL3B.2,3B,214.62,wsnp_Ku_c29429_39332178-XwPt-6945,−,,https://pubmed.ncbi.nlm.nih.gov/37144681/,https://pubmed.ncbi.nlm.nih.gov/37144681/,Anjali Verma_Quality Traits MQTLs_Checked
M00059,Triticum aestivum,Quality traits,"test weight, protein content",MQTL3B.3,3B,302.76,Xwpt-5704-IAAV4641,−,,https://pubmed.ncbi.nlm.nih.gov/37144681/,https://pubmed.ncbi.nlm.nih.gov/37144681/,Anjali Verma_Quality Traits MQTLs_Checked
M00060,Triticum aestivum,Quality traits,"flour protein content ,test weight",MQTL3D.1,3D,146.17,Xgwm314-Xgwm3b,−,,https://pubmed.ncbi.nlm.nih.gov/37144681/,https://pubmed.ncbi.nlm.nih.gov/37144681/,Anjali Verma_Quality Traits MQTLs_Checked
M00061,Triticum aestivum,Quality traits,"Grain protein content,test weight",MQTL4A.1,4A,37.83,wPt-7524-Xwmc420,−,,https://pubmed.ncbi.nlm.nih.gov/37144681/,https://pubmed.ncbi.nlm.nih.gov/37144681/,Anjali Verma_Quality Traits MQTLs_Checked
M00062,Triticum aestivum,Quality traits,"Grain protein content,test weight",MQTL4A.2,4A,39.05,Xbarc206-TA004056-0809,−,,https://pubmed.ncbi.nlm.nih.gov/37144681/,https://pubmed.ncbi.nlm.nih.gov/37144681/,Anjali Verma_Quality Traits MQTLs_Checked
M00063,Triticum aestivum,Quality traits,Grain protein content,MQTL4A.3,4A,43.15,IAAV1476-wsnp_BF474615A_Ta_1_1,−,,https://pubmed.ncbi.nlm.nih.gov/37144681/,https://pubmed.ncbi.nlm.nih.gov/37144681/,Anjali Verma_Quality Traits MQTLs_Checked
M00064,Triticum aestivum,Quality traits,Grain protein content,MQTL4A.4,4A,63.02,Xcdo545-wPt-7168,−,,https://pubmed.ncbi.nlm.nih.gov/37144681/,https://pubmed.ncbi.nlm.nih.gov/37144681/,Anjali Verma_Quality Traits MQTLs_Checked
M00065,Triticum aestivum,Quality traits,Grain protein content,MQTL4A.5,4A,76.88,wPt-2983-wPt-2983,−,,https://pubmed.ncbi.nlm.nih.gov/37144681/,https://pubmed.ncbi.nlm.nih.gov/37144681/,Anjali Verma_Quality Traits MQTLs_Checked
M00066,Triticum aestivum,Quality traits,"Grain protein content,test weight",MQTL4A.6,4A,100.13,wPt-3506-P40/M60-221,−,,https://pubmed.ncbi.nlm.nih.gov/37144681/,https://pubmed.ncbi.nlm.nih.gov/37144681/,Anjali Verma_Quality Traits MQTLs_Checked
M00067,Triticum aestivum,Quality traits,"Grain protein content,test weight, wet gluten content",MQTL4B.1,4B,119.62,Xwms251-wPt-0872,−,,https://pubmed.ncbi.nlm.nih.gov/37144681/,https://pubmed.ncbi.nlm.nih.gov/37144681/,Anjali Verma_Quality Traits MQTLs_Checked
M00068,Triticum aestivum,Quality traits,"Grain protein content,test weight",MQTL4B.2,4B,126.9,Xwpt-1505-Xbcd1265,−,,https://pubmed.ncbi.nlm.nih.gov/37144681/,https://pubmed.ncbi.nlm.nih.gov/37144681/,Anjali Verma_Quality Traits MQTLs_Checked
M00069,Triticum aestivum,Quality traits,"Grain protein content,test weight",MQTL5A.1,5A,71.77,Xbarc141-BS00096756_51,−,,https://pubmed.ncbi.nlm.nih.gov/37144681/,https://pubmed.ncbi.nlm.nih.gov/37144681/,Anjali Verma_Quality Traits MQTLs_Checked
M00070,Triticum aestivum,Quality traits,Grain protein content,MQTL5A.2,5A,81.13,Xbarc151-wsnp_Ex_rep_c109532_92292121,−,,https://pubmed.ncbi.nlm.nih.gov/37144681/,https://pubmed.ncbi.nlm.nih.gov/37144681/,Anjali Verma_Quality Traits MQTLs_Checked
M00071,Triticum aestivum,Quality traits,Grain protein content,MQTL5B.1,5B,151.9,XwPt-1951-Kukri_c98694_120,−,,https://pubmed.ncbi.nlm.nih.gov/37144681/,https://pubmed.ncbi.nlm.nih.gov/37144681/,Anjali Verma_Quality Traits MQTLs_Checked
M00072,Triticum aestivum,Quality traits,"Grain protein content,test weight, wet gluten content",MQTL5B.2,5B,162.31,Excalibur_c631_219-Tdurum_contig31131_198,−,,https://pubmed.ncbi.nlm.nih.gov/37144681/,https://pubmed.ncbi.nlm.nih.gov/37144681/,Anjali Verma_Quality Traits MQTLs_Checked
M00073,Triticum aestivum,Quality traits,"Grain protein content,test weight, wet gluten content",MQTL5B.3,5B,169.27,Kukri_c57830_63-BobWhite_rep_c57634_383,−,,https://pubmed.ncbi.nlm.nih.gov/37144681/,https://pubmed.ncbi.nlm.nih.gov/37144681/,Anjali Verma_Quality Traits MQTLs_Checked
M00074,Triticum aestivum,Quality traits,"Grain protein content,test weight, wet gluten content",MQTL5B.4,5B,169.27,Kukri_c57830_63-BS00065895_51,−,,https://pubmed.ncbi.nlm.nih.gov/37144681/,https://pubmed.ncbi.nlm.nih.gov/37144681/,Anjali Verma_Quality Traits MQTLs_Checked
M00075,Triticum aestivum,Quality traits,"Grain protein content,test weight, wet gluten content",MQTL5B.5,5B,173.52,BS00065895_51-RAC875_c24376_704,−,,https://pubmed.ncbi.nlm.nih.gov/37144681/,https://pubmed.ncbi.nlm.nih.gov/37144681/,Anjali Verma_Quality Traits MQTLs_Checked
M00076,Triticum aestivum,Quality traits,"Grain protein content,Protein conten",MQTL5B.6,5B,193.95,RFL_Contig658_1166-RAC875_c34910_173,−,,https://pubmed.ncbi.nlm.nih.gov/37144681/,https://pubmed.ncbi.nlm.nih.gov/37144681/,Anjali Verma_Quality Traits MQTLs_Checked
M00077,Triticum aestivum,Quality traits,"Grain protein content,Protein content,wet gluten content",MQTL5B.7,5B,205.39,Xbcd1024-BobWhite_c24484_240,−,,https://pubmed.ncbi.nlm.nih.gov/37144681/,https://pubmed.ncbi.nlm.nih.gov/37144681/,Anjali Verma_Quality Traits MQTLs_Checked
M00078,Triticum aestivum,Quality traits,"Grain protein content,wet gluten content",MQTL5D.1,5D,87.67,Xcmwg770-Xcfd8,−,,https://pubmed.ncbi.nlm.nih.gov/37144681/,https://pubmed.ncbi.nlm.nih.gov/37144681/,Anjali Verma_Quality Traits MQTLs_Checked
M00079,Triticum aestivum,Quality traits,Grain protein content,MQTL5D.2,5D,164.1,Xcfd2-Xgdm133,−,,https://pubmed.ncbi.nlm.nih.gov/37144681/,https://pubmed.ncbi.nlm.nih.gov/37144681/,Anjali Verma_Quality Traits MQTLs_Checked
M00080,Triticum aestivum,Quality traits,Grain protein content,MQTL6A.1,6A,178.99,XwPt-7572-Tdurum_contig51566_427,−,,https://pubmed.ncbi.nlm.nih.gov/37144681/,https://pubmed.ncbi.nlm.nih.gov/37144681/,Anjali Verma_Quality Traits MQTLs_Checked
M00081,Triticum aestivum,Quality traits,"Grain protein content,wet gluten content",MQTL6A.2,6A,236.4,Xwpt-665782-wPt-1661,−,,https://pubmed.ncbi.nlm.nih.gov/37144681/,https://pubmed.ncbi.nlm.nih.gov/37144681/,Anjali Verma_Quality Traits MQTLs_Checked
M00082,Triticum aestivum L.,Nematode Resistance,Heterodera avenae,MQTL1.2A,2A,3.1,BS00121553-BS00185908,8.6,"NB-ARC, P-loop containing nucleoside triphosphate hydrolase, Leucine-rich repeat domain; superfamily, Virus X resistance protein-like, Protein kinase-like domain superfamily, Serine/threonine-protein kinase, Receptor-like kinase WAK-like, Ubiquitin-like domain superfamily, Myb/SANT-like domain, F-box associated domain, type, Zinc finger, RING/FYVE/PHD-type, Glycosyl transferase, family 8, Knottin, scorpion toxin-like superfamily, DnaJ domain, Chaperone J-domain superfamily",https://doi.org/10.1186/s12870-023-04526-y/,https://doi.org/10.1186/s12870-023-04526-y/,Dr. Saksham Pundir_Nematode_Resistance_meta-QTL__Revised Dataset_Finalized
M00083,Triticum aestivum L.,Nematode Resistance,Heterodera avenae,MQTL2.2A,2A,6.5,gwm071d-BS00166296,17.5,"SANT/Myb domain, Homeobox-like domain superfamily, Protein kinase-like domain superfamily, Serine/threonine-protein kinase-like protein CCR3/CCR4, Zinc finger, RING/FYVE/PHD-type, Cytochrome P450, B-class, Leucine-rich repeat, F-box protein, plant, Armadillo-like helical, Domain of unknown function DUF1618, Heavy metal-associated domain, Heavy metal binding protein HIPP/ATX1-like, Glutathione S-transferase, Oxoglutarate/iron-dependent dioxygenase, Isopenicillin N synthase-like, Major intrinsic protein, Aquaporin transporter, Alpha/Beta hydrolase fold, F-box-like domain superfamily, alcohol dehydrogenase, zinc-type, Ribulose bisphosphate carboxylase small subunit, domain, xylanase inhibitor, Glucose-6-phosphate dehydrogenase, Protein kinase domain, serine-threonine/tyrosine-protein kinase, leucine-rich repeat = LRR, UDP-glycosyltransferase family, Papain C-terminal, papain-like cysteine endopeptidase superfamily",https://doi.org/10.1186/s12870-023-04526-y/,https://doi.org/10.1186/s12870-023-04526-y/,Dr. Saksham Pundir_Nematode_Resistance_meta-QTL__Revised Dataset_Finalized
M00084,Triticum aestivum,Fungal resistance,Spot blotch resistance (Bipolaris sorokiniana),MQTL1-1A/2,1A,73.8/57.8,tplb0025b13_2792-1115313,14.0 (5.4),,https://www.nature.com/articles/s41598-024-63924-w,https://www.nature.com/articles/s41598-024-63924-w,Dr. Satish_Kumar_Fungal_Disease_Revised Dataset_Finalized
M00085,Triticum aestivum,Fungal resistance,Spot blotch resistance (Bipolaris sorokiniana),MQTL2-1B/2,1B,1.2/1.5,Xgwm374-1047726,16.0 (3.4),,https://www.nature.com/articles/s41598-024-63924-w,https://www.nature.com/articles/s41598-024-63924-w,Dr. Satish_Kumar_Fungal_Disease_Revised Dataset_Finalized
M00086,Triticum aestivum,Fungal resistance,Spot blotch resistance (Bipolaris sorokiniana),MQTL3-1B/17,1B,97.2/10.0,RFL_Contig2826_548-IACX886,14.2 (6.9),,https://www.nature.com/articles/s41598-024-63924-w,https://www.nature.com/articles/s41598-024-63924-w,Dr. Satish_Kumar_Fungal_Disease_Revised Dataset_Finalized
M00087,Triticum aestivum,Fungal resistance,Spot blotch resistance (Bipolaris sorokiniana),MQTL5-2A/8,2A,52.3/2.4,wms210-wmc474,21.8 (4.7),,https://www.nature.com/articles/s41598-024-63924-w,https://www.nature.com/articles/s41598-024-63924-w,Dr. Satish_Kumar_Fungal_Disease_Revised Dataset_Finalized
M00088,Triticum aestivum,Fungal resistance,Spot blotch resistance (Bipolaris sorokiniana),MQTL6-2D/3,2D,85.5/8.3,AX-109422256-AX-110072786,16.0 (5.4),,https://www.nature.com/articles/s41598-024-63924-w,https://www.nature.com/articles/s41598-024-63924-w,Dr. Satish_Kumar_Fungal_Disease_Revised Dataset_Finalized
M00089,Triticum aestivum,Fungal resistance,Spot blotch resistance (Bipolaris sorokiniana),MQTL7-4B/5,4B,71.8/4.6,BS00062892_51-wsnp_Ex_ c296_574790,5.4 (5.5),,https://www.nature.com/articles/s41598-024-63924-w,https://www.nature.com/articles/s41598-024-63924-w,Dr. Satish_Kumar_Fungal_Disease_Revised Dataset_Finalized
M00090,Triticum aestivum,Fungal resistance,Spot blotch resistance (Bipolaris sorokiniana),MQTL8-5A/8,5A,86.8/3.6,12772364-Tdurum_ contig56267_180,13.6 (4.8),,https://www.nature.com/articles/s41598-024-63924-w,https://www.nature.com/articles/s41598-024-63924-w,Dr. Satish_Kumar_Fungal_Disease_Revised Dataset_Finalized
M00091,Triticum aestivum,Fungal resistance,Spot blotch resistance (Bipolaris sorokiniana),MQTL11-5B/2,5B,303.3/20.7,Q.sb.bhu-5B-Q.sb.bisa-5B,19.0 (3.3),,https://www.nature.com/articles/s41598-024-63924-w,https://www.nature.com/articles/s41598-024-63924-w,Dr. Satish_Kumar_Fungal_Disease_Revised Dataset_Finalized
M00092,Triticum aestivum,Fungal resistance,Spot blotch resistance (Bipolaris sorokiniana),MQTL12-6A/2,6A,22.7/10.3,RAC875_c21158_99-1124657,13.0 (5.8),,https://www.nature.com/articles/s41598-024-63924-w,https://www.nature.com/articles/s41598-024-63924-w,Dr. Satish_Kumar_Fungal_Disease_Revised Dataset_Finalized
M00093,Triticum aestivum,Fungal resistance,Spot blotch resistance (Bipolaris sorokiniana),MQTL13-6A/2,6A,61.5/36.1,D_contig80449_91-BobWhite_ c20926_313,10.5 (5.2),,https://www.nature.com/articles/s41598-024-63924-w,https://www.nature.com/articles/s41598-024-63924-w,Dr. Satish_Kumar_Fungal_Disease_Revised Dataset_Finalized
M00094,Triticum aestivum,Fungal resistance,Spot blotch resistance (Bipolaris sorokiniana),MQTL15-7B/2,7B,43.2/1.8,Exclibur_c29698_76-Ab226,8.5 (3.8),,https://www.nature.com/articles/s41598-024-63924-w,https://www.nature.com/articles/s41598-024-63924-w,Dr. Satish_Kumar_Fungal_Disease_Revised Dataset_Finalized
M00095,Triticum aestivum,Fungal resistance,Spot blotch resistance (Bipolaris sorokiniana),MQTL16-7D/2,7D,37.9/38.7,XgbxR799a-Xgdm145*,9.0 (3.2),,https://www.nature.com/articles/s41598-024-63924-w,https://www.nature.com/articles/s41598-024-63924-w,Dr. Satish_Kumar_Fungal_Disease_Revised Dataset_Finalized
M00096,Triticum aestivum,Fungal resistance,loose smut (Ustilago tritici),MQTL7B.1,7B,19.7-19.74,BG262689-071/4207627|F|0-30:C>G-30:C>G,47.99,,https://link.springer.com/article/10.1007/s11032-022-01282-z,https://link.springer.com/article/10.1007/s11032-022-01282-z,Dr. Satish_Kumar_Fungal_Disease_Revised Dataset_Finalized
M00097,Triticum aestivum,Fungal resistance,loose smut (Ustilago tritici),MQTL4B.4,4B,141.19-141.35,RAC875_c104178_425/Xbcd402c,2.24,,https://link.springer.com/article/10.1007/s11032-022-01282-z,https://link.springer.com/article/10.1007/s11032-022-01282-z,Dr. Satish_Kumar_Fungal_Disease_Revised Dataset_Finalized
M00098,,"Shariatipour, N., Heidari, B., Tahmasebi, A., & Richards, C. (2021). Comparative Genomic Analysis of Quantitative Trait Loci Associated With Micronutrient Contents, Grain Quality, and Agronomic Traits in Wheat (Triticum aestivum L.). Frontiers in plant science, 12, 709817.",,MQTL_3D_5,,,,,,https://www.frontiersin.org/journals/plant-science/articles/10.3389/fpls.2021.709817/full/,,Prof. Balyan and Dr. Tinku_Zinc_content_TG_HS_24-02-25_Reviewed (1)
M00099,,"Shariatipour, N., Heidari, B., Tahmasebi, A., & Richards, C. (2021). Comparative Genomic Analysis of Quantitative Trait Loci Associated With Micronutrient Contents, Grain Quality, and Agronomic Traits in Wheat (Triticum aestivum L.). Frontiers in plant science, 12, 709817.",,MQTL_4A_2,,,,,,https://www.frontiersin.org/journals/plant-science/articles/10.3389/fpls.2021.709817/full/,,Prof. Balyan and Dr. Tinku_Zinc_content_TG_HS_24-02-25_Reviewed (1)
M00100,,"Shariatipour, N., Heidari, B., Tahmasebi, A., & Richards, C. (2021). Comparative Genomic Analysis of Quantitative Trait Loci Associated With Micronutrient Contents, Grain Quality, and Agronomic Traits in Wheat (Triticum aestivum L.). Frontiers in plant science, 12, 709817.",,MQTL_4D_2,,,,,,https://www.frontiersin.org/journals/plant-science/articles/10.3389/fpls.2021.709817/full/,,Prof. Balyan and Dr. Tinku_Zinc_content_TG_HS_24-02-25_Reviewed (1)
M00101,,"Shariatipour, N., Heidari, B., Tahmasebi, A., & Richards, C. (2021). Comparative Genomic Analysis of Quantitative Trait Loci Associated With Micronutrient Contents, Grain Quality, and Agronomic Traits in Wheat (Triticum aestivum L.). Frontiers in plant science, 12, 709817.",,MQTL_4D_4,,,,,,https://www.frontiersin.org/journals/plant-science/articles/10.3389/fpls.2021.709817/full/,,Prof. Balyan and Dr. Tinku_Zinc_content_TG_HS_24-02-25_Reviewed (1)
M00102,,"Shariatipour, N., Heidari, B., Tahmasebi, A., & Richards, C. (2021). Comparative Genomic Analysis of Quantitative Trait Loci Associated With Micronutrient Contents, Grain Quality, and Agronomic Traits in Wheat (Triticum aestivum L.). Frontiers in plant science, 12, 709817.",,MQTL_5A_5,,,,,,https://www.frontiersin.org/journals/plant-science/articles/10.3389/fpls.2021.709817/full/,,Prof. Balyan and Dr. Tinku_Zinc_content_TG_HS_24-02-25_Reviewed (1)
M00103,,"Shariatipour, N., Heidari, B., Tahmasebi, A., & Richards, C. (2021). Comparative Genomic Analysis of Quantitative Trait Loci Associated With Micronutrient Contents, Grain Quality, and Agronomic Traits in Wheat (Triticum aestivum L.). Frontiers in plant science, 12, 709817.",,MQTL_7A_1,,,,,,https://www.frontiersin.org/journals/plant-science/articles/10.3389/fpls.2021.709817/full/,,Prof. Balyan and Dr. Tinku_Zinc_content_TG_HS_24-02-25_Reviewed (1)
M00104,,"Shariatipour, N., Heidari, B., Tahmasebi, A., & Richards, C. (2021). Comparative Genomic Analysis of Quantitative Trait Loci Associated With Micronutrient Contents, Grain Quality, and Agronomic Traits in Wheat (Triticum aestivum L.). Frontiers in plant science, 12, 709817.",,MQTL_7A_3,,,,,,https://www.frontiersin.org/journals/plant-science/articles/10.3389/fpls.2021.709817/full/,,Prof. Balyan and Dr. Tinku_Zinc_content_TG_HS_24-02-25_Reviewed (1)
M00105,,"Shariatipour, N., Heidari, B., Tahmasebi, A., & Richards, C. (2021). Comparative Genomic Analysis of Quantitative Trait Loci Associated With Micronutrient Contents, Grain Quality, and Agronomic Traits in Wheat (Triticum aestivum L.). Frontiers in plant science, 12, 709817.",,MQTL_7B_2,,,,,,https://www.frontiersin.org/journals/plant-science/articles/10.3389/fpls.2021.709817/full/,,Prof. Balyan and Dr. Tinku_Zinc_content_TG_HS_24-02-25_Reviewed (1)
M00106,,"Shariatipour, N., Heidari, B. & Richards, M. (2021). Meta-analysis of QTLome for grain zinc and iron contents in wheat (Triticum aestivum L.). Euphytica, 217, 86.",,MQTL/1,,,,,,https://link.springer.com/article/10.1007/s10681-021-02818-8/,,Prof. Balyan and Dr. Tinku_Zinc_content_TG_HS_24-02-25_Reviewed (1)
M00107,,"Shariatipour, N., Heidari, B. & Richards, M. (2021). Meta-analysis of QTLome for grain zinc and iron contents in wheat (Triticum aestivum L.). Euphytica, 217, 86.",,MQTL/2,,,,,,https://link.springer.com/article/10.1007/s10681-021-02818-8/,,Prof. Balyan and Dr. Tinku_Zinc_content_TG_HS_24-02-25_Reviewed (1)
M00108,,"Shariatipour, N., Heidari, B. & Richards, M. (2021). Meta-analysis of QTLome for grain zinc and iron contents in wheat (Triticum aestivum L.). Euphytica, 217, 86.",,MQTL/3,,,,,,https://link.springer.com/article/10.1007/s10681-021-02818-8/,,Prof. Balyan and Dr. Tinku_Zinc_content_TG_HS_24-02-25_Reviewed (1)
M00109,,"Shariatipour, N., Heidari, B. & Richards, M. (2021). Meta-analysis of QTLome for grain zinc and iron contents in wheat (Triticum aestivum L.). Euphytica, 217, 86.",,MQTL/4,,,,,,https://link.springer.com/article/10.1007/s10681-021-02818-8/,,Prof. Balyan and Dr. Tinku_Zinc_content_TG_HS_24-02-25_Reviewed (1)
M00110,,"Shariatipour, N., Heidari, B. & Richards, M. (2021). Meta-analysis of QTLome for grain zinc and iron contents in wheat (Triticum aestivum L.). Euphytica, 217, 86.",,MQTL/5,,,,,,https://link.springer.com/article/10.1007/s10681-021-02818-8/,,Prof. Balyan and Dr. Tinku_Zinc_content_TG_HS_24-02-25_Reviewed (1)
M00111,,"Shariatipour, N., Heidari, B. & Richards, M. (2021). Meta-analysis of QTLome for grain zinc and iron contents in wheat (Triticum aestivum L.). Euphytica, 217, 86.",,MQTL/6,,,,,,https://link.springer.com/article/10.1007/s10681-021-02818-8/,,Prof. Balyan and Dr. Tinku_Zinc_content_TG_HS_24-02-25_Reviewed (1)
M00112,,"Shariatipour, N., Heidari, B. & Richards, M. (2021). Meta-analysis of QTLome for grain zinc and iron contents in wheat (Triticum aestivum L.). Euphytica, 217, 86.",,MQTL/7,,,,,,https://link.springer.com/article/10.1007/s10681-021-02818-8/,,Prof. Balyan and Dr. Tinku_Zinc_content_TG_HS_24-02-25_Reviewed (1)
M00113,,"Singh, R., Saripalli, G., Gautam, T., Kumar, A., Jan, I., Batra, R., Kumar, J., Kumar, R., Balyan, H. S., Sharma, S., & Gupta, P. K. (2022). Meta-QTLs, ortho-MetaQTLs and candidate genes for grain Fe and Zn contents in wheat (Triticum aestivum L.). Physiology and molecular biology of plants : an international journal of functional plant biology, 28, 637–650.",,MQTL1.5 A,,,,,,https://pmc.ncbi.nlm.nih.gov/articles/PMC8986950/,,Prof. Balyan and Dr. Tinku_Zinc_content_TG_HS_24-02-25_Reviewed (1)
M00114,,"Singh, R., Saripalli, G., Gautam, T., Kumar, A., Jan, I., Batra, R., Kumar, J., Kumar, R., Balyan, H. S., Sharma, S., & Gupta, P. K. (2022). Meta-QTLs, ortho-MetaQTLs and candidate genes for grain Fe and Zn contents in wheat (Triticum aestivum L.). Physiology and molecular biology of plants : an international journal of functional plant biology, 28, 637–650.",,MQTL2.5 A,,,,,,https://pmc.ncbi.nlm.nih.gov/articles/PMC8986950/,,Prof. Balyan and Dr. Tinku_Zinc_content_TG_HS_24-02-25_Reviewed (1)
M00115,,"Singh, R., Saripalli, G., Gautam, T., Kumar, A., Jan, I., Batra, R., Kumar, J., Kumar, R., Balyan, H. S., Sharma, S., & Gupta, P. K. (2022). Meta-QTLs, ortho-MetaQTLs and candidate genes for grain Fe and Zn contents in wheat (Triticum aestivum L.). Physiology and molecular biology of plants : an international journal of functional plant biology, 28, 637–650.",,MQTL3.5 A,,,,,,https://pmc.ncbi.nlm.nih.gov/articles/PMC8986950/,,Prof. Balyan and Dr. Tinku_Zinc_content_TG_HS_24-02-25_Reviewed (1)
M00116,,"Singh, R., Saripalli, G., Gautam, T., Kumar, A., Jan, I., Batra, R., Kumar, J., Kumar, R., Balyan, H. S., Sharma, S., & Gupta, P. K. (2022). Meta-QTLs, ortho-MetaQTLs and candidate genes for grain Fe and Zn contents in wheat (Triticum aestivum L.). Physiology and molecular biology of plants : an international journal of functional plant biology, 28, 637–650.",,MQTL4.5B,,,,,,https://pmc.ncbi.nlm.nih.gov/articles/PMC8986950/,,Prof. Balyan and Dr. Tinku_Zinc_content_TG_HS_24-02-25_Reviewed (1)
M00117,,"Singh, R., Saripalli, G., Gautam, T., Kumar, A., Jan, I., Batra, R., Kumar, J., Kumar, R., Balyan, H. S., Sharma, S., & Gupta, P. K. (2022). Meta-QTLs, ortho-MetaQTLs and candidate genes for grain Fe and Zn contents in wheat (Triticum aestivum L.). Physiology and molecular biology of plants : an international journal of functional plant biology, 28, 637–650.",,MQTL5.5B,,,,,,https://pmc.ncbi.nlm.nih.gov/articles/PMC8986950/,,Prof. Balyan and Dr. Tinku_Zinc_content_TG_HS_24-02-25_Reviewed (1)
M00118,,"Singh, R., Saripalli, G., Gautam, T., Kumar, A., Jan, I., Batra, R., Kumar, J., Kumar, R., Balyan, H. S., Sharma, S., & Gupta, P. K. (2022). Meta-QTLs, ortho-MetaQTLs and candidate genes for grain Fe and Zn contents in wheat (Triticum aestivum L.). Physiology and molecular biology of plants : an international journal of functional plant biology, 28, 637–650.",,MQTL6.5B,,,,,,https://pmc.ncbi.nlm.nih.gov/articles/PMC8986950/,,Prof. Balyan and Dr. Tinku_Zinc_content_TG_HS_24-02-25_Reviewed (1)
M00119,,"Singh, R., Saripalli, G., Gautam, T., Kumar, A., Jan, I., Batra, R., Kumar, J., Kumar, R., Balyan, H. S., Sharma, S., & Gupta, P. K. (2022). Meta-QTLs, ortho-MetaQTLs and candidate genes for grain Fe and Zn contents in wheat (Triticum aestivum L.). Physiology and molecular biology of plants : an international journal of functional plant biology, 28, 637–650.",,MQTL7.6 A,,,,,,https://pmc.ncbi.nlm.nih.gov/articles/PMC8986950/,,Prof. Balyan and Dr. Tinku_Zinc_content_TG_HS_24-02-25_Reviewed (1)
M00120,,"Singh, R., Saripalli, G., Gautam, T., Kumar, A., Jan, I., Batra, R., Kumar, J., Kumar, R., Balyan, H. S., Sharma, S., & Gupta, P. K. (2022). Meta-QTLs, ortho-MetaQTLs and candidate genes for grain Fe and Zn contents in wheat (Triticum aestivum L.). Physiology and molecular biology of plants : an international journal of functional plant biology, 28, 637–650.",,MQTL8.6 A,,,,,,https://pmc.ncbi.nlm.nih.gov/articles/PMC8986950/,,Prof. Balyan and Dr. Tinku_Zinc_content_TG_HS_24-02-25_Reviewed (1)
M00121,,"Singh, R., Saripalli, G., Gautam, T., Kumar, A., Jan, I., Batra, R., Kumar, J., Kumar, R., Balyan, H. S., Sharma, S., & Gupta, P. K. (2022). Meta-QTLs, ortho-MetaQTLs and candidate genes for grain Fe and Zn contents in wheat (Triticum aestivum L.). Physiology and molecular biology of plants : an international journal of functional plant biology, 28, 637–650.",,MQTL9.6 A,,,,,,https://pmc.ncbi.nlm.nih.gov/articles/PMC8986950/,,Prof. Balyan and Dr. Tinku_Zinc_content_TG_HS_24-02-25_Reviewed (1)
M00122,,"Singh, R., Saripalli, G., Gautam, T., Kumar, A., Jan, I., Batra, R., Kumar, J., Kumar, R., Balyan, H. S., Sharma, S., & Gupta, P. K. (2022). Meta-QTLs, ortho-MetaQTLs and candidate genes for grain Fe and Zn contents in wheat (Triticum aestivum L.). Physiology and molecular biology of plants : an international journal of functional plant biology, 28, 637–650.",,MQTL10.7 A,,,,,,https://pmc.ncbi.nlm.nih.gov/articles/PMC8986950/,,Prof. Balyan and Dr. Tinku_Zinc_content_TG_HS_24-02-25_Reviewed (1)
M00123,,"Singh, R., Saripalli, G., Gautam, T., Kumar, A., Jan, I., Batra, R., Kumar, J., Kumar, R., Balyan, H. S., Sharma, S., & Gupta, P. K. (2022). Meta-QTLs, ortho-MetaQTLs and candidate genes for grain Fe and Zn contents in wheat (Triticum aestivum L.). Physiology and molecular biology of plants : an international journal of functional plant biology, 28, 637–650.",,MQTL11.7 A,,,,,,https://pmc.ncbi.nlm.nih.gov/articles/PMC8986950/,,Prof. Balyan and Dr. Tinku_Zinc_content_TG_HS_24-02-25_Reviewed (1)
M00124,,"Gudi, S., Saini, D.K., Singh, G., Halladakeri, P., Kumar, P., Shamshad, M., Tanin, M.J., Singh, S., & Sharma, A. (2022). Unravelling consensus genomic regions associated with quality traits in wheat using meta-analysis of quantitative trait loci. Planta 255, 115.",,MQTL5A.2,,,,,,https://link.springer.com/article/10.1007/s00425-022-03904-4/,,Prof. Balyan and Dr. Tinku_Zinc_content_TG_HS_24-02-25_Reviewed (1)
M00125,,"Gudi, S., Saini, D.K., Singh, G., Halladakeri, P., Kumar, P., Shamshad, M., Tanin, M.J., Singh, S., & Sharma, A. (2022). Unravelling consensus genomic regions associated with quality traits in wheat using meta-analysis of quantitative trait loci. Planta 255, 115.",,MQTL7A.2,,,,,,https://link.springer.com/article/10.1007/s00425-022-03904-4/,,Prof. Balyan and Dr. Tinku_Zinc_content_TG_HS_24-02-25_Reviewed (1)
M00126,,"Gudi, S., Saini, D.K., Singh, G., Halladakeri, P., Kumar, P., Shamshad, M., Tanin, M.J., Singh, S., & Sharma, A. (2022). Unravelling consensus genomic regions associated with quality traits in wheat using meta-analysis of quantitative trait loci. Planta 255, 115.",,MQTL7B.3,,,,,,https://link.springer.com/article/10.1007/s00425-022-03904-4/,,Prof. Balyan and Dr. Tinku_Zinc_content_TG_HS_24-02-25_Reviewed (1)
M00127,,"Cabas-Lühmann, P., Schwember, A. R., Arriagada, O., Marcotuli, I., Matus, I., Alfaro, C., & Gadaleta, A. (2024). Meta-QTL analysis and candidate genes for quality traits, mineral content, and abiotic-related traits in wild emmer. Frontiers in Plant Science, 15, 1305196.",,dicoccoides_MQTL_2B.4,,,,,,https://www.frontiersin.org/journals/plant-science/articles/10.3389/fpls.2024.1305196/full/,,Prof. Balyan and Dr. Tinku_Zinc_content_TG_HS_24-02-25_Reviewed (1)
M00128,,"Cabas-Lühmann, P., Schwember, A. R., Arriagada, O., Marcotuli, I., Matus, I., Alfaro, C., & Gadaleta, A. (2024). Meta-QTL analysis and candidate genes for quality traits, mineral content, and abiotic-related traits in wild emmer. Frontiers in Plant Science, 15, 1305196.",,dicoccoides_MQTL_3B.1,,,,,,https://www.frontiersin.org/journals/plant-science/articles/10.3389/fpls.2024.1305196/full/,,Prof. Balyan and Dr. Tinku_Zinc_content_TG_HS_24-02-25_Reviewed (1)
M00129,,"Cabas-Lühmann, P., Schwember, A. R., Arriagada, O., Marcotuli, I., Matus, I., Alfaro, C., & Gadaleta, A. (2024). Meta-QTL analysis and candidate genes for quality traits, mineral content, and abiotic-related traits in wild emmer. Frontiers in Plant Science, 15, 1305196.",,dicoccoides_MQTL_4A.2,,,,,,https://www.frontiersin.org/journals/plant-science/articles/10.3389/fpls.2024.1305196/full/,,Prof. Balyan and Dr. Tinku_Zinc_content_TG_HS_24-02-25_Reviewed (1)
M00130,,"Cabas-Lühmann, P., Schwember, A. R., Arriagada, O., Marcotuli, I., Matus, I., Alfaro, C., & Gadaleta, A. (2024). Meta-QTL analysis and candidate genes for quality traits, mineral content, and abiotic-related traits in wild emmer. Frontiers in Plant Science, 15, 1305196.",,dicoccoides_MQTL_7A.2,,,,,,https://www.frontiersin.org/journals/plant-science/articles/10.3389/fpls.2024.1305196/full/,,Prof. Balyan and Dr. Tinku_Zinc_content_TG_HS_24-02-25_Reviewed (1)
M00131,,"Cabas-Lühmann, P., Schwember, A. R., Arriagada, O., Marcotuli, I., Matus, I., Alfaro, C., & Gadaleta, A. (2024). Meta-QTL analysis and candidate genes for quality traits, mineral content, and abiotic-related traits in wild emmer. Frontiers in Plant Science, 15, 1305196.",,dicoccoides_MQTL_7B.2,,,,,,https://www.frontiersin.org/journals/plant-science/articles/10.3389/fpls.2024.1305196/full/,,Prof. Balyan and Dr. Tinku_Zinc_content_TG_HS_24-02-25_Reviewed (1)
M00132,Triticum aestivum L,Fungal resistance,Fusarium head blight resistance,hcmQTL-1,1A,28–38,,6.2,,https://www.sciencedirect.com/science/article/pii/S221451412030177X#s0055/,https://www.sciencedirect.com/science/article/pii/S221451412030177X#s0055/,Urmila Singh_FHB DATA AFTER CORRECTION REVISED 3_Finalized
M00133,Triticum aestivum L,Fungal resistance,Fusarium head blight resistance,hcmQTL-2,1A,345–364,,6.4,,https://www.sciencedirect.com/science/article/pii/S221451412030177X#s0055/,https://www.sciencedirect.com/science/article/pii/S221451412030177X#s0055/,Urmila Singh_FHB DATA AFTER CORRECTION REVISED 3_Finalized
M00134,Triticum aestivum L,Fungal resistance,Fusarium head blight resistance,hcmQTL-3,1A,550–570,,14.8,,https://www.sciencedirect.com/science/article/pii/S221451412030177X#s0055/,https://www.sciencedirect.com/science/article/pii/S221451412030177X#s0055/,Urmila Singh_FHB DATA AFTER CORRECTION REVISED 3_Finalized
M00135,Triticum aestivum L,Fungal resistance,Fusarium head blight resistance,hcmQTL-4,1A,577–584,,9.8,TraesCS1A02G428400,https://www.sciencedirect.com/science/article/pii/S221451412030177X#s0055/,https://www.sciencedirect.com/science/article/pii/S221451412030177X#s0055/,Urmila Singh_FHB DATA AFTER CORRECTION REVISED 3_Finalized
M00136,Triticum aestivum L,Fungal resistance,Fusarium head blight resistance,hcmQTL-5,1B,208–223,,8.7,,https://www.sciencedirect.com/science/article/pii/S221451412030177X#s0055/,https://www.sciencedirect.com/science/article/pii/S221451412030177X#s0055/,Urmila Singh_FHB DATA AFTER CORRECTION REVISED 3_Finalized
M00137,Triticum aestivum L,Fungal resistance,Fusarium head blight resistance,hcmQTL-6,1B,530–546,,7.2,,https://www.sciencedirect.com/science/article/pii/S221451412030177X#s0055/,https://www.sciencedirect.com/science/article/pii/S221451412030177X#s0055/,Urmila Singh_FHB DATA AFTER CORRECTION REVISED 3_Finalized
M00138,Triticum aestivum L,Fungal resistance,Fusarium head blight resistance,hcmQTL-7,1B,562–572,,8.8,,https://www.sciencedirect.com/science/article/pii/S221451412030177X#s0055/,https://www.sciencedirect.com/science/article/pii/S221451412030177X#s0055/,Urmila Singh_FHB DATA AFTER CORRECTION REVISED 3_Finalized
M00139,Triticum aestivum L,Fungal resistance,Fusarium head blight resistance,hcmQTL-8,1B,637–642,,11,,https://www.sciencedirect.com/science/article/pii/S221451412030177X#s0055/,https://www.sciencedirect.com/science/article/pii/S221451412030177X#s0055/,Urmila Singh_FHB DATA AFTER CORRECTION REVISED 3_Finalized
M00140,Triticum aestivum L,Fungal resistance,Fusarium head blight resistance,hcmQTL-9,2A,1–8,,10,,https://www.sciencedirect.com/science/article/pii/S221451412030177X#s0055/,https://www.sciencedirect.com/science/article/pii/S221451412030177X#s0055/,Urmila Singh_FHB DATA AFTER CORRECTION REVISED 3_Finalized
M00141,Triticum aestivum L,Fungal resistance,Fusarium head blight resistance,hcmQTL-10,2A,112–131,,8.5,TraesCS2A02G168200,https://www.sciencedirect.com/science/article/pii/S221451412030177X#s0055/,https://www.sciencedirect.com/science/article/pii/S221451412030177X#s0055/,Urmila Singh_FHB DATA AFTER CORRECTION REVISED 3_Finalized
M00142,Triticum aestivum L,Fungal resistance,Fusarium head blight resistance,hcmQTL-11,2A,603–613,,11,TraesCS2A02G368000,https://www.sciencedirect.com/science/article/pii/S221451412030177X#s0055/,https://www.sciencedirect.com/science/article/pii/S221451412030177X#s0055/,Urmila Singh_FHB DATA AFTER CORRECTION REVISED 3_Finalized
M00143,Triticum aestivum L,Fungal resistance,Fusarium head blight resistance,hcmQTL-12,2A,715–719,,7.2,,https://www.sciencedirect.com/science/article/pii/S221451412030177X#s0055/,https://www.sciencedirect.com/science/article/pii/S221451412030177X#s0055/,Urmila Singh_FHB DATA AFTER CORRECTION REVISED 3_Finalized
M00144,Triticum aestivum L,Fungal resistance,Fusarium head blight resistance,hcmQTL-13,2A,763–771,,6.2,,https://www.sciencedirect.com/science/article/pii/S221451412030177X#s0055/,https://www.sciencedirect.com/science/article/pii/S221451412030177X#s0055/,Urmila Singh_FHB DATA AFTER CORRECTION REVISED 3_Finalized
M00145,Triticum aestivum L,Fungal resistance,Fusarium head blight resistance,hcmQTL-14,2B,40–48,,11.2,,https://www.sciencedirect.com/science/article/pii/S221451412030177X#s0055/,https://www.sciencedirect.com/science/article/pii/S221451412030177X#s0055/,Urmila Singh_FHB DATA AFTER CORRECTION REVISED 3_Finalized
M00146,Triticum aestivum L,Fungal resistance,Fusarium head blight resistance,hcmQTL-15,2B,415–424,,12.4,TraesCS2B02G297800,https://www.sciencedirect.com/science/article/pii/S221451412030177X#s0055/,https://www.sciencedirect.com/science/article/pii/S221451412030177X#s0055/,Urmila Singh_FHB DATA AFTER CORRECTION REVISED 3_Finalized
M00147,Triticum aestivum L,Fungal resistance,Fusarium head blight resistance,hcmQTL-16,2B,616–636,,11.5,TraesCS2B02G431000,https://www.sciencedirect.com/science/article/pii/S221451412030177X#s0055/,https://www.sciencedirect.com/science/article/pii/S221451412030177X#s0055/,Urmila Singh_FHB DATA AFTER CORRECTION REVISED 3_Finalized
M00148,Triticum aestivum L,Fungal resistance,Fusarium head blight resistance,hcmQTL-17,2B,689–704,,12.3,,https://www.sciencedirect.com/science/article/pii/S221451412030177X#s0055/,https://www.sciencedirect.com/science/article/pii/S221451412030177X#s0055/,Urmila Singh_FHB DATA AFTER CORRECTION REVISED 3_Finalized
M00149,Triticum aestivum L,Fungal resistance,Fusarium head blight resistance,hcmQTL-18,2D,17–23,,11.6,,https://www.sciencedirect.com/science/article/pii/S221451412030177X#s0055/,https://www.sciencedirect.com/science/article/pii/S221451412030177X#s0055/,Urmila Singh_FHB DATA AFTER CORRECTION REVISED 3_Finalized
M00150,Triticum aestivum L,Fungal resistance,Fusarium head blight resistance,hcmQTL-19,2D,26–36,,17.6,,https://www.sciencedirect.com/science/article/pii/S221451412030177X#s0055/,https://www.sciencedirect.com/science/article/pii/S221451412030177X#s0055/,Urmila Singh_FHB DATA AFTER CORRECTION REVISED 3_Finalized
M00151,Triticum aestivum L,Fungal resistance,Fusarium head blight resistance,hcmQTL-20,2D,32–49,,18.3,,https://www.sciencedirect.com/science/article/pii/S221451412030177X#s0055/,https://www.sciencedirect.com/science/article/pii/S221451412030177X#s0055/,Urmila Singh_FHB DATA AFTER CORRECTION REVISED 3_Finalized
M00152,Triticum aestivum L,Fungal resistance,Fusarium head blight resistance,hcmQTL-21,2D,592–608,,13.7,,https://www.sciencedirect.com/science/article/pii/S221451412030177X#s0055/,https://www.sciencedirect.com/science/article/pii/S221451412030177X#s0055/,Urmila Singh_FHB DATA AFTER CORRECTION REVISED 3_Finalized
M00153,Triticum aestivum L,Fungal resistance,Fusarium head blight resistance,hcmQTL-22,2D,638–646,,12.3,,https://www.sciencedirect.com/science/article/pii/S221451412030177X#s0055/,https://www.sciencedirect.com/science/article/pii/S221451412030177X#s0055/,Urmila Singh_FHB DATA AFTER CORRECTION REVISED 3_Finalized
M00154,Triticum aestivum L,Fungal resistance,Fusarium head blight resistance,hcmQTL-23,3A,15–21,,11,,https://www.sciencedirect.com/science/article/pii/S221451412030177X#s0055/,https://www.sciencedirect.com/science/article/pii/S221451412030177X#s0055/,Urmila Singh_FHB DATA AFTER CORRECTION REVISED 3_Finalized
M00155,Triticum aestivum L,Fungal resistance,Fusarium head blight resistance,hcmQTL-24,3A,22–25,,21,,https://www.sciencedirect.com/science/article/pii/S221451412030177X#s0055/,https://www.sciencedirect.com/science/article/pii/S221451412030177X#s0055/,Urmila Singh_FHB DATA AFTER CORRECTION REVISED 3_Finalized
M00156,Triticum aestivum L,Fungal resistance,Fusarium head blight resistance,hcmQTL-25,3A,36–44,,17.3,,https://www.sciencedirect.com/science/article/pii/S221451412030177X#s0055/,https://www.sciencedirect.com/science/article/pii/S221451412030177X#s0055/,Urmila Singh_FHB DATA AFTER CORRECTION REVISED 3_Finalized
M00157,Triticum aestivum L,Fungal resistance,Fusarium head blight resistance,hcmQTL-26,3A,50–61,,21.3,,https://www.sciencedirect.com/science/article/pii/S221451412030177X#s0055/,https://www.sciencedirect.com/science/article/pii/S221451412030177X#s0055/,Urmila Singh_FHB DATA AFTER CORRECTION REVISED 3_Finalized
M00158,Triticum aestivum L,Fungal resistance,Fusarium head blight resistance,hcmQTL-27,3A,61–78,,17.7,,https://www.sciencedirect.com/science/article/pii/S221451412030177X#s0055/,https://www.sciencedirect.com/science/article/pii/S221451412030177X#s0055/,Urmila Singh_FHB DATA AFTER CORRECTION REVISED 3_Finalized
M00159,Triticum aestivum L,Fungal resistance,Fusarium head blight resistance,hcmQTL-28,3A,466–485,,12.5,TraesCS3A02G250200,https://www.sciencedirect.com/science/article/pii/S221451412030177X#s0055/,https://www.sciencedirect.com/science/article/pii/S221451412030177X#s0055/,Urmila Singh_FHB DATA AFTER CORRECTION REVISED 3_Finalized
M00160,Triticum aestivum L,Fungal resistance,Fusarium head blight resistance,hcmQTL-29,3B,3–8,,22.3,,https://www.sciencedirect.com/science/article/pii/S221451412030177X#s0055/,https://www.sciencedirect.com/science/article/pii/S221451412030177X#s0055/,Urmila Singh_FHB DATA AFTER CORRECTION REVISED 3_Finalized
M00161,Triticum aestivum L,Fungal resistance,Fusarium head blight resistance,hcmQTL-30,3B,7–9,,22.3,,https://www.sciencedirect.com/science/article/pii/S221451412030177X#s0055/,https://www.sciencedirect.com/science/article/pii/S221451412030177X#s0055/,Urmila Singh_FHB DATA AFTER CORRECTION REVISED 3_Finalized
M00162,Triticum aestivum L,Fungal resistance,Fusarium head blight resistance,hcmQTL-31,3B,248–258,,10.4,,https://www.sciencedirect.com/science/article/pii/S221451412030177X#s0055/,https://www.sciencedirect.com/science/article/pii/S221451412030177X#s0055/,Urmila Singh_FHB DATA AFTER CORRECTION REVISED 3_Finalized
M00163,Triticum aestivum L,Fungal resistance,Fusarium head blight resistance,hcmQTL-32,3B,573–583,,8.9,"TraesCS3B02G362600,TraesCS3B02G365200",https://www.sciencedirect.com/science/article/pii/S221451412030177X#s0055/,https://www.sciencedirect.com/science/article/pii/S221451412030177X#s0055/,Urmila Singh_FHB DATA AFTER CORRECTION REVISED 3_Finalized
M00164,Triticum aestivum L,Fungal resistance,Fusarium head blight resistance,hcmQTL-33,4A,583–587,,9.2,TraesCS4A02G278900,https://www.sciencedirect.com/science/article/pii/S221451412030177X#s0055/,https://www.sciencedirect.com/science/article/pii/S221451412030177X#s0055/,Urmila Singh_FHB DATA AFTER CORRECTION REVISED 3_Finalized
M00165,Triticum aestivum L,Fungal resistance,Fusarium head blight resistance,hcmQTL-34,4A,594–613,,11,TraesCS4A02G303500,https://www.sciencedirect.com/science/article/pii/S221451412030177X#s0055/,https://www.sciencedirect.com/science/article/pii/S221451412030177X#s0055/,Urmila Singh_FHB DATA AFTER CORRECTION REVISED 3_Finalized
M00166,Triticum aestivum L,Fungal resistance,Fusarium head blight resistance,hcmQTL-35,4A,660–676,,10.7,,https://www.sciencedirect.com/science/article/pii/S221451412030177X#s0055/,https://www.sciencedirect.com/science/article/pii/S221451412030177X#s0055/,Urmila Singh_FHB DATA AFTER CORRECTION REVISED 3_Finalized
M00167,Triticum aestivum L,Fungal resistance,Fusarium head blight resistance,hcmQTL-36,4A,712–720,,11,,https://www.sciencedirect.com/science/article/pii/S221451412030177X#s0055/,https://www.sciencedirect.com/science/article/pii/S221451412030177X#s0055/,Urmila Singh_FHB DATA AFTER CORRECTION REVISED 3_Finalized
M00168,Triticum aestivum L,Fungal resistance,Fusarium head blight resistance,hcmQTL-37,4A,728–743,,11.5,,https://www.sciencedirect.com/science/article/pii/S221451412030177X#s0055/,https://www.sciencedirect.com/science/article/pii/S221451412030177X#s0055/,Urmila Singh_FHB DATA AFTER CORRECTION REVISED 3_Finalized
M00169,Triticum aestivum L,Fungal resistance,Fusarium head blight resistance,hcmQTL-38,4B,28–37,,17.7,,https://www.sciencedirect.com/science/article/pii/S221451412030177X#s0055/,https://www.sciencedirect.com/science/article/pii/S221451412030177X#s0055/,Urmila Singh_FHB DATA AFTER CORRECTION REVISED 3_Finalized
M00170,Triticum aestivum L,Fungal resistance,Fusarium head blight resistance,hcmQTL-39,4B,75–95,,9.7,,https://www.sciencedirect.com/science/article/pii/S221451412030177X#s0055/,https://www.sciencedirect.com/science/article/pii/S221451412030177X#s0055/,Urmila Singh_FHB DATA AFTER CORRECTION REVISED 3_Finalized
M00171,Triticum aestivum L,Fungal resistance,Fusarium head blight resistance,hcmQTL-40,4B,479–496,,11,TraesCS4B02G237300,https://www.sciencedirect.com/science/article/pii/S221451412030177X#s0055/,https://www.sciencedirect.com/science/article/pii/S221451412030177X#s0055/,Urmila Singh_FHB DATA AFTER CORRECTION REVISED 3_Finalized
M00172,Triticum aestivum L,Fungal resistance,Fusarium head blight resistance,hcmQTL-41,4D,6–8,,19,,https://www.sciencedirect.com/science/article/pii/S221451412030177X#s0055/,https://www.sciencedirect.com/science/article/pii/S221451412030177X#s0055/,Urmila Singh_FHB DATA AFTER CORRECTION REVISED 3_Finalized
M00173,Triticum aestivum L,Fungal resistance,Fusarium head blight resistance,hcmQTL-42,4D,336–350,,10.2,,https://www.sciencedirect.com/science/article/pii/S221451412030177X#s0055/,https://www.sciencedirect.com/science/article/pii/S221451412030177X#s0055/,Urmila Singh_FHB DATA AFTER CORRECTION REVISED 3_Finalized
M00174,Triticum aestivum L,Fungal resistance,Fusarium head blight resistance,hcmQTL-43,4D,438–456,,8.9,,https://www.sciencedirect.com/science/article/pii/S221451412030177X#s0055/,https://www.sciencedirect.com/science/article/pii/S221451412030177X#s0055/,Urmila Singh_FHB DATA AFTER CORRECTION REVISED 3_Finalized
M00175,Triticum aestivum L,Fungal resistance,Fusarium head blight resistance,hcmQTL-44,5A,78–86,,12.7,,https://www.sciencedirect.com/science/article/pii/S221451412030177X#s0055/,https://www.sciencedirect.com/science/article/pii/S221451412030177X#s0055/,Urmila Singh_FHB DATA AFTER CORRECTION REVISED 3_Finalized
M00176,Triticum aestivum L,Fungal resistance,Fusarium head blight resistance,hcmQTL-45,5A,440–454,,12,TraesCS5A02G226400,https://www.sciencedirect.com/science/article/pii/S221451412030177X#s0055/,https://www.sciencedirect.com/science/article/pii/S221451412030177X#s0055/,Urmila Singh_FHB DATA AFTER CORRECTION REVISED 3_Finalized
M00177,Triticum aestivum L,Fungal resistance,Fusarium head blight resistance,hcmQTL-46,5A,464–472,,11.2,,https://www.sciencedirect.com/science/article/pii/S221451412030177X#s0055/,https://www.sciencedirect.com/science/article/pii/S221451412030177X#s0055/,Urmila Singh_FHB DATA AFTER CORRECTION REVISED 3_Finalized
M00178,Triticum aestivum L,Fungal resistance,Fusarium head blight resistance,hcmQTL-47,5A,644–662,,20.2,TraesCS5A02G468400,https://www.sciencedirect.com/science/article/pii/S221451412030177X#s0055/,https://www.sciencedirect.com/science/article/pii/S221451412030177X#s0055/,Urmila Singh_FHB DATA AFTER CORRECTION REVISED 3_Finalized
M00179,Triticum aestivum L,Fungal resistance,Fusarium head blight resistance,hcmQTL-48,5A,681–694,,15,,https://www.sciencedirect.com/science/article/pii/S221451412030177X#s0055/,https://www.sciencedirect.com/science/article/pii/S221451412030177X#s0055/,Urmila Singh_FHB DATA AFTER CORRECTION REVISED 3_Finalized
M00180,Triticum aestivum L,Fungal resistance,Fusarium head blight resistance,hcmQTL-49,5B,21–27,,12.6,,https://www.sciencedirect.com/science/article/pii/S221451412030177X#s0055/,https://www.sciencedirect.com/science/article/pii/S221451412030177X#s0055/,Urmila Singh_FHB DATA AFTER CORRECTION REVISED 3_Finalized
M00181,Triticum aestivum L,Fungal resistance,Fusarium head blight resistance,hcmQTL-50,5B,438–448,,13,,https://www.sciencedirect.com/science/article/pii/S221451412030177X#s0055/,https://www.sciencedirect.com/science/article/pii/S221451412030177X#s0055/,Urmila Singh_FHB DATA AFTER CORRECTION REVISED 3_Finalized
M00182,Triticum aestivum L,Fungal resistance,Fusarium head blight resistance,hcmQTL-51,5B,550–570,,10.2,,https://www.sciencedirect.com/science/article/pii/S221451412030177X#s0055/,https://www.sciencedirect.com/science/article/pii/S221451412030177X#s0055/,Urmila Singh_FHB DATA AFTER CORRECTION REVISED 3_Finalized
M00183,Triticum aestivum L,Fungal resistance,Fusarium head blight resistance,hcmQTL-52,5B,584–594,,9.5,TraesCS5B02G416700,https://www.sciencedirect.com/science/article/pii/S221451412030177X#s0055/,https://www.sciencedirect.com/science/article/pii/S221451412030177X#s0055/,Urmila Singh_FHB DATA AFTER CORRECTION REVISED 3_Finalized
M00184,Triticum aestivum L,Fungal resistance,Fusarium head blight resistance,hcmQTL-53,5B,610–623,,5.6,TraesCS5B02G436300,https://www.sciencedirect.com/science/article/pii/S221451412030177X#s0055/,https://www.sciencedirect.com/science/article/pii/S221451412030177X#s0055/,Urmila Singh_FHB DATA AFTER CORRECTION REVISED 3_Finalized
M00185,Triticum aestivum L,Fungal resistance,Fusarium head blight resistance,hcmQTL-54,5B,678–680,,9.2,,https://www.sciencedirect.com/science/article/pii/S221451412030177X#s0055/,https://www.sciencedirect.com/science/article/pii/S221451412030177X#s0055/,Urmila Singh_FHB DATA AFTER CORRECTION REVISED 3_Finalized
M00186,Triticum aestivum L,Fungal resistance,Fusarium head blight resistance,hcmQTL-55,5D,444–454,,10.6,,https://www.sciencedirect.com/science/article/pii/S221451412030177X#s0055/,https://www.sciencedirect.com/science/article/pii/S221451412030177X#s0055/,Urmila Singh_FHB DATA AFTER CORRECTION REVISED 3_Finalized
M00187,Triticum aestivum L,Fungal resistance,Fusarium head blight resistance,hcmQTL-56,5D,468–476,,11.2,,https://www.sciencedirect.com/science/article/pii/S221451412030177X#s0055/,https://www.sciencedirect.com/science/article/pii/S221451412030177X#s0055/,Urmila Singh_FHB DATA AFTER CORRECTION REVISED 3_Finalized
M00188,Triticum aestivum L,Fungal resistance,Fusarium head blight resistance,hcmQTL-57,6A,6–13,,8.25,,https://www.sciencedirect.com/science/article/pii/S221451412030177X#s0055/,https://www.sciencedirect.com/science/article/pii/S221451412030177X#s0055/,Urmila Singh_FHB DATA AFTER CORRECTION REVISED 3_Finalized
M00189,Triticum aestivum L,Fungal resistance,Fusarium head blight resistance,hcmQTL-58,6A,26–35,,19,TraesCS6A02G059600,https://www.sciencedirect.com/science/article/pii/S221451412030177X#s0055/,https://www.sciencedirect.com/science/article/pii/S221451412030177X#s0055/,Urmila Singh_FHB DATA AFTER CORRECTION REVISED 3_Finalized
M00190,Triticum aestivum L,Fungal resistance,Fusarium head blight resistance,hcmQTL-59,6A,103–117,,6.5,,https://www.sciencedirect.com/science/article/pii/S221451412030177X#s0055/,https://www.sciencedirect.com/science/article/pii/S221451412030177X#s0055/,Urmila Singh_FHB DATA AFTER CORRECTION REVISED 3_Finalized
M00191,Triticum aestivum L,Fungal resistance,Fusarium head blight resistance,hcmQTL-60,6A,447–456,,8.8,,https://www.sciencedirect.com/science/article/pii/S221451412030177X#s0055/,https://www.sciencedirect.com/science/article/pii/S221451412030177X#s0055/,Urmila Singh_FHB DATA AFTER CORRECTION REVISED 3_Finalized
M00192,Triticum aestivum L,Fungal resistance,Fusarium head blight resistance,hcmQTL-61,6B,47–65,,11.3,,https://www.sciencedirect.com/science/article/pii/S221451412030177X#s0055/,https://www.sciencedirect.com/science/article/pii/S221451412030177X#s0055/,Urmila Singh_FHB DATA AFTER CORRECTION REVISED 3_Finalized
M00193,Triticum aestivum L,Fungal resistance,Fusarium head blight resistance,hcmQTL-62,6B,147–154,,13.4,,https://www.sciencedirect.com/science/article/pii/S221451412030177X#s0055/,https://www.sciencedirect.com/science/article/pii/S221451412030177X#s0055/,Urmila Singh_FHB DATA AFTER CORRECTION REVISED 3_Finalized
M00194,Triticum aestivum L,Fungal resistance,Fusarium head blight resistance,hcmQTL-63,6B,470–482,,12.4,,https://www.sciencedirect.com/science/article/pii/S221451412030177X#s0055/,https://www.sciencedirect.com/science/article/pii/S221451412030177X#s0055/,Urmila Singh_FHB DATA AFTER CORRECTION REVISED 3_Finalized
M00195,Triticum aestivum L,Fungal resistance,Fusarium head blight resistance,hcmQTL-64,6B,577–596,,13,,https://www.sciencedirect.com/science/article/pii/S221451412030177X#s0055/,https://www.sciencedirect.com/science/article/pii/S221451412030177X#s0055/,Urmila Singh_FHB DATA AFTER CORRECTION REVISED 3_Finalized
M00196,Triticum aestivum L,Fungal resistance,Fusarium head blight resistance,hcmQTL-65,6B,662–682,,11,,https://www.sciencedirect.com/science/article/pii/S221451412030177X#s0055/,https://www.sciencedirect.com/science/article/pii/S221451412030177X#s0055/,Urmila Singh_FHB DATA AFTER CORRECTION REVISED 3_Finalized
M00197,Triticum aestivum L,Fungal resistance,Fusarium head blight resistance,hcmQTL-66,7A,37–49,,10.3,,https://www.sciencedirect.com/science/article/pii/S221451412030177X#s0055/,https://www.sciencedirect.com/science/article/pii/S221451412030177X#s0055/,Urmila Singh_FHB DATA AFTER CORRECTION REVISED 3_Finalized
M00198,Triticum aestivum L,Fungal resistance,Fusarium head blight resistance,hcmQTL-67,7A,109–129,,14.5,,https://www.sciencedirect.com/science/article/pii/S221451412030177X#s0055/,https://www.sciencedirect.com/science/article/pii/S221451412030177X#s0055/,Urmila Singh_FHB DATA AFTER CORRECTION REVISED 3_Finalized
M00199,Triticum aestivum L,Fungal resistance,Fusarium head blight resistance,hcmQTL-68,7A,611–629,,10,,https://www.sciencedirect.com/science/article/pii/S221451412030177X#s0055/,https://www.sciencedirect.com/science/article/pii/S221451412030177X#s0055/,Urmila Singh_FHB DATA AFTER CORRECTION REVISED 3_Finalized
M00200,Triticum aestivum L,Fungal resistance,Fusarium head blight resistance,hcmQTL-69,7A,652–670,,11.2,,https://www.sciencedirect.com/science/article/pii/S221451412030177X#s0055/,https://www.sciencedirect.com/science/article/pii/S221451412030177X#s0055/,Urmila Singh_FHB DATA AFTER CORRECTION REVISED 3_Finalized
M00201,Triticum aestivum L,Fungal resistance,Fusarium head blight resistance,hcmQTL-70,7A,686–692,,8.23,,https://www.sciencedirect.com/science/article/pii/S221451412030177X#s0055/,https://www.sciencedirect.com/science/article/pii/S221451412030177X#s0055/,Urmila Singh_FHB DATA AFTER CORRECTION REVISED 3_Finalized
M00202,Triticum aestivum L,Fungal resistance,Fusarium head blight resistance,hcmQTL-71,7B,33–37,,11.8,,https://www.sciencedirect.com/science/article/pii/S221451412030177X#s0055/,https://www.sciencedirect.com/science/article/pii/S221451412030177X#s0055/,Urmila Singh_FHB DATA AFTER CORRECTION REVISED 3_Finalized
M00203,Triticum aestivum L,Fungal resistance,Fusarium head blight resistance,hcmQTL-72,7B,44–54,,11.6,,https://www.sciencedirect.com/science/article/pii/S221451412030177X#s0055/,https://www.sciencedirect.com/science/article/pii/S221451412030177X#s0055/,Urmila Singh_FHB DATA AFTER CORRECTION REVISED 3_Finalized
M00204,Triticum aestivum L,Fungal resistance,Fusarium head blight resistance,hcmQTL-73,7B,143–163,,13.7,,https://www.sciencedirect.com/science/article/pii/S221451412030177X#s0055/,https://www.sciencedirect.com/science/article/pii/S221451412030177X#s0055/,Urmila Singh_FHB DATA AFTER CORRECTION REVISED 3_Finalized
M00205,Triticum aestivum L,Fungal resistance,Fusarium head blight resistance,hcmQTL-74,7B,709–728,,10.2,,https://www.sciencedirect.com/science/article/pii/S221451412030177X#s0055/,https://www.sciencedirect.com/science/article/pii/S221451412030177X#s0055/,Urmila Singh_FHB DATA AFTER CORRECTION REVISED 3_Finalized
M00206,Triticum aestivum L,Fungal resistance,Fusarium head blight resistance,hcmQTL-75,7B,730–733,,7.2,,https://www.sciencedirect.com/science/article/pii/S221451412030177X#s0055/,https://www.sciencedirect.com/science/article/pii/S221451412030177X#s0055/,Urmila Singh_FHB DATA AFTER CORRECTION REVISED 3_Finalized
M00207,Triticum aestivum L,Fungal resistance,Fusarium head blight resistance,hcmQTL-76,7D,124–144,,12,,https://www.sciencedirect.com/science/article/pii/S221451412030177X#s0055/,https://www.sciencedirect.com/science/article/pii/S221451412030177X#s0055/,Urmila Singh_FHB DATA AFTER CORRECTION REVISED 3_Finalized
M00208,Triticum aestivum L,Fungal resistance,Fusarium head blight resistance,hcmQTL-77,7D,506–518,,14.6,,https://www.sciencedirect.com/science/article/pii/S221451412030177X#s0055/,https://www.sciencedirect.com/science/article/pii/S221451412030177X#s0055/,Urmila Singh_FHB DATA AFTER CORRECTION REVISED 3_Finalized
M00209,Triticum aestivum L,Fungal resistance,Fusarium head blight resistance,MQTL2B.2,2B,57.59–58.48,RAC875_rep_c109471_154/Xwmc25,20.8,,https://link.springer.com/article/10.1007/s11032-022-01282-z#Tab2/,https://link.springer.com/article/10.1007/s11032-022-01282-z#Tab2/,Urmila Singh_FHB DATA AFTER CORRECTION REVISED 3_Finalized
M00210,Triticum aestivum L,Fungal resistance,Fusarium head blight resistance,MQTL3B.1,3B,2.22–3,"3,955,846/M21/P76.3",15.57,,https://link.springer.com/article/10.1007/s11032-022-01282-z#Tab2/,https://link.springer.com/article/10.1007/s11032-022-01282-z#Tab2/,Urmila Singh_FHB DATA AFTER CORRECTION REVISED 3_Finalized
M00211,Triticum aestivum L,Fungal resistance,Fusarium head blight resistance,MQTL3B.2,3B,14.79–15.07,XksuG53/4989073,17.19,,https://link.springer.com/article/10.1007/s11032-022-01282-z#Tab2/,https://link.springer.com/article/10.1007/s11032-022-01282-z#Tab2/,Urmila Singh_FHB DATA AFTER CORRECTION REVISED 3_Finalized
M00212,Triticum aestivum L,Fungal resistance,Fusarium head blight resistance,MQTL1A.1,1A,32.98–37.6,RAC875_c16820_419/wsnp_Ra_c26191_35761997,5.78,,https://link.springer.com/article/10.1007/s11032-022-01282-z#Tab2/,https://link.springer.com/article/10.1007/s11032-022-01282-z#Tab2/,Urmila Singh_FHB DATA AFTER CORRECTION REVISED 3_Finalized
M00213,Triticum aestivum L,Fungal resistance,Fusarium head blight resistance,MQTL1B.4,1B,66.86–68.86,Kukri_c147_1620/cfa2129b,12.42,,https://link.springer.com/article/10.1007/s11032-022-01282-z#Tab2/,https://link.springer.com/article/10.1007/s11032-022-01282-z#Tab2/,Urmila Singh_FHB DATA AFTER CORRECTION REVISED 3_Finalized
M00214,Triticum aestivum L,Fungal resistance,Fusarium head blight resistance,MQTL2A.1,2A,5.67–13.19,wPt-9793/AX-94570860,7.86,,https://link.springer.com/article/10.1007/s11032-022-01282-z#Tab2/,https://link.springer.com/article/10.1007/s11032-022-01282-z#Tab2/,Urmila Singh_FHB DATA AFTER CORRECTION REVISED 3_Finalized
M00215,Triticum aestivum L,Fungal resistance,Fusarium head blight resistance,MQTL2D.3,2D,39.55–39.85,Xfba88/Xfba4,10.43,,https://link.springer.com/article/10.1007/s11032-022-01282-z#Tab2/,https://link.springer.com/article/10.1007/s11032-022-01282-z#Tab2/,Urmila Singh_FHB DATA AFTER CORRECTION REVISED 3_Finalized
M00216,Triticum aestivum L,Fungal resistance,Fusarium head blight resistance,MQTL3B.3,3B,61.18–76.49,Xgwm566/Xwmc762,9.1,,https://link.springer.com/article/10.1007/s11032-022-01282-z#Tab2/,https://link.springer.com/article/10.1007/s11032-022-01282-z#Tab2/,Urmila Singh_FHB DATA AFTER CORRECTION REVISED 3_Finalized
M00217,Triticum aestivum L,Fungal resistance,Fusarium head blight resistance,MQTL4A.1,4A,1.08–3.07,Excalibur_c56041_728/wsnp_BE403710B_Ta_2_1,33.14,,https://link.springer.com/article/10.1007/s11032-022-01282-z#Tab2/,https://link.springer.com/article/10.1007/s11032-022-01282-z#Tab2/,Urmila Singh_FHB DATA AFTER CORRECTION REVISED 3_Finalized
M00218,Triticum aestivum L,Fungal resistance,Fusarium head blight resistance,MQTL4B.3,4B,111.89–115.45,BS00081631_51/Tdurum_contig64772_417,19.15,,https://link.springer.com/article/10.1007/s11032-022-01282-z#Tab2/,https://link.springer.com/article/10.1007/s11032-022-01282-z#Tab2/,Urmila Singh_FHB DATA AFTER CORRECTION REVISED 3_Finalized
M00219,Triticum aestivum L,Fungal resistance,Fusarium head blight resistance,MQTL5B.3,5B,54.06–55.86,XP7152-196/AX-110438459,12.33,,https://link.springer.com/article/10.1007/s11032-022-01282-z#Tab2/,https://link.springer.com/article/10.1007/s11032-022-01282-z#Tab2/,Urmila Singh_FHB DATA AFTER CORRECTION REVISED 3_Finalized
M00220,Triticum aestivum L.,Yield,Thousand kernel weight,MQTL.DH.1B.3,1B,667717050-670783640,Tdurum_contig61914_169-BS00000010_51,,,https://www.frontiersin.org/journals/plant-science/articles/10.3389/fpls.2024.1499055/full/,https://www.frontiersin.org/journals/plant-science/articles/10.3389/fpls.2024.1499055/full/,"yield data revised_Reyaz, Neeha and Anshu_Finalized"
M00221,Triticum aestivum L.,Yield,Thousand kernel weight,MQTL.DH.2A.1,2A,36632177-36138748,Ra_c2798_261-BobWhite_c26374_339,,,https://www.frontiersin.org/journals/plant-science/articles/10.3389/fpls.2024.1499055/full/,https://www.frontiersin.org/journals/plant-science/articles/10.3389/fpls.2024.1499055/full/,"yield data revised_Reyaz, Neeha and Anshu_Finalized"
M00222,Triticum aestivum L.,Yield,Thousand kernel weight,MQTL.DH.2A.3,2A,663328967-675938678,BS00022241_51-GENE-1792_762,,,https://www.frontiersin.org/journals/plant-science/articles/10.3389/fpls.2024.1499055/full/,https://www.frontiersin.org/journals/plant-science/articles/10.3389/fpls.2024.1499055/full/,"yield data revised_Reyaz, Neeha and Anshu_Finalized"
M00223,Triticum aestivum L.,Yield,Thousand kernel weight,MQTL.DH.3B.2,3B,605269005-602356133,BobWhite_c12281_752-Tdurum_contig44013_164,,,https://www.frontiersin.org/journals/plant-science/articles/10.3389/fpls.2024.1499055/full/,https://www.frontiersin.org/journals/plant-science/articles/10.3389/fpls.2024.1499055/full/,"yield data revised_Reyaz, Neeha and Anshu_Finalized"
M00224,Triticum aestivum L.,Yield,Thousand kernel weight,MQTL.DH.5B.2,5B,457342612-460678316,wsnp_Ku_c17875_27051169-Kukri_c10530_1013,,,https://www.frontiersin.org/journals/plant-science/articles/10.3389/fpls.2024.1499055/full/,https://www.frontiersin.org/journals/plant-science/articles/10.3389/fpls.2024.1499055/full/,"yield data revised_Reyaz, Neeha and Anshu_Finalized"
M00225,Triticum aestivum L.,Yield,Thousand kernel weight,MQTL.DH.7A.3,7A,719567282-722303439,Kukri_c9728_1171-RFL_Contig2834_890,,,https://www.frontiersin.org/journals/plant-science/articles/10.3389/fpls.2024.1499055/full/,https://www.frontiersin.org/journals/plant-science/articles/10.3389/fpls.2024.1499055/full/,"yield data revised_Reyaz, Neeha and Anshu_Finalized"
M00226,Triticum aestivum L.,Yield,Thousand kernel weight,MQTL.RIL.3B.2,3B,736712583-737764228,IAAV6566-wsnp_Ex_c3907_7088011,,,https://www.frontiersin.org/journals/plant-science/articles/10.3389/fpls.2024.1499055/full/,https://www.frontiersin.org/journals/plant-science/articles/10.3389/fpls.2024.1499055/full/,"yield data revised_Reyaz, Neeha and Anshu_Finalized"
M00227,Triticum aestivum L.,Yield,Thousand kernel weight,MQTL.RIL.3B.5,3B,81818278-95150976,wsnp_Ex_c21930_31102213-IAAV7128,,,https://www.frontiersin.org/journals/plant-science/articles/10.3389/fpls.2024.1499055/full/,https://www.frontiersin.org/journals/plant-science/articles/10.3389/fpls.2024.1499055/full/,"yield data revised_Reyaz, Neeha and Anshu_Finalized"
M00228,Triticum aestivum L.,Yield,Thousand kernel weight,MQTL.RIL.3B.7,3B,820501695-818275897,RAC875_c37741_476-BobWhite_c45118_495,,,https://www.frontiersin.org/journals/plant-science/articles/10.3389/fpls.2024.1499055/full/,https://www.frontiersin.org/journals/plant-science/articles/10.3389/fpls.2024.1499055/full/,"yield data revised_Reyaz, Neeha and Anshu_Finalized"
M00229,Triticum aestivum L.,Yield,Thousand kernel weight,MQTL.RIL.3B.8,3B,769345579-783472149,GENE-0293_346-wsnp_Ra_c7158_12394405,,,https://www.frontiersin.org/journals/plant-science/articles/10.3389/fpls.2024.1499055/full/,https://www.frontiersin.org/journals/plant-science/articles/10.3389/fpls.2024.1499055/full/,"yield data revised_Reyaz, Neeha and Anshu_Finalized"
M00230,Triticum aestivum L.,Yield,Thousand kernel weight,MQTL.RIL.7B.3,7B,84215789-91292649,IAAV3391-IACX17,,,https://www.frontiersin.org/journals/plant-science/articles/10.3389/fpls.2024.1499055/full/,https://www.frontiersin.org/journals/plant-science/articles/10.3389/fpls.2024.1499055/full/,"yield data revised_Reyaz, Neeha and Anshu_Finalized"
M00231,Triticum aestivum L.,Yield,Thousand kernel weight,MQTL.RIL.7B.7,7B,726970893-730164735,wPt-6484-wPt-7046,,,https://www.frontiersin.org/journals/plant-science/articles/10.3389/fpls.2024.1499055/full/,https://www.frontiersin.org/journals/plant-science/articles/10.3389/fpls.2024.1499055/full/,"yield data revised_Reyaz, Neeha and Anshu_Finalized"
M00232,Triticum aestivum L.,yield,Thousand grain weight,MQTL-1A-1,1A,41.39-0.94,BS00022870_51-IAAV8824,,TraesCS1A02G083100;TraesCS1A02G086500;TraesCS1A02G113400,https://www.frontiersin.org/journals/plant-science/articles/10.3389/fpls.2022.802310/full/,https://www.frontiersin.org/journals/plant-science/articles/10.3389/fpls.2022.802310/full/,"yield data revised_Reyaz, Neeha and Anshu_Finalized"
M00233,Triticum aestivum L.,yield,Thousand grain weight,MQTL-1A-2,1A,45.91-0.2,Xwmc611-Xgpw2045,,TraesCS1A02G136500,https://www.frontiersin.org/journals/plant-science/articles/10.3389/fpls.2022.802310/full/,https://www.frontiersin.org/journals/plant-science/articles/10.3389/fpls.2022.802310/full/,"yield data revised_Reyaz, Neeha and Anshu_Finalized"
M00234,Triticum aestivum L.,yield,Thousand grain weight,MQTL-1A-3,1A,47.97-0.89,,,,https://www.frontiersin.org/journals/plant-science/articles/10.3389/fpls.2022.802310/full/,https://www.frontiersin.org/journals/plant-science/articles/10.3389/fpls.2022.802310/full/,"yield data revised_Reyaz, Neeha and Anshu_Finalized"
M00235,Triticum aestivum L.,yield,Thousand grain weight,MQTL-1A-4,1A,107.04-3.37,BobWhite_c1027_1127-BS00067741_51,,,https://www.frontiersin.org/journals/plant-science/articles/10.3389/fpls.2022.802310/full/,https://www.frontiersin.org/journals/plant-science/articles/10.3389/fpls.2022.802310/full/,"yield data revised_Reyaz, Neeha and Anshu_Finalized"
M00236,Triticum aestivum L.,yield,Thousand grain weight,MQTL-1B-1,1B,47.1-1.95,Xwmc728-BS00084990_51,,TraesCS1B02G293100;TraesCS1B02G449700;TraesCS1B02G288100;TraesCS1B02G352200;TraesCS1B02G274300;TraesCS1B02G341000;TraesCS1B02G354000,https://www.frontiersin.org/journals/plant-science/articles/10.3389/fpls.2022.802310/full/,https://www.frontiersin.org/journals/plant-science/articles/10.3389/fpls.2022.802310/full/,"yield data revised_Reyaz, Neeha and Anshu_Finalized"
M00237,Triticum aestivum L.,yield,Thousand grain weight,MQTL-1B-2,1B,63.5-1.55,BS00069723_51-wsnp_Ra_c12888_20519578,,,https://www.frontiersin.org/journals/plant-science/articles/10.3389/fpls.2022.802310/full/,https://www.frontiersin.org/journals/plant-science/articles/10.3389/fpls.2022.802310/full/,"yield data revised_Reyaz, Neeha and Anshu_Finalized"
M00238,Triticum aestivum L.,yield,Thousand grain weight,MQTL-1B-3,1B,71.98-0.84,Xwmc230-wPt-3282,,TraesCS1B02G081100,https://www.frontiersin.org/journals/plant-science/articles/10.3389/fpls.2022.802310/full/,https://www.frontiersin.org/journals/plant-science/articles/10.3389/fpls.2022.802310/full/,"yield data revised_Reyaz, Neeha and Anshu_Finalized"
M00239,Triticum aestivum L.,yield,Thousand grain weight,MQTL-1B-4,1B,73.13-0.47,wPt-2230-XksuE18,,TraesCS1B02G032400,https://www.frontiersin.org/journals/plant-science/articles/10.3389/fpls.2022.802310/full/,https://www.frontiersin.org/journals/plant-science/articles/10.3389/fpls.2022.802310/full/,"yield data revised_Reyaz, Neeha and Anshu_Finalized"
M00240,Triticum aestivum L.,yield,Thousand grain weight,MQTL-1B-5,1B,77.16-2.51,Xbarc120-Xwmc213,,TraesCS1B02G104900;TraesCS1B02G142300;TraesCS1B02G142100;TraesCS1B02G142200;TraesCS1B02G058600,https://www.frontiersin.org/journals/plant-science/articles/10.3389/fpls.2022.802310/full/,https://www.frontiersin.org/journals/plant-science/articles/10.3389/fpls.2022.802310/full/,"yield data revised_Reyaz, Neeha and Anshu_Finalized"
M00241,Triticum aestivum L.,yield,Thousand grain weight,MQTL-1B-6,1B,86.03-0.29,Xwmc85-wsnp_BE637971B_Ta_1_20,,,https://www.frontiersin.org/journals/plant-science/articles/10.3389/fpls.2022.802310/full/,https://www.frontiersin.org/journals/plant-science/articles/10.3389/fpls.2022.802310/full/,"yield data revised_Reyaz, Neeha and Anshu_Finalized"
M00242,Triticum aestivum L.,yield,Thousand grain weight,MQTL-2A-1,2A,6.08-5.22,,,,https://www.frontiersin.org/journals/plant-science/articles/10.3389/fpls.2022.802310/full/,https://www.frontiersin.org/journals/plant-science/articles/10.3389/fpls.2022.802310/full/,"yield data revised_Reyaz, Neeha and Anshu_Finalized"
M00243,Triticum aestivum L.,yield,Thousand grain weight,MQTL-2A-2,2A,13.19-1.69,BobWhite_c19433_329-wPt-2120,,TraesCS2A02G099900,https://www.frontiersin.org/journals/plant-science/articles/10.3389/fpls.2022.802310/full/,https://www.frontiersin.org/journals/plant-science/articles/10.3389/fpls.2022.802310/full/,"yield data revised_Reyaz, Neeha and Anshu_Finalized"
M00244,Triticum aestivum L.,yield,Thousand grain weight,MQTL-2A-3,2A,20.41-3.05,Xbarc1138-Xcmwg682,,,https://www.frontiersin.org/journals/plant-science/articles/10.3389/fpls.2022.802310/full/,https://www.frontiersin.org/journals/plant-science/articles/10.3389/fpls.2022.802310/full/,"yield data revised_Reyaz, Neeha and Anshu_Finalized"
M00245,Triticum aestivum L.,yield,Thousand grain weight,MQTL-2A-4,2A,22.71-0.1,wsnp_Ex_c13260_20914585-BS00022896_51,,TraesCS2A02G331800;TraesCS2A02G336000;TraesCS2A02G312200;TraesCS2A02G306200,https://www.frontiersin.org/journals/plant-science/articles/10.3389/fpls.2022.802310/full/,https://www.frontiersin.org/journals/plant-science/articles/10.3389/fpls.2022.802310/full/,"yield data revised_Reyaz, Neeha and Anshu_Finalized"
M00246,Triticum aestivum L.,yield,Thousand grain weight,MQTL-2A-5,2A,28.72-2.55,wPt-3244-Kukri_c23400_362,,TraesCS2A02G517100;TraesCS2A02G464000;TraesCS2A02G548100,https://www.frontiersin.org/journals/plant-science/articles/10.3389/fpls.2022.802310/full/,https://www.frontiersin.org/journals/plant-science/articles/10.3389/fpls.2022.802310/full/,"yield data revised_Reyaz, Neeha and Anshu_Finalized"
M00247,Triticum aestivum L.,yield,Thousand grain weight,MQTL-2A-6,2A,45.24-0.21,wPt-8427-Tdurum_contig25539_248,,TraesCS2A02G423500;TraesCS2A02G424600;TraesCS2A02G464000;TraesCS2A02G517100;TraesCS2A02G548100,https://www.frontiersin.org/journals/plant-science/articles/10.3389/fpls.2022.802310/full/,https://www.frontiersin.org/journals/plant-science/articles/10.3389/fpls.2022.802310/full/,"yield data revised_Reyaz, Neeha and Anshu_Finalized"
M00248,Triticum aestivum L.,yield,Thousand grain weight,MQTL-2B-1,2B,137.11-6.24,Xgwm148-wsnp_Ex_c9935_16358536,,TraesCS2B02G152900,https://www.frontiersin.org/journals/plant-science/articles/10.3389/fpls.2022.802310/full/,https://www.frontiersin.org/journals/plant-science/articles/10.3389/fpls.2022.802310/full/,"yield data revised_Reyaz, Neeha and Anshu_Finalized"
M00249,Triticum aestivum L.,yield,Thousand grain weight,MQTL-2B-2,2B,146.47-4.79,Excalibur_c25234_143-Xcdo665,,,https://www.frontiersin.org/journals/plant-science/articles/10.3389/fpls.2022.802310/full/,https://www.frontiersin.org/journals/plant-science/articles/10.3389/fpls.2022.802310/full/,"yield data revised_Reyaz, Neeha and Anshu_Finalized"
M00250,Triticum aestivum L.,yield,Thousand grain weight,MQTL-2B-3,2B,172.52-0.04,BS00075852_51-Xwmc213,,TraesCS2B02G211100;TraesCS2B02G219300;TraesCS2B02G136100;TraesCS2B02G116900;TraesCS2B02G201900;TraesCS2B02G152900,https://www.frontiersin.org/journals/plant-science/articles/10.3389/fpls.2022.802310/full/,https://www.frontiersin.org/journals/plant-science/articles/10.3389/fpls.2022.802310/full/,"yield data revised_Reyaz, Neeha and Anshu_Finalized"
M00251,Triticum aestivum L.,yield,Thousand grain weight,MQTL-2D-1,2D,49.32-0.79,Kukri_c32234_413-IACX6231,,TraesCS2D02G464900,https://www.frontiersin.org/journals/plant-science/articles/10.3389/fpls.2022.802310/full/,https://www.frontiersin.org/journals/plant-science/articles/10.3389/fpls.2022.802310/full/,"yield data revised_Reyaz, Neeha and Anshu_Finalized"
M00252,Triticum aestivum L.,yield,Thousand grain weight,MQTL-2D-2,2D,86.57-0.38,Kukri_c365_345-Excalibur_c73791_215,,,https://www.frontiersin.org/journals/plant-science/articles/10.3389/fpls.2022.802310/full/,https://www.frontiersin.org/journals/plant-science/articles/10.3389/fpls.2022.802310/full/,"yield data revised_Reyaz, Neeha and Anshu_Finalized"
M00253,Triticum aestivum L.,yield,Thousand grain weight,MQTL-3A-1,3A,47.93-0.77,Tdurum_contig12371_132-wsnp_Ku_c44089_51445136,,TraesCS3A02G103800;TraesCS3A02G105400;TraesCS3A02G108100;TraesCS3A02G077900,https://www.frontiersin.org/journals/plant-science/articles/10.3389/fpls.2022.802310/full/,https://www.frontiersin.org/journals/plant-science/articles/10.3389/fpls.2022.802310/full/,"yield data revised_Reyaz, Neeha and Anshu_Finalized"
M00254,Triticum aestivum L.,yield,Thousand grain weight,MQTL-3A-2,3A,52.4-2.24,Xgwm155-TC77302,,,https://www.frontiersin.org/journals/plant-science/articles/10.3389/fpls.2022.802310/full/,https://www.frontiersin.org/journals/plant-science/articles/10.3389/fpls.2022.802310/full/,"yield data revised_Reyaz, Neeha and Anshu_Finalized"
M00255,Triticum aestivum L.,yield,Thousand grain weight,MQTL-3A-3,3A,86.67-8.89,Xbarc51-Xbarc1177,,,https://www.frontiersin.org/journals/plant-science/articles/10.3389/fpls.2022.802310/full/,https://www.frontiersin.org/journals/plant-science/articles/10.3389/fpls.2022.802310/full/,"yield data revised_Reyaz, Neeha and Anshu_Finalized"
M00256,Triticum aestivum L.,yield,Thousand grain weight,MQTL-3B-1,3B,39.76-5.39,wsnp_CAP11_c232_211960-wsnp_Ra_c18153_27161629,,,https://www.frontiersin.org/journals/plant-science/articles/10.3389/fpls.2022.802310/full/,https://www.frontiersin.org/journals/plant-science/articles/10.3389/fpls.2022.802310/full/,"yield data revised_Reyaz, Neeha and Anshu_Finalized"
M00257,Triticum aestivum L.,yield,Thousand grain weight,MQTL-3B-2,3B,49.67-0.66,wPt-5064-RAC875_c5799_170,,,https://www.frontiersin.org/journals/plant-science/articles/10.3389/fpls.2022.802310/full/,https://www.frontiersin.org/journals/plant-science/articles/10.3389/fpls.2022.802310/full/,"yield data revised_Reyaz, Neeha and Anshu_Finalized"
M00258,Triticum aestivum L.,yield,Thousand grain weight,MQTL-3B-3,3B,53.84-3.29,wsnp_Ex_rep_c68193_66971396-IAAV6566,,,https://www.frontiersin.org/journals/plant-science/articles/10.3389/fpls.2022.802310/full/,https://www.frontiersin.org/journals/plant-science/articles/10.3389/fpls.2022.802310/full/,"yield data revised_Reyaz, Neeha and Anshu_Finalized"
M00259,Triticum aestivum L.,yield,Thousand grain weight,MQTL-3B-4,3B,61.2-3.38,wPt-4719-wsnp_JD_c4413_5541190,,,https://www.frontiersin.org/journals/plant-science/articles/10.3389/fpls.2022.802310/full/,https://www.frontiersin.org/journals/plant-science/articles/10.3389/fpls.2022.802310/full/,"yield data revised_Reyaz, Neeha and Anshu_Finalized"
M00260,Triticum aestivum L.,yield,Thousand grain weight,MQTL-3B-5,3B,82.1-7.8,RAC875_c37741_476-BS00068415_51,,,https://www.frontiersin.org/journals/plant-science/articles/10.3389/fpls.2022.802310/full/,https://www.frontiersin.org/journals/plant-science/articles/10.3389/fpls.2022.802310/full/,"yield data revised_Reyaz, Neeha and Anshu_Finalized"
M00261,Triticum aestivum L.,yield,Thousand grain weight,MQTL-3D-1,3D,108.09-6.43,Excalibur_c11824_103-wsnp_Ex_c8409_14170476,,,https://www.frontiersin.org/journals/plant-science/articles/10.3389/fpls.2022.802310/full/,https://www.frontiersin.org/journals/plant-science/articles/10.3389/fpls.2022.802310/full/,"yield data revised_Reyaz, Neeha and Anshu_Finalized"
M00262,Triticum aestivum L.,yield,Thousand grain weight,MQTL-3D-2,3D,124.9-17.27,Xbcd361-Xbarc270,,,https://www.frontiersin.org/journals/plant-science/articles/10.3389/fpls.2022.802310/full/,https://www.frontiersin.org/journals/plant-science/articles/10.3389/fpls.2022.802310/full/,"yield data revised_Reyaz, Neeha and Anshu_Finalized"
M00263,Triticum aestivum L.,yield,Thousand grain weight,MQTL-3D-3,3D,146.89-30.76,BS00004334_51-Xgpw307,,,https://www.frontiersin.org/journals/plant-science/articles/10.3389/fpls.2022.802310/full/,https://www.frontiersin.org/journals/plant-science/articles/10.3389/fpls.2022.802310/full/,"yield data revised_Reyaz, Neeha and Anshu_Finalized"
M00264,Triticum aestivum L.,yield,Thousand grain weight,MQTL-4A-1,4A,17.03-4.08,wsnp_BM138178A_Ta_2_1-RAC875_rep_c69241_454,,TraesCS4A02G074700;TraesCS4A02G090600;TraesCS4A02G051600;TraesCS4A02G047100;TraesCS4A02G074300;TraesCS4A02G059200,https://www.frontiersin.org/journals/plant-science/articles/10.3389/fpls.2022.802310/full/,https://www.frontiersin.org/journals/plant-science/articles/10.3389/fpls.2022.802310/full/,"yield data revised_Reyaz, Neeha and Anshu_Finalized"
M00265,Triticum aestivum L.,yield,Thousand grain weight,MQTL-4A-2,4A,28.26-3.16,BS00012146_51-wsnp_Ra_c1022_2067517,,TraesCS4A02G294000,https://www.frontiersin.org/journals/plant-science/articles/10.3389/fpls.2022.802310/full/,https://www.frontiersin.org/journals/plant-science/articles/10.3389/fpls.2022.802310/full/,"yield data revised_Reyaz, Neeha and Anshu_Finalized"
M00266,Triticum aestivum L.,yield,Thousand grain weight,MQTL-4A-3,4A,41.73-7.83,BS00021727_51-RAC875_c20429_903,,,https://www.frontiersin.org/journals/plant-science/articles/10.3389/fpls.2022.802310/full/,https://www.frontiersin.org/journals/plant-science/articles/10.3389/fpls.2022.802310/full/,"yield data revised_Reyaz, Neeha and Anshu_Finalized"
M00267,Triticum aestivum L.,yield,Thousand grain weight,MQTL-4A-4,4A,52.29-1.31,wsnp_Ex_c3988_7221220-Excalibur_c11968_204,,,https://www.frontiersin.org/journals/plant-science/articles/10.3389/fpls.2022.802310/full/,https://www.frontiersin.org/journals/plant-science/articles/10.3389/fpls.2022.802310/full/,"yield data revised_Reyaz, Neeha and Anshu_Finalized"
M00268,Triticum aestivum L.,yield,Thousand grain weight,MQTL-4A-5,4A,65.27-2.32,BS00021957_51-BobWhite_c8680_918,,,https://www.frontiersin.org/journals/plant-science/articles/10.3389/fpls.2022.802310/full/,https://www.frontiersin.org/journals/plant-science/articles/10.3389/fpls.2022.802310/full/,"yield data revised_Reyaz, Neeha and Anshu_Finalized"
M00269,Triticum aestivum L.,yield,Thousand grain weight,MQTL-5B-1,5B,35.19-3.35,Kukri_c59657_805-BS00090411_51,,TraesCS5B02G538300,https://www.frontiersin.org/journals/plant-science/articles/10.3389/fpls.2022.802310/full/,https://www.frontiersin.org/journals/plant-science/articles/10.3389/fpls.2022.802310/full/,"yield data revised_Reyaz, Neeha and Anshu_Finalized"
M00270,Triticum aestivum L.,yield,Thousand grain weight,MQTL-5B-2,5B,46.65-8.49,wsnp_Ex_c607_1204733-Xgwm191,,,https://www.frontiersin.org/journals/plant-science/articles/10.3389/fpls.2022.802310/full/,https://www.frontiersin.org/journals/plant-science/articles/10.3389/fpls.2022.802310/full/,"yield data revised_Reyaz, Neeha and Anshu_Finalized"
M00271,Triticum aestivum L.,yield,Thousand grain weight,MQTL-5B-3,5B,57.34-2.82,BobWhite_rep_c50362_537-BS00022956_51,,TraesCS5B02G375800;TraesCS5B02G400000;TraesCS5B02G381300;TraesCS5B02G399200;TraesCS5B02G378600,https://www.frontiersin.org/journals/plant-science/articles/10.3389/fpls.2022.802310/full/,https://www.frontiersin.org/journals/plant-science/articles/10.3389/fpls.2022.802310/full/,"yield data revised_Reyaz, Neeha and Anshu_Finalized"
M00272,Triticum aestivum L.,yield,Thousand grain weight,MQTL-5B-4,5B,62.21-2.12,Xgwm213-BS00022899_51,,TraesCS5B02G241200;TraesCS5B02G265600;TraesCS5B02G286000;TraesCS5B02G292100;TraesCS5B02G307600;TraesCS5B02G375800;TraesCS5B02G378600;TraesCS5B02G381300;TraesCS5B02G399200,https://www.frontiersin.org/journals/plant-science/articles/10.3389/fpls.2022.802310/full/,https://www.frontiersin.org/journals/plant-science/articles/10.3389/fpls.2022.802310/full/,"yield data revised_Reyaz, Neeha and Anshu_Finalized"
M00273,Triticum aestivum L.,yield,Thousand grain weight,MQTL-5B-5,5B,80.53-1.22,wsnp_Ex_rep_c68017_66762485-BS00037487_51,,,https://www.frontiersin.org/journals/plant-science/articles/10.3389/fpls.2022.802310/full/,https://www.frontiersin.org/journals/plant-science/articles/10.3389/fpls.2022.802310/full/,"yield data revised_Reyaz, Neeha and Anshu_Finalized"
M00274,Triticum aestivum L.,yield,Thousand grain weight,MQTL-5D-1,5D,77.22-3.14,Xcfd156-Xgwm212,,TraesCS5D02G404500;TraesCS5D02G404000,https://www.frontiersin.org/journals/plant-science/articles/10.3389/fpls.2022.802310/full/,https://www.frontiersin.org/journals/plant-science/articles/10.3389/fpls.2022.802310/full/,"yield data revised_Reyaz, Neeha and Anshu_Finalized"
M00275,Triticum aestivum L.,yield,Thousand grain weight,MQTL-5D-2,5D,130.59-1.3,BS00066615_51-wsnp_Ex_c13223_20866191,,,https://www.frontiersin.org/journals/plant-science/articles/10.3389/fpls.2022.802310/full/,https://www.frontiersin.org/journals/plant-science/articles/10.3389/fpls.2022.802310/full/,"yield data revised_Reyaz, Neeha and Anshu_Finalized"
M00276,Triticum aestivum L.,yield,Thousand grain weight,MQTL-6A-1,6A,126.64-4.05,Kukri_c93507_110-wsnp_Ex_c9763_16125630,,,https://www.frontiersin.org/journals/plant-science/articles/10.3389/fpls.2022.802310/full/,https://www.frontiersin.org/journals/plant-science/articles/10.3389/fpls.2022.802310/full/,"yield data revised_Reyaz, Neeha and Anshu_Finalized"
M00277,Triticum aestivum L.,yield,Thousand grain weight,MQTL-6A-2,6A,144.43-1.53,wPt-2153-wPt-8266,,,https://www.frontiersin.org/journals/plant-science/articles/10.3389/fpls.2022.802310/full/,https://www.frontiersin.org/journals/plant-science/articles/10.3389/fpls.2022.802310/full/,"yield data revised_Reyaz, Neeha and Anshu_Finalized"
M00278,Triticum aestivum L.,yield,Thousand grain weight,MQTL-6A-3,6A,152.01-0.1,BS00065082_51-wsnp_Ex_c965_1845676,,TraesCS6A02G335900,https://www.frontiersin.org/journals/plant-science/articles/10.3389/fpls.2022.802310/full/,https://www.frontiersin.org/journals/plant-science/articles/10.3389/fpls.2022.802310/full/,"yield data revised_Reyaz, Neeha and Anshu_Finalized"
M00279,Triticum aestivum L.,yield,Thousand grain weight,MQTL-6A-4,6A,157.03-0.59,Xbarc3-wsnp_Ku_c7794_13356946,,,https://www.frontiersin.org/journals/plant-science/articles/10.3389/fpls.2022.802310/full/,https://www.frontiersin.org/journals/plant-science/articles/10.3389/fpls.2022.802310/full/,"yield data revised_Reyaz, Neeha and Anshu_Finalized"
M00280,Triticum aestivum L.,yield,Thousand grain weight,MQTL-6A-5,6A,168.72-3.95,RAC875_rep_c72327_349-IAAV5585,,TraesCS6A02G306200;TraesCS6A02G309900;TraesCS6A02G321000;TraesCS6A02G335900;TraesCS6A02G321400,https://www.frontiersin.org/journals/plant-science/articles/10.3389/fpls.2022.802310/full/,https://www.frontiersin.org/journals/plant-science/articles/10.3389/fpls.2022.802310/full/,"yield data revised_Reyaz, Neeha and Anshu_Finalized"
M00281,Triticum aestivum L.,yield,Thousand grain weight,MQTL-6A-6,6A,189.61-2.16,CAP8_c1361_367-BS00063109_51,,TraesCS6A02G306200;TraesCS6A02G309900;TraesCS6A02G321000;TraesCS6A02G321400;TraesCS6A02G335900,https://www.frontiersin.org/journals/plant-science/articles/10.3389/fpls.2022.802310/full/,https://www.frontiersin.org/journals/plant-science/articles/10.3389/fpls.2022.802310/full/,"yield data revised_Reyaz, Neeha and Anshu_Finalized"
M00282,Triticum aestivum L.,yield,Thousand grain weight,MQTL-6A-7,6A,207.13-0.72,Xabc175-BS00011578_51,,TraesCS6A02G306200;TraesCS6A02G309900;TraesCS6A02G321000;TraesCS6A02G321400;TraesCS6A02G335900;TraesCS6A02G389100;TraesCS6A02G377300,https://www.frontiersin.org/journals/plant-science/articles/10.3389/fpls.2022.802310/full/,https://www.frontiersin.org/journals/plant-science/articles/10.3389/fpls.2022.802310/full/,"yield data revised_Reyaz, Neeha and Anshu_Finalized"
M00283,Triticum aestivum L.,yield,Thousand grain weight,MQTL-6B-1,6B,65.26-1.38,BS00022155_51-Excalibur_c26172_359,,,https://www.frontiersin.org/journals/plant-science/articles/10.3389/fpls.2022.802310/full/,https://www.frontiersin.org/journals/plant-science/articles/10.3389/fpls.2022.802310/full/,"yield data revised_Reyaz, Neeha and Anshu_Finalized"
M00284,Triticum aestivum L.,yield,Thousand grain weight,MQTL-6B-2,6B,71.22-1.51,wsnp_Ku_rep_c72013_71735741-BS00065962_51,,,https://www.frontiersin.org/journals/plant-science/articles/10.3389/fpls.2022.802310/full/,https://www.frontiersin.org/journals/plant-science/articles/10.3389/fpls.2022.802310/full/,"yield data revised_Reyaz, Neeha and Anshu_Finalized"
M00285,Triticum aestivum L.,yield,Thousand grain weight,MQTL-6B-3,6B,76.07-0.4,BS00064620_51-TA002465-0455-w,,,https://www.frontiersin.org/journals/plant-science/articles/10.3389/fpls.2022.802310/full/,https://www.frontiersin.org/journals/plant-science/articles/10.3389/fpls.2022.802310/full/,"yield data revised_Reyaz, Neeha and Anshu_Finalized"
M00286,Triticum aestivum L.,yield,Thousand grain weight,MQTL-6B-4,6B,84.66-1.81,wsnp_Ex_c1383_2652398-BS00036830_51,,,https://www.frontiersin.org/journals/plant-science/articles/10.3389/fpls.2022.802310/full/,https://www.frontiersin.org/journals/plant-science/articles/10.3389/fpls.2022.802310/full/,"yield data revised_Reyaz, Neeha and Anshu_Finalized"
M00287,Triticum aestivum L.,yield,Thousand grain weight,MQTL-6B-5,6B,107.59-1.13,wPt-6967-wPt-5885,,TraesCS6B02G379500;TraesCS6B02G352100;TraesCS6B02G366700;TraesCS6B02G414700;TraesCS6B02G351700;TraesCS6B02G430100;TraesCS6B02G421600,https://www.frontiersin.org/journals/plant-science/articles/10.3389/fpls.2022.802310/full/,https://www.frontiersin.org/journals/plant-science/articles/10.3389/fpls.2022.802310/full/,"yield data revised_Reyaz, Neeha and Anshu_Finalized"
M00288,Triticum aestivum L.,yield,Thousand grain weight,MQTL-7A-1,7A,171.17-14.3,Tdurum_contig4885_1536-RAC875_c3450_836,,TraesCS7A02G111300,https://www.frontiersin.org/journals/plant-science/articles/10.3389/fpls.2022.802310/full/,https://www.frontiersin.org/journals/plant-science/articles/10.3389/fpls.2022.802310/full/,"yield data revised_Reyaz, Neeha and Anshu_Finalized"
M00289,Triticum aestivum L.,yield,Thousand grain weight,MQTL-7A-2,7A,204.22-0.94,Xfba204-BS00090785_51,,TraesCS7A02G308300;TraesCS7A02G312800;TraesCS7A02G317400;TraesCS7A02G416400;TraesCS7A02G427500;TraesCS7A02G466900;TraesCS7A02G479100,https://www.frontiersin.org/journals/plant-science/articles/10.3389/fpls.2022.802310/full/,https://www.frontiersin.org/journals/plant-science/articles/10.3389/fpls.2022.802310/full/,"yield data revised_Reyaz, Neeha and Anshu_Finalized"
M00290,Triticum aestivum L.,yield,Thousand grain weight,MQTL-7A-3,7A,207.22-1.01,wsnp_Ex_rep_c104560_89241494-wPt-3393,,TraesCS7A02G416400;TraesCS7A02G427500,https://www.frontiersin.org/journals/plant-science/articles/10.3389/fpls.2022.802310/full/,https://www.frontiersin.org/journals/plant-science/articles/10.3389/fpls.2022.802310/full/,"yield data revised_Reyaz, Neeha and Anshu_Finalized"
M00291,Triticum aestivum L.,yield,Thousand grain weight,MQTL-7A-4,7A,210.78-1.36,JD_c149_3175-wsnp_Ex_c17899_26666328,,TraesCS7A02G479100,https://www.frontiersin.org/journals/plant-science/articles/10.3389/fpls.2022.802310/full/,https://www.frontiersin.org/journals/plant-science/articles/10.3389/fpls.2022.802310/full/,"yield data revised_Reyaz, Neeha and Anshu_Finalized"
M00292,Triticum aestivum L.,yield,Thousand grain weight,MQTL-7A-5,7A,217.02-2.22,Xmag828-Excalibur_c61603_1052,,,https://www.frontiersin.org/journals/plant-science/articles/10.3389/fpls.2022.802310/full/,https://www.frontiersin.org/journals/plant-science/articles/10.3389/fpls.2022.802310/full/,"yield data revised_Reyaz, Neeha and Anshu_Finalized"
M00293,Triticum aestivum L.,yield,Thousand grain weight,MQTL-7A-6,7A,222.59-1.58,IAAV6957-BS00098482_51,,TraesCS7A02G506400,https://www.frontiersin.org/journals/plant-science/articles/10.3389/fpls.2022.802310/full/,https://www.frontiersin.org/journals/plant-science/articles/10.3389/fpls.2022.802310/full/,"yield data revised_Reyaz, Neeha and Anshu_Finalized"
M00294,Triticum aestivum L.,yield,Thousand grain weight,MQTL-7B-1,7B,56.73-1.7,Xwmc376-wPt-4743,,TraesCS7B02G381500,https://www.frontiersin.org/journals/plant-science/articles/10.3389/fpls.2022.802310/full/,https://www.frontiersin.org/journals/plant-science/articles/10.3389/fpls.2022.802310/full/,"yield data revised_Reyaz, Neeha and Anshu_Finalized"
M00295,Triticum aestivum L.,yield,Thousand grain weight,MQTL-7B-2,7B,63.88-1.01,Excalibur_c12499_2075-wPt-9925,,TraesCS7B02G381500;TraesCS7B02G316600,https://www.frontiersin.org/journals/plant-science/articles/10.3389/fpls.2022.802310/full/,https://www.frontiersin.org/journals/plant-science/articles/10.3389/fpls.2022.802310/full/,"yield data revised_Reyaz, Neeha and Anshu_Finalized"
M00296,Triticum aestivum L.,yield,Thousand grain weight,MQTL-7B-3,7B,72.49-1.5,Xfba301-Xbarc278,,,https://www.frontiersin.org/journals/plant-science/articles/10.3389/fpls.2022.802310/full/,https://www.frontiersin.org/journals/plant-science/articles/10.3389/fpls.2022.802310/full/,"yield data revised_Reyaz, Neeha and Anshu_Finalized"
M00297,Triticum aestivum L.,yield,Thousand grain weight,MQTL-7B-4,7B,75.51-1.9,wPt-4297-Kukri_c46447_1738,,,https://www.frontiersin.org/journals/plant-science/articles/10.3389/fpls.2022.802310/full/,https://www.frontiersin.org/journals/plant-science/articles/10.3389/fpls.2022.802310/full/,"yield data revised_Reyaz, Neeha and Anshu_Finalized"
M00298,Triticum aestivum L.,yield,Thousand grain weight,MQTL-7B-5,7B,81.35-0.16,Tdurum_contig46338_2305-wPt-8936,,,https://www.frontiersin.org/journals/plant-science/articles/10.3389/fpls.2022.802310/full/,https://www.frontiersin.org/journals/plant-science/articles/10.3389/fpls.2022.802310/full/,"yield data revised_Reyaz, Neeha and Anshu_Finalized"
M00299,Triticum aestivum L.,Yield,spike length,MQTL-1A.1,1A,16422088-20091659,AX-111681732-AX-111084696,,,https://acsess.onlinelibrary.wiley.com/doi/full/10.1002/tpg2.20492/,https://acsess.onlinelibrary.wiley.com/doi/full/10.1002/tpg2.20492/,"yield data revised_Reyaz, Neeha and Anshu_Finalized"
M00300,Triticum aestivum L.,Yield,spike length,MQTL-1A.2,1A,23451600-39653890,AX-108975304-wsnp_CAP12_c2438_1180601,,,https://acsess.onlinelibrary.wiley.com/doi/full/10.1002/tpg2.20492/,https://acsess.onlinelibrary.wiley.com/doi/full/10.1002/tpg2.20492/,"yield data revised_Reyaz, Neeha and Anshu_Finalized"
M00301,Triticum aestivum L.,Yield,spike length,MQTL-1A.3,1A,464825503-545034501,AX-109823304-Bobwhite_c24825_349,,,https://acsess.onlinelibrary.wiley.com/doi/full/10.1002/tpg2.20492/,https://acsess.onlinelibrary.wiley.com/doi/full/10.1002/tpg2.20492/,"yield data revised_Reyaz, Neeha and Anshu_Finalized"
M00302,Triticum aestivum L.,Yield,spike length,MQTL-1A.4,1A,497558078-531618864,AX-108939716-GENE-0527_92,,,https://acsess.onlinelibrary.wiley.com/doi/full/10.1002/tpg2.20492/,https://acsess.onlinelibrary.wiley.com/doi/full/10.1002/tpg2.20492/,"yield data revised_Reyaz, Neeha and Anshu_Finalized"
M00303,Triticum aestivum L.,Yield,spike length,MQTL-1A.5,1A,585820666-589027678,BS00063847_51-wsnp_Ku_c754_1557338,,,https://acsess.onlinelibrary.wiley.com/doi/full/10.1002/tpg2.20492/,https://acsess.onlinelibrary.wiley.com/doi/full/10.1002/tpg2.20492/,"yield data revised_Reyaz, Neeha and Anshu_Finalized"
M00304,Triticum aestivum L.,Yield,spike length,MQTL-2A.1,2A,42380732-74598475,BS00075524_51-Kukri_c47534_1509,,,https://acsess.onlinelibrary.wiley.com/doi/full/10.1002/tpg2.20492/,https://acsess.onlinelibrary.wiley.com/doi/full/10.1002/tpg2.20492/,"yield data revised_Reyaz, Neeha and Anshu_Finalized"
M00305,Triticum aestivum L.,Yield,spike length,MQTL-2A.2,2A,70930754-114945021,Xfbb226-Xbcd855,,,https://acsess.onlinelibrary.wiley.com/doi/full/10.1002/tpg2.20492/,https://acsess.onlinelibrary.wiley.com/doi/full/10.1002/tpg2.20492/,"yield data revised_Reyaz, Neeha and Anshu_Finalized"
M00306,Triticum aestivum L.,Yield,spike length,MQTL-2A.3,2A,648359903-718558728,AX-108754880-AX-108998281,,,https://acsess.onlinelibrary.wiley.com/doi/full/10.1002/tpg2.20492/,https://acsess.onlinelibrary.wiley.com/doi/full/10.1002/tpg2.20492/,"yield data revised_Reyaz, Neeha and Anshu_Finalized"
M00307,Triticum aestivum L.,Yield,spike length,MQTL-2D.1,2D,14160569-144836709,wPt-667978-Kukri_c14902_1112,,,https://acsess.onlinelibrary.wiley.com/doi/full/10.1002/tpg2.20492/,https://acsess.onlinelibrary.wiley.com/doi/full/10.1002/tpg2.20492/,"yield data revised_Reyaz, Neeha and Anshu_Finalized"
M00308,Triticum aestivum L.,Yield,spike length,MQTL-2D.2,2D,535202048-600315062,wPt-667978-Kukri_c14902_1113,,,https://acsess.onlinelibrary.wiley.com/doi/full/10.1002/tpg2.20492/,https://acsess.onlinelibrary.wiley.com/doi/full/10.1002/tpg2.20492/,"yield data revised_Reyaz, Neeha and Anshu_Finalized"
M00309,Triticum aestivum L.,Yield,spike length,MQTL-2D.3,2D,60951096-66826324,wPt-667978-Kukri_c14902_1114,,,https://acsess.onlinelibrary.wiley.com/doi/full/10.1002/tpg2.20492/,https://acsess.onlinelibrary.wiley.com/doi/full/10.1002/tpg2.20492/,"yield data revised_Reyaz, Neeha and Anshu_Finalized"
M00310,Triticum aestivum L.,Yield,spike length,MQTL-2D.4,2D,512507698-607769768,wPt-667978-Kukri_c14902_1115,,,https://acsess.onlinelibrary.wiley.com/doi/full/10.1002/tpg2.20492/,https://acsess.onlinelibrary.wiley.com/doi/full/10.1002/tpg2.20492/,"yield data revised_Reyaz, Neeha and Anshu_Finalized"
M00311,Triticum aestivum L.,Yield,spike length,MQTL-2D.5,2D,711648238-729381068,wPt-667978-Kukri_c14902_1116,,,https://acsess.onlinelibrary.wiley.com/doi/full/10.1002/tpg2.20492/,https://acsess.onlinelibrary.wiley.com/doi/full/10.1002/tpg2.20492/,"yield data revised_Reyaz, Neeha and Anshu_Finalized"
M00312,Triticum aestivum L.,Yield,spike length,MQTL-2D.6,2D,646850280-662415769,wPt-667978-Kukri_c14902_1117,,,https://acsess.onlinelibrary.wiley.com/doi/full/10.1002/tpg2.20492/,https://acsess.onlinelibrary.wiley.com/doi/full/10.1002/tpg2.20492/,"yield data revised_Reyaz, Neeha and Anshu_Finalized"
M00313,Triticum aestivum L.,Yield,spike length,MQTL-2D.7,2D,480094186-513783876,wPt-667978-Kukri_c14902_1118,,,https://acsess.onlinelibrary.wiley.com/doi/full/10.1002/tpg2.20492/,https://acsess.onlinelibrary.wiley.com/doi/full/10.1002/tpg2.20492/,"yield data revised_Reyaz, Neeha and Anshu_Finalized"
M00314,Triticum aestivum L.,Yield,spike length,MQTL-2D.8,2D,689488437-746681951,wPt-667978-Kukri_c14902_1119,,,https://acsess.onlinelibrary.wiley.com/doi/full/10.1002/tpg2.20492/,https://acsess.onlinelibrary.wiley.com/doi/full/10.1002/tpg2.20492/,"yield data revised_Reyaz, Neeha and Anshu_Finalized"
M00315,Triticum aestivum L.,Yield,spike length,MQTL-2D.9,2D,482939458-601003777,wPt-667978-Kukri_c14902_1120,,,https://acsess.onlinelibrary.wiley.com/doi/full/10.1002/tpg2.20492/,https://acsess.onlinelibrary.wiley.com/doi/full/10.1002/tpg2.20492/,"yield data revised_Reyaz, Neeha and Anshu_Finalized"
M00316,Triticum aestivum L.,Yield,spike length,MQTL-2D.10,2D,581672366-732178822,wPt-667978-Kukri_c14902_1121,,,https://acsess.onlinelibrary.wiley.com/doi/full/10.1002/tpg2.20492/,https://acsess.onlinelibrary.wiley.com/doi/full/10.1002/tpg2.20492/,"yield data revised_Reyaz, Neeha and Anshu_Finalized"
M00317,Triticum aestivum L.,Yield,spike length,MQTL-2D.11,2D,772411397-825510483,wPt-667978-Kukri_c14902_1122,,,https://acsess.onlinelibrary.wiley.com/doi/full/10.1002/tpg2.20492/,https://acsess.onlinelibrary.wiley.com/doi/full/10.1002/tpg2.20492/,"yield data revised_Reyaz, Neeha and Anshu_Finalized"
M00318,Triticum aestivum L.,Yield,spike length,MQTL-2D.12,2D,579891800-581881280,wPt-667978-Kukri_c14902_1123,,,https://acsess.onlinelibrary.wiley.com/doi/full/10.1002/tpg2.20492/,https://acsess.onlinelibrary.wiley.com/doi/full/10.1002/tpg2.20492/,"yield data revised_Reyaz, Neeha and Anshu_Finalized"
M00319,Triticum aestivum L.,Yield,spike length,MQTL-2D.13,2D,80106032-116700261,wPt-667978-Kukri_c14902_1124,,,https://acsess.onlinelibrary.wiley.com/doi/full/10.1002/tpg2.20492/,https://acsess.onlinelibrary.wiley.com/doi/full/10.1002/tpg2.20492/,"yield data revised_Reyaz, Neeha and Anshu_Finalized"
M00320,Triticum aestivum L.,Yield,spike length,MQTL-2D.14,2D,515844691-527518639,wPt-667978-Kukri_c14902_1125,,,https://acsess.onlinelibrary.wiley.com/doi/full/10.1002/tpg2.20492/,https://acsess.onlinelibrary.wiley.com/doi/full/10.1002/tpg2.20492/,"yield data revised_Reyaz, Neeha and Anshu_Finalized"
M00321,Triticum aestivum L.,Yield,spike length,MQTL-2D.15,2D,728444495-742073083,wPt-667978-Kukri_c14902_1126,,,https://acsess.onlinelibrary.wiley.com/doi/full/10.1002/tpg2.20492/,https://acsess.onlinelibrary.wiley.com/doi/full/10.1002/tpg2.20492/,"yield data revised_Reyaz, Neeha and Anshu_Finalized"
M00322,Triticum aestivum L.,Yield,spike length,MQTL-2D.16,2D,667739017-713441513,wPt-667978-Kukri_c14902_1127,,,https://acsess.onlinelibrary.wiley.com/doi/full/10.1002/tpg2.20492/,https://acsess.onlinelibrary.wiley.com/doi/full/10.1002/tpg2.20492/,"yield data revised_Reyaz, Neeha and Anshu_Finalized"
M00323,Triticum aestivum L.,Yield,spike length,MQTL-2D.17,2D,602907693-633109810,wPt-667978-Kukri_c14902_1128,,,https://acsess.onlinelibrary.wiley.com/doi/full/10.1002/tpg2.20492/,https://acsess.onlinelibrary.wiley.com/doi/full/10.1002/tpg2.20492/,"yield data revised_Reyaz, Neeha and Anshu_Finalized"
M00324,Triticum aestivum L.,Yield,spike length,MQTL-2D.18,2D,633212748-729972710,wPt-667978-Kukri_c14902_1129,,,https://acsess.onlinelibrary.wiley.com/doi/full/10.1002/tpg2.20492/,https://acsess.onlinelibrary.wiley.com/doi/full/10.1002/tpg2.20492/,"yield data revised_Reyaz, Neeha and Anshu_Finalized"
M00325,Triticum aestivum L.,Yield,spike length,MQTL-2D.19,2D,636681219-700815843,wPt-667978-Kukri_c14902_1130,,,https://acsess.onlinelibrary.wiley.com/doi/full/10.1002/tpg2.20492/,https://acsess.onlinelibrary.wiley.com/doi/full/10.1002/tpg2.20492/,"yield data revised_Reyaz, Neeha and Anshu_Finalized"
M00326,Triticum aestivum L.,Yield,spike length,MQTL-2D.20,2D,439585038-508918550,wPt-667978-Kukri_c14902_1131,,,https://acsess.onlinelibrary.wiley.com/doi/full/10.1002/tpg2.20492/,https://acsess.onlinelibrary.wiley.com/doi/full/10.1002/tpg2.20492/,"yield data revised_Reyaz, Neeha and Anshu_Finalized"
M00327,Triticum aestivum L.,Yield,spike length,MQTL-2D.21,2D,466987665-485860431,wPt-667978-Kukri_c14902_1132,,,https://acsess.onlinelibrary.wiley.com/doi/full/10.1002/tpg2.20492/,https://acsess.onlinelibrary.wiley.com/doi/full/10.1002/tpg2.20492/,"yield data revised_Reyaz, Neeha and Anshu_Finalized"
M00328,Triticum aestivum L.,Yield,spike length,MQTL-2D.22,2D,28253458-98275434,wPt-667978-Kukri_c14902_1133,,,https://acsess.onlinelibrary.wiley.com/doi/full/10.1002/tpg2.20492/,https://acsess.onlinelibrary.wiley.com/doi/full/10.1002/tpg2.20492/,"yield data revised_Reyaz, Neeha and Anshu_Finalized"
M00329,Triticum aestivum L.,Yield,spike length,MQTL-2D.23,2D,494874054-509998271,wPt-667978-Kukri_c14902_1134,,,https://acsess.onlinelibrary.wiley.com/doi/full/10.1002/tpg2.20492/,https://acsess.onlinelibrary.wiley.com/doi/full/10.1002/tpg2.20492/,"yield data revised_Reyaz, Neeha and Anshu_Finalized"
M00330,Triticum aestivum L.,Yield,spike length,MQTL-2D.24,2D,559064055-574743668,wPt-667978-Kukri_c14902_1135,,,https://acsess.onlinelibrary.wiley.com/doi/full/10.1002/tpg2.20492/,https://acsess.onlinelibrary.wiley.com/doi/full/10.1002/tpg2.20492/,"yield data revised_Reyaz, Neeha and Anshu_Finalized"
M00331,Triticum aestivum L.,Yield,spike length,MQTL-2D.25,2D,584036905-590603990,wPt-667978-Kukri_c14902_1136,,,https://acsess.onlinelibrary.wiley.com/doi/full/10.1002/tpg2.20492/,https://acsess.onlinelibrary.wiley.com/doi/full/10.1002/tpg2.20492/,"yield data revised_Reyaz, Neeha and Anshu_Finalized"
M00332,Triticum aestivum L.,Yield,spike length,MQTL-2D.26,2D,20663569-42701593,wPt-667978-Kukri_c14902_1137,,,https://acsess.onlinelibrary.wiley.com/doi/full/10.1002/tpg2.20492/,https://acsess.onlinelibrary.wiley.com/doi/full/10.1002/tpg2.20492/,"yield data revised_Reyaz, Neeha and Anshu_Finalized"
M00333,Triticum aestivum L.,Yield,spike length,MQTL-2D.27,2D,502023928-511588331,wPt-667978-Kukri_c14902_1138,,,https://acsess.onlinelibrary.wiley.com/doi/full/10.1002/tpg2.20492/,https://acsess.onlinelibrary.wiley.com/doi/full/10.1002/tpg2.20492/,"yield data revised_Reyaz, Neeha and Anshu_Finalized"
M00334,Triticum aestivum L.,Yield,spike length,MQTL-2D.28,2D,530269058-545333660,wPt-667978-Kukri_c14902_1139,,,https://acsess.onlinelibrary.wiley.com/doi/full/10.1002/tpg2.20492/,https://acsess.onlinelibrary.wiley.com/doi/full/10.1002/tpg2.20492/,"yield data revised_Reyaz, Neeha and Anshu_Finalized"
M00335,Triticum aestivum L.,Yield,spike length,MQTL-2D.29,2D,534339766-548288258,wPt-667978-Kukri_c14902_1140,,,https://acsess.onlinelibrary.wiley.com/doi/full/10.1002/tpg2.20492/,https://acsess.onlinelibrary.wiley.com/doi/full/10.1002/tpg2.20492/,"yield data revised_Reyaz, Neeha and Anshu_Finalized"
M00336,Triticum aestivum L.,Yield,spike length,MQTL-2D.30,2D,515178782-588767425,wPt-667978-Kukri_c14902_1141,,,https://acsess.onlinelibrary.wiley.com/doi/full/10.1002/tpg2.20492/,https://acsess.onlinelibrary.wiley.com/doi/full/10.1002/tpg2.20492/,"yield data revised_Reyaz, Neeha and Anshu_Finalized"
M00337,Triticum aestivum L.,Yield,spike length,MQTL-2D.31,2D,477481952-535868082,wPt-667978-Kukri_c14902_1142,,,https://acsess.onlinelibrary.wiley.com/doi/full/10.1002/tpg2.20492/,https://acsess.onlinelibrary.wiley.com/doi/full/10.1002/tpg2.20492/,"yield data revised_Reyaz, Neeha and Anshu_Finalized"
M00338,Triticum aestivum L.,Yield,spike length,MQTL-2D.32,2D,391334300-438968641,wPt-667978-Kukri_c14902_1143,,,https://acsess.onlinelibrary.wiley.com/doi/full/10.1002/tpg2.20492/,https://acsess.onlinelibrary.wiley.com/doi/full/10.1002/tpg2.20492/,"yield data revised_Reyaz, Neeha and Anshu_Finalized"
M00339,Triticum aestivum L.,Yield,spike length,MQTL-2D.33,2D,451479042-472396179,wPt-667978-Kukri_c14902_1144,,,https://acsess.onlinelibrary.wiley.com/doi/full/10.1002/tpg2.20492/,https://acsess.onlinelibrary.wiley.com/doi/full/10.1002/tpg2.20492/,"yield data revised_Reyaz, Neeha and Anshu_Finalized"
M00340,Triticum aestivum L.,Yield,spike length,MQTL-2D.34,2D,462750767-547092753,wPt-667978-Kukri_c14902_1145,,,https://acsess.onlinelibrary.wiley.com/doi/full/10.1002/tpg2.20492/,https://acsess.onlinelibrary.wiley.com/doi/full/10.1002/tpg2.20492/,"yield data revised_Reyaz, Neeha and Anshu_Finalized"
M00341,Triticum aestivum L.,Yield,spike length,MQTL-2D.35,2D,31384520-47984771,wPt-667978-Kukri_c14902_1146,,,https://acsess.onlinelibrary.wiley.com/doi/full/10.1002/tpg2.20492/,https://acsess.onlinelibrary.wiley.com/doi/full/10.1002/tpg2.20492/,"yield data revised_Reyaz, Neeha and Anshu_Finalized"
M00342,Triticum aestivum L.,Yield,spike length,MQTL-2D.36,2D,53528109-116297119,wPt-667978-Kukri_c14902_1147,,,https://acsess.onlinelibrary.wiley.com/doi/full/10.1002/tpg2.20492/,https://acsess.onlinelibrary.wiley.com/doi/full/10.1002/tpg2.20492/,"yield data revised_Reyaz, Neeha and Anshu_Finalized"
M00343,Triticum aestivum L.,Yield,spike length,MQTL-2D.37,2D,547815268-558849224,wPt-667978-Kukri_c14902_1148,,,https://acsess.onlinelibrary.wiley.com/doi/full/10.1002/tpg2.20492/,https://acsess.onlinelibrary.wiley.com/doi/full/10.1002/tpg2.20492/,"yield data revised_Reyaz, Neeha and Anshu_Finalized"
M00344,Triticum aestivum L.,Yield,spike length,MQTL-2D.38,2D,573474525-616348125,wPt-667978-Kukri_c14902_1149,,,https://acsess.onlinelibrary.wiley.com/doi/full/10.1002/tpg2.20492/,https://acsess.onlinelibrary.wiley.com/doi/full/10.1002/tpg2.20492/,"yield data revised_Reyaz, Neeha and Anshu_Finalized"
M00345,Triticum aestivum L.,Yield,spike length,MQTL-2D.39,2D,581893670-592068025,wPt-667978-Kukri_c14902_1150,,,https://acsess.onlinelibrary.wiley.com/doi/full/10.1002/tpg2.20492/,https://acsess.onlinelibrary.wiley.com/doi/full/10.1002/tpg2.20492/,"yield data revised_Reyaz, Neeha and Anshu_Finalized"
M00346,Triticum aestivum L.,Yield,spike length,MQTL-2D.40,2D,597465110-613979318,wPt-667978-Kukri_c14902_1151,,,https://acsess.onlinelibrary.wiley.com/doi/full/10.1002/tpg2.20492/,https://acsess.onlinelibrary.wiley.com/doi/full/10.1002/tpg2.20492/,"yield data revised_Reyaz, Neeha and Anshu_Finalized"
